,Mouse_nose_to_tail,Mouse_head_to_tail,Mouse_Ear_distance,Movement_mouse_nose,Movement_mouse_tail_base,Movement_mouse_left_ear,Movement_mouse_right_ear,Movement_mouse_head_base,M1_largest_euclidean_distance_hull,M1_smallest_euclidean_distance_hull,M1_mean_euclidean_distance_hull,M1_sum_euclidean_distance_hull,Total_movement_all_bodyparts_M1,Mouse1_mean_euclid_distances_median_2,Mouse1_mean_euclid_distances_mean_2,Mouse1_mean_euclid_distances_sum_2,Mouse1_mean_euclid_distances_median_5,Mouse1_mean_euclid_distances_mean_5,Mouse1_mean_euclid_distances_sum_5,Mouse1_mean_euclid_distances_median_6,Mouse1_mean_euclid_distances_mean_6,Mouse1_mean_euclid_distances_sum_6,Mouse1_mean_euclid_distances_median_7.5,Mouse1_mean_euclid_distances_mean_7.5,Mouse1_mean_euclid_distances_sum_7.5,Mouse1_mean_euclid_distances_median_10,Mouse1_mean_euclid_distances_mean_10,Mouse1_mean_euclid_distances_sum_10,Mouse1_smallest_euclid_distances_median_2,Mouse1_smallest_euclid_distances_mean_2,Mouse1_smallest_euclid_distances_sum_2,Mouse1_smallest_euclid_distances_median_5,Mouse1_smallest_euclid_distances_mean_5,Mouse1_smallest_euclid_distances_sum_5,Mouse1_smallest_euclid_distances_median_6,Mouse1_smallest_euclid_distances_mean_6,Mouse1_smallest_euclid_distances_sum_6,Mouse1_smallest_euclid_distances_median_7.5,Mouse1_smallest_euclid_distances_mean_7.5,Mouse1_smallest_euclid_distances_sum_7.5,Mouse1_smallest_euclid_distances_median_10,Mouse1_smallest_euclid_distances_mean_10,Mouse1_smallest_euclid_distances_sum_10,Mouse1_largest_euclid_distances_median_2,Mouse1_largest_euclid_distances_mean_2,Mouse1_largest_euclid_distances_sum_2,Mouse1_largest_euclid_distances_median_5,Mouse1_largest_euclid_distances_mean_5,Mouse1_largest_euclid_distances_sum_5,Mouse1_largest_euclid_distances_median_6,Mouse1_largest_euclid_distances_mean_6,Mouse1_largest_euclid_distances_sum_6,Mouse1_largest_euclid_distances_median_7.5,Mouse1_largest_euclid_distances_mean_7.5,Mouse1_largest_euclid_distances_sum_7.5,Mouse1_largest_euclid_distances_median_10,Mouse1_largest_euclid_distances_mean_10,Mouse1_largest_euclid_distances_sum_10,Tail_base_movement_M1_median_2,Tail_base_movement_M1_mean_2,Tail_base_movement_M1_sum_2,Tail_base_movement_M1_median_5,Tail_base_movement_M1_mean_5,Tail_base_movement_M1_sum_5,Tail_base_movement_M1_median_6,Tail_base_movement_M1_mean_6,Tail_base_movement_M1_sum_6,Tail_base_movement_M1_median_7.5,Tail_base_movement_M1_mean_7.5,Tail_base_movement_M1_sum_7.5,Tail_base_movement_M1_median_10,Tail_base_movement_M1_mean_10,Tail_base_movement_M1_sum_10,Head_base_movement_M1_median_2,Head_base_movement_M1_mean_2,Head_base_movement_M1_sum_2,Head_base_movement_M1_median_5,Head_base_movement_M1_mean_5,Head_base_movement_M1_sum_5,Head_base_movement_M1_median_6,Head_base_movement_M1_mean_6,Head_base_movement_M1_sum_6,Head_base_movement_M1_median_7.5,Head_base_movement_M1_mean_7.5,Head_base_movement_M1_sum_7.5,Head_base_movement_M1_median_10,Head_base_movement_M1_mean_10,Head_base_movement_M1_sum_10,Nose_movement_M1_median_2,Nose_movement_M1_mean_2,Nose_movement_M1_sum_2,Nose_movement_M1_median_5,Nose_movement_M1_mean_5,Nose_movement_M1_sum_5,Nose_movement_M1_median_6,Nose_movement_M1_mean_6,Nose_movement_M1_sum_6,Nose_movement_M1_median_7.5,Nose_movement_M1_mean_7.5,Nose_movement_M1_sum_7.5,Nose_movement_M1_median_10,Nose_movement_M1_mean_10,Nose_movement_M1_sum_10,Total_movement_M1_median_2,Total_movement_M1_mean_2,Total_movement_M1_sum_2,Total_movement_M1_median_5,Total_movement_M1_mean_5,Total_movement_M1_sum_5,Total_movement_M1_median_6,Total_movement_M1_mean_6,Total_movement_M1_sum_6,Total_movement_M1_median_7.5,Total_movement_M1_mean_7.5,Total_movement_M1_sum_7.5,Total_movement_M1_median_10,Total_movement_M1_mean_10,Total_movement_M1_sum_10,Total_movement_all_bodyparts_deviation,M1_smallest_euclid_distances_hull_deviation,M1_largest_euclid_distances_hull_deviation,M1_mean_euclid_distances_hull_deviation,Mouse1_smallest_euclid_distances_mean_2_deviation,Mouse1_smallest_euclid_distances_mean_5_deviation,Mouse1_smallest_euclid_distances_mean_6_deviation,Mouse1_smallest_euclid_distances_mean_7.5_deviation,Mouse1_smallest_euclid_distances_mean_10_deviation,Mouse1_largest_euclid_distances_mean_2_deviation,Mouse1_largest_euclid_distances_mean_5_deviation,Mouse1_largest_euclid_distances_mean_6_deviation,Mouse1_largest_euclid_distances_mean_7.5_deviation,Mouse1_largest_euclid_distances_mean_10_deviation,Mouse1_mean_euclid_distances_mean_2_deviation,Mouse1_mean_euclid_distances_mean_5_deviation,Mouse1_mean_euclid_distances_mean_6_deviation,Mouse1_mean_euclid_distances_mean_7.5_deviation,Mouse1_mean_euclid_distances_mean_10_deviation,Movement_mouse_nose_percentile_rank,Movement_mouse_head_base_percentile_rank,Total_movement_M1_mean_2_percentile_rank,Total_movement_M1_mean_5_percentile_rank,Total_movement_M1_mean_6_percentile_rank,Total_movement_M1_mean_7.5_percentile_rank,Total_movement_M1_mean_10_percentile_rank,Mouse1_mean_euclid_distances_mean_2_percentile_rank,Mouse1_mean_euclid_distances_mean_5_percentile_rank,Mouse1_mean_euclid_distances_mean_6_percentile_rank,Mouse1_mean_euclid_distances_mean_7.5_percentile_rank,Mouse1_mean_euclid_distances_mean_10_percentile_rank,Mouse1_smallest_euclid_distances_mean_2_percentile_rank,Mouse1_smallest_euclid_distances_mean_5_percentile_rank,Mouse1_smallest_euclid_distances_mean_6_percentile_rank,Mouse1_smallest_euclid_distances_mean_7.5_percentile_rank,Mouse1_smallest_euclid_distances_mean_10_percentile_rank,Mouse1_largest_euclid_distances_mean_2_percentile_rank,Mouse1_largest_euclid_distances_mean_5_percentile_rank,Mouse1_largest_euclid_distances_mean_6_percentile_rank,Mouse1_largest_euclid_distances_mean_7.5_percentile_rank,Mouse1_largest_euclid_distances_mean_10_percentile_rank,Tortuosity_Mouse1_2,Tortuosity_Mouse1_5,Tortuosity_Mouse1_6,Tortuosity_Mouse1_7.5,Tortuosity_Mouse1_10,Sum_probabilities,Sum_probabilities_deviation,Sum_probabilities_deviation_percentile_rank,Sum_probabilities_percentile_rank,Expected_value,Sum,Prediction_probability,Appetitive
0,0.002594873216215353,0.008809898607992288,0.008626794709909727,0.0016079657925091829,0.00022337260542081618,0.00011912359786492958,0.004018928778096497,0.0004014165326174085,0.0015966762702614209,0.0010714924270821768,0.0018736997216917788,0.0023556164662371943,0.004175496716678295,0.002262350839747818,0.0021369294084742363,0.0022811500341617568,0.0030506040521672407,0.0028389263717968818,0.002502826155810861,0.003364576910334613,0.002595007085181991,0.0028098437515904156,0.0032393419537089653,0.0032082972175945797,0.0028425942154577132,0.0040913364795283295,0.0036123722846445323,0.003605008591844717,0.0015619338134854825,0.000925105472950343,0.0011535385591668731,0.0012711879032667871,0.0012668475659244661,0.0011072383651902465,0.0009493640915646118,0.0010853853127935154,0.0008900935827056253,0.001435132910799232,0.0011096435157059868,0.0014696188152267895,0.002253362089383263,0.001453290052180809,0.0013327783697644538,0.001810701298071417,0.0017772867057076445,0.0023418948539677313,0.002607564193882251,0.002904488279156591,0.0027639558468508345,0.0031760545383725802,0.0027722077648604363,0.00336520714716288,0.0030619286922601175,0.0027292627496214405,0.0028681113972953177,0.0038892803269818988,0.003388014805449376,0.0038247375613991324,0.0003459723932333628,0.00023134141356880125,0.00027523392808645757,0.0008489651949461844,0.0007045128200799118,0.0006702650615264517,0.00035575587717606575,0.0007641198233417775,0.0006635314713563092,0.0005892832314431881,0.001227092080790387,0.0009101597691662745,0.002100529410198337,0.002259872483297997,0.002815068600157493,0.0004891740729701243,0.0004967815222631228,3.333714748966421e-05,0.0006120602050124677,0.003837376050621414,0.0034336711185286107,0.001945451201389429,0.005303015851529672,0.004614193880529264,0.0018758314559497503,0.006799943554761658,0.006797763900148175,0.005102316714483869,0.018990302357509585,0.01679669686981341,0.0010212058459191304,0.0010235693720451059,0.0013639544046295383,0.0004115790215898032,0.0017569618334962996,0.0020785578194914447,0.0008189816842213412,0.0023059126475693994,0.0025029827018637294,0.0009857482653756289,0.004012902883159221,0.004044423397157558,0.0038306209321187757,0.014671744695877675,0.012679404533824766,0.0008578614458206324,-2.5659619488765505e-05,0.0009247714980519454,0.003275012388682639,0.006352214113141688,0.0058709247102333145,0.002505762733370529,0.005506744736059791,0.005426063945434575,0.0036920065166854096,0.008849608360302692,0.007267285896649506,0.01029781409471,0.025026699895037374,0.024536164393825242,0.005772610575471601,0.0010103416572993385,0.005794160911324736,0.0062910104734821394,0.0009713691366816032,0.0009942705842520781,0.0010231089543225969,0.0009118935185204312,0.0014266699129495085,0.006473690781843238,0.007534789932676405,0.01005583728162669,0.009697980069141745,0.010148136042874945,0.006098703847005497,0.006223159704215563,0.00744116287218521,0.008592650036865952,0.009493687693672788,0.0030467946944017035,-0.0005731554970013612,0.005346762995010966,0.007288453970627248,0.008845438030396209,0.01049953146161661,0.014060233410436463,0.006376870306394443,0.007351295728190324,0.008400535769798618,0.009206976100823164,0.01150566637272005,0.0003285233036667073,0.0010172260513199966,0.0011523549342015583,0.0013471290255314924,0.0014543206872013135,0.007066088807434354,0.008148470677322748,0.008866818815687702,0.009024284836382844,0.010981185140684257,0.001290071344666763,0.0021476856469460175,0.005916013952342829,0.007640031713492129,0.013637288231724958,0.0023156895815859696,0.003874990588164615,0.003252821628001364,0.003847191801124298,0.16965812239817812,0.8605001284794818,0.8605,1.0
1,0.0025019830111957936,0.008123448613173382,0.03631252385335011,0.0005143742020516815,5.614148279777826e-05,0.0010895605339972367,0.0021600351227891845,0.0005641987773317058,0.0020397229413982344,0.0014731410180129675,0.0013696555555231373,0.002311396414287496,0.0028659022465517318,0.0022703227374609065,0.002073872688249345,0.0018706027790319907,0.002360382093431906,0.0017468246052978872,0.0021801089761965967,0.0028198878861370167,0.002730248345239319,0.003688783772826609,0.003121598880733496,0.0031183270620741654,0.0027275135589180555,0.0049739992924023035,0.003924413652311418,0.0037776706154634635,0.001214245501517333,0.0006372580682499883,0.0008833268039967775,0.0009169236515987234,0.0014444350312486844,0.00128248883233041,0.0016034788849385927,0.001686541660918104,0.002056045603879973,0.0019091723109769937,0.001431581234372053,0.0021886823310016614,0.003131386744373343,0.0020156630063658328,0.0024324501158181663,0.0016421610043618317,0.0018476662223524012,0.0018131634754145897,0.0016907566618832807,0.0011847294530414156,0.001964481677934789,0.001990624181521391,0.002277899160872039,0.0017054216583271635,0.00291677863329288,0.002411220106356512,0.0025819353069947044,0.002918159913594496,0.0022849505207049323,0.003210456623641086,-8.234791014366011e-05,-1.9576257921581628e-05,0.00015608505102534894,-2.9808659427958104e-05,0.003073972234369758,0.0031132875222823755,0.000601479345719143,0.002889673468239196,0.0024287943263702656,0.0005173385942475035,0.004124066191209265,0.003518862597838502,0.0008697495525541795,0.004277864062094965,0.0037056008070310794,0.0010408271754540615,0.0009467418996494021,0.0010787561218777734,0.000649279750999926,0.003144749219276818,0.0034415425671390715,0.0017000146062901287,0.005179959439625338,0.004071972938779248,0.0021855204318667405,0.006176146472225455,0.00617292688194972,0.004778096047721978,0.02227306769936339,0.019575611111620525,0.000695994916503462,0.0006423459159473571,0.0004419834289161277,0.0013301500602647877,0.001747609873045679,0.001797164227735057,0.00137443225769596,0.0024856708145390544,0.0028691343707463687,0.0024886153955534216,0.004137566985211166,0.004363161990705071,0.006216228588698838,0.013227969630540714,0.011340502113830232,0.002071791259278465,0.002853197184244048,0.0029933977057535646,0.0033615626214693658,0.005312489728994422,0.0064536894885628224,0.003491809367803378,0.0075006014874270015,0.006982697071533952,0.0044035184111117275,0.01000169936376046,0.009245070214542682,0.011267056126560265,0.023763193449196824,0.02128947992491127,0.006295058157509013,0.0011027994472313908,0.0026452189662594153,0.0028429219492898438,0.0005380574063656827,0.00046103959629944916,0.0015665252787659676,0.0012783147869783221,0.0015242934708464037,0.003174723995560735,0.0027136847984462168,0.0025583811171882667,0.0033703963098705167,0.0039500905793779404,0.003179133650646143,0.0027213573825724453,0.00249531479399558,0.003329981334487071,0.004120156825449912,0.0006932451636361633,0.0008367588202292611,0.0054598674718525355,0.006016462668796076,0.007337593703039535,0.007472295394311786,0.017567545769605893,0.0025896139955493332,0.0024382773428668686,0.0027807515861451504,0.003102068597873286,0.0038567166489012717,0.0009822097345642184,0.0008771661840990312,0.0010296221674568752,0.0010889988345197908,0.0012252058513343286,0.0032829594710107528,0.0030814637441538137,0.0034736054731868303,0.0034340598374191958,0.004248628261082233,0.0013503475058401547,0.0005145757489429743,0.0014068815751328255,0.0013041503477476113,0.002450247325384461,0.015125540193138014,0.014266482835333712,0.010179348377837218,0.011251017013403284,0.16965812239817812,0.8100000422542394,0.81,1.0
2,0.009329936666736378,0.06210574250953563,0.008741473276266088,0.00038495087767720213,0.00018869996162155695,0.001542210004687465,0.0015509359208797967,0.0009855653184471765,0.005018860940355218,0.000552701803529509,0.010606955511854255,0.01157247236937925,0.002897316159927566,0.012046485558966495,0.01046173157452609,0.010321583778501047,0.006576766894282027,0.007832396748372989,0.006092575819482901,0.009041589244361038,0.007921546993607049,0.007011907156556155,0.00909288361383612,0.008484432194041136,0.0076612915375359626,0.015986337958013602,0.015854174546247518,0.015081286573338388,0.0008840830287294551,0.000962822451196518,0.0010921958292303235,0.0016227964895422179,0.0011513756996906434,0.0012202530249962758,0.0012823446585662893,0.0017395966677562283,0.0016461273082441065,0.0015709325067362657,0.0014634138779077088,0.001732682371086401,0.001839101991495453,0.0019885123528624953,0.0020558186556306596,0.003877161881916729,0.0035405476668314314,0.0036261152087381137,0.0033783852060983574,0.00377578725576147,0.0033050172270719974,0.003921652590457021,0.003938061491511294,0.003263071014307267,0.00445875029093313,0.004604010584508003,0.004007710133591264,0.0049541838337123075,0.004572919106018096,0.005005206063793124,7.700637012050525e-05,-6.671023963015447e-05,-1.3957828035020334e-05,6.019167624145606e-05,0.0010381254698263443,0.0007958833778933391,0.0010306163372218859,0.001442061982772701,0.001364853024191856,0.0015032937628179468,0.002195644425378985,0.0031617323944868624,0.0027744552180184877,0.005380397991474575,0.005847661975810864,0.0019423965399011417,0.002012604475288878,0.0016616978304966738,0.0013504504160752227,0.005115752338567082,0.004935906052905195,0.0032746759847669107,0.007203655657517945,0.006320223257424654,0.003704760426093119,0.008981607986226872,0.009624654614761896,0.00757924410538155,0.02821114182133145,0.02663616852252626,0.00018784107248047202,0.0006886257214313334,0.00031388790325184127,0.00024903968983568456,0.00160231089819845,0.001542138374823546,0.0011711895567016297,0.0019803057721586178,0.0019098698955893184,0.0004260971848427259,0.002624693914680825,0.003219208501467112,0.001913322068242563,0.009724753526422799,0.009170406849188528,0.002946664925533455,0.0032546800116797473,0.003184166530783549,0.003019362383811424,0.007845712673217943,0.007380322794449769,0.004106755992239357,0.008778803686822744,0.009978793388608749,0.0050700744407272385,0.012571725601727165,0.010185713508943912,0.009680139553308592,0.026312375724650006,0.024816479519447644,0.005820331336663022,0.0011184756929706189,0.003062445576971784,0.0013186479036604339,0.0016701288842956206,0.001382344927710657,0.001404076606367724,0.0014643965140286204,0.0015612743292081242,0.0023826535003947484,0.0017824243365231497,0.0019696408694757726,0.0017578713922475713,0.0026297412914661027,0.0015160679097023801,0.0013454554878125611,0.0014356046569216272,0.002234979420383879,0.0018804527746258749,0.00034920293801723204,0.002126980795759197,0.004830504208488445,0.007550230028394883,0.009088357187611628,0.009698511821750473,0.012980149199864347,0.0014480223138843703,0.001333242434909144,0.0015565535201030652,0.0018202235179199352,0.002157137224985114,0.0010995188742361725,0.001208967821311947,0.0014266027377488359,0.0013469282492041261,0.0014604077883922772,0.0027772562393286056,0.002075851911679572,0.0023288357802147813,0.0020841573525995174,0.0024421031939721363,0.0025536591287615923,0.0004064573843046961,0.0015303062868273457,0.0014225360247941958,0.0023569340250991677,0.0009369926811911173,0.0018632889346770285,0.0029162350948231963,0.0030016051418442834,0.16965812239817812,0.9660000012669152,0.966,1.0
3,0.0008009373911257875,0.013363414824165785,0.005916816991071833,0.00039493742688359167,0.0002179084670214864,0.001310122305631822,0.0018061063961413563,0.0006630453801980663,0.0010447833643093026,0.0017058046631577496,0.0007029561934039387,0.0012018421837085385,0.002862887976229865,0.001978882575153565,0.0017278775437496597,0.0015971038956318021,0.002551862991242587,0.0025036369187603513,0.0019357658047567167,0.002076262919792798,0.0024739943218072295,0.002639796080606454,0.0024669001577826565,0.0028161127389333775,0.001935741504430957,0.004825833044138987,0.0033458397168253206,0.0035963105729904595,0.001123511341999939,0.0013413250023449263,0.0015563563663837621,0.0010221107624475004,0.0011610523515625767,0.0012518003945433337,0.0010882399796055878,0.0012882741227301922,0.0009583422134868098,0.0019267927577774262,0.0011960078853213085,0.0016090808053152439,0.003599297519219267,0.0035203506518128413,0.002841656701474409,0.000951708207173056,0.0009183490304615512,0.0012738890629988224,0.0014604142464572786,0.0017133306756660464,0.001714362487469348,0.0009113745134511673,0.001534095946141766,0.0011338017430850885,0.00183546016695121,0.0018962066477702466,0.0025250734127561696,0.0024662652886140953,0.0023058315660971396,0.0018231566549761961,0.0001817316382083896,0.0003000158156517487,0.0002665871738295752,0.00034137253915827315,0.0009929578144587455,0.001031124656774465,0.0008340198590956144,0.0009673323765887675,0.0012031493166559796,8.36380215049162e-05,0.001766310786914303,0.0018104729822076987,0.0013506045517903918,0.0028765290219142526,0.002277791572700324,0.0012183909252417482,0.0010331231508535984,0.0011751056788913282,0.0012052974007743108,0.0041893632595970945,0.0042738550071001555,0.0021680866547000906,0.005739117870965977,0.0050661654243890205,0.0014172601626559382,0.006897335244604189,0.006245838036226579,0.0065779671006627825,0.023995263606888022,0.023976349061517813,0.0010810927712010864,0.0007931551965848016,0.0008426202831683006,0.0011586316955931246,0.002208406357585578,0.002221715870275271,0.0013670485301098218,0.002876462026087276,0.0026496357354338558,0.0007642784988570718,0.0036608310305892957,0.003349198477869779,0.008206013456390326,0.013428773145630608,0.013145807929702038,0.003004467086960064,0.003003569763376673,0.002928194709961097,0.0032258273234120768,0.006784364827260566,0.006210287638913493,0.004003463072997563,0.008708177189627991,0.008297320234318575,0.004639804613885012,0.0123782918462261,0.010463847741327649,0.013257553443558473,0.029617119433881324,0.028511341660786945,0.004472127688461188,0.002798642791702182,0.007839721758829849,0.002630059898486002,0.001574668916088992,0.0009705390165591139,0.0016548588769959378,0.0025216744213590898,0.0036702593307870865,0.008259302396279653,0.006706897253888127,0.007039489766436756,0.008417415544549988,0.008686196213593168,0.002373307623439964,0.002643889169741012,0.0034132701746269617,0.004237988386316613,0.0044542767501271185,0.0010737304815845263,0.0009140842688231377,0.004852058603920312,0.007848954590429872,0.00896332049718138,0.009740593534282154,0.012455497919852518,0.0030385302992861902,0.002702692528141312,0.0032362658314174313,0.004276091512289813,0.005193479889211226,0.0014130178634530228,0.0016814291728982605,0.0016179052190711102,0.0022817737846297747,0.003909607313115753,0.008049308547561472,0.007973162411175214,0.0077401873975461565,0.0076454676153271985,0.009432792549512759,-0.0005235606067337306,0.00636709057938675,0.009071581829836837,0.002166468817682198,-0.0003511998344605462,-0.0014776201173178813,0.0003698549261884808,-0.00038477591310687555,0.000539006920674039,0.16965812239817812,0.8204999679691474,0.8205,1.0
4,0.001008493348476307,0.00386938404938445,0.00185007905649679,0.002742796520646833,0.0011448840812613805,0.00290160236263564,0.0029120702907170213,0.0032259263097886865,0.002462519559331642,0.0008707615455356192,0.0036253383809803446,0.004820536752636337,0.01742860093015373,0.004282310253350511,0.0035505018347166024,0.003779530069213383,0.0032303083062690955,0.0034335352585234454,0.0027344230935976307,0.003435651000077681,0.0028810007976931336,0.0024856186159689497,0.0029263033676266235,0.0019680030805566584,0.002142908665353527,0.0027764943151043853,0.001858039649026165,0.001921094390592564,0.0009365994007323124,0.0014142990294549703,0.0014419288203090532,0.0016817849823601342,0.0014908518793045745,0.0010113569607187504,0.0014960150805913388,0.001186263404503872,0.0016747422269466888,0.002078673500241307,0.0015890307688340502,0.0014904439153135523,0.0025134128534484612,0.0017069320199115962,0.0019077936253124284,0.002558459795728983,0.0022146199018512635,0.0029641229058922354,0.002057277152605924,0.0014518739640557228,0.0017269080915040796,0.002169791378084546,0.0013693845051838984,0.0011749300716824348,0.0016347792874942628,0.001066007467975861,0.0009308322585831977,0.0015722890393483346,0.0016131223662943684,0.0016734293015072297,0.0033735905373302576,0.002985013049228491,0.0025950628166147745,0.0011471297934154399,0.0011344593458205638,0.0016238524946554464,0.0021415251215997346,0.0014187678893167201,0.0024227582111231907,0.0024640155774720554,0.002017800720286023,0.002399750923516531,0.0033666934651902236,0.0026685578067101806,0.0036746567352176373,0.004324182138103144,0.0040716074358660165,0.004690356890010282,0.005084394037390111,0.003700520497628258,0.0030881652467046796,0.0046605359479982185,0.0035349048539165353,0.004356316030126599,0.004526616136261363,0.0021189507081309563,0.002248987565451271,0.0062164920985225275,-0.002610476170078557,-0.00046575314837986304,0.0007363004212810387,0.00013235923150778977,0.0015336519248439168,0.0020972769754463586,0.0011090349977746763,0.0013774009922792587,0.0022774479872533678,0.0014869845134515066,0.001976359496819801,0.0023955698396178086,0.002541909164175878,0.002288414193918382,0.004569978239306899,0.006167097546660538,0.004451379764492331,0.004985419854278038,0.005452228078427021,0.00577689044668917,0.00506966651776942,0.0030194873472128045,0.0027950465736825587,0.00580599643166447,0.0025292663175422014,0.0015493046493952434,0.0035008219392663456,0.002692940219447838,0.002770338351195426,0.006273905980880889,-0.00249873667908005,-0.0015417557212121856,0.02372788996042968,0.0008069964018783717,0.0030414082183171146,0.0035567619649283315,0.0009658937826494383,0.000734337010224619,0.0005715978156946546,0.001106226698118028,0.0009141374720480889,0.0025122809164674306,0.0023965270520234574,0.0029770106573848098,0.002522829466782681,0.005245339928580924,0.003431640661504304,0.0037216987435311315,0.0032463001438235114,0.00430787463273644,0.006081920033212224,0.005804872046794061,0.005586985412865664,0.012151899084440906,0.008494854719842375,0.007300473838679606,0.010926847638929232,0.022272528515358218,0.003622510540247471,0.00415868634434198,0.003995711338521648,0.00363102971110394,0.006591893287344941,0.0011230797212568827,0.0003734779081552939,0.0011846680789310143,0.0008273943173442362,0.0013364164269112867,0.002781365643124493,0.0030252607552067657,0.00319455815380683,0.002799844113083837,0.004870441588220991,0.0049743904428003055,0.005944758166909177,0.0051692206626873,0.0011950511690918097,0.00010016449143871006,0.002808936482779958,0.0024628757600751844,0.0021029390127357563,0.0017919527585551886,0.16965812239817812,0.6944999742827266,0.6945,1.0
5,0.0034332715898634535,0.021732620305307298,0.009908276629214646,0.00047443772126568766,0.0002835952012665756,0.0006578030671712804,0.0019944266965687346,0.00021204026970799716,0.003333715391728983,0.0016527546994417623,0.0037881844794574863,0.004448895649284782,0.0026608123754893786,0.005251408164969045,0.004588792201340006,0.004377444687948288,0.004496994852708515,0.005035056673315637,0.0045258374414555045,0.006330785356275393,0.005197733501566048,0.0052227495126855395,0.0050148940688842175,0.004786528168263639,0.005755402286827867,0.006292138644591023,0.004708511634731143,0.005475010638827682,0.0019851798093843383,0.0022696545134985096,0.0017740598842848402,0.0015988192227442879,0.0016471774029563518,0.0019599779351050714,0.00208772154091882,0.002058824041817446,0.0021863244118506936,0.0022748731628675846,0.0023528949986042257,0.0024836196313219442,0.002136069457193752,0.002548057198275894,0.003032914767201113,0.003010256909774159,0.0030294556775530336,0.003440958762075968,0.0032969434436414223,0.003664740976848627,0.0034221248224390456,0.003221426981954011,0.002546605810986662,0.0028939834811742174,0.004117498702968948,0.004292042565195437,0.003584218736900595,0.004056737926270114,0.0040153032873721925,0.0037673723689318145,0.0008643075992124404,0.0008408158140826047,0.0005382619488011095,0.0009272804590555984,0.0024741491667835875,0.002475091589127964,0.0014696286229479957,0.0033573129793524814,0.002979842913720099,0.0010813446916093444,0.00399420022729388,0.004223253431596593,0.0025658202382968405,0.0034830865665856805,0.003979794630398305,0.0005432066652613825,0.0007282576757076318,0.00113734251390521,0.0008775931703316971,0.0031772612867684135,0.0031797696517575635,0.002359645368128494,0.005366048528217976,0.004075377396173431,0.002955285600812014,0.00704117116571311,0.006761479791053443,0.004767666276609832,0.01905323503934554,0.0172280823478936,0.0003213150219823992,0.0006531705790495879,0.0005890940937778578,0.0006211371286889715,0.0013381313698468563,0.0012860267350385912,0.002525262945953611,0.0025798811174111503,0.002622169477888497,0.0023731120199011724,0.0040621777273053055,0.00466147957183577,0.006034847874299561,0.011923870642459776,0.009821066659345672,0.0034282511502506043,0.0031648768533784695,0.0031780177260124355,0.003176239523368547,0.00654695100779394,0.006384790475447087,0.003459470883743544,0.008547309828061702,0.008111353476539183,0.004550943735208074,0.012897345326412422,0.009861086006111927,0.00895291352354702,0.022535244165148516,0.021697535291197473,0.005464896328731119,0.0015273074452674409,0.0024423560185954695,0.0010128248472184363,0.0014721305760277237,0.001516168297400711,0.0014759889084207777,0.001405304927828573,0.002611146200025474,0.0031822787720314103,0.0034642759258362507,0.0031693223201532885,0.0033978977991568626,0.003780431823666496,0.0009511764422520603,0.0016066001397049847,0.0013988082898227234,0.0013876322765800234,0.001020646922888497,0.0005124609656997615,-0.00023214051669837875,0.005287765664260724,0.007309695198659829,0.009865469442780942,0.010260867725700135,0.013597079649538985,0.0010364250637858116,0.0019906383472115155,0.001875250573932105,0.0013814653529793054,0.0011339219938900132,0.001644764093342211,0.0020283659214968214,0.001657435078408462,0.001837809997832053,0.0016722288901482888,0.003303024918817446,0.002951666388400273,0.0033671674369964546,0.003255391627912676,0.0038692278904836333,0.003962299466759951,0.005178097718896196,0.005604230973231947,0.006018742703704418,0.009501256835987841,0.01912526982367215,0.01875270871343646,0.024512577756735876,0.024986903140404096,0.16965812239817812,0.9180000311340127,0.918,1.0
6,0.0026999002602863843,0.0057198808537590115,0.002639553031066271,0.001794577039739223,0.0006643804148755256,0.003299289212727818,0.002903740639365275,0.0018691417200109026,0.004674458696531367,0.0007568426107896426,0.004233913257060258,0.004806500416027794,0.001587967366238908,0.0045611848000636605,0.00390078588820149,0.004094508578266146,0.0038631216997157135,0.004312456200218564,0.003448074870206077,0.00490334511238445,0.003858746283202808,0.0030716238353343424,0.003909487229743222,0.0036736203301009876,0.0036105806461979423,0.003309681975505094,0.003678955210773952,0.004029710494262287,0.0006770364076184539,0.0010838147719111717,0.0007994181587876767,0.001436260447327605,0.0010010277915482998,0.001142703512092328,0.0011044075244599002,0.0011781747871452632,0.001353260798602288,0.0013862798137806403,0.0008590696480940523,0.0009575691816454342,0.001432140314106091,0.0006990893680177122,0.001366237126653667,0.003765112733343076,0.00428925801689257,0.005367487377620816,0.0033150248661312207,0.004114878064691673,0.0036782165699953545,0.0037418546327789345,0.0038540688473898384,0.004120497569967701,0.004512987214845564,0.005292747446297427,0.0061890317745331835,0.006239196287809158,0.006170554130787715,0.005857721293018591,0.000752416848502912,0.000716742539000393,0.0008840466742652001,0.0004402970791632692,0.0009782518939921501,0.0018592254675009372,0.0010486321736577152,0.0021753464697632074,0.0015110458794878974,0.0009420815579200418,0.002697799124255542,0.002969683851660774,0.0037344044124566506,0.007621865633479896,0.007035151172822211,0.0016172606147976509,0.001695512285692948,0.001517726169821569,0.001889694130258252,0.0035580844948712807,0.003274687773748364,0.004452348107264384,0.0048259042956655725,0.0042299011621421845,0.0050144201305882714,0.007867731432458416,0.008246219261581682,0.014960820892698802,0.029716836449970786,0.02405356450838427,0.0025207314541317517,0.002765441529457827,0.0023912875585284797,0.006626834751849587,0.005668540398180616,0.008205919564934713,0.008830253771842881,0.0062212610602303195,0.007593999777390223,0.00919480003872176,0.00856728757797656,0.008153810783813399,0.0036605649788495793,0.007277786127794517,0.006762667222816291,0.0013985542565776942,0.0012852681554873819,0.0011723893996399082,0.002732362854168402,0.0011176846247163941,0.001095679479559102,0.0026007910526907796,0.0009134816788720197,0.0009755057850953363,0.0038001400539154832,0.00217674817898482,0.0014887256785727778,0.005948090363602484,0.008716002803127253,0.009181599117573842,0.0071265894793080915,0.0012940480788036469,0.0016800588670640988,0.003915044004499988,0.0013502277131417983,0.0016694897740568554,0.0016581403135703672,0.0018312391527206806,0.0017682743354010349,0.0011724719520308353,0.0010415520112409234,0.001250845164258896,0.0010590697694241452,0.003171027502263804,0.003983839490558839,0.004432778206410002,0.0038978641901625554,0.004901181870150468,0.0064211177836261246,0.0027776497021142475,0.004206320717183755,0.005693153187016864,0.005917167241558329,0.00888507530731315,0.014656761550812105,0.03414678072726412,0.0043487278213592846,0.004783265938961133,0.004405235485215215,0.0053780312530386076,0.006286434506468356,0.0015520496409005772,0.0012488500031341838,0.0014812770060986416,0.0017131774432962669,0.001359219924718627,0.001461911137532799,0.0010456948194422617,0.0014231356810989364,0.0018022522363557553,0.0028056575416804718,0.0003778330768582958,3.781262465828566e-05,0.0007772834203966344,0.0012092169606863908,0.0006907109310006431,0.0009709570096935751,0.0016684529792390934,0.0021596444361142502,0.0017543001489081047,0.16965812239817812,0.8245000902345143,0.8245,1.0
7,0.00699841837383208,0.005022340697693681,0.001287803790641544,0.000746687831143978,0.0007564690573219512,0.0007942677864674609,0.0012573887015408071,0.0009222626608986484,0.012219256188423256,0.000994999052567848,0.003509711416734891,0.003733223083896018,0.0023269402625970908,0.004792471823766478,0.0033427471828346624,0.003279583226748959,0.003787570461117402,0.002929078420485842,0.003165537351021887,0.0038782824326632215,0.0034376858409244774,0.0035280692754730333,0.0040156517273689475,0.004455185711236983,0.0038026700208681013,0.005132041938607497,0.004670783052104578,0.006078857081985182,0.000891365600628812,0.0010363716755592345,0.0009003956907058822,0.0011683807499759653,0.0011589234244298858,0.0011793523684847072,0.0011940383729341975,0.0013643944281979744,0.0011098770213692274,0.001530754157255939,0.0015405496866200108,0.0014917029493173915,0.0017579057979605608,0.001979361186224521,0.0022865608208289655,0.012030674930518572,0.010599202753135611,0.012017029579441313,0.009986862528532797,0.009044608895550784,0.010128904103935852,0.011329194046326735,0.00995635975109288,0.008917260066078937,0.009635971933858328,0.008570038466388789,0.00921514533291135,0.008704207354412867,0.0055958031754038675,0.005555475826018118,0.0012793384688998518,0.0015189642916947175,0.0009790406919973306,-4.90392383234927e-05,0.0016624694789529326,0.001753001341811375,0.00047738180054313615,0.003282629221440194,0.003126883479868464,0.0004738307826971729,0.0050951995480028,0.006108399063404675,0.004737217055955314,0.01838288857631491,0.017329583255031304,0.0014289468131720505,0.0008753600220129802,0.0015927921113672641,0.0016632378450600748,0.004803053641179677,0.0038763927436311916,0.00331887584831613,0.004251175270364825,0.004144776687290939,0.003344077006260787,0.0065158006510595175,0.0060118427065682664,0.009264488084610823,0.014261711104537703,0.013598141566617717,0.0009073763229279665,0.0009780867746924213,0.0010835864838913032,0.0009078732918691558,0.00178047144611854,0.0018928583578346242,0.0016150426572338113,0.001084748560966489,0.0010400073648382932,0.0019403532700918956,0.0021389142231381486,0.0028819579687076454,0.004629638027482911,0.005808703376846921,0.005134642026178245,0.00301509777273365,0.003463578186166008,0.003235999832604185,0.0023185449237171935,0.005342808951356893,0.004051170958330766,0.0023062278561424097,0.00405611550280219,0.0029210461225787077,0.003576921965542305,0.004770385834740472,0.004064690611045168,0.006348039175762876,0.009537823327797883,0.00852189184328016,0.012062609728054277,0.0018466974683326975,0.00047612416136847183,0.001946450051216849,0.0013816707824681354,0.0011397088878468571,0.000928424682330961,0.0005073989859036471,0.0007063809913895955,0.001068577883681033,0.0008449728960122701,0.0015030547108872716,0.002068595061895704,0.003213151414353579,0.002791212500853005,0.0032468347506912037,0.004071969131781664,0.005244059952337362,0.007812377573235403,0.0026714180016218247,0.003045959223706199,0.014148984533360436,0.01470506228210384,0.013099899312896688,0.016112551207965595,0.03238799775446263,0.0027964384271816833,0.0026871914290409215,0.004034364602193194,0.004911223701053376,0.006170936640849555,0.0017927084876421455,0.0008557847895311793,0.001170611606454384,0.0006162456135582321,0.00047664605622867233,0.0009183642353328889,0.0016386856430039693,0.0017511979917516382,0.002518503086358445,0.0028616265248403395,3.902595204030952e-05,-0.00013778226507663258,-0.0005382914142517216,-0.00023428443182155025,-0.0002447357950238121,0.0007228764901028404,0.0017464371158675868,0.002382563769042925,0.0016676497304948371,0.16965812239817812,0.8684999743781574,0.8685,1.0
8,0.005350331237925686,0.012481722638946471,0.017711501990590996,0.000770489746751242,0.0005778114918196399,0.001801912700460985,0.0011651646722497851,0.0005794598668046585,0.004804869692609891,0.001708823833593275,0.002735724249183145,0.002931147262694251,0.0020636315104688597,0.003535965239265209,0.0028646932582183154,0.002740905275626681,0.0035117725716112204,0.003572344775515925,0.0033670120463892813,0.003517984678003029,0.004024419990690781,0.004586637245876374,0.0036408613341050574,0.0030805669743438875,0.0034752791105199534,0.004887065726469322,0.004345006475704177,0.004775419468967733,0.0012268020766305135,0.0016084245752521899,0.0015321440828527397,0.0015967587112771465,0.00110118213113066,0.001639886353329349,0.0017947729202207167,0.0010084874487966368,0.0009301012435228305,0.0015776413501867707,0.001473436908466327,0.0009747900692267786,0.0020912027732157366,0.0020375805081778156,0.0025374917701206303,0.004162746631672879,0.003007412641353986,0.004233370885524157,0.0035681683614983035,0.002407710793415236,0.0029887106212729835,0.0034335008967675746,0.002707539462396342,0.002864485258956227,0.003300821859696276,0.0029623743064019527,0.0031660289404918033,0.004148304638614458,0.0038090790911276804,0.004051906456504231,0.0010962442630514193,0.001025391444833376,0.0007951115114572438,0.0010927412157734407,0.003386928563959289,0.004029576428152044,0.0019653970105026532,0.005527526071636982,0.004525530943473361,0.0010324929936931005,0.006107228183869961,0.006221418104424741,0.0033536998516853923,0.007782356413302042,0.006991230272721471,0.001620628134737465,0.0016523538756682435,0.0016548326626562135,0.0007523607769331246,0.004345186034338781,0.0035581903554047574,0.0017467750676617882,0.0056957990457879625,0.004020033163110256,0.001956604622039599,0.006647094779691796,0.005964045858915371,0.005848133622996962,0.022302021602346893,0.02073988231276619,0.0005122057815777003,0.0007670896720242773,0.00043520044716546894,0.0014220591058738622,0.0020918049621142906,0.0018242995340477606,0.002751805081482252,0.0028728521279780535,0.002404677054823624,0.0015235335098053682,0.003345151649115789,0.003411632387363539,0.0027363432504287533,0.010961632730880215,0.010285295146326257,0.0029199584310804416,0.003129767957558993,0.0032430449287709426,0.002948978769105757,0.007311522339256365,0.00679986953930776,0.0038885078416941036,0.008964362754119,0.009182458267692163,0.004488777411231989,0.012555385789055417,0.009938441323027358,0.01080207549061437,0.027129133109938825,0.027725541495987625,0.004769371937645435,0.0013614802184893256,0.005140791530950813,0.002782230465649652,0.001427021439665315,0.0009757203832546158,0.0008875536226366564,0.0016957208504669126,0.0020680685811093604,0.005788292886449795,0.00594061312584934,0.006447677505008532,0.005708581224316577,0.007956328704579421,0.0042180538494838915,0.00345582198156181,0.004838979245556346,0.005087350172306109,0.007087930994279439,0.0015304186094062203,0.0007275339304600538,0.0054487985329365034,0.007302830459420504,0.008559736489101175,0.008307132594678865,0.01355621452789133,0.0034830955338724977,0.003613710799514115,0.0035905718264149034,0.0045108156984175725,0.007149690620374954,0.0012882204772831302,0.0010313598135531698,0.0011439910759324186,0.0010437641561133442,0.0016630731996187462,0.005076533230484068,0.005055034672909079,0.00573444533618118,0.006334142412604038,0.006748348961978925,0.0007276925955622289,0.0015451877974794036,0.0016520160654021885,0.003589374780476371,0.006512321565840103,0.0045544413898132435,0.0042765473865889764,0.0065751991657564245,0.004511072020654182,0.16965812239817812,0.9005006387547045,0.9005,1.0
9,0.002212829842251399,0.007565064063638613,0.00900030813990863,0.0009409009160958765,-0.00011575313698505745,-0.0006055383924995422,0.0015307571578899812,0.0007430117374001386,0.0016242597364808913,0.0016650436214892483,0.004889707526974523,0.004067543440278989,0.002634007592493088,0.004180999320003696,0.0033615999935272404,0.004058772406947906,0.0038902673790470435,0.0037592683962715894,0.004204753882265765,0.003990999703897057,0.0030330311989516766,0.004491106801239527,0.004242087305759355,0.00429898996179239,0.0041681620398280805,0.004749481719899508,0.0047107762571437645,0.005006915431673603,0.0013359419158388698,0.001836774338630843,0.0014914749933212816,0.002492047856166409,0.0016014848134587045,0.0026208529426679913,0.0024933107983620964,0.002446888640173959,0.0024223435608354627,0.0024768407344169163,0.0018333213164395447,0.0030726112619830536,0.0035016358902339078,0.00380534686871559,0.0032126262295392415,0.0021992238787068522,0.0017133950213272101,0.0016577185090776078,0.0021639078778826672,0.002483554592482032,0.0018343768157611613,0.0027688759475784034,0.0022923499166952834,0.002176403473037882,0.0019524611873186987,0.0024579138223419406,0.0029152610693974615,0.0026144032990945043,0.003597012645128513,0.002855255160568827,0.0004426833133990539,0.00041425392598574675,0.0005114706512179658,0.0002923086519417519,0.0010588488251151319,0.0011709317159902452,0.00040630018561164266,0.0010343781884430163,0.0010486520350738643,0.0006283655604123049,0.0017985489488695323,0.0012325808729876332,0.0010588088229179754,0.003619341210905624,0.003745019341463454,0.00088799554971248,0.001116565368328836,0.0006971999615856957,0.001429188140585726,0.00490275582129707,0.004182962398922123,0.0031034013618830144,0.005755301799961788,0.004675248615142334,0.0027392953347105957,0.008343004965585056,0.008302118511570223,0.005514610673446053,0.01693229064703367,0.013973577296961586,0.000633778000260975,0.0009309846875955583,0.0005930177731185578,0.0006381380531168915,0.0020779577784020395,0.002664174603274496,0.0016924256832711172,0.0031577512695882774,0.0032585532886055053,0.0015925962543796876,0.004247119507705394,0.004275582807571889,0.0026915649195851867,0.012525949318396958,0.011294399745217207,0.003944865020181396,0.003782702881779756,0.0038712587438968047,0.0044177968635207105,0.008644131785541336,0.008735780194595144,0.005665144720676042,0.009788493299434748,0.010517775399608085,0.006892085847846738,0.013914533819844515,0.011319167083522298,0.01144285489985615,0.028644628091591233,0.027124248140311672,0.004504274085067792,0.004674576019621872,0.002356828139673531,0.003986991240272096,0.004226990774641954,0.0060350290312591506,0.006300028711097752,0.006010725578455058,0.00915856141411647,0.0027434724104937027,0.003130288581607948,0.0021299860458457998,0.0032337445256579865,0.003507507400784997,0.004004813578677461,0.004040270239105572,0.004083707304130221,0.004594975515474175,0.005086067296838887,0.0013937372579431208,-7.491755406819363e-05,0.005475146901638337,0.00927960661864777,0.009778714328441154,0.011929700904544467,0.013774581411120103,0.0033801059624757723,0.00423429747544264,0.004469190598456407,0.003961852132961015,0.005111091952064882,0.003589322647211144,0.0052816484137238415,0.005725031528851528,0.006669622057860112,0.008732669760458424,0.0021916202437182297,0.0026763705346636844,0.003119637026851006,0.002842007509775735,0.0030490377681492856,0.0009629658868311588,0.0024860637784696856,0.0032492946269348437,0.0017149256014541067,0.0019307146933596833,0.0030137510225404346,0.0034505918903754247,0.003026244703787242,0.00398595817143333,0.16965812239817812,0.876499984747322,0.8765,1.0
10,0.004257415261166635,0.004946024580860901,0.003278933363256637,0.0006122757635973457,0.0010322044748217194,0.0006490816190649564,0.001528080901526301,0.001123482289993322,0.0036730306449569636,0.002725292091962436,0.005238402207174239,0.00565420596314539,0.0025296763708002505,0.00451532268237275,0.0051935760104868875,0.0047027201985398335,0.005153526915882061,0.003993878245935658,0.004692742530240269,0.004046898604465703,0.0036978704082594066,0.004260261081662336,0.00555530014594121,0.0053058981267600815,0.003924240553640162,0.004361301166159862,0.003850821741206061,0.004601792616831433,0.002690943946378975,0.0022857070625946743,0.002431890967716386,0.002185554751713727,0.0023813224121076826,0.0020761455786635205,0.0023957816147101704,0.0018619859570412206,0.0021508164289588487,0.0026996747202381465,0.0019325237368370916,0.0021509796195702115,0.0035209424893065237,0.003506786644989438,0.0034091614460405374,0.0034678993567524045,0.0029692210861507317,0.0035491958844223936,0.0036682088293282875,0.003088974551637473,0.003228691229613333,0.0035715802132363144,0.0029640530764818954,0.00392068942384463,0.0028570805682552585,0.004669647136862825,0.004458183662958974,0.00437235213033432,0.004148259068662689,0.00395673229263615,0.0008152888121539619,0.0005419032108381842,0.000917105052312829,0.0005908058602161449,0.0021387395190251455,0.001344609578917182,0.0016785830951702952,0.0019383389661941,0.0017267685513963175,0.0013191325330127175,0.0024101201192531277,0.002998616423782641,0.002386763382661922,0.0035455400402988296,0.0031993420893825526,0.0007472862145618019,0.0009693117368366111,0.0007510006293591153,0.0005958785901837046,0.0031155791972684362,0.0025068633007418305,0.001353173246309332,0.005881996237762341,0.004565917009654631,0.0020382138282965213,0.007311199946431942,0.006894603050976229,0.0043485297190377055,0.017292614383084964,0.014167107662923584,0.0006607160177040573,0.00046029957861939736,0.00036818665544747944,0.0004605652605954022,0.0017324637786604727,0.0015322220862905823,0.0014267859133304521,0.002950067332588759,0.0022697695912020197,0.0014229963343844927,0.0033779792518933605,0.00358536053688081,0.0034317217084074464,0.013413076889320892,0.011893370367451524,0.0025038679798943062,0.002633567814538608,0.00271467136045703,0.003474527325533528,0.006191269897760405,0.00602445218032021,0.0044698361674255565,0.008019341722454746,0.008065782572582376,0.006143537698192974,0.010455503928333264,0.009285107437777025,0.01125137186063525,0.02037032036378816,0.018991368900045897,0.013127917497928309,0.004327723007963687,0.0030539885201623525,0.003469596800722349,0.004077274697143906,0.00310510656506683,0.0029495306212875597,0.003621807303835596,0.005913017686915869,0.00299335873721093,0.003181307125721424,0.003911563852497953,0.0038855136141919258,0.004326993750493738,0.003838690665055543,0.0036657763810320826,0.004269568403844732,0.004230427159362188,0.0053291888881604015,0.0007435689591855629,0.0017823950914318978,0.011414836793022078,0.014838812825930836,0.017387707540164263,0.02118176378345168,0.03640415840411054,0.004235846328712593,0.004111101073054834,0.004453480810315089,0.004531355732041577,0.00444133596033395,0.003922645872747732,0.003106485496670951,0.0028751379317073864,0.004107942714107109,0.004952280588854262,0.0032405275614715364,0.00312715048470602,0.0034067212447447194,0.004189428728734433,0.004199375137459929,0.0010026652446314516,-0.0001496103180671047,0.0005123159454788807,0.0006707598928042971,0.004948900210551805,0.004477513850756631,0.004891220535689658,0.006946762654196472,0.006762671697236331,0.16965812239817812,0.9130000154023292,0.913,1.0
11,0.004690759377759982,0.004283107897050208,0.0041448391615053,0.0007475292432200034,0.0005198769671396026,0.0014633887082383438,0.0031742491343954094,0.006972616442059038,0.001534867711855144,0.0025167567172721217,0.0010380667986107893,0.0010484225097299805,0.0038865247258079434,0.0004296548036547293,0.0010102336939241023,0.000425130919233941,0.0001629462369400138,0.0008085771992391323,0.0006604861300143756,0.0007488401360272729,0.00039232140795637647,0.00012258573529648617,-0.00025768434539345174,-0.0001805952375015474,0.0006815353181020956,0.00012444235751833013,0.0014553973828000941,0.0015207058743006486,0.003463082076248344,0.002885294066179254,0.0031730194286257916,0.004383723126893808,0.00383128799403492,0.004286869684320827,0.005371844104641486,0.006077696700704332,0.0038670053325860782,0.006093789568230862,0.006373524188275263,0.008280077026699794,0.009923273138441853,0.010524539405157183,0.00863846729802245,0.0011383929704647207,0.00044590762665160794,0.001585399285457253,0.0008977244607782097,0.0010485661126581039,0.0012294522549940482,0.0006116037142082225,0.0011377081119636264,0.0005865769461166888,0.0010210595577138403,0.0010438561166970987,0.0005175126281128029,0.0008820014480251699,0.0008537730836611395,0.0013809225286098958,0.0006471552522714384,0.000753965017083771,0.0009072359360336587,0.00044390813653067584,0.0019124175542502043,0.001758415552549743,0.0008288915711283151,0.00197518652654547,0.002557585701934025,0.0009278261833593479,0.00313690929357279,0.00282571205373724,0.0022707711373950563,0.006000243327708436,0.005850859402513055,0.0028066598320241228,0.002421503449703381,0.002283949569553941,0.0006552685089248509,0.0020607373244610596,0.003002047270532597,0.0018721118662752276,0.0037206533414542785,0.002832544169735001,0.002107682739154379,0.004904495044025601,0.003462623130804616,0.006741323736891307,0.014180865708894031,0.012431801258895522,0.0007596778526061662,0.000530024892630592,0.0005428008856021198,0.0005318530178003241,0.0013604232883045546,0.0015966425189097616,0.0021698476843852728,0.002186729587103864,0.0026695521105806613,0.0021932149697690925,0.0030487983731748774,0.002265218250038957,0.0018638817785840227,0.009777128510024503,0.010284211169353668,0.0020110816620187966,0.002158877712199655,0.002543095706993422,0.00439330853600774,0.0062115962874633975,0.005960125016012718,0.004097496872161121,0.007079438641316745,0.0066269493886194596,0.005485194935479211,0.012232545862408907,0.011029538936710458,0.009335284854890557,0.004716802921015972,0.006008905104803338,0.004236026797771359,0.002684124720292547,0.00150809361072269,0.0018856884310178555,0.00251140198961518,0.003602177974478585,0.0035723724313745904,0.003940863404583057,0.00605962044080786,0.0015312610137434583,0.0011171476417166286,0.002251621901151042,0.001574583247104639,0.0013766862703470423,0.0014214413160642844,0.0014805323926282902,0.0009304968436421347,0.0010182812449170055,0.0017240833175106753,0.001014225799743327,0.006288465677270928,0.0029502811206958573,0.007518786243077071,0.008215324316284868,0.011501209221446979,0.0050923539517698695,0.0016075647036471353,0.0010970791823165852,0.001623289550010242,0.0018745094670019604,0.0016960699139098297,0.003280160870078537,0.0036914137916912245,0.0036160829153790196,0.004048593098595394,0.006641732828173838,0.0016757222815110668,0.0020966195759232506,0.001160173657442129,0.0018166258770949458,0.00124398919620243,0.001991374461796269,0.00027316974353857655,0.0004547745172147538,0.0008676219346397527,0.0037933442913262523,0.007368232778367545,0.005640496391977546,0.003731335669700653,0.002913619625128252,0.16965812239817812,0.6964999999574671,0.6965,1.0
12,0.0028407775269302434,0.009466187146243024,0.010638236260757654,0.0005283926856015974,9.667509882139992e-05,0.00023084896522611257,0.0026366885810358313,0.0009992518696570352,0.002140940328579762,0.0017017202834800724,0.0033882449821942967,0.002686371519123533,0.0037154373453278117,0.003745503913542605,0.004539585283701479,0.00354303443724793,0.005743764015964999,0.004722759761703911,0.004047804770139786,0.005373921679552929,0.004429265711611446,0.005204872738754691,0.005506452717554715,0.004159451587385491,0.004878105556472036,0.006904021196039293,0.006041236741479994,0.00593539691208869,0.0015652541807335786,0.0015492908784093431,0.0011856392866921872,0.0018287745213183058,0.001408580137925637,0.0015956555941384924,0.0018692740059031126,0.0014846430787784123,0.0011127734202509459,0.002291239351098477,0.0012056849415564151,0.0018733328491343571,0.003003048223158483,0.001664864484340252,0.0014739655030381411,0.0017287393911777163,0.0020624553379999426,0.001843740404721087,0.0021424815819350287,0.0023561993009415774,0.0027036597181871245,0.0029115635795227816,0.0026843423847811333,0.0024776974022965403,0.0033638331852134055,0.003029995123945678,0.0033073614768958483,0.0040855725501144045,0.0040288321291351275,0.004733771981774357,0.00019323090634809352,0.00018858388503522182,0.00011480585540577017,0.0001572015569541006,0.0009945783918477817,0.0008258363701077402,0.00047280276261845203,0.0009682520243094662,0.001117364744465007,0.00036797377253143933,0.0010099920656582203,0.0009080602916402167,0.001380631226265812,0.0033265395316851194,0.002985248300286862,0.0020034112145150404,0.0019213576233992487,0.001778970591133487,0.0012039915055282045,0.0051040740818393895,0.005460947755921207,0.002316354052598189,0.007238548815396456,0.005968418942265479,0.0024644336739881776,0.007983958793218046,0.007688147220894421,0.007084246550942787,0.022837818424860483,0.022167708365707226,0.0005060496476389232,0.0007535848196095903,0.000657129946285146,0.0007305420774271823,0.0023972045122543067,0.002523476362072057,0.0014045888154096528,0.002984129133661237,0.0026937939433334334,0.0010930566808560857,0.003505615580341021,0.003657920086421476,0.0025956030329584573,0.011503579341544575,0.009991158117384005,0.003219548011461532,0.00359202842632435,0.003852546701552499,0.0033323706782306443,0.007218389483958452,0.006782411815805145,0.004057592650566915,0.007975219005364608,0.008078133367420113,0.005281032416921644,0.0117885636509163,0.010642820201369418,0.012415679192414817,0.03233370365347018,0.0317642972358897,0.008689541150956898,0.0020809529288665866,0.0049779806368050825,0.0032149377969053275,0.001853762596040131,0.0018764194734416063,0.0019856155528428765,0.0021878572208350205,0.0025120941604918436,0.0045366842987831675,0.0058907461180241925,0.005873386257130335,0.00606602018785012,0.007209837907319533,0.003825407740710669,0.0032947997579443216,0.004435243431654626,0.005383446973323636,0.005730494125386662,0.0010576571775235137,0.006229388527421992,0.009617597207485633,0.010400902862986788,0.012824032308196544,0.011915133528250089,0.018890555863801662,0.0036858799098296265,0.003655808171525948,0.00421736717250057,0.0036330485945863366,0.005070515858318757,0.0019007736412925708,0.0018339539860829832,0.002032833132071279,0.0017442371696240932,0.0025460072467347857,0.004622654679076272,0.005384868144696336,0.00617738296896818,0.0065183799527542465,0.0072265261272109966,0.003127459458225619,0.000574841559686125,-0.00014386413991116222,-0.0006751417792034528,0.00021337833288788315,0.0032234662702197454,0.003435444903840777,0.00304214504355018,0.003251420936462453,0.16965812239817812,0.9005004790377548,0.9005,1.0
13,0.0021315845461697455,0.01070819910742247,0.002103374572568706,0.0011139379835400111,0.0004607584256493715,0.0010082157946307902,0.0017964959174690824,0.0012017679452885992,0.0018461110259393447,0.0011461881139494686,0.0016663497656324718,0.001765312727152807,0.003965203572229481,0.001621703452819668,0.001895382415450684,0.001777226169415017,0.002553560074788373,0.0015158356365915764,0.0019813709785357,0.0018407003950197231,0.002167454469242423,0.0014016436993079429,0.0022791340105179957,0.0016780025283744547,0.0019350778619466502,0.0022858467800021673,0.002375399030869611,0.002124721445155721,0.0010260902230220666,0.0008919380066414937,0.0009585094911554214,0.0005462007121504465,0.0008446510402636145,0.001287115200228905,0.00094177274004274,0.0006476420864010042,0.0009471939066981289,0.0006986085466852237,0.0007123574630202236,0.0004046366766235105,0.0007275624781953948,0.0011505945068996542,0.000425119185405067,0.0018497619462708903,0.0016267867938514588,0.0014688503744451971,0.0024610439193790577,0.0016537813292744287,0.001447487449275001,0.0021873721797356577,0.0020710431761516036,0.0019281243405893111,0.0018363054241395565,0.0014482537548071088,0.0016164978568828693,0.0020397241351581418,0.002433702650854191,0.0029096870722961662,0.0009887287926774802,0.0009355756540512417,0.0007906788368198857,0.0009980658637006715,0.003823719510561525,0.0036575055744278964,0.0014871384533638584,0.0029851835764376122,0.0030387942161215807,0.001073695940975334,0.004588292037010776,0.004074027264605042,0.0035707155759777537,0.008265310520567816,0.007634705865003293,0.0010406336576809297,0.0017538369751778212,0.0016140651524788132,0.0008780900837890628,0.003911963690228641,0.0037548348203756137,0.0020319119545598356,0.0060260496107982205,0.005278725952227852,0.002071673498461123,0.007366567316318083,0.007927732560483507,0.005491390996125167,0.014884948165087314,0.015783838496329645,0.0010620529904955993,0.001383883138423055,0.0012290788526473123,0.0012243013232482664,0.0026887791516922964,0.003046617792059439,0.0013425101264619443,0.0029605598872375185,0.0032193743196072826,0.0014387924138360984,0.004462961907232459,0.0035298394650690543,0.002556968172299503,0.0020170187793640054,0.0010990153858529783,0.0036447177515659588,0.0032996590494113135,0.003869931100669057,0.004371115275744157,0.007840639706017132,0.007082362868857171,0.005073371253419738,0.0065061860108711,0.00749418564360824,0.006404588276789276,0.007321240372319592,0.006455759987646901,0.0030492789742869934,0.0129647186011257,0.012448082708669822,0.006281017733589308,0.0034793987193021416,0.004638148467761813,0.006100670276275186,0.004172326813921244,0.0035355039278753904,0.0030945903861351216,0.004073959399956301,0.004698479744761727,0.0046344244582189895,0.004826001167640363,0.004547619168459367,0.0058332081424925285,0.006427750078601744,0.006681577179854469,0.005888100353091524,0.006247927668930199,0.006155966571282293,0.008084996754621297,0.0022531377118778758,0.0018981339632250514,0.00667577184344085,0.008005966734100166,0.0061771303684982504,0.008423868201695309,0.012355531931220382,0.005874477342468192,0.005892231596673323,0.005839234725972353,0.0072326799384966394,0.007593455401391649,0.003953918360252546,0.0031822060480265284,0.003916842339402137,0.003132291049363618,0.004324337847176554,0.005133755449241002,0.004768063283364668,0.00514331966706708,0.005892730866284655,0.007254698938475064,-0.00015619053465620056,0.0006599449447608472,0.004347833888540576,0.008920057608946166,0.008572812404378736,0.00191602572381005,0.0035628620286508638,0.004673071281450649,0.004668858326500535,0.16965812239817812,0.791499813702221,0.7915,1.0
14,0.0014345688065433462,0.004725893807812901,0.0022446038535138676,0.0008807237979608088,0.0007909451398727113,0.002951467992542954,0.0006704732096598279,0.0014179763293409038,0.001457489012742223,0.004749716809297942,0.0022309156209622517,0.0028856102717388678,0.0010068209282895484,0.002088445313159203,0.0020650818214050536,0.002424812372202635,0.002031704897603419,0.0014693047099374429,0.0021201765135050905,0.0024199701737764078,0.002150633207763524,0.0018042994075262323,0.002368418807629032,0.0017742332387822338,0.0017286427817497217,0.003219841470428802,0.002167638435680896,0.0023348209366328364,0.004058589637419707,0.004361442470487825,0.00421828918785648,0.005112294039862218,0.005533511589109574,0.004657144865313022,0.004795499601207344,0.004625211528813996,0.004993089760893848,0.00707088459008856,0.005876918240734997,0.006350668213809111,0.0065349288463711925,0.008236760614644475,0.007769284115280283,0.0014746171852086365,0.001229130619851918,0.0009322009128270356,0.0009437408014300458,0.0008059463222764202,0.000905347918870328,0.0011711286225218435,0.0011549557271817077,0.0010141001019746015,0.0011208798087449935,0.001454652518276113,0.0010494320006376706,0.002553628761519659,0.0024322863315545617,0.0024307908597279277,0.00034044000558289446,0.0005341049997002108,0.000343108971692907,0.0026141208201563466,0.0026131583527581642,0.0027363493189414383,0.0032638049272919077,0.0015074968780126195,0.0017121021347392081,0.0007227546244376275,0.0026715372246154515,0.0027512975522449696,0.009489022547849885,0.010157111709789701,0.008333468846541233,0.0014381021110812236,0.0007692337761689363,0.0011688353456393683,0.0029603802773571232,0.00276694024915747,0.0028989730641870177,0.00431510948825511,0.004550892196722584,0.005201236472360141,0.008240200385056963,0.007726739372324805,0.00725718657574431,0.010264352203102347,0.01163364453843346,0.012371850080123318,0.0010070554436550417,0.0015128683991433097,0.0013922136145379767,0.0006902155113232458,0.0020864518402982316,0.0020342735587930566,0.0019217656209987186,0.003999855174584265,0.003128504352184601,0.0015372321453267581,0.005813887436987884,0.005668329904762548,0.004561437340576429,0.023230427019742664,0.022718598718307503,0.0015150648247421136,0.0010208521280101728,0.0010726741053368708,0.0019913501948953605,0.001255450915157004,0.0014855032117810781,0.0026009279792485575,0.0021164623572931984,0.001597913003761956,0.0036353277039959473,0.0019049446453965608,0.0023924574522194856,0.0056616728377690126,0.012395828291781605,0.010842859995967733,0.005247793821107076,0.002231328143290826,0.0026232114467396295,0.003302481204962105,0.0021955816038831634,0.002178527708920542,0.0024697157715810637,0.0025432985540671297,0.002705519099219638,0.0030182690182630084,0.002582773917719537,0.0019997484939537945,0.0028176163678074605,0.0035090798958478777,0.0034256040718041825,0.0035872859208563156,0.0038743356499754376,0.004001964913194799,0.004929685047480791,0.0026084163856751183,0.0046808498465355725,0.0038705528780530163,0.006338075578675234,0.007691606828712283,0.010735925346554102,0.022922185645334377,0.003845879628964116,0.003478604294616261,0.004283066764965,0.003999188519928641,0.0044957614115021406,0.0020226857286846627,0.002622068109245571,0.002219044184169726,0.0026384848346742073,0.002845937370238963,0.0026714145606852296,0.0027151264607654115,0.0021428600616976603,0.002349548269720705,0.003467878293657429,0.0015465713493207991,0.0003355787078473207,-0.00010932123143197426,0.000442645671431975,0.0022064205572508624,0.009736653025958907,0.008243524219483942,0.004764097988292109,0.004658168016197715,0.16965812239817812,0.7959999885974639,0.796,1.0
15,0.003998390512888406,0.0123191251727521,0.0022863321470791165,0.0007719223418060987,-0.00014529299674537137,0.0004401294833603456,0.0013095913422531524,0.0008279665017748352,0.0027420066087457525,0.0023118165868876656,0.002888790900116766,0.00332097430284635,0.0029187708538707374,0.002505989736631896,0.0034577635457395707,0.0024380127693091644,0.0027744702906623933,0.003908735592045725,0.0032169684361351915,0.004108161708894541,0.004415997934202899,0.005327012740567574,0.004919827271657679,0.004599272226973237,0.004326089211777605,0.006105194092876435,0.006436355711968917,0.007496675610184803,0.0015455268920062427,0.0016367235350185578,0.00159148128250166,0.0021013983218018412,0.002368275133416227,0.0016338641808082356,0.002337436653125264,0.0017000791341258783,0.0020088435633803764,0.0021542051588687187,0.002293768627516711,0.0021591906765978447,0.0020253491093459013,0.0034898129609722836,0.004801224634425956,0.0022314312859087362,0.002526424326990727,0.0026769351665940043,0.0022958880396124585,0.002282875900131629,0.002761710304245453,0.0025555668885989895,0.0022624535449505996,0.0020429915570726606,0.003119110468800607,0.0031830549303739054,0.0033071340298365913,0.006119055863771761,0.005606461539922267,0.0042887984639934104,0.00031234470810125915,0.0003241328886212771,0.0001777842052716224,0.0004027685264229927,0.00019460719857784022,0.0004249276888453466,0.00027782766842894546,0.0006657531471178913,0.0003421055077344996,0.00024041921474517118,0.0011133922352886082,0.0012429035895155508,0.0011463483084401364,0.003097083356525399,0.003955336845343954,0.0022097923208054472,0.001957952865207785,0.0017609177603565029,0.0014386380245728593,0.003352665521079966,0.003594189844817299,0.002110252357963313,0.004377017281947838,0.004155616968912427,0.0014099556047619491,0.0056034494041769176,0.004920188875306548,0.0036856982617516553,0.004832022637486753,0.005343653239290787,0.0008325442193852845,0.0014970769575897895,0.0009097938366413946,0.001053300604636189,0.001967704468366959,0.0016619741510763958,0.0016277423966031587,0.0027533936277837723,0.002557635230008602,0.00157409180137491,0.00364767202244941,0.003898799532156958,0.0021832350049651255,0.015101029232608287,0.013550210038794017,0.003198045466519111,0.003601618803938225,0.003467134663161789,0.0034276186148725243,0.006916423575865458,0.006153263913588163,0.004656451114567562,0.008073983953242598,0.008692557641011296,0.0048695961123050675,0.012855362377803024,0.010043802609620456,0.008727544344046021,0.028423085286016288,0.02705115714267642,0.005870972734456959,0.0013903863473241804,0.0022386838801089436,0.0038056722195305382,0.0012612847263961027,0.0008422024487978773,0.0014208645111876326,0.002025362453922082,0.0026910698389879637,0.0023939265410810443,0.0016546902598473484,0.0019380287136791365,0.0023962248591872354,0.0031875097035930157,0.005078870117008936,0.004980177499853475,0.006669994071357501,0.006677531173997532,0.006393449077070946,0.00097689023144672,0.0015259985298687632,0.005908218490332783,0.006931833952720591,0.010100754378515289,0.011507676321444924,0.015058184926978264,0.004207392048689404,0.0047712579254207705,0.005372378824989971,0.006440040282477972,0.0061597484479090706,0.0011189617678515563,0.0018102854430208503,0.0016857833456509158,0.0015620860357830342,0.002234051013870254,0.0021228894157449825,0.002529181520984538,0.002866805259691549,0.002165319039322711,0.0027656084982170107,0.0006655532267881543,0.004984510449271868,0.006633381861263529,0.009649657270202831,0.015607102812877551,0.017879018718025753,0.01174743749585996,0.010758513047087675,0.007900744084847516,0.16965812239817812,0.8610000058557956,0.861,1.0
16,0.0024861565718886708,0.015453698163744482,0.005473282084428638,0.0005133209604219169,0.0001979782008245178,0.000594790607418975,0.0015642109648091604,0.0007023606819681131,0.002337840576956908,0.0007101310908368195,0.0017453961524214016,0.001875631841231276,0.0029310377916836766,0.002439227415477504,0.0021096365778386383,0.0020851175609089387,0.0021386579435142884,0.0026291914551193753,0.0023589599138647416,0.0025591799131691488,0.0031190595946964904,0.0026483863679006947,0.0031902782799747456,0.0025680625791115325,0.0032458502737977147,0.0041479187672047,0.004771795679959509,0.004959429297396312,0.0008019514840352187,0.0007813323921189846,0.0006086184872448066,0.0012979641698176144,0.0005695522310366904,0.0011054734022725666,0.002068450188123711,0.0016204178797623535,0.0015144284729860977,0.0019500607884556241,0.0013447222349580214,0.002306985344596541,0.002960238034639431,0.0023298990751925925,0.0027073053640388656,0.0015352932664906317,0.0017252414654073656,0.0019100839072203955,0.0026152448079169053,0.002822533481903723,0.002472672735992136,0.0029421112822111475,0.003397545833364994,0.002898292814929908,0.0034981870693367926,0.0033827291909960416,0.0030190208068536437,0.004564430086271408,0.0038331183308895522,0.004108284546408701,0.0006136323005221056,0.0005645544503301916,0.0005181360962100648,0.00040714836734846537,0.0019806493827078425,0.0017118476489320813,0.000740129469198463,0.002347719652300804,0.0024036865749163545,0.0006706678432701941,0.0024693987707585293,0.003400230148214594,0.0024690807642962108,0.0075136716577693,0.007158195996456221,0.0013236847981234188,0.0014415013554029792,0.0010504119534457152,0.0009223352695752527,0.0035778168011802694,0.0030366948426931418,0.0012703867476027472,0.004190468925537254,0.003467514694794257,0.002090927394110849,0.005271521847937026,0.005502986190295519,0.005249805508929962,0.018023528806465648,0.01609111131301622,0.0005483890355177287,0.0005054884378539577,0.0005373727917864431,0.000506492910259014,0.0027910866003494207,0.002588027529709201,0.0013210031835851435,0.0033183529946131927,0.0035159763930569486,0.0008652710237023439,0.0044197033430071475,0.00486219156309729,0.002697024996009359,0.014989047429858984,0.014462981363402077,0.002926407679580475,0.002746575027065988,0.0029760024811680027,0.0038254620797051634,0.005943212110368023,0.007320651605520479,0.004631242162473006,0.008179795050036031,0.008424931649654296,0.0059853393122113775,0.011974087642787675,0.010420068988047251,0.011472584221073842,0.0291701865629134,0.02912216356883863,0.012028065245597476,-0.0002620002534245037,0.002465940214027652,0.0028372795877892095,0.00018311812862410309,0.0005523785697178251,0.0006531087559886273,0.0008133456526210403,0.0011622540535528706,0.003305868516840797,0.0036365467224155294,0.0038006862767443277,0.0047492494963181685,0.005504300527623234,0.0030636430848170505,0.003782626721393775,0.004037099827133361,0.0032889926419995648,0.00538302045992062,0.0005350140513100479,0.0014730720964136823,0.011985521699717694,0.017514439632125248,0.021672456429508352,0.024093707590001002,0.03745906888647344,0.003504244375980737,0.003876203592749731,0.003629686970587786,0.004419159082586378,0.005347293384008331,1.2388017685050094e-05,0.0004322276324077814,0.0008447026758327003,0.0012469861126029006,0.0015668793221031466,0.0036019630923810456,0.0038457877777127837,0.003695647948791945,0.004168346095516453,0.00532541831497655,0.0023778955024675395,0.005678065801250149,0.008939295508006737,0.0066263048774636716,-0.004422502818115772,0.00501925158910458,0.0033194454132596885,0.003995632833261637,0.004297349153571044,0.16965812239817812,0.8874999410632561,0.8875,1.0
17,0.011481125591132884,0.018572542613354708,0.006539008089609572,0.0008261541889273709,7.587944194720859e-05,0.0012407798804886145,0.0012160151988087609,0.0005673289342181448,0.007086695169661252,0.00467517716406834,0.004025461891729211,0.004544974771879181,0.002284596925113856,0.0037690039124356335,0.004192322731327675,0.0035614214546610887,0.003361334402307681,0.0037257476601362666,0.003546680989898445,0.0028969224318652433,0.0035385053844816734,0.0033024129981635147,0.00300791865028288,0.003916078212071651,0.004887060631378048,0.004361398264192686,0.004861066450286241,0.005086795563248915,0.004901333959643924,0.004420853479822432,0.004367663533616574,0.004071138546441812,0.0033680797752663814,0.0034205515897120535,0.003541835107153293,0.0034036491085609757,0.0029210409719560293,0.00359181259080391,0.003335330394083246,0.0036108009761348127,0.005292596321681788,0.005608465782127889,0.006062320366066351,0.0054988759950269014,0.00623047614435848,0.006254479343488307,0.004324942238316706,0.004511097911318668,0.005064563765722746,0.004435986245612003,0.004259136084619371,0.004681815074414007,0.00487288089909151,0.004886648817422635,0.004117261196961242,0.004741184972467778,0.005069625159033447,0.004569303975857972,0.0006048839839307917,0.0004325930284505002,0.000164110134285989,0.0005082197371129543,0.0009348650632268736,0.001700597289802938,0.0007131254767988466,0.0009360210043156205,0.0014981762059262335,0.0008257825846915575,0.0014207189978476269,0.0018352596130044824,0.0026254800299888095,0.006423226792881924,0.006094762774460043,0.0006551511681328977,0.0008045109834163843,0.0008413985417451429,0.0008916642570327262,0.0031792935649168517,0.003168068152699173,0.0013411928276739875,0.003769116017754895,0.004047364241876742,0.0010349263399677257,0.005021741034571788,0.004724314532759148,0.006272238829848522,0.011144794708675666,0.011613303833438633,0.0007294361598102066,0.000997254641491763,0.0008823437006059815,0.0006788555788652175,0.0009599697577255403,0.0010060034090148698,0.0017959152204929385,0.0020678703660052798,0.0020638747934753686,0.0012713652009622336,0.0028699107084500753,0.0035060309677301055,0.0035030585904070894,0.014206702607212327,0.015449159406536624,0.0017528113930032352,0.0017438598478952672,0.0020189595039551956,0.002717352276827064,0.002909256545456673,0.0030464140485871754,0.00319918948174505,0.006537037068369175,0.004998770495540857,0.003660585181385533,0.006568511399723422,0.006985406726933083,0.006085121300051604,0.010395161915938436,0.013448059229936069,0.010447172788665316,0.004967965293511718,0.003631614816165608,0.003534151889965526,0.003888018211259619,0.003818020991709392,0.003802495850331613,0.0035373901752182167,0.004959057283241223,0.0028331017319318725,0.002237462003126287,0.0024254731538740507,0.0032575180776741753,0.003507787459758134,0.002388407838201761,0.002327881200026081,0.003556922421305541,0.0018821406487548296,0.002771642030399485,0.00186375114580926,0.0017018036518837438,0.009201254384548871,0.011749045637447265,0.014168814688442107,0.020146299803547846,0.03564658307995204,0.0022852538827105745,0.002186014887061305,0.0022518639145646807,0.0020022498448099097,0.0025495005711574843,0.004623010855990807,0.0034793314592574277,0.004088867294928524,0.003390454855088212,0.005248833962731711,0.002085537356139308,0.002399138662053868,0.002650004161238867,0.002422969043030181,0.003891953938056123,0.0013014310563407253,-0.0003884832816902849,0.0005562537079359483,0.00150002477465603,0.00046371648319211396,0.013638655442413588,0.011699564161016519,0.01252298556664408,0.011373657483608865,0.16965812239817812,0.9019999979376949,0.902,1.0
18,0.0029744788334264112,0.008788748313312876,0.008093098925219012,0.0014207096898011394,0.0002630405250649183,0.00016787258392567816,-0.0011551533924691628,0.0002685213115561466,0.0022288141356997357,0.002800206623227583,0.0029730226544593596,0.003909953990522329,0.0016368490387407213,0.0028476835843817844,0.0038560676384278136,0.0033821224605486444,0.0034127349583746775,0.004039068875831831,0.0034137868090084655,0.0042849428509335475,0.003635478522563316,0.00429852882502457,0.004777311168459122,0.003333975670287129,0.0048571626175701686,0.006353893386655386,0.006526594985972982,0.006391762335456805,0.002810196263002691,0.002562792017216741,0.0035683308592947874,0.0027404828453606125,0.003273309557083937,0.003819769395067875,0.004801326014952404,0.003216231659612776,0.0034836631248927317,0.004459567492650094,0.003741013173474535,0.0041024711113602065,0.0060598745943169436,0.005216304692065797,0.004807386929419925,0.0022276889781015522,0.0028614083044958254,0.0029496191659935,0.00353070169718346,0.0022247294640156162,0.003150049485817736,0.003951239594897453,0.0033738382967196954,0.0033996450165711804,0.004148010531416958,0.0036502895829606937,0.004022089596863525,0.006430222070427307,0.006680060576519825,0.005604210780518006,0.0006080648610651094,0.0007987327039474405,0.000246730666503487,1.3392035506832358e-05,0.00028850565398732435,0.0006600849494516654,-7.69278816972119e-06,0.0005683914977460784,0.0005167035502243547,0.00033862012076277297,0.0007043637211446031,0.0011528513685109595,0.00159534431843097,0.004600287501856524,0.0042231147584075495,2.202203130860424e-05,-0.00022058153452025317,0.00027732974003124444,0.00032030132855917064,0.0020526535716352905,0.0014095536352128181,0.0011189848133817439,0.0028545867854649675,0.0024924477235083427,0.0014519407236540812,0.002747755800205886,0.002802638727796439,0.003947945629750905,0.009106496345918308,0.010062475555857372,0.0018528121187156436,0.0019384823290190328,0.0014765804553524338,0.001700104212475756,0.003217563322680452,0.003289601094269205,0.0018888796755554633,0.0038316892070395705,0.004186318795148978,0.0011710805770770362,0.004987049856519636,0.004997895546898494,0.0028419413562157463,0.01973478874816568,0.017311324442356953,0.002902786601227186,0.0030535795334575115,0.0032176749403111317,0.0024597088742950627,0.007726833894963402,0.0072839612609755374,0.0038869382671990103,0.010204840655733665,0.009817937833104303,0.004378508699860511,0.014134178483239763,0.012314895628074932,0.011436953173334435,0.0354134483528992,0.035909459372060436,0.0026915672249578867,0.006014241487499206,0.0038704432900046374,0.0032645354421970384,0.004855389307849724,0.006385321214989981,0.006576086620043659,0.006792044163415534,0.00941371250320677,0.005244993131996069,0.0037768717579822995,0.0036563640537282272,0.0048059371856839185,0.0047043421719626406,0.004316491164243021,0.003890455786636149,0.0031877662231589365,0.0038000588828077247,0.004856265539737679,0.0018026180366805475,0.0006983321314474953,0.003150717994111437,0.006885277435066254,0.007228571644217832,0.009545955440991372,0.019403519846015127,0.0038555936116994637,0.0028579999540495806,0.003532504432953336,0.003466330636085976,0.0042200742833913025,0.004428035611936997,0.005330985214162502,0.006635909312742789,0.005947057248649404,0.00979441590373625,0.004019195923553139,0.0032765328070709387,0.004464005868520003,0.005652782512164314,0.0054510257152898785,-0.00013344788881754547,0.00025019291793224995,5.678687993458099e-05,0.0003086454645661954,0.0019656733052117945,0.008855470746838769,0.0062594259611252765,0.006530338756262532,0.005528806887336,0.16965812239817812,0.92500000804483,0.925,1.0
19,0.002313925248815805,0.004409219913583963,0.0013684159326525166,0.0009297883628930927,0.0008008283479669351,0.0001424969222745112,0.000719489966492566,0.0016421088198451588,0.003829463438255689,0.004194238079159968,0.003957992678021974,0.003315801767876452,0.0016400426385477648,0.0030602492496238382,0.0025693960534982603,0.0033566295712112934,0.0030207629624575774,0.002685097544738094,0.002262949694063295,0.003368582622489364,0.002506122760644909,0.003073433981401862,0.003743836923635549,0.0025974792344515174,0.002463969862245542,0.0033162618925618773,0.003431755248992874,0.0027330047027884848,0.003993618084501464,0.0037119705368070166,0.0039624666247025575,0.0034501652998205185,0.004001804007922869,0.0044684828322517755,0.0041616494683025,0.004706034259289311,0.004470192076577526,0.004452834459293157,0.005041392112515398,0.004108120735790834,0.00638900363675692,0.00580818765281948,0.005885221921175252,0.004329403893643981,0.003118056667018736,0.0035002840492499494,0.004547815158473959,0.002944329387257626,0.0036203324638679844,0.0037946802545718596,0.0037638991011621466,0.002946193164542682,0.004498219162867164,0.0037612535861539123,0.003855495837340227,0.004716803623321175,0.003719673131077299,0.0035095046469699213,0.0016896769090568597,0.0015364574069073255,0.0015334923626059082,1.0343853079909894e-05,0.00023378551328830026,0.00047688931625488364,0.0012970392753044113,0.0010442881961646496,0.0012275472226769394,0.0009610552746173436,0.002011734698402312,0.0018846453718211246,0.0015254975168244366,0.0043838659619044856,0.0037680024728291624,0.0004993959878717421,0.0006881194384344026,0.0013208950271414764,0.0012567184639683323,0.004667037403562988,0.003946124638614168,0.002785579359253724,0.005582901379653215,0.00496352528162532,0.003621358981108887,0.0070173301349778,0.007073832854290896,0.005978879106282538,0.01619275330117456,0.014864918288035767,0.0007260203285480911,0.0008758278863867541,0.0005748357448730717,0.0004593950038083288,0.0015191350310382803,0.0020743036693402967,0.0013090037241385278,0.0025276373108541346,0.002833528947258435,0.0013433130588746838,0.004579500395659008,0.004381550817851166,0.002965400825630244,0.01132128960712195,0.011081039617128917,0.0004911597639115256,0.000786222873397476,0.0018412686212926465,0.0024359480171512937,0.006506631340409721,0.00639798621624695,0.0037373737644316556,0.008575771554609292,0.007333040351024997,0.004900999630391217,0.008362331206012147,0.008136428786824287,0.009417577960596106,0.025072846324772965,0.023399089512493077,0.006153348125344967,0.0017385505973137822,0.0034145245244981744,0.0010132047027277499,0.00173101027273696,0.0015621921075856062,0.0025946797635149617,0.0015535096792462222,0.002613082521943104,0.002386651172743789,0.00298682088159034,0.0027674597526091164,0.0027573307952235477,0.00358882297850463,0.0014878305314212203,0.0008267927579865902,0.001072533194789853,0.0013138197489672933,0.0011347765014021979,0.0026868704269008025,0.0034593502712716483,0.004786759610528295,0.006633557946455843,0.007522103665132035,0.009169224645925605,0.019204876233786465,0.0010454068602442077,0.0011810499335843743,0.0017121372183029645,0.001219163479803773,0.0016362557808581673,0.0022927780561297355,0.0025374602993539315,0.0020591972963608977,0.001875226526701682,0.002788997519566466,0.0029089429960448563,0.003002797586189957,0.0031589300578771288,0.0029864528295886965,0.003042777287574097,2.646350060105704e-05,-0.0002566368054766223,-6.713077668654001e-05,0.0017802499664669245,-0.0003047706992726417,0.01219988206134554,0.01273824326077051,0.01303910455226406,0.01437863104034415,0.16965812239817812,0.8214999967839136,0.8215,1.0
20,0.003947403261397327,0.0052363267541578554,0.013666557434469657,0.0008245094427510813,-0.0001392580595493343,0.001410510309678353,0.0018909639912118841,0.000521470600432138,0.003162347165473407,0.00195383887786957,0.003907266352218457,0.004415343372234762,0.00290247602903197,0.003655182586672321,0.0031043110188300775,0.003702588971934634,0.003556199419805724,0.003794624333891801,0.003979864103183137,0.0035531132259198133,0.0040546254072243056,0.0055158273539154725,0.004228267523302907,0.003870344719524752,0.004536928172398712,0.006712978470232203,0.005873580806822906,0.005925465596299612,0.002248030181561779,0.0021237907780819226,0.0026339647696107128,0.003151330725838233,0.0031697029318051057,0.0029830487160190087,0.0036775029841992603,0.002886788813758825,0.003189049497939908,0.004137218726780444,0.0028061342948102414,0.0039305157217015135,0.003083993831400346,0.004167492135928404,0.003957205520204061,0.002968431247437539,0.0026269302501461507,0.0032311440822096697,0.0034639284670277683,0.003293508324911098,0.0032282450306512283,0.003582643733883898,0.003558099240547716,0.0032789724899398727,0.004229447041113259,0.003548497773715971,0.004295616708932612,0.005563480491787672,0.004668360348267706,0.00454387900482927,4.2884798108181816e-05,8.914773322352052e-06,-0.000147603782257345,0.00020066457720511463,0.0008762936689055133,0.0005761099662389874,3.285280559593619e-05,0.0009744720043003757,0.0011364001928761012,0.0002344700361196677,0.000805386488959173,0.0011373645019002005,0.002223051448810818,0.002992240303368047,0.0033131106322005274,0.0010525578119321547,0.0011427680170600207,0.000992807060319285,0.0012175299674816295,0.0041676248285488935,0.005240006005310252,0.004391910700040543,0.007481516211014307,0.006497400564032413,0.00279375597698297,0.008169083833237433,0.009552128976255871,0.004752732215034334,0.018309006866082656,0.01611468386045478,0.000655999465044621,0.000732653816966939,0.0007366769143133242,0.0005424063115376742,0.0021838481153305623,0.002337606061143068,0.0013318094149447936,0.0027980186948312244,0.0029299666168899523,0.0012765727152540404,0.004722827590204439,0.004379421245076976,0.0037462899493531593,0.015305994385081493,0.013974945507334623,0.003434839073204329,0.003021967726488596,0.003047826249051765,0.0043030887965701484,0.007469057496144995,0.0078047822803612365,0.004822321671325119,0.008391151938466648,0.009689296315877496,0.0064811648173928255,0.0131187769143987,0.011550527419696982,0.011825799973620975,0.028288735684302985,0.02715810921628955,0.004997453128397226,0.0010584876408309223,0.0025099795401114186,0.003012948672228182,0.001574362631695152,0.002506836035222539,0.0017441219374485146,0.0017762318535607011,0.002825269094448308,0.00302313742095753,0.002949176670813678,0.0026123756045796733,0.002694098774524508,0.003686086151608284,0.0027268254508906633,0.0023925955608512487,0.0034107084935728867,0.0036932435043867473,0.004747222012607949,0.0006567638479336982,0.00089330775866244,0.00688722670276219,0.008602037883698972,0.009171221753158883,0.010121014371441237,0.01232407968003911,0.002292368509939945,0.002637458253991554,0.0024449123532437347,0.0035433071858260684,0.004344990796885536,0.001928109848530833,0.00210842797289184,0.0014762181901791691,0.001704539104483253,0.002885149456140557,0.0024385147947021805,0.0030290112359958993,0.003839492985243568,0.003621418512302987,0.004125808308508884,0.00026351301633417245,0.004669071831854517,0.004385223600384163,0.007153169078355626,0.01000337840035357,0.008551095930738873,0.012139467465822926,0.012008983110089405,0.0128160861078576,0.16965812239817812,0.9149998694175848,0.915,1.0
21,0.001498759934115286,0.004830840757018014,0.007890680861412855,0.002598834487476119,0.001214644697073807,0.0012375901533163325,0.0014158561864099325,0.0013621121225885497,0.0019763740015599236,0.0038590631485839705,0.0020156375251732125,0.001894073474097067,0.0019253127270784855,0.0021147860580197613,0.002007254259942469,0.0023276136254473637,0.0020929324739936465,0.0026043390467194267,0.0021556899229173104,0.0019110560530005403,0.0018515500085678131,0.0020811628844013357,0.0033701277241527136,0.0020568175154183684,0.002163492374215868,0.0033300249144180135,0.003440691967475222,0.0029817017971643434,0.003078050632998538,0.0037606756098552117,0.0032403109918229043,0.0019472907590990483,0.0016389636510733704,0.0018267711383367039,0.0027059533299811653,0.003002271016242708,0.0018443101167036533,0.004006645468987339,0.0025380457643845683,0.002728200355539434,0.003569309753432448,0.0031079869037479867,0.002993671460174382,0.0016097958667657761,0.0018138945655991215,0.0012190122310187046,0.0017684935949923346,0.0017938240698577583,0.0013531496698423163,0.002680024152650808,0.0018765877490147756,0.0020461163604794017,0.0024443479403095515,0.0024760798061042814,0.002805624940636975,0.0033699490738200305,0.0019230204613110184,0.0027531514079022195,0.0010893587306341317,0.0019385678374444495,0.0014843023757131044,0.0006780255843859797,0.0016321658259918143,0.002233639896788013,0.0016371356838236688,0.001772852885940397,0.0025189771179106395,0.0013887250522405178,0.0025888961697723614,0.0030543267456376024,0.004352549052639247,0.008341953376396889,0.0074763367103139935,0.0016045913922205324,0.002124932808334756,0.001614008223698319,0.0028888242204273967,0.0034403329379698853,0.0034255269508241147,0.004406361719223828,0.0033234016689287793,0.0036952550127877857,0.005402966381463616,0.002927266332876621,0.0033570670587258935,0.012179214370765232,0.01071556464345376,0.012820594402277775,0.0010453255903345572,0.0010474269049705388,0.0015151761835466263,0.0012853782396011891,0.0025284208213208446,0.0022560472411508065,0.0016914659576386297,0.00244547564168944,0.0031186686278809337,0.0008394660197375019,0.0028772022641186867,0.0029331475633138306,0.0042578885847402706,0.009280784701714517,0.009029085991046749,0.0012256317149879144,0.0011000391707792253,0.0013982558758206915,0.0020015460807112817,0.0016577492953008532,0.001320045161398772,0.0023114975203921678,0.001303436069262469,0.00036007872405596883,0.0034529932423968536,0.0010273439267047782,0.0013673513773610187,0.006054895721960748,0.011553612542152862,0.01083787250743677,0.006159732736119419,0.006918365709062688,0.0032654611687089603,0.004488064460302088,0.006037606553661671,0.0029238034864968506,0.00225134838332006,0.0022404945508248454,0.0035085180697596234,0.003327177469258718,0.0032360938116561756,0.0032449931712304927,0.0034808316355553225,0.004092540212415998,0.004762871724312674,0.004222554871943271,0.003592153008898792,0.004088884246876098,0.004675973002118583,0.0051180449195894675,0.0019305451549457265,0.0035131284967653393,0.006988542375655644,0.008101544616616147,0.010656658572381022,0.023519123726564613,0.004939386007649861,0.0038365295224792252,0.003980349931947433,0.004058801857656349,0.004456939156185388,0.005071669983575163,0.002119445038849699,0.001671356079185527,0.0023355752489051945,0.002317089443905926,0.003237001549897289,0.0029860878004983045,0.0036963117181942123,0.003915332366285795,0.003685251403461846,0.0015164508791678522,-0.00022170614093480653,0.00019415067921854052,-0.0002932826635786399,0.0004588060374434671,0.004567193890704811,0.005078714152733,0.006301033094779249,0.007719694386178684,0.16965812239817812,0.7369989399351886,0.737,1.0
22,0.011352117009711357,0.024369535387235536,0.004433469359211507,0.001968692779641188,0.0005818943412011204,0.0009097118604775174,0.0007747011487908329,0.0009118279906332537,0.006156459730030664,0.0012831807560293586,0.0030219530841411445,0.004094617557225626,0.0009274144076401558,0.0026795639896280616,0.003078522529600406,0.002581752305089013,0.0026723635308393244,0.0019879760103110786,0.0020662246100938346,0.001244010367372931,0.0023623205618359716,0.0028419146505329453,0.0022039957185127847,0.002047291932936061,0.0021278484023612566,0.002834276432384236,0.002872866309767568,0.0033508453114359403,0.0018320044495922852,0.0014503449086648217,0.0012541640021503527,0.0014461999944943846,0.0015684517485950377,0.0014597560647290275,0.0020549944231688343,0.0016303438336505412,0.0026388799056839478,0.0021259715874644178,0.002471802491744309,0.0025826901434373955,0.0033328941536857645,0.0036066059257633828,0.004122674140804511,0.0058468961328492245,0.005514819648548319,0.004348308330084052,0.0031968225822843113,0.0031443836242000733,0.003254074043133049,0.0038239258275276017,0.0037751196668728807,0.0024593872616948177,0.0032851529540245047,0.0037441577504787205,0.004004593320199631,0.0035415760168032826,0.00426656352773953,0.0038551234185925463,0.0002951248541593829,0.000797383292556967,0.00032731488257868585,0.00010027594219054444,0.0013246212513609965,0.0021747001230613757,0.0006917637034137868,0.0038397561858195236,0.002927865358813023,0.0010448594043603859,0.0037381114816959094,0.0039581270782683385,0.003916068544481827,0.006552243922320834,0.005490531649877579,0.001386545589758953,0.0013660205352950601,0.001183755095904117,0.0036772272959209678,0.002436929589951196,0.002562632323136515,0.0032403366537334987,0.0030950054953292434,0.003699459627722011,0.004044431661096789,0.00478850258999065,0.0044937863993188745,0.009374156938124186,0.0030995136221264644,0.005080177063390794,0.0017146844607172453,0.002260245846133641,0.002441604104904968,0.0009290429758110157,0.0019454695464356001,0.0023752410325537806,0.0023995832352999903,0.0037827597644372007,0.004190927962592896,0.002334989253764118,0.005960443007609473,0.005839096225229709,0.0064908771033569835,0.013745548204076426,0.015713278472064083,0.0018353370416598822,0.0006770669986868521,0.0010049410563104466,0.0026545783000989608,0.0020905743422995437,0.0020405500351125096,0.0036788149117993707,0.004055933251004465,0.002637300932556725,0.004649159024419043,0.004557252369761522,0.004694334014391972,0.009506233261801987,0.008538563986748649,0.009675471662712952,0.004453920826646787,0.0019831289172774296,0.003503724693433817,0.004410069672975897,0.002381133162740396,0.00177845064471081,0.0008047656921027705,0.0013517810945783233,0.0016026197851144233,0.0029580409381174556,0.0029398486540743378,0.002970454087416893,0.0027243504962960394,0.0032312977466294654,0.0036668287031603503,0.003225738335015447,0.003378301454545068,0.003290923067228756,0.004477328380350031,0.004295663448341189,0.0011119567159206584,0.004290000927289216,0.00858522232149758,0.010987125375894068,0.0191792295509762,0.034979951810586336,0.003340222879892155,0.0033397993513665405,0.0030788609698599078,0.0034387794310010203,0.004439881161777742,0.001588359944156125,0.0015853391432784436,0.0014495231523030067,0.0011129849039711748,0.0011782087977103208,0.00330140787712461,0.0017667555381650323,0.0025194956319012415,0.00250288593418664,0.0037086553996341105,0.00020897625376349412,-0.00017344023898587093,-3.443313750272711e-05,0.00021480865138311138,0.0022195963028192613,0.0025853805640150326,0.003340308876003395,0.001974045465848754,0.0020907776844751127,0.16965812239817812,0.7735003199326881,0.7735,1.0
23,0.0031123176120783766,0.006803188786174104,0.004605732615998174,0.0006209307110127788,-4.7209616951624115e-05,0.0008459154366528224,0.0007147103580155393,0.00040805461759034473,0.002947964036671563,0.0011653321876452282,0.009815287346065415,0.011000271974141522,0.002130320029372312,0.009449334685790498,0.009114982012633688,0.008486051761891456,0.009375994546802451,0.008229240660606277,0.00797616260416177,0.008426121363636628,0.008525961936799248,0.008569650619609237,0.008125769515692138,0.007688803955038405,0.01014023921488361,0.010052549732047366,0.009263519838790535,0.010170529097458348,0.0013185538754835423,0.0008830922495041936,0.001079019271006169,0.0012888005409380284,0.0017168367576287577,0.0014657049500463603,0.0017594791512161921,0.0018128070035344419,0.0014166250057086128,0.0018343455974399,0.0025997279632029866,0.0017893005848391129,0.0022479663872096564,0.0027335811448373198,0.00297581047347443,0.002540607951737995,0.0026172567754443434,0.003185484540449487,0.003194490749107002,0.00265756779917727,0.002902393512588038,0.003959274891689579,0.003753886114554081,0.0038864153394639065,0.0036462802149866184,0.004451449334717584,0.004410021727677537,0.005226862838159355,0.005209781287321182,0.0056302204573555475,-4.616370773329845e-05,7.708014578487477e-05,2.1276723277034267e-05,0.00019176403354498857,0.0007848556113080853,0.0010001139624305632,0.0002860706905683081,0.0013016754389016288,0.0010852321897409022,0.00016327826877351087,0.0014693573164201894,0.00151863538176616,0.0013963979264379784,0.002960320582450278,0.0028474637065094175,0.0006531744503206338,0.0008197946917676107,0.0007586391720048101,0.0005465703120843355,0.0032130009130137698,0.0029554049340385466,0.0014128088507045465,0.005645670640679858,0.004414496016332649,0.001957147696830557,0.0066970527951599815,0.006542463765811765,0.0042294535957203335,0.016683537979643268,0.014367187171305659,0.0004729545177885945,0.0005738998137262259,0.0005004603880039662,0.0006304694770528655,0.0016900734416686368,0.0017892919700541845,0.0010755229627757235,0.002642831107685335,0.0025593491708877122,0.0010873964604731434,0.003592734843009693,0.0033191787361653183,0.0019131902014109998,0.012163474594331758,0.010210339174045705,0.002046758801133528,0.002520053608934298,0.00267242246125438,0.00272519130671944,0.006179258202511653,0.00631643289894091,0.003631080274049475,0.007926227601801865,0.008194237448417237,0.004914261595406973,0.009967907146970654,0.0093087811360616,0.00899732225672756,0.024513918335027148,0.02300828969731708,0.01342159535065337,0.001505207272278578,0.0027124818830063886,0.006296853287803233,0.0012200864474621999,0.0013551555005840196,0.001703057838051586,0.0014833050764022381,0.0021455634811636867,0.0035504318440950063,0.004236090176793314,0.004764078351987868,0.004918339592080799,0.006245812257357106,0.00569548984850574,0.006597111206145356,0.006781534735335447,0.00755780867957367,0.007447970732676839,0.0008772531715985904,0.0009960475798209696,0.01178216957271354,0.015361521241570128,0.018138372504253174,0.018449886320384686,0.03317097087351182,0.006104500513448142,0.007001517963715248,0.006063663555911458,0.007434505713978496,0.008014173832179089,0.0011892615838343876,0.0013198144904938436,0.002108584605528908,0.0018744156610919769,0.002274388537471717,0.003431747860275077,0.00544152129777673,0.005311638921571046,0.005243060387881637,0.006034162028149629,0.00011349482346178892,0.0010485060159118708,0.000878665300995014,0.0013689919060505121,0.004387551837242032,0.0036015599854018502,0.0044945209819731045,0.005072512266248296,0.00510648561747661,0.16965812239817812,0.9680000059288162,0.968,1.0
24,0.002808348071556187,0.006233700458870042,0.0035574494343215755,0.0005605675163343769,0.00017115540942984635,0.0006418430543504988,0.0032171895432416904,0.0007340723120000349,0.00561966718108371,0.0012902682036108975,0.003764814865654703,0.00370279348900238,0.002967470264887648,0.004989287159594518,0.004027134226339015,0.00460110084989276,0.004746125818723913,0.004426347346960501,0.004193029047965192,0.005103255465102558,0.004441699028654552,0.004779222084236379,0.004729608021133616,0.004451056524540734,0.004729855861754073,0.005144269946356706,0.0043991075266417165,0.004519514561405834,0.001449678017447857,0.0017498284208301807,0.001980667372537207,0.00280163934821901,0.0020411944656323236,0.001725848164740648,0.002515524624950643,0.0025819146058995222,0.0026597325997052106,0.003095023601989765,0.003519331039945958,0.0024874840730690893,0.003899295279662924,0.0033195332698365467,0.004420211243915054,0.004637025457206116,0.005822260110253114,0.005395533310261493,0.005309702761625212,0.004653392297958175,0.0040717544863455,0.005532903310463491,0.004993242382092012,0.0049690359512546845,0.005282920232382712,0.005287435983834485,0.00465211342959889,0.004949536036041004,0.004563447016233274,0.0050181823371680985,0.0007595195709374695,0.0006212884552651225,0.0005176526786469368,0.0005236861168073867,0.0009557059463029373,0.0010610843197342925,0.00045296965954047855,0.0013097800036662916,0.0009705319869564095,0.0010253122531677487,0.0016251605398281647,0.0014891394370462302,0.0018519288085346683,0.0036439933166311535,0.0038727580701677145,0.0014131521889248796,0.0010190088514657777,0.0008741236851130287,0.00080907457129966,0.003376152311298554,0.0033380599325821447,0.002283495407978371,0.004845645103339163,0.004037666720666852,0.00183088379924054,0.0059806283059462935,0.0068381028501387,0.0056554208405765645,0.019021641731638738,0.016783857210420163,0.0009731826879541631,0.0009517774941589226,0.0008261316905395578,0.0007573152679590727,0.002191851560171324,0.0022923627918360985,0.0006478413291322527,0.0024696794761018734,0.0026762808585466757,0.0011398578716989407,0.003079963642471323,0.002826075556726562,0.0029329727706382857,0.010296744141609636,0.007905604295005949,0.002404614825492273,0.0022118623627308286,0.002570515729753211,0.0031228223116744184,0.0044224803528087,0.005031743779487625,0.0034076700940967124,0.00414591979788681,0.004762968469425619,0.004294603633620979,0.006038364731170959,0.005642890470622814,0.006342083150991067,0.017566244065281816,0.017116810005830593,0.005246468625535366,0.0010375206292992125,0.003883023091251249,0.0019776450541992736,0.0005239891595012564,0.001482893244650707,0.0010346407777841076,0.0013644048642760013,0.0019378261859058165,0.003457253113586319,0.00389375115585028,0.002488998449861505,0.0033866147613028624,0.003007919120546345,0.002406086781486458,0.001991513012172916,0.002356475987634036,0.0026648472260893275,0.002875282827605843,0.0009555133679050366,0.0020817839975756356,0.005195032183857533,0.006740832799447128,0.0074863112985242555,0.008359495578274735,0.01642603978331464,0.002159054983064844,0.002434855637029681,0.002066652305947624,0.0026381864351481734,0.0031524842684697717,0.0008129775676753223,0.0014945096829031986,0.001654635486224397,0.0012558058202742973,0.0015317506803450716,0.0030544125993528116,0.0037421347869262722,0.004153347278207866,0.0033584309296672906,0.0029748384124151793,0.0007230801363030529,0.0023425514172732524,0.002823809310449501,0.001956205366310975,0.004850951800626775,0.025078467920277785,0.030153908852387563,0.03213808092066529,0.030756582866341534,0.16965812239817812,0.881000005333937,0.881,1.0
25,0.005929664355956477,0.02434822985258997,0.005486958814525091,0.0007732017255468979,0.00014325256978918818,0.0008344306521848163,0.0012350002477933399,0.0007081805589617205,0.007827717307491034,0.0003549497068201285,0.01005819185552902,0.008645312189331707,0.004724874933444056,0.01026461107520213,0.010620883990237816,0.0089392226236322,0.008745606060520678,0.009570947099196495,0.007082044179625659,0.008892639467038735,0.009220585360890942,0.009725849280581952,0.010122721029641688,0.009391575621211646,0.009272482678120341,0.013782326999372376,0.014170553066873951,0.013787713856332425,0.00038919978663419145,0.0003582921684215915,0.0005839749719568862,0.0006592150908069854,0.0002928996674849975,0.0005593416040879306,0.0009286428013311103,0.0003144924803742804,0.00035801276614157553,0.00046740438551473395,0.0007037926043761227,0.0007631705496763641,0.0010741852848302515,0.0007174500849402835,0.0009009401061327972,0.007068090488476587,0.0068634370650144634,0.006859536170021203,0.007735481202529345,0.007765083795722677,0.0049525027670658806,0.006048640291667835,0.007241526836332712,0.005776163706340119,0.008227979578719659,0.007184745924590813,0.005034645958165509,0.006848835192678793,0.00707423859963442,0.00620512948771566,0.00037513322695629657,0.00020939308252868036,0.00047399983667956126,-3.671936894957031e-05,0.00023984701422579167,0.00047682664645132077,0.0004296039385784901,0.0003408500785903461,0.0004010444431220577,0.0007756517184019186,0.0008176767881583975,0.0008935887600735127,0.001416571801676092,0.0015054904585527504,0.0016514253721154443,0.0009407515109942467,0.0010008965790500974,0.0007065280602931335,0.0006501750747070129,0.0034024919558250243,0.0030022932948276363,0.0018905871813061168,0.006566234616228165,0.004670943028881251,0.002252028083657412,0.007609915076512312,0.00697465955877104,0.004924791419279966,0.020633156658351776,0.01789955698147674,0.0009598175147246353,0.0010003345640782518,0.0008557979432715134,0.0006250926848301598,0.002125638050256473,0.0020044895995132137,0.001098743254594634,0.0024841219454210086,0.002879204051506655,0.0011143309917871868,0.0037772828462037454,0.004329733306935169,0.0033294338752375987,0.014082552273104862,0.013353983995541016,0.0035495003618656535,0.0038959336772954227,0.004113201133641975,0.004115382402191304,0.009211963621240717,0.008852872052952378,0.004857084345011251,0.012318952358865924,0.012844199680287214,0.007507577736555091,0.017797028407282672,0.014937555605960088,0.015868595577677596,0.03799934940157476,0.03748134500253232,0.005298073148226301,0.0007380851269556543,0.0012582198618567083,0.0018744054637150785,0.0007263482763543653,0.0009536992840490164,0.0009223774109134097,0.0006436535497942132,0.0007463706859792463,0.0011906221692095827,0.001372596845162269,0.0010623381797833572,0.001457655496520597,0.001221190963054812,0.0013187402131554914,0.002273955828892231,0.002444431985710014,0.0022313434986892078,0.002141762705436914,0.0012250814670366095,0.0013784740669574966,0.0053543859939790325,0.006598012701802778,0.008158718750400192,0.008368556474944949,0.014010269435008781,0.0015072249974171718,0.0020603657363647584,0.002396105394141957,0.0017497306508663126,0.0023351014750858452,0.0006137212832454097,0.0008053487105889306,0.0007203280498032636,0.0005895024423554469,0.0011337919154246325,0.001071942675563871,0.0013942504625570318,0.001398924507969769,0.00150729135559682,0.001715360927535285,0.0018691400597342631,0.004570881869138549,0.00506816210176941,0.007233469184909992,0.016308772070015104,0.0016583822618094824,0.002902352715031292,0.0017928098733848929,0.0018862775153702998,0.16965812239817812,0.9859999999325383,0.986,1.0
26,0.004959111414698344,0.0041175177960614375,0.003325336826860944,0.002253481056700498,0.0022612063449785167,0.0006019560894450811,0.0019331675931862293,0.0013968327317783306,0.004521855973239535,0.002580335362966134,0.00621601288967022,0.007014799922177514,0.00022327904811092836,0.002764796809052858,0.0037368174057244457,0.004196550976785342,0.0008580570037582975,0.001287115315616668,0.0011714155018173777,0.000851406000618532,0.0011006990175075268,0.0010886020990031955,0.0015269357028197465,0.001601472993427971,0.0014833220816682267,0.0018392608861837734,0.0017409850780058674,0.0021879935872372983,0.0023582679705635053,0.0024684284485462704,0.0022308577286589393,0.0015015169171896982,0.0008749620829245436,0.0013337116867236203,0.0013406959074429205,0.0017986371016486657,0.0015374824157379364,0.001790599677026247,0.0015741897801550852,0.0010586836642500017,0.001856112016145177,0.002398457014815292,0.002486689373548387,0.0031823962588827834,0.003541072273014646,0.0034394524926559425,0.0012330786383893074,0.0012187038496440942,0.0021095363475790514,0.0006421603165018573,0.001036651643398236,0.001260751271600465,0.0009197963441955464,0.0008968013192993501,0.0008621225005853892,0.0015784198349488615,0.0015085965704266615,0.0016887242587666506,0.0030824808077138718,0.002862002864693446,0.002803182933971612,0.005382043882007358,0.0022695806625019047,0.0023822440470243665,0.0027489094450642085,0.0023013600461502556,0.00295458915882469,0.0009073589801395539,0.0019960359523898542,0.002228934607643651,0.006929218359394229,0.002276085111892065,0.002519494987154735,0.0018294534224996292,0.002343284150249389,0.0020402942597833296,0.0060301951911733076,0.003195132455788073,0.0032254864100449455,0.006095905172652541,0.001648497536690266,0.00316013183107388,0.006194537159584538,0.0015636685447300508,0.0031278274228211914,0.019521556804152837,0.006799151356898339,0.00748665227299589,0.0015305319002239764,0.001936507565829532,0.00181747944901209,0.0034073179036881716,0.0020407803931106394,0.002446643940755581,0.004230180285912085,0.0016809494806539868,0.001959406105878162,0.006000695436018768,0.001565215331466992,0.0012253970210702955,0.009169629140177679,0.0003665548256065541,0.0003801762539493953,0.0009895078517489372,0.0009499525286357243,0.0007355853520821742,0.0038251919553301626,9.813316875555842e-06,-0.0002792830143358738,0.0065404052445112056,-0.001154395064080972,-0.0008124918970488965,0.004978508553116709,-0.0020807808742129355,-0.0007577495123122412,0.013361275574639673,0.002910197984488974,0.0013419488327905383,0.0010126767632278628,0.0011484045832471411,0.002254692829607011,0.003918019508415484,0.0012190739836608448,0.0014409803345803204,0.001537265513495515,0.002242402623348959,0.0015959045046159109,0.0027448604160186705,0.0020190988755323363,0.002186959229423673,0.003211145303186728,0.005002337486284166,0.0033369714960479703,0.0027381828045440755,0.0027297482793550974,0.0037262284570876597,0.004770927017447993,0.0019246320403636036,0.0016602470061013877,0.001153314359940585,0.003383196312517766,0.007864103346190842,0.011978651781309916,0.04378060125474185,0.002435398119300859,0.0017361446250172832,0.0021526162662006063,0.0033705156499085004,0.006103436386553388,0.0008964360025321564,0.0014700524468370404,0.002281115153319075,0.002153953663343231,0.0020999135254531473,0.002377513076457901,0.0019969931317610936,0.0019702921239555925,0.00299756276829607,0.006240556882430927,0.0028464498900837875,0.0009173759584598177,0.0012563228314199618,0.000935881102088662,0.0011383130607945993,0.001686122074968731,0.003556999198051734,0.00252248098125927,0.003830731127007238,0.16965812239817812,0.6580002514716246,0.658,1.0
27,0.0008201469265576193,0.0013193877702223895,0.0031223463920921892,0.0029486947530475327,0.0017176438799380452,0.0014498084269518221,0.0029974051688111815,0.0013599530502878877,-0.00017693104019367704,0.0014620435223055975,0.0012612539973068091,0.001533538141831058,0.0017611908311450449,0.0009842211933537588,0.0009305527533382025,0.001532246445985878,0.0008053122122593336,0.001572519808827176,0.0005762031090080541,0.0008948088500590231,0.0009641928762922268,0.0010585022529650506,0.0011061287924959994,0.00088932761459321,0.0011743440972571371,0.0015765810886952801,0.0020948646218487705,0.0018717682916079574,0.0021732721611288975,0.0025322370645232285,0.0019727380297323164,0.002254244234544136,0.0016503991803541378,0.0018837895675462527,0.0012795074506092633,0.0020797548840837403,0.002179547816255679,0.0014771843236157745,0.001572428470953626,0.0016029379187104287,0.0016598005439464301,0.0022022633991543115,0.0021771138293021166,1.890916361528181e-05,0.0003561297279802443,0.00026425509311917537,0.000783357582202872,0.0005150202459460809,0.0005877760976378732,0.000510311831518567,0.00048748742448833965,0.0011025698729028135,0.0012232535095680881,0.0009414994274719132,0.0008367691257951209,0.0017968210000637779,0.0013754601967171454,0.001587277330273425,0.0012345533673424481,0.001041858746850342,0.0011815985376755576,0.00040061275665568164,0.0029086161460494327,0.003046985952902172,0.000931784489258796,0.004409416589422415,0.0027836625554996525,0.0008785310767270877,0.0042666237463756165,0.005723592394747038,0.004604748541676808,0.0114288926655786,0.011395299209744783,0.0019380467132562665,0.0014960234179986235,0.0018521574424991852,0.0037474207546069923,0.0023256904593844346,0.0023918376074991725,0.0044679909973030715,0.0019484044464833732,0.0023469362477054703,0.004210885797656489,0.001965012089905552,0.0019866443540567996,0.00880514935992041,0.003584759348115422,0.007010856981074309,0.0032421532746146377,0.004135243164109669,0.0027828624641928036,0.006091727299222024,0.0030147398169514095,0.0028318962937913927,0.003747331461723457,0.0025658685543815387,0.003287633787072476,0.004235453950994974,0.003605050348766558,0.003949376157401027,0.017301240412324125,0.011968151429045585,0.012823693607850442,0.0011064131648917833,0.0010504232451619413,6.243972093623991e-05,0.005645777705858208,0.0007755207988943294,0.0010338060017533405,0.002950566366836856,0.0008934637695890397,0.00016448375186508215,0.005073310313334943,0.001154449161395937,0.00204610358934033,0.00924146287995389,0.014503460713639066,0.015730280960268832,0.003752611575386767,0.002637559212792089,0.003295761001538483,0.0035192574647532177,0.0015366910407271478,0.0029701818287979995,0.003161969149404442,0.0028747603363096876,0.003910505048579026,0.0028422816261405104,0.0025915405106961844,0.0026657565618397505,0.00211203249596227,0.002776220211303458,0.003835273078927578,0.004151935393267205,0.003217844400249959,0.003233280599613578,0.004667159367213159,0.0028497764918125543,0.0024498683655918606,0.0036070877299197892,0.0056140145168808225,0.008275799986987421,0.011488435121619206,0.02630580917428147,0.0035950978272759402,0.002990561531660827,0.0037274383236205228,0.0033361742395987826,0.0039731654377506385,0.0011640813875958107,0.002197928543897571,0.0026484195161262138,0.00267473171329863,0.003678902683986962,0.0031510997320291024,0.002012754600901394,0.0022846243821787625,0.0026369225794368695,0.002985641102254524,0.0006557334432565721,0.0004884203478247231,0.0007837279702481064,0.0005364900485977993,0.002633307899138419,0.0021944359616007376,0.0026035196127247684,0.000878363751770332,0.0011461421817944236,0.16965812239817812,0.6790003688001278,0.679,1.0
28,0.009973241524097606,0.0017667241885194142,0.004898832862361299,0.0006044755390211111,0.00030493012204169475,0.0008521764574903383,0.003868574385183668,0.0018349375622611433,0.0027169320493805387,0.003559149664489872,0.0017590041202324295,0.0015276427303865445,0.003702987346070216,0.00027889509714244944,0.0008414002072600521,0.0007798436410731203,0.000729506852416281,0.0013000485196375826,0.0015606078620425121,0.0007349392184167557,0.0013496656350928389,0.0013273475809367473,0.0008415514543538307,0.0018854620075201434,0.0014375426668797474,0.0011552472637086993,0.001338394417923623,0.002052044430195473,0.004309388571701816,0.004045237153286149,0.0037543859341497357,0.003816842019590548,0.0033151017934519703,0.004332800716836087,0.003677033286636813,0.004195876097396173,0.004821944474289674,0.00510582523680725,0.0051060488423104065,0.004320427478818495,0.007555714556735928,0.007299191927327046,0.007413900833639001,0.0034236482427727147,0.0032522100145608713,0.0030585064486059327,0.0029586528533940143,0.002707674247989173,0.0028744957797718898,0.002686709479664729,0.002738582101655021,0.00234281993696926,0.002702614252589197,0.0028856850783511604,0.002488511469176308,0.0027098008561143422,0.003134548593862073,0.0037549431820658205,0.0008111369356331692,0.0011386138681698835,0.0012756290407602944,0.00019959565586954046,0.0016212087921004476,0.0016134230233219864,0.0008698961281717929,0.0028717945176252066,0.0030389817791055844,0.0013107678876846933,0.004280234219057939,0.004523393410487828,0.007144292189224858,0.013114887130816447,0.011961981025000599,0.0009644663062924808,0.001322324640768537,0.0008089705685828035,0.0025232372948596213,0.003078024361440953,0.0024832858771122283,0.0042817185182161144,0.00324495269781254,0.003179460118649242,0.007092355464389994,0.002800473228792586,0.003087575855460248,0.007875121146298878,0.004109978235956389,0.0060308612117527345,0.0011677070629745822,0.001085075491557359,0.0010717184614889813,0.0005570023512908215,0.0025518033969139883,0.0025704079055747404,0.0009702254867163251,0.001910437115692051,0.0026516882305917047,0.0008953378251924271,0.0037710484481591152,0.0036165710344376097,0.002073132855551984,0.008775220241494762,0.008804642868984365,0.0024654228999031603,0.0017528119334539545,0.002306424728939952,0.0022466050892134657,0.0034044747787429375,0.004132454715784688,0.003311817265301125,0.0043088097319406915,0.003704541557846923,0.005408375133404493,0.00525845622052494,0.005739668053083912,0.008063385572813215,0.016225368905245924,0.01714349987669673,0.007269335363489389,0.003683719481363127,0.003919617528835575,0.002124361459208242,0.0045707782601595755,0.004419140944464749,0.00422372819892299,0.004419351791663303,0.008111260698270657,0.0036659080330200067,0.002516437878181515,0.0024404276156511483,0.0024901764620843597,0.0034311967413427993,0.0020124267016130197,0.001337803350049942,0.002010088137328711,0.0024595357042097943,0.0030513046934545368,0.0006126384272838804,0.0025286770941396596,0.0058658619803977725,0.008522395769578861,0.008205115302615234,0.011660636170414051,0.026962343622612257,0.0022227879115820693,0.001961139266361307,0.0021925660209200846,0.002358992823582559,0.0015202682028818912,0.004625524091604645,0.003980332126398123,0.004163418928236271,0.004794116102684617,0.00763642163362804,0.003011147158206138,0.0024246349701622857,0.0036657792292166497,0.002112258732151548,0.0029978035762511465,0.0018798276439649386,0.0031426124798856745,0.003505221427768395,0.004198738287224345,0.00488792332144422,0.006512939057341706,0.005662331498658976,0.005041837924186838,0.005454983210959709,0.16965812239817812,0.8004999986694237,0.8005,1.0
29,0.001201744276844162,0.008052761465979384,0.009251488915749133,0.0004327328832389649,1.2572438802937661e-05,0.0012662773318349195,0.0047303304642052554,0.000479651706140031,0.0012825495650776817,0.0014119281698663324,0.002938987404697679,0.002939380806091222,0.0027290952065680348,0.003315700046195028,0.003148892128065497,0.00275830694284843,0.0034853038282852684,0.003407406213569065,0.0035208896182942584,0.004767702750317222,0.004094687739824727,0.0047121569734375895,0.0055428298834181156,0.004456348523997254,0.004002884119440509,0.006397931094299191,0.004218389668254707,0.005244435277420476,0.0017010996571523932,0.001558762151587061,0.0012462102289551998,0.0027377412312127665,0.0021740944633332365,0.0026035558489915854,0.002840716298064699,0.0017838771999568286,0.001977494417870228,0.002005666163759075,0.002051022622398956,0.0019725321873128882,0.0033236469807067033,0.0026904681922616082,0.0016610259535781305,0.0013981684677564874,0.0013025173062254764,0.00167280721309993,0.0021756750291914476,0.0012287169086143948,0.0017657453308276248,0.002168294665435329,0.0016122311931756447,0.001986739805982419,0.00289081919079973,0.001742578322413689,0.0023742766094585455,0.0029735292724993936,0.0024334365131420278,0.0029577272325621074,0.00012594713896268856,5.888339431334398e-05,7.352774196263149e-05,-6.99600960671933e-05,0.000533845289286426,0.0010299449118529112,0.0004336405667688464,0.0008367519980429148,0.0009760537343003312,0.00027216536100380817,0.00083360034883632,0.0003895718041766479,0.0007779324652977909,0.001504348977011175,0.002760520419771049,0.0011670325769362637,0.0013677330876934448,0.0009955859260220243,0.0019115671050751251,0.004542822337999826,0.004797335697058272,0.003738147988319249,0.007910411910413615,0.007491585401194193,0.003526007008257021,0.011016239715669805,0.011184199335935653,0.010396973582494784,0.032944615176755024,0.03206162074118765,0.0006971842564343716,0.0008789160535172723,0.0007284987068874979,0.0007234332733101371,0.0020318716112722973,0.0018687529521723336,0.0012730531395885691,0.0024683268266723775,0.0023263954660338354,0.001209197438423265,0.002819022467814549,0.0027264208301233084,0.00241936195059189,0.008136607532472818,0.007523165623405989,0.0025749097177909658,0.0028269147447620045,0.0031074973116238386,0.0029610177955035916,0.006315337223974446,0.006935506255141042,0.004171833351505377,0.00934327802443732,0.009653841517581028,0.005754085157919089,0.014574765572067114,0.011841644273292049,0.012734581771566411,0.028676685614619533,0.027938730891967068,0.003155020712225136,0.005972648458425808,0.003726380241407536,0.0033617935565313796,0.005832695116066424,0.007399358871982172,0.005556228867472352,0.008254350575750549,0.009186321649063998,0.0026660297171640034,0.0028275921505150296,0.002869449962756801,0.0030181953774103274,0.0028349305472453283,0.0030712818917296917,0.003410816979756054,0.0029247932261501487,0.003121406020506279,0.003616494173210787,0.00035646129303685094,0.0009545715946955381,0.004655785711247495,0.0056443486531856804,0.0062018803670871115,0.00668966884733804,0.009438304306705603,0.002717497417752738,0.00317270685005164,0.0029784739217843925,0.0035263247147269265,0.00448740906623801,0.0051948970543521465,0.006727806858493686,0.0064867497321779944,0.0068216297826734825,0.008273301943990338,0.0026165999061878572,0.003280486545587554,0.0033856311134480717,0.0028757120949651576,0.0033343741683930167,0.000820017272810505,0.0013744915360426736,0.004158715862629009,0.005357003681516759,0.008666045973414084,0.007920854386128428,0.010019777174775294,0.009622001266908764,0.009632443999363416,0.16965812239817812,0.905499914691348,0.9055,1.0
30,0.002193392786054229,0.003384259576597411,0.0049558720552646315,0.003819389871901215,0.0013889755536905136,0.001130234889034767,0.005206794608126134,0.004673821671687898,0.0019438848604355435,0.00432483129186515,0.002735100156549864,0.002854441622583371,0.001714772637540033,0.002235460780671664,0.002237463509079439,0.00227937197295081,0.0024423684244559312,0.0021681806581664714,0.002044324020305195,0.0033023900930191172,0.002405207152393984,0.0025486082401907904,0.0034223639059590616,0.0024182622913202136,0.0028886052971945895,0.004381507420029749,0.0029096102306346984,0.003340269967835564,0.003984391033504572,0.004034505923510243,0.004997560125793027,0.0034179049229310044,0.0029125817561616095,0.0030161082427640124,0.004712394076021669,0.0029002921199804336,0.0036231240294568273,0.0028113692655153378,0.002743361329560392,0.002969931273107339,0.0038210977786055328,0.0036081142899281713,0.003361182646580833,0.0013336122343515094,0.0017012487585026225,0.0012439760011628137,0.0015347141175035843,0.0016830639329114233,0.0015192852792122334,0.0020681783301346747,0.001649252248446837,0.001389024580404024,0.002343311257968037,0.0015882325175642204,0.0016061618583221968,0.0028043423002391834,0.0018897467478836377,0.0032500531449869566,0.0020394578105614753,0.0016541841511546228,0.002020029609729344,0.001441087377824874,0.003048950924883668,0.00256240404873721,0.003304216570632126,0.002846520485422596,0.003366145717998055,0.0026189542705567313,0.0019892593797844905,0.003277475277782867,0.004110951345818494,0.0028237224342886245,0.003598521567858039,0.009319968524375513,0.010671239108974372,0.010522217551154761,0.0023185168663381744,0.0024235395559829296,0.0026343647519101476,0.004165500721511891,0.0027838092464935998,0.0029612194136479754,0.00751630199070578,0.0017673441128464157,0.0026608791645497654,0.008091304506118533,0.0002489010358529453,0.00030880612165616643,0.0037521874628366745,0.0039016371091707995,0.004110691296181053,0.003054317849034956,0.0016780092957397914,0.002233235469498819,0.0041698998599859925,0.0025246933809747454,0.0025595882155468493,0.006206165711250793,0.0034515117447505746,0.0036141053768882618,0.008244218365889563,-0.0005073230273716225,-0.0010752742331291312,0.0037513432670078922,0.0029236328854731213,0.002589139706290282,0.003057060502301563,0.0004589868485591156,0.0008687551444517901,0.0029355822927943534,-0.0013677682522597377,-0.0011252537642337137,0.004460210752289149,-0.0032439234504681026,-0.001284295097505238,0.004227430425609589,-0.006554724918456502,-0.005155880933080588,0.002635997100622795,0.002214205665011968,0.0024237961891328914,0.003706547607004499,0.002112623650773993,0.001118283355809031,0.0017315828758926446,0.001759586427122831,0.002004987594165529,0.0025308632078691654,0.001923895008099762,0.0017595579988462205,0.0021884292846339375,0.0031581987251703353,0.0034679701010176607,0.0030349085655210642,0.0034191548298615915,0.0032998309101021192,0.004071256622954276,0.0023307385800129658,0.007372793910098843,0.00394889798303792,0.0030892216344689375,0.0024419530404715287,0.002187470319533644,-0.00012325608069198502,0.003678551815671749,0.0029487287054081835,0.0030046187062800693,0.0033089917151307873,0.003537833480862447,0.002008051501636251,0.0016887546876634726,0.001477876768356077,0.0011910371851760943,0.0015484040485478825,0.0017641648471546309,0.0019092439716719492,0.0018571628265394646,0.0026011144585338375,0.003255307198561587,0.005426417348782441,0.00301035016071952,0.00494601936107824,0.016061309795528816,0.018587269049494363,0.006264878597030368,0.008504394881672532,0.00729909266208734,0.008179267250165176,0.16965812239817812,0.678948099128202,0.679,1.0
31,0.005788143046552242,0.0050936398273918665,0.002206934511131423,0.0015158315478375531,0.0010671073551726093,0.0008615886683858643,0.004659313263899442,0.0021368655552996265,0.006566092071336721,0.003009829199553414,0.00305647049752915,0.003102061720480805,0.00028909800754484057,0.0034097816896717973,0.0031765947372145694,0.003677386090592598,0.003609276726630622,0.0032140406582878583,0.003335480835494688,0.003913612032285337,0.003615495099390438,0.0033034968983850495,0.004438255737675134,0.003873448269911577,0.0035856148043854055,0.004624106829500894,0.004143854179001202,0.004698217794806595,0.003230473736115788,0.003732551061874147,0.004635642624899282,0.0039185630357777956,0.0040658918035830485,0.004003297979922695,0.004346462456658756,0.003568404069729708,0.004149017380150625,0.0049355404667428765,0.004521831853043942,0.00415397909635567,0.005814904722658118,0.005229537706486458,0.005159344168750173,0.006463895283756638,0.006522735591138385,0.007344227990003656,0.006113498242283273,0.006028742396315115,0.006803015855064355,0.007858850945397093,0.006538268672859802,0.005353870405300832,0.007713884041746777,0.005876908174908992,0.005607770729091731,0.006956782862360701,0.005877714064045159,0.0071912249432487816,0.001634345236757053,0.0013947402503649746,0.001852539440327342,0.0008353901867173852,0.0015363919310732584,0.0026015393850892525,0.0012633515279576377,0.002192130548991504,0.0022966235749682256,0.0008265222107698206,0.001883287570364623,0.0022681451855716614,0.0037410984330928975,0.007387974144458064,0.006634290986094259,0.0024842048359823067,0.0017944985891778992,0.0020802501229795923,0.0015717277944065015,0.004923003340466704,0.004025101038551902,0.0024066648469233754,0.007412321621331756,0.006535833839635921,0.002495959900471372,0.009502686296231052,0.008977475217394821,0.00567121704663071,0.019549872463065335,0.01746689115348955,0.0020430396157260504,0.0021206828708308866,0.0019936636256417555,0.0010973642743495838,0.003169578668100921,0.0032160649901444766,0.0016100832864043716,0.0028588036023322757,0.0033247127231617007,0.0017594731259257554,0.0033596745031413892,0.003314314579637679,0.002271514849404359,0.0041049956877785435,0.0037260121879545255,0.0014484139493925908,0.001584768367064476,0.001578363253211942,0.003016214347423406,0.0023770756577574815,0.0026921242079258213,0.0033378580962896954,0.003336673855539659,0.0032131474922056907,0.0048781870446514145,0.0049608180954905075,0.0039380000407788105,0.008216357619869516,0.01420022617932272,0.012802299790752142,0.0016292960773866215,0.0018598924813331703,0.002290537018835536,0.0024237195491716734,0.0022240894153421472,0.0026745989918874995,0.002552344800528658,0.0024142220549566683,0.002493399972286033,0.0020149327022822338,0.0027519031066147613,0.0022977675550014147,0.0026166995409116216,0.002557103597977124,0.0021257992200015233,0.0025739909231344564,0.002216894161444058,0.0021214558829974056,0.0027586410440440493,-5.5321781628134525e-05,0.006194222379753553,0.006104237782256341,0.008035290008045398,0.009047713640059348,0.010746142788972889,0.0254906822427675,0.00216104285830156,0.0016962405446961002,0.0020831545087903283,0.002955977048989926,0.0031123932221808984,0.0016724124163767682,0.002416024941693358,0.0028463609031743526,0.0021560469552044884,0.0023433783145637268,0.002637296563969256,0.003045646939201719,0.0028456092227278408,0.0030557885773837713,0.002966238784041269,-6.799631388213391e-05,-0.0003537271881817495,0.0007037894170502666,0.0028283496431248363,0.0009237954476989668,0.010965986455347288,0.004001336646667853,0.004101660277019981,0.003599760689449854,0.16965812239817812,0.8509999997532989,0.851,1.0
32,0.0015776612559496531,0.005095409462200877,0.010349799018718854,0.0014233180842591208,0.002444179384301988,0.0013513866486906635,0.0018412976617456726,0.0014179781624985314,0.0015285187966666398,0.0027712226324640046,0.003135743132016365,0.002753569094951074,0.002192595761447923,0.002618550851913439,0.0027986130220550385,0.0031711552167457595,0.0025423143138300825,0.0029001627736409733,0.002338376408427118,0.002645371712866757,0.0032479718465666095,0.00296701352093208,0.0032022428179230397,0.0025540398881180103,0.003045089205859375,0.0033878364873142866,0.0026135575731140296,0.0026881647603208144,0.0028810170238239394,0.0029630576477474913,0.0026845670181982486,0.0036617853863252833,0.0027200091289336773,0.0026702790357046795,0.0025230286991726886,0.0036936706488891065,0.002980713890814613,0.0034080304285484396,0.0036446193028623394,0.003168579488410162,0.0036303564792837767,0.004960804974216858,0.004761499102094287,0.0017439954595045084,0.0012876769500308018,0.0017989386917836225,0.001005129449743517,0.0014398734576636597,0.000817975302566413,0.0015534327832934657,0.0009363749623467407,0.0014179188641139698,0.0012789783464059977,0.0014792016345673872,0.001953474523341491,0.0024493014790865795,0.0019894332316286825,0.002219149932387878,0.00437926408447817,0.00373327870384438,0.003768734203312034,0.005371520852355059,0.0035463196788559585,0.0034628310982267258,0.007258074960112379,0.003631701999996556,0.003694521219678665,0.0059550529632175836,0.00286136945075648,0.00348603198281437,0.0030104136028078284,0.002515222558098081,0.0026684550017030476,0.001019457742041976,0.001515254383205688,0.0011193889792554816,0.0009291982490965319,0.004292005630218966,0.003755241956919011,0.0029018077782455138,0.006087640842404826,0.005880002805409806,0.001959502030773389,0.007832509670204872,0.007281774374542667,0.00669932465978176,0.019799203813487477,0.019197707491377475,0.001536342275577632,0.001020687497487662,0.0010438973378283415,0.001043206305663941,0.00218033768326463,0.0025526467006416684,0.001723365084308928,0.0021872232059908176,0.0034297909681844513,0.0015516276596518326,0.003932778463413451,0.00446250760935234,0.003073507923647724,0.007598998265117379,0.007949939042583506,0.0017100899355254242,0.0009315540671932838,0.0010985007518147182,0.005112834114973589,0.00711207389080422,0.006802406568053735,0.004942356748712665,0.0089673321043443,0.008333804203705306,0.006251501146119756,0.011213490155033683,0.009947018667516919,0.01295530219758461,0.02357135423649685,0.021695852172558126,0.005563959392986273,0.0011326566087308178,0.0012692782359060087,0.0021903283902930783,0.0009840440785589934,0.001600744595385185,0.0014913110538466888,0.001403354655549786,0.0022968184132593043,0.0018250245197829937,0.001853460572674382,0.0016691089028033823,0.0023818226293319945,0.002238263232914108,0.0030217444249987036,0.0022020444713552584,0.002226503439091322,0.002154914288898009,0.001984820035968441,0.0019657190436853595,0.0033616879123706937,0.004596146768603478,0.006740418838358846,0.007301688232184055,0.007781889780330186,0.017933997184151233,0.0030308599402438263,0.002256350641189216,0.0019457759668157653,0.002415318723302338,0.002377387771099912,0.0012303326381763935,0.0010394449805434254,0.0021551076147228493,0.0012862608803488394,0.0016287543105172842,0.0008026624236430629,0.0017183555643926593,0.0017400136882853084,0.0017153255239963563,0.0026007361076380345,0.00018670976738845938,0.0002459188412063384,0.0004471943198387218,0.00026009701575272816,0.0024289892453357442,0.006129370355016894,0.004996255257425608,0.005912347723090961,0.005249076784765989,0.16965812239817812,0.792499670754337,0.7925,1.0
33,0.004296409087926908,0.02929909346345396,0.004182015210044922,0.001054526122456867,-7.652077681407444e-05,0.00043662990001226216,0.000816171710312119,0.00022044156440382165,0.0034802177673665786,0.0011517165482896642,0.0034296266703349666,0.003484911309323607,0.0019046331253541248,0.0025100543786973776,0.0027743703796700883,0.0037726487388801016,0.004122573295061266,0.003942292223859863,0.003789650513046818,0.004333821120149709,0.004013776054500453,0.004462962556186794,0.0048658695963377015,0.004615003460183807,0.005693294517681751,0.007217800993387275,0.006608148561061308,0.006222085888955867,0.0014481560429380775,0.001174645888802526,0.0009244280486607593,0.0014333818216427001,0.0007253094480008331,0.0010758737991717502,0.0017607909487941445,0.0009965505166565913,0.0011790499392312942,0.0016093036335895663,0.0016063915773782199,0.0017394458176925357,0.001934052580893779,0.0017293599182433908,0.002175839087677911,0.0032567559162010595,0.002344050722794875,0.0032038711529371617,0.003794083882507349,0.004130506925360842,0.0038445127359425534,0.0034781950247318714,0.0034873017463040936,0.003506460099972296,0.004902499888969755,0.004314382800262924,0.0037847739061383045,0.00533660875916923,0.006303801097464997,0.005021621415529027,1.8433791105401766e-05,0.00012213199418078122,1.617101587362401e-05,-9.068584895380812e-05,0.0002114995564662561,0.00033067939598905585,0.00031464652005841,0.0004906242413627396,0.00042614650219704206,0.00023472158717492884,0.000867927373308066,0.0006413782974090164,0.001250834703192388,0.0007117947053410617,0.0006821731016958924,0.0005775791654018649,0.0005060769857839178,0.0006859813477583034,0.0006115943997889833,0.0034727410167727435,0.0030887412007155088,0.001075466134260283,0.0051063491132157125,0.0041721635691107295,0.0014528643110205892,0.005643473258581383,0.006239006374513507,0.0032821952257728227,0.01694244511818972,0.013976461281117009,0.0016244207043233764,0.0013790701553686696,0.0012732117991820298,0.0010140852435847826,0.003401348084125948,0.003241805242722244,0.0014018527746014124,0.004901481318552934,0.004549478734705277,0.0013635796705957677,0.006213942451681977,0.005616708062775606,0.005062553432422889,0.014619155901071686,0.014727902139306304,0.002288681644315992,0.0021967107873802727,0.0023331094124161714,0.002839579770742456,0.0065290103794002985,0.00605060801340003,0.004191145553534659,0.007870415789515934,0.008283854456432602,0.006440638851573647,0.011557697516513903,0.010364929141443376,0.011277242936284617,0.02563960069973736,0.025062337187411212,0.014665639555518067,0.0004857956701944141,0.004025294960554998,0.003874878216630842,0.000943884071913392,0.0006319298000974521,0.0006019866539339133,0.00042773077154237087,0.000617211861175791,0.004947096985441278,0.005586855368481267,0.00579110311723737,0.0074546024211199005,0.00789550847403231,0.0034530848825857986,0.0044648547466330565,0.0055062752844220195,0.0058141476712227835,0.008336770599704993,0.0016640882446170755,0.0008622512276892915,0.015169957697332157,0.016349355573436385,0.016937786308212285,0.019463341085287092,0.02903783787778228,0.004882634817037675,0.005188932477945363,0.005490458959178054,0.006174226784439927,0.007817900890898398,0.0007188871114481582,0.0008571387716629646,0.0006827713009974394,0.00036164010050519763,0.0007454263385743428,0.00445276897711231,0.005966917176843845,0.006278924285437132,0.005414603568391735,0.009237859708025098,0.0006316868374305679,-2.0937564362116372e-05,-0.0001583220287563236,0.0001427705622806116,0.0020246689704612624,0.008093889686098678,0.007323772543313257,0.007844903739130446,0.006955081113764876,0.16965812239817812,0.9329999990701494,0.933,1.0
34,0.0013712569395559525,0.00809592676629064,0.009678410571396578,0.00040885564860473433,8.01387398712969e-05,0.0005148484151947995,0.0015356939238627162,0.0005727555568073049,0.0028802525369903244,0.0010688861497340843,0.002797940932894264,0.0026846372852268757,0.0025540663043939213,0.0024404495796976947,0.003462251104001874,0.003289010940725459,0.0038669156208358505,0.0027133492546171077,0.0034792991521290072,0.0034234172528768724,0.00405356318992694,0.0036595798926227618,0.00409132815832778,0.003065006261681533,0.0033414032846948863,0.005269374803159611,0.004555232323812787,0.003809244678463859,0.0017235094430059503,0.0013659661729836581,0.0011738358766895593,0.0016967111800134233,0.0014859397825903254,0.0010783766136944078,0.002008217149313419,0.0014448217644609216,0.0018818639289302492,0.002046910819905407,0.00236979254644011,0.0016621034950581172,0.0020401540391232534,0.0030890599686810684,0.002306337209041584,0.002756512152167371,0.002427451780969236,0.0027811065538753,0.0032423646500390505,0.0037791166625229956,0.0032201004363744705,0.0036965909959809197,0.003331316016076962,0.0037032182311911755,0.003498317919877977,0.003403201370042669,0.0038787009206419348,0.004259756680819252,0.00352914216531045,0.004069723672719786,0.00022128968214049597,0.00014476322736369185,0.00013027177752502069,0.0008293628015952872,0.004015917025781388,0.003017688387929532,0.001202374233757311,0.003827884254620068,0.0037784631276219934,0.0005547436098507647,0.005395425988518384,0.004590767115674281,0.0022078922188181675,0.007772958252146585,0.007317722124405337,0.0012237313907000633,0.0012951132271941778,0.0010899362639496808,0.0006568362262565412,0.003212641181230937,0.002987076387130107,0.0016852913965170822,0.005717626665688022,0.004399816024950277,0.002447209060114448,0.007210767313027493,0.006841954455482707,0.006721331104062981,0.020416664915222836,0.018243436225630693,0.0005067967234402091,0.00029982321317770347,0.00043527897544715284,0.0003652025328008437,0.0017434745313175534,0.0013871135814574566,0.0010286341386182448,0.0021197413923306294,0.0024519482595839396,0.001639855683189818,0.003073186658166307,0.0034535421470493514,0.004321134426913787,0.012598045618825339,0.010955353983121648,0.0024949385984926013,0.0029371624724469575,0.002762855588842915,0.002876315401165184,0.005514390868446066,0.005421189163793906,0.0035742796303386373,0.006753227812114118,0.0076616481800986696,0.005534740953217056,0.012062995051560464,0.009433969184143687,0.011006768118266126,0.026404083474141905,0.025253764115081786,0.012468740883670273,0.0007521818669853733,0.0031512027830077538,0.003797268675383965,0.0004932372326012305,0.0014000862619911194,0.0013350048151864783,0.001283217702900113,0.0015367416135880303,0.0033241432956445855,0.004698934890864644,0.0050537481954533335,0.005716934623781633,0.00531194080208075,0.0040592881212635655,0.0045966460778723165,0.004982666298703944,0.004897021992198228,0.0065799387668485105,0.00048220984398541833,0.0021720728545944817,0.013397685938944127,0.017161243025233305,0.020552024995072492,0.024223712619451124,0.03553005150564837,0.004267570661783918,0.005144425732167764,0.004481011361649937,0.005087722788757559,0.00529277313926395,0.0004442996477357794,0.0008017688871312382,0.001489695425734365,0.001058100092712208,0.0017217503171665987,0.004329147435248472,0.004773112389683143,0.0040155393844097005,0.004970101721884919,0.005481582738426668,0.0026361044269971076,0.005581577858210131,0.007381682903485387,0.009661621590504842,0.016413233498545992,0.009637221350282768,0.008407021125230072,0.008294269588826435,0.009071263046265408,0.16965812239817812,0.9620003968026726,0.962,1.0
35,0.001839434203660889,0.0053768661149500374,0.020788338366909992,0.001304564355295087,-0.00016084025355851976,0.001806499791012382,0.0009779442239276456,0.0007491860510789068,0.0015450814579213773,0.002018920302175104,0.0011471956878323563,0.0006947166898970437,0.00307611173303871,0.0021727608212816028,0.0017594080446788854,0.0021185568839267007,0.0018188982439176122,0.002240788831987421,0.0016620677639789094,0.002850321739377994,0.0024348826596298154,0.0018220268027748356,0.0023028666892147653,0.002477110433830923,0.002576854133092155,0.0029866464271247465,0.00322735947889768,0.004172806954034509,0.002115891222424393,0.0018798778322409286,0.002445015225801528,0.0027493414005791755,0.001759149213470921,0.001956112063193852,0.0015238840850248527,0.002320876661922135,0.0018507023037006908,0.002025322548908571,0.0025455252079868017,0.0023173622813397643,0.004066791847237085,0.003973941747573246,0.003171746025819368,0.0017016428050647021,0.001993052777421031,0.002193717219025838,0.001967370892884815,0.003333984002639703,0.0023862060651647084,0.0023205345398707193,0.0023011028426902507,0.002016418955224239,0.00323090098014144,0.0027490501676163772,0.002661777216361465,0.0036979262881225395,0.005678208333894639,0.004836494124850467,7.821711349034279e-05,-8.239665702864814e-05,3.296960033912078e-05,4.304529158780898e-05,5.93266501597412e-06,-1.2929132999873772e-05,0.0001274765975721892,2.1480792267099284e-05,-3.763154567727352e-05,0.00027279992372054835,0.0005867205913417824,0.00035228810857501587,0.0009030413145075063,0.0026448984991721733,0.002105271589799555,0.001960375650819669,0.0015955680449795597,0.0016214918995132918,0.0015047485467236936,0.005015601707147264,0.0055755226880861725,0.002709797137891102,0.0058033857556218735,0.00514483102503792,0.002404231395839648,0.0072703450010071806,0.007683895573088607,0.007166689622871154,0.01884981647810684,0.017289543760746227,0.0015313943322318023,0.0017215938817824086,0.0018596785138024579,0.0017760900177861672,0.0031821724161489283,0.004254832358760304,0.004499806699467267,0.004262682642742075,0.004629334775291087,0.005323276832107193,0.005642837378766597,0.006172111361083987,0.006892347743190876,0.014471151661126386,0.01325728285641967,0.003632519541273508,0.003233205591967265,0.003601359937186934,0.004446052355157854,0.00697821622468726,0.006331463096471275,0.004659001649369633,0.008676839954388133,0.00845257293382039,0.005285322683690558,0.011644209556680964,0.00958386057604338,0.012996378699804334,0.02556578493190379,0.025449672618096508,0.004272748684216353,0.0019444372657700854,0.0019183230880044375,0.0021932251034322845,0.002215950959708234,0.0016632660388102138,0.0009287601904375361,0.0018310289571358428,0.0026637519598321164,0.0018383203067149168,0.0033287632383908585,0.0034817230387226847,0.004286189158640247,0.00492769409685445,0.0030003845169569456,0.00335291065903699,0.003955427771671045,0.00507977440370561,0.005958411713910801,0.0010423701122071335,0.0028074874404977784,0.0046270457304394596,0.00786007268596968,0.009622017899658717,0.01102666147097302,0.012612920377050892,0.002641316892066883,0.0036114687405448174,0.003937976961251318,0.0041964101645664085,0.006705793477892254,0.001956710913934386,0.001161134094884943,0.0015884985939471903,0.0015057071587689787,0.0021504612125455226,0.002515262212620985,0.0036078846642326762,0.003840407522999874,0.0033077563137714726,0.004333996067885218,0.0005488360410268873,-0.00010171979870912338,0.00046894973552069597,0.0006548335111749719,0.0017616342341070716,0.008378072369085414,0.013379770605832116,0.016536639810293928,0.017507194871279164,0.16965812239817812,0.8605001700089484,0.8605,1.0
36,0.003316647969406977,0.023140437793944358,0.012459646553043161,0.0008137000661422823,-3.636013471061368e-06,0.0008509284488820933,-0.0007695218555834677,0.0007583923093314643,0.00219505390048746,0.006253975062121667,0.003672551757519846,0.0034544796486285514,0.002392694593473977,0.003125674764971745,0.003489207343794374,0.003822971455293018,0.004247223475729893,0.00354639145351525,0.0037984020794469523,0.0038058781482295818,0.004159849138688735,0.004523845595170699,0.0046366743923182754,0.0044436385139222595,0.004005322117596457,0.0044751280034558884,0.004707183833141623,0.004767465896640836,0.0056661162202583425,0.005702059851953092,0.005914974377648616,0.007286737377941565,0.007863864112876706,0.005990864750905455,0.007409369720649053,0.006456764060153677,0.006908775656784001,0.008609014117386023,0.00795796614397849,0.007258502166738316,0.01051930371647047,0.012719722126454192,0.012331657044278788,0.0021180207328820168,0.0024516528358128104,0.002537059673927812,0.002515008436970171,0.002391257915888846,0.002407774065321427,0.002714626606528639,0.0018499273052863534,0.0023379143038909545,0.002737159187699729,0.0022120533924870345,0.0026003363079780987,0.004672785486763539,0.004853747144517175,0.004378907860778956,-0.0001349350151063174,-5.965950460600139e-05,0.00019748358370472952,0.000774493947076827,0.000991763043768954,0.0010581590136110649,0.0008376001103542315,0.0011094427017836269,0.0012508085460262986,0.0005489244678098203,0.0014952941683556995,0.0011984256347326043,0.0021608643014646737,0.004515182702119271,0.004628181064504618,0.0012378511030461167,0.0009979276555783312,0.0010363611633120728,0.0008137100040193855,0.003445220349068837,0.00291524348666869,0.0018449205333755014,0.005068065800630868,0.0039125966070871305,0.0022578887407020305,0.006555479772525193,0.00647055241399679,0.004797284506612519,0.017380411955267953,0.014723371091342983,0.0006784979211856133,0.0009328049437495382,0.0008187902125068057,0.0007273512350864912,0.001728433810695242,0.0019020150328600003,0.0010071186526793056,0.0023683879721034884,0.0023753757654036427,0.001384604201905875,0.002860373759963354,0.0031043478855721333,0.00394171952071661,0.010131268290081347,0.0095616086994508,0.0022613801968805096,0.0021802655489366715,0.0025851383068447174,0.0025622279614837384,0.0052166171460222,0.005118609267887079,0.003700087361560622,0.007017556155403972,0.006934623216089255,0.0047807514631614855,0.009749912718769072,0.008172683824847158,0.00870264110230334,0.016224951994572388,0.01692874365469628,0.011675816149021473,0.001055693708012805,0.0021920654184048737,0.004427812988082246,0.0012534766295663323,0.001228803369926405,0.0012657898801653772,0.0016356264710354305,0.002409603317468306,0.0021335442448969294,0.002784710146941174,0.002526819319215392,0.0031466823141964397,0.0031847882849174126,0.0037993690783224327,0.005035874277043182,0.004538966635152671,0.005406996057671135,0.005270218021372788,0.0012617374843926993,0.0022493946067674514,0.010962674230877954,0.01456007310136302,0.018080348005717863,0.020889546496749716,0.03534604975910097,0.003724728207363425,0.004277925086692884,0.004780001457275213,0.0054002024975105395,0.004272378483983471,0.000795141770765752,0.0011123959305274543,0.0012899433377426034,0.0015219078861799886,0.0024552197977825508,0.0024081068031722684,0.0028661845048908756,0.0029624378912633293,0.0027044066564093244,0.003948460914449975,0.0001451695787093365,-0.0002541103295849837,-0.00039482416314223675,0.0008921575160131252,0.0017291859701597703,0.023653171779280127,0.006800056254723593,0.007305979007476817,0.007471240519720943,0.16965812239817812,0.9510000006732336,0.951,1.0
37,0.0015069216621992282,0.0016910020863060125,0.00775258783157637,0.0031002495432199692,0.0007414737303409125,0.005028540319481943,0.003010086479239777,0.0025441749988641864,0.0005189809255902994,0.0020634887235415345,0.0013187602633934305,0.002006533247454969,0.0014822735948241323,0.0014666804360947054,0.001719628094420797,0.0015209337543005633,0.0014226470947283597,0.0012615192259149463,0.001840529079697826,0.0013652571009657411,0.001746303318429183,0.001593492188283492,0.0013178745850976844,0.0015675270557080013,0.001985511016402396,0.0023326852244163797,0.002712294463308386,0.002594388046909202,0.00112045570150921,0.001366018943819742,0.0016651451456949292,0.0020812906967223026,0.0017025623182092685,0.0016692952282682761,0.0017875175295533384,0.002504069910278401,0.0019194615988849582,0.004003319233836232,0.0021648560080714902,0.0027767736321153034,0.003595230681004365,0.003094636181975621,0.003227479165009817,0.0004753878032918228,0.0009208402388411871,0.0005703131729153806,0.0012806279936774772,0.001046747869598516,0.0008082113711651399,0.0011396822149141537,0.0017504859367121603,0.0011059592069381367,0.0020264682893865933,0.0017738560557597626,0.0015600948838887412,0.001839446189843325,0.0021268765217327375,0.0017120307480912402,0.0007678859485324556,0.001233711008957727,0.0008859454112874461,0.0012577654075544167,0.004076048294273626,0.004272319755100895,0.0023072711235091452,0.0048996494365627155,0.0046048100287617326,0.0013747722692333448,0.00499399890153273,0.004833880500995452,0.003920304539148385,0.0028280366011315707,0.005047817431826472,0.004186948358107259,0.004001738310672779,0.003010833263451401,0.004322378814309257,0.0031901191238584946,0.0035711409609295963,0.004860133996512201,0.004417139885525932,0.003722523614994309,0.004843037818149256,0.003077243638109222,0.0031891315835297605,0.008979145460557137,0.010175359240457463,0.012343161062318453,0.0030331587413674676,0.002936845139236846,0.0026696818334597423,0.0029245358151158197,0.0026872399199019043,0.0024862412330712443,0.00508891324567119,0.003380726238100972,0.0031311141974983262,0.0062733998941780205,0.003182918010819009,0.004013618088273048,0.004910584288997512,0.009729697752910759,0.010767387199611952,0.0014278432111999762,0.0010738290651685,0.0013555287789028777,0.0028323574667608936,0.0022322338486122123,0.0012644698826853175,0.0032140166835128597,0.0012239917457454506,0.0008148785352094787,0.0046706009842464695,0.0005706306644772106,0.0016753307567899656,0.007884886752518763,0.009172420747524675,0.00813959512318371,0.0025663870194367025,0.001663455469762316,0.001773278828795277,0.003934602665484452,0.001675783476803113,0.0015776511949286668,0.0019186583555167924,0.002810617801838093,0.0035449884636642014,0.0016126722113459144,0.001625016502003105,0.0017955815326189124,0.0020514645724726455,0.002074279597849302,0.0032810551244395127,0.0028885924687000026,0.003302385074296185,0.0032461612853112052,0.0029785916833090877,0.0053772027456313026,0.004667672908804609,0.004356316650667539,0.007680929923864692,0.009110711830296781,0.012429812079983019,0.023936087748077445,0.003395894279118612,0.002876595285889714,0.0033494053450519165,0.002544396700665938,0.003842888573924251,0.0012693326633989198,0.001960452026388548,0.0020362176232422064,0.0024445333046524687,0.003014039104644513,0.0016788705796348888,0.0018104827150333981,0.0019971632706142135,0.00196920045568979,0.0022168919542359397,0.0010699420187839973,0.00010051681864468595,0.0006259671387809095,0.00016075363847460803,0.009774443799967643,0.005203245674627561,0.008758101015122064,0.0057287323091607945,0.006144046335223098,0.16965812239817812,0.7115006044421124,0.7115,1.0
38,0.0021202138922175673,0.0038657109624640287,-0.0011797118225894208,0.0008211144210741665,0.0002505867008947889,0.00214238447781013,0.0032964859251699784,0.0011105992106904131,0.0013445120407795073,0.002636208724118627,0.0035097364130690497,0.0035550718416457027,0.003602113495588038,0.0035210990982814253,0.003149572911738647,0.0036871326021437785,0.003014909512639572,0.002934345241784956,0.0025776280752679696,0.003768019032128,0.0027041647220565506,0.003092009094413124,0.0036380164127455318,0.0031167750951966895,0.002729969999028771,0.004015811599087479,0.003231830118018469,0.003481156148398683,0.002951464307420753,0.0031336108603310345,0.0029094399648683586,0.002893435585223834,0.0031037932161413154,0.002356100777717341,0.003296762052092044,0.0026992700616569323,0.0025794719833989164,0.002795704041085447,0.003411956707687957,0.002508794077503499,0.004375842247887532,0.0036357247677154233,0.0039461040818611496,0.0021751065869524285,0.001572928290717251,0.0011703452137529335,0.00278148315627167,0.0017342875277807555,0.0023007956520277525,0.0018699951929518897,0.0017198550357247987,0.0025859182024645508,0.0020413297629558263,0.0021994019933720224,0.0023464884555398483,0.002661115177008228,0.0028289419572135447,0.002874883674084034,0.0006940638644390885,0.00027524850627731116,0.000526121821405597,0.0007244930319903856,0.001449921848053633,0.0009317606402056708,0.0013741617305266256,0.0017239653690432383,0.0015471126434862831,0.0009985325389539495,0.0011141831798371108,0.0012983853619669946,0.0009618618055973164,0.0036114262344089628,0.003815084126048137,0.001165359388787162,0.0017391551478077737,0.0013164202226414155,0.0010634497168321986,0.004138077247209942,0.0034412999442309375,0.002039544719659538,0.006254814080937275,0.005297437896585245,0.0016897870337965713,0.007916603174065638,0.0073487147403512735,0.006541202319729546,0.02323750456902417,0.020164805929841975,0.0008494355444123127,0.0012684970665456977,0.0010156322938110168,0.00019792835316242603,0.001496435605659145,0.0019315486721855233,0.0013982758147035534,0.002687901904638591,0.0023339526498593654,0.004918277934720059,0.002960314670264936,0.0036806406548104656,0.0057322218542360925,0.01016942529085167,0.008963098574579564,0.0042175644200053534,0.003706597366183749,0.00461514803616659,0.004483225717681688,0.006981531114535387,0.006736856042354791,0.004411285462248694,0.007130179753856563,0.00768801864796318,0.0062916789847595874,0.009144063916162955,0.00772861698639229,0.010265978614685997,0.020485228929485195,0.019256350725135353,0.006463371108333583,0.0013168094668136211,0.002382638043873785,0.0037439638342596023,0.0015134805663510901,0.001493217161492064,0.002090219026532741,0.0012848216670561863,0.0028500500111190742,0.00218696003736984,0.0027010565458727613,0.0022582616185650565,0.003084663219315254,0.0036434752174440547,0.004906543458900989,0.0039054781083202763,0.0033147995496348756,0.00396533827842991,0.004461331901750371,0.0017654739166734405,0.0032234129417837566,0.005965439482124166,0.004730415929201366,0.005433809087404745,0.00608570967965161,0.014018743081177861,0.003646414766894619,0.003534422208565532,0.003506333030840608,0.004185934163497562,0.004513987890422977,0.002128058690852672,0.0012166518072863962,0.0018615454973639589,0.0016388605139021704,0.002344948727929487,0.0021940545552962434,0.0022802644541759206,0.0021980350557670478,0.0025076005678899707,0.0033585487899616745,0.0010576535083472287,0.004993438806611571,0.003694022227826243,0.0021818485094454603,0.0011352270376270488,0.008648373824201383,0.006448585778959622,0.0069308716254909645,0.006001419412702593,0.16965812239817812,0.7929989337825588,0.793,1.0
39,0.001870491509916527,0.012128810775116974,0.009270760875908527,0.0013691630835990821,0.00010236619123294247,-0.00020592746993548667,0.0005722770441748017,0.0005821259232098376,0.0015207940904382094,0.004757537792754345,0.003562237602156094,0.00289726826910246,0.001243436465505284,0.003824264278572482,0.003910052652386074,0.0034218040901735475,0.003780603083998429,0.004224212283623491,0.00405757087635302,0.003731299946389726,0.004858964339635666,0.004582974586881947,0.004390718471084631,0.004789503505820566,0.004373021462859252,0.006386798558685637,0.0056528784543712655,0.005774306419147922,0.0033426445971574425,0.0040299289568334,0.003201002582398278,0.0035955288511975454,0.002882391392944467,0.003714268584372792,0.003927801904959689,0.004485504426340154,0.004172838264948057,0.004406198396508993,0.004829912024472447,0.0048444998629785,0.00758694170209972,0.007392465108742152,0.00616543885305779,0.001550501729896916,0.0010556270667183693,0.001222042337536967,0.0020115233958420925,0.002316839867756925,0.0020778915485970264,0.0022587278282505075,0.002690159147906111,0.0021959909937969025,0.002584483429912876,0.002887853576578935,0.002626868724827565,0.004012145680423372,0.004155130038959311,0.004258220893434885,0.0005040016648621575,0.0004004382439230966,0.00027934581559442323,0.00018253335010182274,8.215319616653297e-05,0.00011907824400428985,0.00034640168621639304,0.0009023527301864468,0.0011366166483380677,0.00038675651844751184,0.0006480547342711453,0.0008905555740432146,0.0010200940836536834,0.002117525385581819,0.0018896278494439308,0.0010764835328395499,0.001169207341265772,0.0011381753242901366,0.0010398373554514027,0.00434282952978638,0.0040017847807514596,0.0022032804182188894,0.005656227475611939,0.004573796874727873,0.002263364826356538,0.007918084332078268,0.007192282184926962,0.006536019896151017,0.022449187777099616,0.021854375807205884,0.0016600314898961327,0.0014902053328078,0.0016199115093720757,0.0014013779219727521,0.0033521751403199984,0.0033140426831479467,0.0018946909032521427,0.00344973949045028,0.0037298501989315755,0.001508263229737913,0.005136144453812338,0.005211615402456299,0.003521784927991023,0.013115660899277492,0.013464385509333687,0.0016550432787153734,0.001663065511069947,0.002543597057392074,0.0028116139349237492,0.006535947332198052,0.006658747912199385,0.0045576824690117725,0.008357366311556423,0.008408859521354405,0.005457904764051694,0.01264561780591634,0.010300480466866057,0.012536125956042329,0.02777898740030012,0.02701333682588838,0.006575155306278118,0.00801113972554721,0.0030876554559698317,0.002080373395424139,0.00597093156808299,0.003087195051773004,0.0034098337989477484,0.004151137968386887,0.0034559453242310467,0.0038292037285843246,0.004560734959310304,0.005509452738222995,0.00436493641832974,0.006873200330066794,0.002101436768222951,0.002588820333827874,0.002999272828222967,0.003263780887851389,0.003810054607905063,0.0012699319947852364,0.0006780638808148753,0.006453389779171583,0.00858552223367315,0.010443664300672223,0.012309361525511911,0.017199790814777603,0.0014969821054193603,0.0025823315306332966,0.0031864757647505244,0.0028852835411961723,0.0042402937197049025,0.005420426072133832,0.002388057527130089,0.00274233092408639,0.0033628461597643685,0.003678223593256442,0.0028485662171978204,0.0043381425157293365,0.005005739900872862,0.005470569274220197,0.008349374765583891,0.00017646155873707109,0.0002496530896416561,0.0009608585603403689,0.001413386788143634,0.002159061274333525,0.0020008679253471487,0.0029735208462003076,0.0032471815864277467,0.00296885162113869,0.16965812239817812,0.9015000107392146,0.9015,1.0
40,0.003140591606654081,0.011415825291850933,0.004861952721237682,0.0027121830770032965,0.00024534239572814243,0.0031108896573376703,0.0026236786506967135,0.0014196631858420226,0.004577311968371361,0.00106736351473767,0.0033313873203210925,0.003306059821083489,0.0013570430856402053,0.0041816631953949385,0.0037722813703406958,0.0030761121705837396,0.00277550818605253,0.002650423694986171,0.00297966257060986,0.00294918361441023,0.002615105266042946,0.0026334080866931954,0.0038051165298923634,0.002433222477322843,0.003001197864485521,0.0036294941313970348,0.0038841590939966662,0.0036391723716315922,0.001748625212076978,0.0013632393483054334,0.0016517887834381511,0.0016931428909718797,0.0012404830752123209,0.0014238283119595513,0.0010908549683819916,0.0012756603693622904,0.0016660692975640355,0.0019822783483665805,0.0014541967399351887,0.0020477914658212186,0.0026984376457339157,0.0022616154806886645,0.0017836999512429092,0.00276462987189594,0.00333327869248789,0.0036352844141027494,0.0023510719952177937,0.001570380094428476,0.0017228944977743757,0.0020028218672231736,0.0018663295205367937,0.0019352461915814584,0.0024040431830380875,0.0029071104267556873,0.0026539653474540797,0.003490668345914221,0.003072394029806412,0.003568670513404924,0.0007960477560741921,0.0006960937878344648,0.0009726811968309362,0.0004144130140605807,0.0034975432155626186,0.0034007683389490526,0.001109360050315114,0.004212105400154961,0.0035254510004339343,0.0012646747528680623,0.005380312993513789,0.005540030151615861,0.0025756694377986234,0.009551255778423874,0.007834551194006261,0.001397796593295514,0.0012233507975804862,0.001987713721532847,0.0024345112657692455,0.001564873858781888,0.0022412040739672747,0.0030735135366744336,0.0015683246847725501,0.002303061040669081,0.0038235413606653207,0.0021935087884237077,0.002968751055947686,0.012042062826727705,0.012645855542960719,0.015447305162775087,0.002278873631466737,0.0017893128556913391,0.0021415023317169686,0.002911915832766225,0.0029390709080843666,0.002968745763347022,0.0046356332894289705,0.00361805411458879,0.0037404418044665066,0.00558337345488039,0.005082484789271097,0.0046400489650430836,0.013223993025353084,0.0034299143486756865,0.0028297245329755205,0.0012929359265099138,0.0008491025394947028,0.001256345675290978,0.0026488207559765757,0.00038770234757202083,0.00020056376422083525,0.0014169700195634182,-0.0008582129396387728,-0.0002865476470649823,0.003994267261584428,-0.0013027259243842803,0.00012555841478331323,0.007239353661893427,0.006917270251734421,0.008995018197536417,0.0056821663711335724,0.0061664722781661,0.002842204223702632,0.0022826775341422112,0.004560667942129605,0.0033312836096933305,0.003789806034711146,0.003974284048862369,0.004605094336329084,0.0019208402162619632,0.0015262410560539334,0.0019192879850272375,0.002000346438510067,0.0030068424005804764,0.003145619682848476,0.002232485170679318,0.002724364660326227,0.002972095737987524,0.005535534929669691,0.004658487839875902,0.002401223115919109,0.004351015707557884,0.006547117283829051,0.010148016970231991,0.013544169238552499,0.030202634506629546,0.0033151382376316375,0.0019778771908169454,0.0031446115316738424,0.002600968138860682,0.005163932040647506,0.004009513947974239,0.0028565117226451247,0.0037345357681040593,0.003942907689457253,0.0037043124709039165,0.0019674735544541366,0.0012468846128362253,0.0016001324059657226,0.0010565398332998543,0.0021615383529184884,0.0007555773479430103,0.0009309592626919462,0.0008903131164712157,0.0012883585380798384,0.005204716181006505,0.0023664027379298597,0.008122408086155875,0.0046170839227535065,0.004381019662750986,0.16965812239817812,0.745000166204403,0.745,1.0
41,0.002241026674570842,0.005437648429871793,0.002964422378432615,0.0019636092410295876,0.0007381513269577537,0.0009427766402928052,0.0012744080358956232,0.00031238095073944183,0.0018573843104054124,0.002678351829996018,0.0008668392713383692,0.0011083556455252432,0.0022918352245538797,0.0006093167968181178,0.0013761540530431336,0.0007327166371284065,0.0011686248731377577,0.00016559909463313645,-3.9118166022775e-05,0.00028667453816344426,0.00044465101277505365,-0.00022423541731837315,0.0002960110060759173,4.064235327439152e-05,3.8458518811937215e-05,5.445838633053291e-05,0.0016054578339084172,0.0003742928833890224,0.002736113772939113,0.002344656799944992,0.00213837454794709,0.0031141291135623667,0.0033165791703066556,0.003260068979708862,0.0029243320210832835,0.003424055737400106,0.0028611722071588274,0.0038547576307917638,0.0030182268200916354,0.003194190205782741,0.004756588207220457,0.0029666836548474774,0.0032382675072222577,0.0029150929981584034,0.0025857230443354067,0.0019598033291615942,0.0013509703519788432,0.000851944088127811,0.0011278622308933972,0.0008440032681749323,0.0014884170501844659,0.0005985031328901881,0.00021288452547325152,0.0006797078571635671,0.0010934365892383826,0.001509300860492892,0.000678814042608236,0.0012180742862237428,0.000599343464046216,0.0003812305913533763,0.00040584380193318476,0.0014642551808145734,0.0014454988183986194,0.0010042247509337583,0.0019678755549036937,0.0016476998745045695,0.0013823503402943962,0.0008040567037465028,0.0016034739615062986,0.001468305950201074,0.004598212794800463,0.004578623602837452,0.003965605080774942,0.001025251643146386,0.0010579370310154637,0.0009383501259314348,0.0011816263187551886,0.0031312909861340283,0.00381358202089862,0.002067425820717556,0.005353670895109315,0.004326133536418493,0.002278724966315525,0.006285352777556976,0.005924200488919647,0.0037693398916617904,0.013474331966888048,0.012363315309743413,0.004344578485650588,0.0036882977108117984,0.0040156699554803445,0.001428066623653115,0.0027556876507171847,0.0038592243351653946,0.0021979232211977646,0.0028278683806941627,0.003483395517181859,0.002312601842363751,0.0047074772111810855,0.0052688886951434005,0.00450013164543923,0.013562778106449591,0.012478375822119685,0.002936182647441468,0.0028453813176935695,0.002979562368358151,0.0039439724372491445,0.005796312103831665,0.006178538519569461,0.004446041142533942,0.0074925226201899425,0.006606442537993864,0.00534723622843002,0.011054324995623244,0.009084974930112557,0.009062834583828023,0.020884753852989383,0.018626543910331833,0.0010595558857902892,0.0039499755341262065,0.003245258972717869,0.003106278368447119,0.004146294768463351,0.0031719348197910063,0.0036828670361949765,0.003960661353698854,0.002494174309165145,0.002931890554830916,0.0015846286490270017,0.001112934299626599,0.001629120005189162,0.001625547267133827,0.0025348601782342168,0.0037278155952565734,0.002773867710839696,0.003310736319751036,0.004441709336400783,0.002381713650186869,0.0003705750526015794,0.001233835796685225,0.0019520950162105683,0.00381877870604043,0.004351526793787505,0.00460722096015111,0.002572358389006625,0.0036067146481656553,0.003163199817768636,0.003369470974765927,0.004837264001064421,0.003428984385376654,0.0024240082752749687,0.002895295732164588,0.004291150658852101,0.0015560667225890889,0.003054890912807334,0.0014254265776223,0.0020070072243494478,0.001472661715758893,0.001379038965592673,0.0005224928763716928,0.0007520581040295493,0.0002930913805332415,-0.0001643777961116732,0.004965927265108367,0.008316984919462264,0.0077583151574690005,0.005459783334562257,0.004354726576155145,0.16965812239817812,0.6974998722018214,0.6975,1.0
42,0.006655292963497253,0.0051972459701404,0.0022840493056409403,0.0012251672268924953,0.007845053358783906,0.0017287381074955713,0.002329184159461793,0.0012977145384321287,0.004758046282413273,0.0009958559074335661,0.0038446176681891484,0.0037777981823173944,0.0031820519570114336,0.002991967924782826,0.002333144160882711,0.0025864545416573455,0.0017709485126595848,0.001470402477703026,0.0023532144622909006,0.00156385564000749,0.00322262524539803,0.0019057214442956998,0.0020142010571328585,0.0017730982344080738,0.0020043248395314765,0.003049100707861331,0.002923783537809204,0.002455060633542282,0.0012212633322704288,0.0008236468734550485,0.0011324466488251094,0.0015893625930953564,0.001138436089400922,0.0016668538934921223,0.0013549142030365017,0.0013493465842619183,0.0013528017418453894,0.001736960793479503,0.0010576295075855216,0.0012739408274399233,0.0015469435649758665,0.001830298770994422,0.0021388700565770505,0.003400271652489937,0.0030551939913328456,0.0043672407026590235,0.0018786341480413187,0.001445546104757213,0.0022428969197928637,0.0015324721199259093,0.0014631126240854235,0.0020027412938910787,0.001452634685966563,0.001802492307554664,0.002237703015409807,0.002481367950153964,0.0030691437768027266,0.0032253905483291545,0.005153274094996478,0.0049886029832722015,0.0067806161800989485,0.000528058499653746,0.0008965304414139572,0.0021131256207155913,0.001376296734748798,0.002270341619245432,0.0018727448466828828,0.0015313601885406415,0.0027268933382651036,0.002430837891389701,0.0030749163139782406,0.0010913760748360356,0.0012205144905660021,0.00317752811648012,0.002818056353044352,0.0031812000697392004,0.002522011261369932,0.007502404180961345,0.007192268751207981,0.0034962103418355434,0.00791712813935249,0.008211087062875386,0.003351298108921124,0.009079378844445466,0.008597072468987275,0.00478698555772922,0.010987184945990687,0.012862255554725368,0.0009419910793992724,0.0007139836087778182,0.0008634076003159823,0.0009561510533715177,0.0020307147692732504,0.002698021535628718,0.001998488425803024,0.002587716399306114,0.0025954787395717368,0.0025532376845886556,0.002034515059927287,0.002127445865366674,0.0031705896658436577,0.005334060060146294,0.0036983317165243585,0.0027262027920458886,0.0025091629843462574,0.0029060872671686994,0.0036654578287654664,0.0070089560308498845,0.006582571671357307,0.005179751193007035,0.0071227512461319665,0.008180275450221132,0.006774393793221758,0.006640652960605003,0.007500803747166049,0.00613778902226108,0.007446846245326581,0.006301579828788092,0.004188541862754086,0.001329542824673359,0.003982530508502495,0.004956374528073343,0.0010767553231306416,0.0018546469515208026,0.001567439414894259,0.001704778378511983,0.0020614732461120672,0.004146026342445368,0.0019351696005479562,0.0024748413125779602,0.001949182155013499,0.003942482561637865,0.0048430648661679,0.00440384993427408,0.003812572053828304,0.003973316963408484,0.005564246675127368,0.0021937045368482034,0.00450067079852253,0.0035105071530394613,0.005419843548895021,0.006363105994541504,0.009041633054634495,0.01590034163257557,0.0049218228739721275,0.004035209520580549,0.004518594659126451,0.004292946823490979,0.0053599224429266325,0.0008887009046646051,0.0017118899167603851,0.0019115376454347556,0.0021678598784114545,0.002757754045356171,0.0034898447551079885,0.0025205246550087414,0.002411090754977608,0.0019579672245148873,0.0034139820487271546,0.004316053129273028,0.004107214451454366,0.00433164187752582,0.0038295889616410464,0.0038489979088261674,0.005886815506731094,0.006344952598250057,0.0035440799496435364,0.0039419582967987355,0.16965812239817812,0.7539999662204167,0.754,1.0
43,0.002115531478209542,0.008580741384241593,0.011215610153755426,0.0006929924498361427,0.00012298647596289248,0.0012578040510165156,0.001651144432675515,0.0004622945125330536,0.0017034592192748214,0.0005215469668333933,0.002872327901323479,0.0029336636452025186,0.002917707893031562,0.0037852830967919377,0.00366402448597934,0.0031744284931096677,0.005209130078156991,0.003932609662059452,0.004352572107644319,0.006242867702938051,0.004936230192531196,0.005142319059952153,0.005970976213788479,0.004435697511058089,0.0047953873428028424,0.00726391669261926,0.006123668368289992,0.004935368445569419,0.0007155848721705434,0.0005362521847140192,0.0009362130297346414,0.001155829413663713,0.0006047606258407726,0.0009364861535781132,0.0007205573052758723,0.0007999551014987238,0.0008379475553997243,0.0006347252039115022,0.0010323285800561805,0.0014723837164923213,0.0023563141943149465,0.0015925554768652385,0.001556301566482109,0.0015830528707340438,0.0016931167422654025,0.0018188270117524693,0.002066624015219583,0.002698860400773574,0.0021853838069842866,0.003074298712247639,0.002495377742479574,0.0025322880736279836,0.003059205383696549,0.00234404095867364,0.002648177672177891,0.003916062753662229,0.0036961307222984755,0.00393931033065724,0.0001655629809173231,0.00015402520932243893,0.00013957869413846178,1.2700737084352094e-05,0.0008906666552110669,0.0012336167913311496,0.0002295403459529557,0.001161655880225619,0.0010840931078414941,0.00030149006533626506,0.0013832513393583394,0.001708306826683411,0.0005370201265093713,0.002253410764510049,0.0020854790707133673,0.0010614994928448255,0.0013630667898989102,0.0010474445202620876,0.0004033984496625188,0.0034649386997945425,0.0033723132215488392,0.0011861574200623182,0.005155500923095361,0.003831263261112387,0.0016837193913689641,0.006740964769949114,0.005950331705671262,0.006727781144790524,0.022795379733435168,0.020680858107238756,0.0013834967735249057,0.001219167526579168,0.0012822923230235478,0.00114247934404415,0.0037443718855988,0.0029859035543046654,0.0035104098461253325,0.004541246183526256,0.004005110629213265,0.002800351561857409,0.006273852624272207,0.006550985584968885,0.008233688304383417,0.020117580159591298,0.01804740781430251,0.002762728287427916,0.0027645170867689316,0.0032831301659832384,0.0031856596202390233,0.0068200340791879244,0.006381186163659381,0.003970202045024606,0.007907764289525108,0.007691776975932394,0.005689024580630953,0.011203082051528574,0.010262814577271018,0.01092526009738983,0.028826558072539296,0.029161256602374883,0.0067761205144650834,0.0005228991360239572,0.003915485390121219,0.0019306585268134184,0.0008698373126048332,0.00011318020646105261,0.0011397576860449848,0.0008844515031694382,0.0023309572849603134,0.004007925175663612,0.005007462754793394,0.006039293522919431,0.004587855955429531,0.005582169864893604,0.0019034769577448334,0.0023606497292406486,0.003378487128952974,0.0038595751796021128,0.002547534719003949,0.0011544776172826854,0.0008678027845797788,0.005635165308895967,0.007783653907979883,0.008336425663546766,0.009177315638176775,0.021231185541267076,0.0020303420222566966,0.0023932206158039943,0.003600300505969418,0.002542923367556508,0.003352729051173392,0.000936215845645124,0.0006438924375179116,0.0008048688492199546,0.0008872116651948478,0.0029204662022528057,0.003756398846838854,0.0044308505936511535,0.005645663832387863,0.005369938442672826,0.005667389220443383,-0.00018723193856129598,0.001913072763631986,0.001048338818641589,-3.30509641132614e-05,0.01700195894323128,0.0039524176898574695,0.003992827604093617,0.004253445794421792,0.0038442686133799042,0.16965812239817812,0.8544999834630903,0.8545,1.0
44,0.0027705213518133135,0.007387624283727131,0.005730091793073714,0.0012045374179306294,9.175847154436028e-05,0.0013281557968858049,0.001764453343034468,0.00046599147368358104,0.003083764710474287,0.001488361045311714,0.0032130079676127485,0.004044524069071255,0.002360887738892913,0.0025360829783440614,0.0029201544161407515,0.0036199152602658497,0.0024726330230957524,0.0027772516245361607,0.0027617859252845396,0.0026137042040614822,0.0021550672840310045,0.0018323411165833473,0.0026713138301239715,0.002752567519150991,0.0031630765717111818,0.0027724038049505126,0.004339706073199662,0.0030068021023265104,0.0015213765067137199,0.00205876230674275,0.00200988838873605,0.0015172029825971968,0.001469820449079551,0.0015582647368242797,0.001213617108603933,0.0020429518765121184,0.0013781749125277452,0.0023150137142244225,0.0023292940392233385,0.0023105560331362096,0.003646851997452807,0.002588895916264529,0.0033544187321197906,0.0026319138830682943,0.0025323294244869333,0.002419846557449444,0.0032256618331503594,0.0024960469865963585,0.0029666578466739455,0.002939443857809832,0.002916012160796407,0.002659100535305958,0.0038288432308299166,0.003680779117669452,0.004137314757388883,0.004568672703648534,0.005094657424399091,0.004430816692854327,0.0005319345271075305,0.0001091039646689184,0.0002355305614884558,0.00017059652806540834,0.000853263663664994,0.0010217459914325564,0.0004944538318974149,0.0007448020075373966,0.0006747209992365365,0.0003960924944313864,0.000611302507978294,0.0006211043779672837,0.0010651957777346064,0.0018546437543761818,0.002492954503404442,0.0009745434481787212,0.0011125664182021371,0.0009217506815688642,0.001015036095726672,0.0038212468169238874,0.003512052422069166,0.0018119611653944427,0.005758382305396953,0.004267993449637158,0.002198033634126265,0.007197365971321266,0.006383290856866076,0.005374355247425158,0.019557529288390836,0.018098673098758757,0.001810815430974778,0.0017204995690940081,0.001632808834552839,0.0033590132963353518,0.003210325776648337,0.0028072787106538603,0.0029164383622631114,0.0030917549351020222,0.0033705653334507803,0.001591761748557114,0.0038996913316144727,0.004210744322900195,0.00196849472091911,0.009977054343713649,0.009282412654744186,0.002517572333304017,0.0028180797555783315,0.0024384819586723634,0.0032742826779393174,0.007830533618410709,0.007356079592719838,0.004433801724713343,0.00891704989573379,0.009308780052985435,0.005819575237393019,0.011950825140278188,0.009651205054626952,0.011048558097626554,0.02570021301909704,0.02368308653294084,0.014230658988174015,0.0032109579954455905,0.0028910762185079806,0.0039718082636782115,0.0022995834681359285,0.0013225525624699285,0.0012985463018546537,0.0015430462441456173,0.0023767511833856472,0.0030549407020619467,0.00435438550950734,0.003611386840288956,0.005930427125853905,0.007209871574007634,0.0032740369102660515,0.003932277070496172,0.00448509075693101,0.004513720128583035,0.0070494363281708135,0.0011322125972949696,0.001058487717192174,0.011999154486790287,0.016102449051271263,0.018747788368379394,0.022721545185635503,0.032382536876629286,0.0036791222697021187,0.004193317218902936,0.0036627760377046493,0.004733714746595721,0.006802958847537687,0.0019854000094143296,0.0011733790908044733,0.0015759031967754345,0.0015566310421793626,0.001859701786459224,0.0031323580419731047,0.004266565257298798,0.0047702587516401974,0.005487882368321574,0.007776314168113133,0.004280892887303589,0.0024863108359630924,0.00635275194565256,0.0025370737539736374,-0.0017447308122143712,0.0045954079480296514,0.005421600353235338,0.006771816910087999,0.006628045493900403,0.16965812239817812,0.8929999853669592,0.893,1.0
45,0.0011576813141176998,0.006279538423391755,0.0052598898081656,0.0004395693502269207,0.0007537871850867512,0.0010603932715397284,0.0008569792664048176,0.000741966407954631,0.0007483712673164028,0.0020682064590020247,0.001523733939697379,0.002169114103333933,0.002492578493516724,0.001961138411198663,0.0025823664930327136,0.0022057162588618074,0.0031336183678338063,0.0020686845451091036,0.0023021914762311815,0.002475692505047703,0.002612549445526864,0.0031017828569787076,0.003320453811197109,0.003027899307448115,0.0029291229666576746,0.003807209875008757,0.003201309957374412,0.003493551443148876,0.0020642354105016537,0.0017907001164158558,0.0017962683469605312,0.0017584161675157524,0.0020360728869895594,0.0019083540181285732,0.0018520741211722847,0.0022228278800164136,0.0019567427700890485,0.0021905812826095933,0.0020460466107915898,0.002392413396209374,0.0025846509906237414,0.0022448134964982653,0.0022036124355480353,0.0009328042299504862,0.0007442777561165623,0.001113816417069671,0.0016043197659957498,0.0013998284842288784,0.0012383491092408144,0.001529670483260238,0.0015572402803318776,0.0015075886141871426,0.0019153082266390308,0.0020528403894489204,0.0017571093832871687,0.0019748938487457062,0.002152981115455256,0.0024509066288924187,0.0015374408281092601,0.001955526365529804,0.0017279304614642526,0.002719882947770725,0.00361560834753159,0.0025067653886044487,0.0037311445338070915,0.003442667988980245,0.0032442171814915178,0.0026107958020266985,0.002875744556133148,0.002547619725501028,0.0016406488303340268,0.0013839233648847854,0.0023779250362592247,0.0014821681140150676,0.0015191999842756273,0.0015470236573534453,0.0012441898784530227,0.004002875404558016,0.0035176120443267873,0.002070083804131736,0.006143244786136083,0.0051457977031644725,0.002520369607993961,0.006776003335658359,0.007025215113894997,0.005695199266923814,0.02065815490218561,0.017851226356362306,0.0006036061845820135,0.0004374262381668903,0.0005046843182623621,0.0007266427436002611,0.0018961403281869476,0.0018506712526404864,0.00117457908371417,0.002129901823228029,0.0026495245188887457,0.0011366742948840118,0.0033454417244403243,0.003421244679273044,0.0012520804741082804,0.007809686992447623,0.00645268836948943,0.00194032179453586,0.0023575166746514537,0.0024309979880059083,0.003205813480802111,0.005978329950146417,0.007069488944273067,0.004335935018817404,0.008828507268234814,0.009036552747798325,0.005697365244030228,0.011276474065581707,0.0097299499215936,0.007019762706076057,0.02405121937008537,0.024216387654852265,0.011446883874744462,0.003257638661226556,0.003796582555697753,0.003565728089691271,0.0032581426054684995,0.003255738199135077,0.0033208339722101644,0.003655311235145545,0.004307932028032355,0.004017562738301122,0.005397456528698215,0.00621769751610078,0.005917477499795203,0.005193621509119165,0.003973424421880423,0.004484937522607336,0.0055656262175142,0.005047819549126078,0.006180175575632892,0.0005120954826773907,0.001961826945424829,0.010411941206691037,0.017037420629058282,0.01990937849176939,0.023351539418180547,0.035963686518335196,0.0043431577711878005,0.004527176424401647,0.004971956108940667,0.005249433010092381,0.006870726224431632,0.0039002979396590438,0.0033199573334336957,0.0037257998894644896,0.003787546596444671,0.004817716361675597,0.004082015289542186,0.005970792305065992,0.005344069013431891,0.005458467470413628,0.005925020110993304,0.00041646466430269495,0.005708753644287546,0.007764420856276383,0.009562391621937673,0.015135983372608732,0.0023701895335715654,0.0030084221755844066,0.006605220679745793,0.006530753532365979,0.16965812239817812,0.9104999961668898,0.9105,1.0
46,0.0013406354823933863,0.020565960761872004,0.0003355611319018456,0.0003558954549595024,-0.00011450242510099435,0.0010974374398957532,0.00043977232940490456,0.000636296226859918,0.0016459488643209208,0.0011532876078090943,0.005295572594630841,0.005519264976667406,0.0028237530457874247,0.004939356974028352,0.004875283346611615,0.00525904045582425,0.006601360208450463,0.00495890854814229,0.004899929928715541,0.006467534616378053,0.0050377645450744475,0.006059016824044316,0.006697661075534358,0.005305406904292215,0.006157844660557461,0.0075474299245122225,0.007218141287945686,0.0064428270476246195,0.0019873679931077183,0.001589184522317329,0.0018393075983191586,0.0018341873816812694,0.0021713614111870134,0.002047486887296101,0.002295076087471085,0.0024079949658776935,0.002374386948199636,0.002581316029799413,0.0026250483046533746,0.0021427423367042504,0.0029597878768333583,0.00237885436539585,0.0017233554188596958,0.00071091411116194,0.0007405086707002084,0.0010462216890051866,0.001277814537213931,0.0009466208888912741,0.0014194307352793202,0.0017501936951412407,0.0017452759849763363,0.0015603618061646213,0.0018314420595342698,0.0017859718090597189,0.00212184220101503,0.001872188564628409,0.0015463793570974036,0.00273553696498188,0.0002583898156655951,5.989138550810295e-05,8.378424765810878e-05,-0.00017392404814368817,0.0002692856049213882,0.00026594425061976707,0.00020099422212880005,0.0006190829412238445,0.00024939978027554966,7.78839383091264e-05,0.000517505578768429,0.0007206643832081291,0.0003477946945453057,0.0012365468974817682,0.0012374035408016185,0.001249102284853873,0.0015548726192304086,0.001078498588284246,0.0009986988214544534,0.004247416146590148,0.003704363423158461,0.002086393191378099,0.005852747424851845,0.005042969925791178,0.002670114317287636,0.007344764605281127,0.006909836312190323,0.006162511218988736,0.01954192423269325,0.016697506245482236,0.0005720767218612166,0.0006491922456018229,0.0005009788065491483,0.0004101663432044557,0.002143250704269721,0.0019945316563454393,0.001030303798301235,0.0025645896354207793,0.0027772784557920757,0.0007134158427377896,0.004023743466164225,0.0040077264789753955,0.0028731066868735613,0.013819275007925682,0.013150558503526434,0.00243881049762203,0.003011055570052739,0.0029302609696617906,0.0029734980886345027,0.006619597598864399,0.0064082154760718175,0.004176472166414808,0.008295464457744282,0.007973222011552886,0.006260965953481053,0.011604818771593257,0.010496876914286532,0.011611175000618144,0.029785659799990514,0.02816503377024512,0.013285370168751079,0.0009009892736022372,0.0025477357089382555,0.004890762902049831,0.0008021307895029732,0.0007387085408382037,0.0012647153397076518,0.00027106986032827425,0.001032384378232784,0.003206560071673861,0.003196819010968658,0.002977289413531351,0.003457519581720768,0.0036740356684047443,0.0052250057814435865,0.005662409219832293,0.006151984377246575,0.006090974265729832,0.007082988416796279,0.0007139201864812244,0.005159408379593708,0.014126934156678279,0.02153392247650825,0.025500893797724255,0.02954302058348894,0.042712492970619784,0.005087668945843168,0.006094692761656815,0.005171418588914602,0.005893866045903622,0.007797116328777041,0.0008960260607535757,0.0011756398134870674,0.0009469291128899245,0.0009614743509339245,0.0011251288872489984,0.002824219284589381,0.0038838584235885466,0.003173944081040005,0.0033609219784485936,0.004077315932227219,0.001913804283862737,0.0035379668738703195,0.004622700959447258,0.00885973062167181,0.01817698509039446,0.007612966903559583,0.005321794734311683,0.004357753035956554,0.004513718135339685,0.16965812239817812,0.9635000479858509,0.9635,1.0
47,0.0006110332200408762,0.0010734718789888083,0.004165471704545775,0.0023735256617840404,-5.9583478772589034e-05,0.004370738048165,0.0029021676870584203,0.0019553718782148563,0.0003249731849303923,0.0009562264742167349,0.0006667018685546556,0.001011989183039012,0.006760099520763241,0.0008109960650881162,0.0009492525493035462,0.001033765983350665,0.0008690706708626792,0.000938965062171471,0.0013470536147273979,0.0008375348794841092,0.0014135915187740353,0.0011976027350814452,0.00140051376602359,0.0013321888818482752,0.0011482795961543538,0.002838764148747559,0.0020154980929884413,0.002114699269399034,0.0011543003791772333,0.0011881017730896392,0.0009006579600081817,0.001293684345317375,0.0012409579431962852,0.0008261307813117046,0.0013928331864035367,0.0007103187642097538,0.0013950752863395963,0.001992708957600264,0.0014046444891707022,0.0012804506523047938,0.00231069871760914,0.0020608594776929663,0.0023000072426554714,0.00017581949979626995,0.00044616324894505345,0.00048219521982901403,0.0009883560217838034,0.0010590099519312117,0.000697418768421632,0.000749553268113065,0.0015185896078349912,0.0011065631940419835,0.0017034320891603201,0.001042658195488923,0.001039601623063391,0.0025297171146707632,0.0018581385400166617,0.001941369226555911,0.00021470480783809977,8.826424706455133e-05,0.00022676538752730967,4.279834335997543e-05,0.0006822246180640392,0.000942865016637692,0.00022398869587453228,0.0009051179196624096,0.0006460536024770637,0.0004126270316418241,0.001421052568730486,0.0013676303371355158,0.0008798871761689119,0.0024286084570709085,0.00288788846131037,0.002110912841946141,0.0020889065809500565,0.0025924724237924124,0.0014010379414757,0.004867218005941368,0.004757867392687756,0.003201373260336148,0.007265385620172234,0.006404011051866611,0.002417108352121943,0.00927958450250657,0.009644868983606938,0.007006059742064183,0.024629186820778626,0.02247330567328017,0.0012437078441921866,0.001840899426107274,0.001339262994632871,0.012808783099199346,0.0044699579196910005,0.0044462668468614715,0.004408349231801022,0.004080099213149798,0.0040148283607424435,0.005495688054610465,0.003763509655154493,0.003270277004067258,0.011819573147164504,0.012672028876156653,0.012561538868942929,0.0011580367327153531,0.001555449541815906,0.0009582127427590389,0.009473945951758059,0.0035105521134651454,0.0033478210348699927,0.003891739680422824,0.0034509691135173703,0.004028406672847942,0.012502734850670405,0.005653889583461418,0.006131845749792454,0.01853455733252916,0.02520096263088855,0.023610975813471914,0.00611858425955622,0.0005591176696365161,0.0025355489800739962,0.003768769648185092,0.0007627968503047966,0.0009626810089541694,0.001036414770429855,0.0008702135888197084,0.0014922303634583964,0.0026724266232547858,0.0025381769408557957,0.0017295152249448846,0.0020175462840706063,0.002380659221953421,0.004245376991480841,0.0036167289380408967,0.0028287252879600645,0.003977699883194897,0.0035849203251000486,0.0034691776795316796,0.005152267143895091,0.005888623948500626,0.009211456513029362,0.00984560182378369,0.010900187994190855,0.013537785994609329,0.003507447142167722,0.003295649481947481,0.0038854274333990145,0.0035352760644010816,0.0037200943657137416,0.000634014184285913,0.0011608260063290154,0.0008489752090167265,0.0013936847435383724,0.0016809305310921151,0.002963869155376125,0.002595114720751626,0.002326309719656095,0.0023807609231160814,0.0019932216517008017,-0.0001096055360617886,-0.00020780066575460128,4.538706032494309e-05,-0.0001373455943188728,-0.0005217086085828708,0.016179434526039746,0.0053461720460186235,0.029472589295893085,0.02874532246213361,0.16965812239817812,0.8110000278170012,0.811,1.0
48,0.004412783543657864,0.0024829690546536607,0.026657373918316383,0.0004713130471347608,0.0006876639497659306,0.0013815796254262286,0.0032249333615522392,0.0008654039009979666,0.0036030635556323454,0.0015557028210131125,0.0025484791963264045,0.0024732239858935114,0.004156322358836315,0.003450876767717362,0.0025208083050819213,0.00238015001484233,0.0027682994759212066,0.0028764214771527198,0.0025975790732696256,0.003635818749712392,0.0040085607372420725,0.004134200304782449,0.003799239628994339,0.0038813919779436615,0.004297758843001337,0.0050339347386409465,0.004574752420513431,0.004348522706755494,0.0011194117900400027,0.0013482603976886281,0.0014641287610333224,0.0018460412618526796,0.001781924369314058,0.0017752428657730648,0.0020841396078169322,0.0023041100133788343,0.002424271542348529,0.0031006636172489447,0.002532509377470021,0.00239748461386787,0.0038999838103986194,0.0028270446523862717,0.0029240971569797305,0.003095915457859924,0.00394962167589675,0.0038162560909023994,0.004046356272335147,0.0036206878982359345,0.0035754785915247988,0.0041165864215401545,0.0043025707985868385,0.004261772719830636,0.004692843012746242,0.004563084166560669,0.00420814772819625,0.005575869564497799,0.005530332485236609,0.005750804789207217,0.0007610827609326483,0.0008781248741850186,0.0006107923346057185,0.002936851361355003,0.0005338172692536862,0.0005878095331883046,0.003944939960838724,0.0009301427809509025,0.0008509748280773921,0.003677288557348721,0.0021640630919159674,0.0017790543559456189,0.005462174772941901,0.004902943880384649,0.004953183399773188,0.0016140006207567338,0.0012430975708063632,0.0013307870544774596,0.0005549834591183981,0.0032409483534529904,0.003080270403509799,0.0015683101391254376,0.004410438962562737,0.003784413292852894,0.002225000609008565,0.006455639250161458,0.005657067640766451,0.006622198489690361,0.021861074368340748,0.020920890455940477,0.0007150826873844203,0.0007567402690007953,0.0007212536070156111,0.0004898373116147256,0.0015271051760306685,0.002127436662238454,0.0010160744874516956,0.0019012881289928204,0.002669184980617868,0.00086101714180562,0.0035438859026338428,0.0043768127605907994,0.0026747099264455604,0.014656456425527107,0.013253670975223212,0.0035535890452708485,0.003516957884765341,0.0035196436942791644,0.0029893999190708483,0.006987817802269975,0.006867238293350621,0.003994163531333749,0.008765177580851722,0.008751609727600163,0.00489369853896679,0.012540859886776341,0.010392010022046844,0.010765801521824544,0.02757948849892049,0.026922037532184192,0.004011269421675185,0.0009690127238286408,0.0033791010714491537,0.0026435243209991122,0.0009210976792917581,0.0011624529010395008,0.0017528578046356327,0.001935320700213447,0.0026079761184949796,0.003396492621634277,0.0035422581881005472,0.004317356548788301,0.004565624442960493,0.005715808678084949,0.0031951768989121575,0.003459789113813909,0.0035438667542248645,0.004347707792069465,0.004627035318469292,0.0007226017922526084,0.0012274611632575468,0.004359717383241902,0.005805831105813049,0.00849538125849647,0.008753033256016026,0.011580469713202375,0.0026353991461971447,0.0034072628455289592,0.0028823187786653844,0.004046395976264269,0.004899407228833928,0.0009677067621390907,0.001589327065157451,0.0018199121218790033,0.0018604087598569103,0.0024036752276991617,0.00406192506945166,0.004039772432925555,0.00405170145131216,0.004990549281707503,0.005885010362794167,-4.609161656396832e-05,0.003930933170093105,0.0066834242254033,0.010162494190877967,0.02002285588335536,0.004183766498530418,0.003202029275601763,0.003481723487416039,0.003504495979413144,0.16965812239817812,0.8959999341795692,0.896,1.0
49,0.002542755612040593,0.020347087921086523,0.005608607441531641,0.0007206573420204639,0.0003669399969185978,0.0004110856279144714,0.0017102434912879278,0.0007107415997954782,0.0016981879131478144,0.007173472810727521,0.0024460737799722387,0.00236011317632293,0.0036666262933917064,0.0021630884276965553,0.002483451787698001,0.0025327698196789122,0.003131452680155985,0.003387828425013898,0.0031293315523767237,0.0035818938946743937,0.003071781611934705,0.0030199281655479073,0.004348533788725668,0.002798487553772011,0.0028754969167015614,0.003484161469432004,0.003949980899466777,0.004201114719523996,0.007342556883759189,0.007964384492967592,0.006589287210152814,0.010184292786984064,0.009567316845875386,0.00896745727781559,0.011501790441990891,0.010227174276566407,0.009824584846924157,0.013646150239516297,0.013541989144259416,0.011052869194712184,0.016713478499725206,0.01802690871268844,0.01682015904110744,0.0013874804559977296,0.0015164153905563927,0.0014133965146025662,0.002008653886774382,0.0014781966705664203,0.0017411331687004587,0.0017163732875314327,0.0021306919372736564,0.0021454553535721487,0.0020622526893920704,0.00211779254642876,0.002167302336566905,0.0032365650857001218,0.0030428644305419412,0.0031376174244028446,0.0008061817899344547,0.00053144389454685,0.0005190170421976396,0.00041173651708721555,0.0010054725209099654,0.0012055649691011946,0.0006050843948723392,0.000988443792359591,0.0009395059547921223,0.0003484959343706329,0.0010831609540233127,0.0009159721128996956,0.0007043527057708379,0.001735011878488862,0.0015075257617239437,0.0012448014403861358,0.0011787564385230666,0.0011701066265324995,0.0012651533911810094,0.003906512182979636,0.004020966206285469,0.0025333222579891164,0.006182212455028861,0.0046439800542854865,0.002834809914005644,0.006819356916387325,0.0066634703155594764,0.004904055993134726,0.018405448189237103,0.016115679498620927,0.0001157478957930728,0.00010716319021607458,4.723047110838316e-05,0.0014800191527716401,0.0008923232967837593,0.0010530550167485498,0.0010518225364189691,0.0015472515803931779,0.0019189361828951719,0.0006197937260198796,0.002388190241820812,0.002336588407964569,0.0026276045705495993,0.00796513083139471,0.006762856270127921,0.003061536801426069,0.0031101951032689087,0.0035073419264926077,0.003062646471323136,0.007605404616068734,0.007965011822091394,0.004476430205138159,0.009215060496027095,0.009970398348708552,0.00604454030580332,0.012974274561328164,0.01157429459641019,0.010245194009020946,0.027438787131530938,0.026029884900693984,0.011952845368187371,0.001645857254914687,0.00178668276880551,0.0022419993651236446,0.0016106680576472062,0.00232383454465703,0.002459778422788228,0.0025315062949103073,0.003613026442398676,0.0020242598591063655,0.0020328698793972994,0.0018178792830801569,0.002246140244934848,0.0015034796760811128,0.0022676789295801767,0.002463722183776001,0.0024052141359420785,0.00285004165591702,0.0030045735400452975,0.001649080339256232,0.020498012656565007,0.009911434170436294,0.01469311655583265,0.018243979070966306,0.02095597489941517,0.030819401758971424,0.0021246230015645098,0.0025629273649199298,0.0027764314756157215,0.00253886961925424,0.00270458727421784,0.0017683184931575587,0.0017152370237438095,0.001698766977342597,0.0022058873069230305,0.0036474320302922105,0.0024350556609457736,0.0014682680307346692,0.0019594940112891445,0.0014439088066623145,0.0016075420733832311,-8.289176353583627e-05,5.283725492881669e-05,9.758525998714777e-05,2.9069511387616734e-05,0.0023542279538212494,0.0021110172942106374,0.002312733189830506,0.00366409723805693,0.0030079455613034435,0.16965812239817812,0.9589999529687149,0.959,1.0
50,0.0018808137978788386,0.012082776452833843,0.014290518261467725,0.0006550221498883932,9.893754107433645e-05,0.000702168489495692,0.0020073736884208783,0.0006235580407387539,0.0024654369413122934,0.0012117208524577957,0.0037140101286344145,0.0034566950641611734,0.0029655011157817494,0.003903035327309809,0.004312845044701098,0.003973281368287977,0.005327822731024832,0.005287109149054531,0.004358331508758405,0.005404347094698826,0.005198876955551866,0.005323566287129841,0.006469114125402654,0.0049452653380260905,0.004968048836698808,0.008087259702932273,0.00539715132709035,0.005955440433923003,0.0007630569387977083,0.0006738398894273857,0.0011929984481886839,0.0017335629747825374,0.0005495805477099036,0.001098537853136061,0.001526762836232127,0.0008806139702896143,0.0010211362213479983,0.0022124180737617665,0.0009825298246944679,0.0013290368301037362,0.0027998665016893123,0.002384502669036571,0.002640164297315219,0.0021093597816943966,0.0026424089680917827,0.0025547050047300536,0.0036631180857758473,0.0032949742525409,0.0025509211856705877,0.00351271956515053,0.0031273764733544744,0.0029064907767939506,0.004772716757644302,0.003669840692585074,0.003160007157200568,0.006353218507259414,0.003712033686529177,0.004002031109002075,0.0007172675608669227,0.0006337003897076259,0.0006513446739887569,0.0002639966215011682,0.0010776879117157367,0.0011124277233078954,0.0003202158916118516,0.0009462317068936785,0.0005918389322995253,0.0004791861690982215,0.001262538156535904,0.001107245153538155,0.0010033980818116655,0.0011193045822897466,0.0014071265546354327,0.001235377673838684,0.0012437406029640306,0.0009170959858892998,0.0007636602441658985,0.00420654323789802,0.004071418309670371,0.0018578820886181431,0.00479111462944859,0.004591953419841023,0.0018621281762268614,0.005576509007727409,0.006274871977337556,0.004602357136793409,0.023349933307357497,0.022436186423781146,0.0005987016259556514,0.0008634749564571286,0.0006947699556951552,0.0004816571268819371,0.002400720189495648,0.0021671057357087156,0.001531033641296267,0.0028674774570844642,0.0028930085611613976,0.0013799198514827594,0.003911498802802902,0.004126854858044222,0.004337255637378172,0.012555621448260728,0.011396601145252016,0.0024987466805661517,0.003306329760391591,0.0032376732566493614,0.002841487026670064,0.009019182779861074,0.008621949151405888,0.004273830602646768,0.009179555334986,0.009271505592142678,0.005658875244602992,0.011889387598108897,0.010481044623460653,0.011561093111419698,0.02859180721713671,0.028826012453679425,0.0019367328749614304,0.002276929965520721,0.0030169137787063116,0.0035214804107413663,0.0024878748675617895,0.0015834081591365968,0.0016930888587017904,0.002062044928649116,0.0036417882233919655,0.0018589091527658071,0.0027389197073814345,0.002774503680936254,0.0028850643955089265,0.0031965310887858704,0.003958168055336059,0.004057500982418205,0.00462493775908366,0.005309341069036179,0.004877377915438086,0.000850851036680551,0.001312571534088451,0.0028421155117752464,0.0042825171303940745,0.004273015218784357,0.005330359850006325,0.005851341457313458,0.0038270081926883494,0.004416278290438642,0.00481256131708612,0.0049735513431540136,0.005183598899482287,0.0019630983483944608,0.0017815068444525482,0.001709520739329143,0.0022804467693538803,0.003934265574127946,0.001970387487446497,0.0035316446474387146,0.0035468904824099154,0.0032943633169030383,0.003631259281043857,0.0001351117895488582,0.002488895994012261,0.0033570728679161283,0.0013442208836815393,0.014365483131139358,-0.00012833100865130374,0.0028360233208637583,0.0018159123482160554,0.0017021738562136048,0.16965812239817812,0.8325003761212899,0.8325,1.0
51,0.0014651088081122342,0.0015542149411352185,0.013239867288903405,0.0012717748039932782,0.000731446715549705,0.00041378861819864923,0.0009999480152110961,0.0011508573193826934,0.0012012062042382058,0.0016039268765165597,0.0016647239707033698,0.0020417296625883214,0.0024680677815328905,0.0024063000806127093,0.0020297886149096256,0.0019157002689343839,0.0015354046230561743,0.0016225684441253945,0.0013700412396621565,0.0019018343777401758,0.001812976200706785,0.0017769264238581208,0.0020119323754982945,0.002387395724369025,0.0017207422566194504,0.002881464700357214,0.002240239686903267,0.0027939943555042234,0.0009846485845270744,0.0010934783061617073,0.0008601922020582451,0.0016722763642846496,0.0015191036137344588,0.0014223162884626679,0.0023537847806775155,0.001973520274715479,0.001818500030133306,0.0032542731610548967,0.002241746238871303,0.0020847149135458727,0.0019125659302859706,0.001964003704567608,0.002096882432615126,0.0014121219866473943,0.0015283783881085815,0.0010423801113662533,0.0020540671780016687,0.0010553854792674908,0.0012431941971998716,0.0014807789511240871,0.001395070962902896,0.0015976237576099765,0.002355659433257041,0.001607055130328233,0.0016665404810077935,0.0024935332594020598,0.0020288221275800793,0.002929791168131117,0.00020147409302110746,0.00028587403276141693,0.00032749300112357274,0.001468609167556917,0.0012788519545104847,0.0013451182023756982,0.0013991929317288263,0.0009343550119619845,0.0005092509271733194,0.000817699651941877,0.0016976489740257348,0.001805034172523417,0.0020197814313510642,0.006867940360283835,0.00614816390216863,0.0009327088011158359,0.0005657923362692201,0.0013028817007046606,0.00302598374523087,0.0034179331614751546,0.002242406428784074,0.0027363964308209066,0.0035198269668926477,0.0033698236922920658,0.004107072810049523,0.005964500101793252,0.006029898759368969,0.008170827164935597,0.009213113669270644,0.00911548866304828,0.0010153107284707845,0.0013587299982135556,0.001537411315117403,0.0011575216070903351,0.003083623722998201,0.0034801279892920293,0.0025552217340463527,0.0037473028206884804,0.003859470269864995,0.0016240639023481433,0.006910674915531388,0.006510473014248342,0.0065426845278196205,0.03004526186362221,0.02836407288217923,0.001722882061668448,0.0015049948845528229,0.001871354179423259,0.001790820467558038,0.002034738330794315,0.0019526279197576526,0.0019117920931477448,0.0025943541708806426,0.002472390202892861,0.0028790472568731447,0.004175977331276416,0.004325039739471408,0.0070757667526334935,0.01275018601605506,0.013416767267140767,0.00855554561214556,0.007252986213893486,0.0031392542640645716,0.0037915185062496405,0.010617508757349793,0.015402857714658004,0.014569834451258595,0.010418084813820595,0.006548996638474708,0.00283444198657195,0.00274811827737071,0.0029555046925505927,0.0029550600762244896,0.0036122040756480095,0.0039843616418289195,0.0038079218384576667,0.0039653525085974585,0.004899494216895953,0.0049273752848096215,0.0027680645852270953,0.0032228969458644235,0.006173020825584102,0.006309518670245998,0.008720336406095573,0.012864329842628381,0.028928505858064116,0.004931014663699795,0.0038007895823138557,0.00470427506173518,0.0046909193659294066,0.005051359199667625,0.008504764951408368,0.013004607438548196,0.013614241500408937,0.010313166368036185,0.006917856143602289,0.0026812367331629943,0.0027682533290742015,0.002989250311500213,0.0033415178993379505,0.003793501204330313,0.0033368080299476482,-0.0004759167080313319,0.00013179841680590546,0.000123632168917074,-0.0008176843369138729,0.020581803412081344,0.007522708068466746,0.004816767108116956,0.005093888958349907,0.16965812239817812,0.8554999880020235,0.8555,1.0
52,0.0029595450199964087,0.0054910598730183325,0.007515212259535213,0.004527422626995631,0.0042269858797674646,0.0025289182282875167,0.002105340657064819,0.002727315689618724,0.0027005484814644517,0.004394047017358539,0.0032266324640546603,0.003260374273824724,0.0009569547742336592,0.004068634244958492,0.0028107279628115885,0.0036276303249356207,0.004141089253861376,0.00410008614873174,0.003018152984675617,0.005131635745923459,0.003038150236669346,0.0026995477582375787,0.005398472130119498,0.0028930349047846696,0.0026346060753102926,0.0036694376387796813,0.003816023536713474,0.004010388014079822,0.00310351143458846,0.003839551879836832,0.0036098147570501316,0.0032005356311279837,0.004178644518951927,0.003773420664956926,0.0037856146158236517,0.003532530071587251,0.0033910304701308103,0.004593390344556966,0.003256917599433709,0.003145176468064577,0.00910543059537401,0.006477777459361624,0.007796237309558797,0.003121686329697273,0.0018628338870745878,0.0024789604279527567,0.0034532346532023506,0.00264367648971765,0.0032160462184189697,0.003895596353920906,0.0021122709589169544,0.0024023900459715485,0.004338325803358668,0.0022042726172448023,0.002322429230273074,0.002561198331534273,0.003096277176714088,0.0025414303066168633,0.004052046037849329,0.004258596900553746,0.0038940143788311226,0.0030595400404413347,0.0038575897264542755,0.0034972069287783998,0.00445413312519226,0.004102734523999592,0.0037309873400083577,0.007578623372540023,0.0034256742111710824,0.002637040582525693,0.007419668831913668,0.0038703419502679956,0.003118102632320145,0.0023873499433475303,0.003052068985659233,0.002723721202280024,0.004859946540849891,0.003391454792296338,0.004408214493023438,0.006365066473612931,0.0034133942847624317,0.003974052272238134,0.007210519993662066,0.0022824981035940903,0.0021706553928268818,0.005250393824644451,-0.0052531812511651624,-0.002696558355194166,0.0019232574090756564,0.0021901094550328126,0.001907135067281054,0.004509024116326129,0.0034251279673355815,0.002927528568674641,0.005972425230511415,0.003561714627387725,0.0025856155550319066,0.0062379672857783295,0.0025274307311042754,0.0027171076792852317,0.008072317290980159,0.0016306592313766642,0.0009294342971203031,0.00030393661904843213,0.00029005818906504714,-5.371070676222917e-05,0.005635305145466759,-0.0012722567990615002,-0.0005294724142242212,0.0029209471868430897,-0.0017340374165977172,-0.0031391028194360125,0.004136740753720166,-0.003352322280073417,-0.0023577810372045144,0.0001974101309979813,-0.008595640307533677,-0.008981838862162014,-0.0004365037106417348,0.0023427757083967007,0.0030263892589880133,0.005090867068175149,0.0011392159360422544,0.0025077580588217466,0.0023246366947025127,0.004093906627825837,0.003674356881610527,0.003112666623859783,0.002043035745529099,0.0022844292237662323,0.002711004129250282,0.005655618646800901,0.004250535391510606,0.0033365361608809862,0.00402057461269154,0.005479139354582956,0.008479541712236858,0.002769899442292045,0.0020291133047682587,-0.00024290898348455127,0.0002398098046598968,-0.0014870277098211811,-0.001771457824659021,-0.0028562513308385434,0.00446999046589685,0.004044810706507871,0.004149437778517769,0.004742408341878634,0.00765613227075311,0.0011359921271176883,0.0019873757604560133,0.00219135822734028,0.0023512531199414485,0.002400900869246769,0.0024176446928812884,0.0018009829200267204,0.0018537353236822171,0.003337741462423149,0.005983870978295809,0.0016268404989825903,0.0020462969824723825,0.002008790493812898,0.003573116878142904,0.005302107571090295,0.0011432860728582434,0.0018533700488966918,0.0021810459351491907,0.0020515417474912365,0.16965812239817812,0.6575849885304914,0.6575,1.0
53,0.006730192918556859,0.01752287561034406,-2.664812628903526e-06,0.0005329785136158384,8.803828093503867e-05,0.001396950198206265,0.00111740563175012,0.0006833658552589626,0.004184264273617433,0.002023265330991749,0.006799166194529794,0.00692281892673934,0.004375504438073887,0.005539057346375896,0.006050531918948022,0.005835808550279048,0.006196566529128017,0.006136139185001767,0.006624949901167444,0.005399397433959372,0.006469233478990942,0.006230808959612095,0.006027278370199007,0.0059670457687193475,0.006068977968012355,0.006246021981324447,0.00778839712753221,0.006671598472532346,0.0017303672646944211,0.0015723865657252052,0.0016221485987784462,0.001610219850035194,0.002713205983776841,0.0022625815225348163,0.002078922082689233,0.0029190188996147315,0.0023173998401713664,0.0020376776356184094,0.0030992478988933715,0.0031089118225989753,0.0028414174969994105,0.0037728271629476353,0.0038435161889098005,0.003165156588388689,0.0031519547660758046,0.003396691365432909,0.003333926397240978,0.003152058403874745,0.0036073144324777814,0.004799606952738815,0.004102652372209387,0.0034198131555324474,0.004087600266245525,0.004412248579825722,0.0036830906398132644,0.004409666586702132,0.00567057448214355,0.004700493253732736,4.088031301454226e-06,0.00013456153750118966,-1.538809889740361e-05,0.0002266453519931394,0.0006321248276731398,0.0006072537349549925,0.00039146224330040264,0.00019698336993327926,0.0006261958677038697,0.0002630650683363578,-6.739549621921504e-05,0.00022315153037273278,0.0006691911779519648,0.0017766984171412837,0.001380758332312078,0.001379560526322875,0.0011198919769138745,0.00101707022471735,0.0005778712789850142,0.0027365348840771137,0.0022591115707681067,0.0014700205173765544,0.004910283473089494,0.0036034255901453826,0.002023613033720064,0.005271718815717206,0.004624800606377753,0.002626418343458281,0.012841075812734196,0.011365165521355493,0.0006234777803416874,0.0008642309540357917,0.000846266104285019,0.0011866745732192683,0.0023412060654208608,0.0025661784279661175,0.001292927501967593,0.0028382511045015584,0.0024920357118132187,0.00041987999775486723,0.003394683583867946,0.0037768895625958344,0.0020379969454776083,0.009807829928658338,0.009501623440482278,0.0037013790266041194,0.0036444307210271266,0.0038255685962117875,0.0027905485358704213,0.005726683701752247,0.0055621324101324705,0.003913186175525651,0.007173566029182851,0.00796185784950939,0.004933717010770681,0.011389767808286686,0.00971872136858673,0.008104691740914082,0.022363027703768107,0.021888652135225114,0.015043997508212087,0.0018789061237691306,0.005350306317055149,0.0047892460394509525,0.0017862760735178947,0.002759419894493023,0.0030903574446993843,0.0024369415030178077,0.003508581799695524,0.00577255721139058,0.005307305356563622,0.0069546590032314014,0.008294503125703408,0.008309885910288889,0.0034983278887711646,0.005122223640749178,0.0032673729524712743,0.0036961247961858224,0.004289714659840425,0.0008163675399368328,0.001748993994949044,0.013330518399353558,0.012779398077378896,0.01487684921689077,0.01824432530422503,0.028514248008152433,0.004168256750105151,0.004214417673067182,0.00473338397079431,0.004795931843552144,0.0043580276157169275,0.0016558422310329046,0.0022227509401657702,0.0025693795037030264,0.003192089803746707,0.0031524394318500014,0.005328466701445699,0.007585944504703713,0.0053267021144917225,0.006323454730554273,0.008532049311045516,0.0021471341813761534,0.003909846167351861,0.004431476755136555,0.004869404246462558,0.005230476747933984,0.0018066044503369761,0.0010487277670173133,0.003022792231622424,0.002436146647035682,0.16965812239817812,0.9259999884834885,0.926,1.0
54,-9.267120574080164e-05,0.004641335834833788,0.005551423063646929,0.0013688614445026182,0.00015894936130156766,0.0021669531213782582,0.003511211535546831,0.002597873524889955,0.0005983980029354333,0.0013929092918960762,0.002163103286942418,0.0016593044796146487,0.0041375948960110645,0.001639768976430823,0.001419401711353401,0.002136916980874707,0.0016927627561988928,0.002111538047891235,0.00209375632386526,0.002402655288815929,0.002113270978910682,0.002085436094139104,0.0027037319466359645,0.002336258720644932,0.0012591974793361973,0.002787005769770423,0.002671573317630828,0.002294070944915715,0.0017674223801950476,0.0006628873601824041,0.0014418782568222138,0.0009092444707020428,0.0010516167260540968,0.0012095239112150985,0.0008990974421309385,0.0010435461136881596,0.0006826158146897086,0.0012055746561498671,0.0010329964068834078,0.0011401832925879408,0.0032152527151823517,0.0015448773406813233,0.0020146606048420425,0.0008559032003623243,0.001054235866376693,0.001174457049431861,0.0009444070222847578,0.000999770869054709,0.0009374129974980899,0.001097944632827385,0.0006718394793069467,0.0006389980444825816,0.001027825056682591,0.0006522029615270647,0.0007983713309957871,0.0014365144081780752,0.0009615282221304231,0.0014811792690524101,0.00036284325101587823,0.0002614966595792073,0.00024157370536646722,0.0011980479580097135,0.001608826116524299,0.00166641882827147,0.00027228976639938275,0.001276847157662051,0.0009062006908448682,9.979206809617258e-05,0.0009085419735076388,0.0006067592669693295,0.0004114418663869338,0.0015214486050901604,0.002291050588447019,0.002222554649149657,0.002621633177301156,0.0028395413661204197,0.0015811988505145197,0.0037286924305020594,0.0037261935686725045,0.0018171073673955063,0.0061016473243108256,0.00454225414003652,0.0032552435796484205,0.007146656424868493,0.007932364336701275,0.011771419291061137,0.02632194042937891,0.02615744165391664,0.0014404688696243487,0.0012839641290823985,0.0017497701465221853,0.0018181571787109498,0.0014683241828218209,0.002146746537066589,0.002844338705187303,0.0019306388723592312,0.002224137880317902,0.0029693001080503454,0.0033793220904039982,0.004108031200825529,0.005494409930553882,0.008792665791740255,0.009412059838634822,0.0034543485284185714,0.003962490435033751,0.003025550616625701,0.005641645644450876,0.006474353770589986,0.006442947086007456,0.0040694065625745904,0.008726496073779401,0.007517700546436726,0.004561698379381533,0.010262570633429453,0.007704203920922039,0.009729577923295017,0.022944067013591113,0.021059320993428002,0.004606758000565854,0.0008404093528251262,0.0025720036910664946,0.000752495040170295,0.0008787408596000995,0.002680442796577871,0.002540101219173544,0.003307114467967554,0.007935860062285345,0.0023231890369727103,0.0023982899078228708,0.00206158895176555,0.0021067278275981993,0.0025880932351896343,0.0012129584861089813,0.0011320380891541243,0.001871417263317773,0.001070613173379556,0.0011649473599775438,0.0020003487920498267,0.0028138846093632625,0.0036511624312891167,0.004196782006389998,0.006690759797970112,0.006467683125182023,0.012697452758945514,0.000390546247578916,0.0014796793636904005,0.0008443796610571858,0.0005577933122696527,0.0005015526139298935,0.0013824383266353927,0.0023401292243717077,0.0031643466583148937,0.004147550227964362,0.007609854440916731,0.00230212198181049,0.0023510096075404336,0.0021062420681720096,0.0024266165304580017,0.0024440665016545625,0.004477506389363728,0.0009913281807190206,0.000540012366178749,0.0006052997921026168,0.00186998962660114,0.008960647035600004,0.005491852859264142,0.007339360334327584,0.007760707704874535,0.16965812239817812,0.7224997563552686,0.7225,1.0
55,0.005004104231211582,0.006570560801772358,0.012907679883063449,0.0007295934759318748,0.00022910621270526573,0.0012328615812747458,0.001513285199004456,0.0006252050732547498,0.003908347639776121,0.001449475318299477,0.0032700102366803657,0.002731408067209259,0.0034863701308982865,0.0025920111172529027,0.0029604333656570252,0.002296263021642606,0.003195920645471732,0.003774962206349069,0.003630069055129907,0.004253330146331389,0.004588220085966006,0.003908929955237098,0.004364385960382612,0.004910426743544017,0.004374566682067678,0.005483918038189532,0.00493867331666875,0.005662743139681045,0.0010722241634649507,0.0010343873719035205,0.001233902156232361,0.0012997375324843234,0.002029238535354003,0.0020247256794967408,0.0027822268904973166,0.001972794105694647,0.00261065739727541,0.0030076025866354102,0.0021542625749112936,0.0023373166860214973,0.003120957403288072,0.0028811605450040235,0.0035089492084393265,0.0029541770152058267,0.0024890925651197206,0.003370873456611097,0.0035709263360088057,0.004423772519967295,0.004478142990140405,0.004516786307886804,0.004750122825109282,0.004839842426101805,0.005207136310561379,0.005639925041518984,0.00522878757245946,0.008625710803929175,0.00690446645612828,0.007446439096708793,0.0005467178097895647,0.0005890595555299271,0.000644535664831851,0.00023509149012397416,0.000445991426201347,0.000923434059336521,0.0003423676382800451,0.0009655007883203462,0.0009494705091476893,0.0005102512219421505,0.001022168543214768,0.0011734047722418565,0.0014957502864319328,0.002482644351886151,0.002543605038506186,0.0009850328839567841,0.0009962372543059267,0.0007949651702976914,0.0007012004064258654,0.0037652949666227152,0.003856808106643666,0.001262195900706982,0.005298317100730179,0.004475716475102713,0.0016831743051736077,0.006082620144190464,0.005826255944879562,0.004660483359498779,0.020127438038051924,0.018305549723957988,0.001025859201316168,0.0011538171173004516,0.0011617592246275597,0.0008744854685617939,0.002647378675012617,0.002531886630772175,0.0016356521917872775,0.003328687285655064,0.0036585292385808554,0.0013229577882422254,0.005312186087804414,0.005590865951452835,0.002980963517808739,0.017242856289729554,0.01647690131634121,0.0028365009625600872,0.003396334659093714,0.0037092652374107913,0.003567103203417764,0.007421830023879523,0.007303394702813284,0.004451732545939387,0.008602701560350949,0.009455694543825267,0.006408080815049071,0.013652580497105514,0.012918736593028099,0.013279899620210743,0.03447622654165869,0.0343567493605303,0.004866875250556441,0.0020439117945623125,0.003697982599481393,0.0029986671235695816,0.0016724860991162542,0.0008157321011195108,0.0010233448753958182,0.0012202973364413344,0.0027275608391938077,0.003585806371222992,0.0030472168834368065,0.003939149559099359,0.004574413686771064,0.005400220425298061,0.003445907999587268,0.003738603334653564,0.004134647599275883,0.005039387723951137,0.005146490209434471,0.000849690163769008,0.001204570792440879,0.00569873578939051,0.007587391646136954,0.009789690034609319,0.009909832143099921,0.01424485920910996,0.0031653827889714884,0.002950518827107286,0.003259558367373963,0.004457901613008769,0.005620116641865186,0.0016873970631384177,0.0008676910811474812,0.0013998583890478613,0.001340378601873724,0.0029931800634914506,0.004037690697617286,0.004029107320836185,0.004331345653146476,0.0038282081787335835,0.005522422874445492,0.0005590915304292515,8.206228155976322e-05,0.0006113520374049773,0.00014725791136908787,0.001246957293637451,0.007054374029318692,0.009393286829485297,0.005575281372112347,0.00519592595511436,0.16965812239817812,0.9000000470701461,0.9,1.0
56,0.001262521899712663,0.002592771210468654,0.0033472316809873225,0.0004139897903939796,2.2563024610741156e-05,0.0027467204528816894,0.006340844267993802,0.0015649613711836072,0.0020651336208425716,0.0015773201941464885,0.0016663394276600317,0.001903812863930445,0.0029170502922666965,0.0016385161030422262,0.0017782373873924202,0.0017942552755402473,0.001876594428195101,0.0017799279244319654,0.00170623674642382,0.0024943449264056804,0.0016503992651327865,0.0014130831980319369,0.001849926970975719,0.0019015361523868272,0.0018897969376091084,0.0023233815049652703,0.0025376250504583944,0.002169881229577381,0.0013350807816511687,0.0019483587577542834,0.0011544896072080593,0.002191174557807167,0.0014556285524973595,0.001469822412803324,0.002074316733731782,0.002072852324532576,0.0022832044165705997,0.002440094777523209,0.0020429624713021043,0.0016167390542850609,0.0024709189153435704,0.002211769191539755,0.0026633476666423506,0.0017310170137687269,0.0017978556227211096,0.001582668607054794,0.0013082390685962674,0.0016448530087669858,0.0014530320214337258,0.0015730427877058892,0.0012836327079934163,0.0015831025895890012,0.0017339794761081222,0.0016048498109700441,0.0017303909863158155,0.0021141223677011785,0.0021164638092462202,0.0017393509980955647,0.00035545690407489744,-9.913055168264493e-05,0.00044063243756066564,0.003914532584300324,0.00348834653782888,0.0036035874192069527,0.0025057878190008604,0.002934929528467871,0.003362730272180586,0.0005418784827520088,0.0029338672870368957,0.0029710907040717974,0.003379555856201951,0.0020881732500542434,0.00269932933982281,0.002071231063329289,0.00185570349572438,0.0014416783317071527,0.001755837318494004,0.007571158741365638,0.007515632247014142,0.004680962383650235,0.011379692189191874,0.010300028159469692,0.005549238044251822,0.015956341455527368,0.014583539766025536,0.01198711828121761,0.03713975942388265,0.03348056557110786,0.0005516860218527871,0.00047378969259690324,0.0004609984039493902,0.0013705366148882268,0.0012553388003734242,0.0010581231311031522,0.002220016121782677,0.001854549706492279,0.0014111107339843108,0.0028794341774772757,0.0020467918878685296,0.0016641873186322477,0.004605966821147964,0.0022302274623196964,0.0026129842151119994,0.000839697520519441,0.0009681466078649794,0.001055095118151545,0.0014064020333607156,0.001861344448985381,0.001822941820472466,0.0013211094343290215,0.0030160211044877707,0.003042317491246734,0.002282961017375473,0.0022096668579365954,0.004183958880962976,0.004427527139619261,0.011556017032460246,0.010752608385083911,0.007106696191212273,0.009900924989209057,0.003447296757042861,0.003136371840663765,0.013765129063051815,0.015629829108873613,0.015337505688581155,0.015683101335131844,0.01769659541037315,0.002874678727495589,0.003954987277531079,0.0037377967541625833,0.0037146346065455543,0.004073671796687059,0.002920842098557179,0.004469557294879197,0.0033893712408485,0.0049024087453517886,0.005848711533879008,0.00031816716253620423,0.004200902041124233,0.004834873268729283,0.005921285193065674,0.006774732119410716,0.010414479333210236,0.024724069543733573,0.0028813831559953177,0.0036633411316895057,0.0038014071049030777,0.004717341088006316,0.005822222025742859,0.014292257049147437,0.0147953847232882,0.01566151659522235,0.015610719244512584,0.01838809824228943,0.002877238786173519,0.0035998452940825404,0.0032231293399040384,0.005073131962895004,0.004142420373613462,0.0007747706550599002,-0.00027348419414144706,-0.0003725099125774314,0.0016177232743983289,0.00317332945953179,0.001417674199593403,0.005505022752565278,0.0015501042988539022,0.002138019295327328,0.16965812239817812,0.8940000021063236,0.894,1.0
57,0.004062761694713044,0.007763074025802493,0.005320014539591432,0.0018540071390483143,0.0013553948342967114,0.002446326331274958,0.0008735051391157269,0.002282294457602675,0.002900477450603193,0.005122640496758874,0.0031343664099578684,0.003847013601617084,0.0001669896516304901,0.0032970293952050925,0.00292307832706322,0.0027392862441542667,0.0021025395611811515,0.0024213373988646878,0.001970154168661384,0.0021560719058233133,0.001988783118046745,0.0020891305105304094,0.002418477875792191,0.0023112814632631944,0.0021137018264912313,0.003939154598966841,0.003298925025446446,0.003969861297170114,0.0050899529007034285,0.004864513309935015,0.004384643801674751,0.005129456488786722,0.005618407703986451,0.004723499678243896,0.006891074156434698,0.004757651651327647,0.007008378801378909,0.006907265785021328,0.005993858028913358,0.006249761903860837,0.00814076393047664,0.008117612391190425,0.007919308372151851,0.0021810414457329114,0.0017897542149391571,0.0020870576831455248,0.0013663406345850537,0.0016259148260072214,0.001556597724723198,0.0014374628011051382,0.0015623905389116448,0.001783523443426873,0.0014562016515853482,0.0016564427962621603,0.001779227742456562,0.0050280931926717344,0.0034800708692509998,0.0027665946087278566,0.0018628810015417188,0.0022013486319310016,0.0017562079633391208,0.0031130571292290444,0.0043189803392886935,0.0035824423086727657,0.005189656196404309,0.0057050027238310435,0.004248489120676488,0.004096127561914098,0.004310127592738621,0.004263377631062555,0.010437613858157965,0.006728482733894708,0.006727088994059567,0.0027255343364897665,0.0030258628477991033,0.002901182249793734,0.00607511335220004,0.002141213152172601,0.0022145994587304645,0.005773981818268279,0.00023294726228510784,0.0007537260028094615,0.005661726371775701,0.00010146233957113254,0.00024799467295013667,0.009872866810179643,-1.9764309094878696e-05,0.0008083110130846078,0.0020519223679861943,0.0016185392221230587,0.0017612238328125274,0.004461814157761679,0.0037139266720630157,0.0037895622007498254,0.005310551785496239,0.0038224484723048354,0.0030949186161846835,0.006717280142329965,0.002243196065218263,0.003422988752030805,0.008946038333756089,0.0037439756227518185,0.004257886264636594,0.0006773528445040372,0.0010034344779287462,0.0005148171304310747,0.0032147259721440327,-0.0020761479725329565,-0.0013199959301663062,0.002427702083816297,-0.002140952483094674,-0.0023163319091310595,0.0031696290007282185,-0.0030211283458536306,-0.0016833646867055274,0.0029276958710703596,-0.00479276349968675,-0.0032910115223390483,-5.445919771590899e-05,0.002928061223210162,0.004819303782676785,0.008166124308184294,0.001702120328351731,0.002726701803895441,0.0036258773873246376,0.003325058582499237,0.003538236042852325,0.003920808807338031,0.002322725910264627,0.0030456484584541438,0.003146015729367387,0.004816277960627456,0.006587045879951721,0.004529931471240957,0.004457629985256887,0.00363660553054677,0.005170509371343394,0.001675205822965619,0.00224394592616408,-0.00023303394982742838,1.1033903537251609e-05,-0.0010002862400712881,-0.0006851820151540997,-0.0027908682019534524,0.006824743192140725,0.0037772251773904356,0.0030416336085228087,0.0038246029657556194,0.0061815046400849364,0.0023503199364843397,0.0027303150307795196,0.003612404326138531,0.003404415990603614,0.0034718390867125117,0.0033105002000343303,0.002323035898363964,0.0021749573964925904,0.0028262103319615277,0.0047927271048875,0.000860877260093617,0.005212817752391136,0.0007918951333776928,0.001807059130460345,0.0021989176554304706,0.0011658237490821408,0.0015944483485333797,0.0027167815952832933,0.0021840731479792577,0.16965812239817812,0.6819964059398581,0.682,1.0
58,0.001181255899326944,0.003715850786610768,0.0007568762981086337,0.0016286822046968977,0.0004006940709555742,0.0010627720906911712,0.002719940758406266,0.0014536507496988467,0.0013230236840565193,0.00345545478077118,0.0029694031770105414,0.0030592470444216484,0.0003536666236752562,0.0029866931831888095,0.003228654287574213,0.0033563124884439127,0.0030581933391599656,0.0032055121956557926,0.001956558016299764,0.0034678142975980058,0.002704649291375376,0.0027310098458483006,0.002788412706457753,0.0027466138238050387,0.0026455900302636308,0.0037102952930858774,0.0030032305363701974,0.0028451198556901053,0.0029019362740199633,0.00274752873269299,0.0027545001660867507,0.0023374980926851377,0.0023504748291485775,0.0015585105546842021,0.0016986446488103085,0.0019857669346278585,0.002083569722167082,0.0019268547301976011,0.0025771290336469906,0.002260569576597608,0.0029330127034339283,0.003482880105663358,0.0030881099056890783,0.001452181186234984,0.0012765046370885507,0.0016613683298500196,0.0017054729991848368,0.0012129524451745298,0.0014129096607667202,0.0016397906641849825,0.001641284605392566,0.0015086082340867715,0.0017781257785357914,0.0018842658928824585,0.0022495813416113296,0.002922242955192152,0.002579091455654472,0.003264659203937924,0.0009155679046663856,0.0009949431527770099,0.0009545855281711823,0.0010552274679859282,0.0023090234217665474,0.002798987630627211,0.0016209418949247737,0.0039016964596086936,0.0038575393386361856,0.0022300004338719763,0.0052047793058207885,0.004811522625752362,0.007370154705898582,0.016520555362537267,0.01682291526183088,0.0014481185313337066,0.0014280508413588092,0.0015571942908375264,0.0026200759514931884,0.006080423058601398,0.0056285966645188154,0.004741915482778661,0.009743056901621087,0.008083834945901723,0.00485585500704827,0.010405454692999336,0.011374482653449062,0.00917338255439475,0.021485331693835933,0.023168564325621106,0.0022307500989607086,0.002807899995800315,0.002734929564913436,0.005718538591743888,0.0025485297396925658,0.0026081927368618208,0.00900286175461049,0.004826168303144875,0.00524993330215005,0.01158223578058121,0.009416520090673496,0.00917357267994323,0.018888115235873852,0.013708901673148834,0.012327218903839384,0.0010344163579880338,0.0007948594914601708,0.0007026859593296337,0.0020075092233244785,0.0014196069482011065,0.0017475041719940206,0.0016689515751313634,0.002210135454402928,0.001775735381198501,0.0037994210685407593,0.0020402551940317502,0.0024887175653324203,0.00604827265610378,0.005040958480783031,0.00466577796497144,0.0012885851554330517,0.005060599474245352,0.0015324937409569711,0.0007080247368621884,0.0038844104721812147,0.002348776431100576,0.0027350667570184466,0.0023931885098784507,0.0030496325639288824,0.0013967951724414493,0.0014843641439508057,0.0016122873184784422,0.0018107295602708062,0.004231593795822645,0.0012504125755590815,0.0007727016689266664,0.0007349646459489758,0.0017523261209134162,0.0033527538786297605,0.0012290389832582173,0.002110933644358446,0.002521721507077076,0.008979353198535378,0.010063814428327541,0.010399462270766538,0.016447801166697897,0.0016950175384015506,0.0008966780947745717,0.0019937724878629675,0.001049894623033093,0.0026107816049652944,0.0033248677792090814,0.00232925204407992,0.0024754602749380433,0.0026320898516243745,0.004762533255890385,0.0017087173026848676,0.002100948183490295,0.0016264302390641577,0.0027067883603065805,0.00427400008446975,0.0036296003683595965,0.004270275950819597,0.002128632959117179,0.0016712673808858723,-0.0004673365347928182,0.005073283478437149,0.006036808937324261,0.0054026533322181405,0.005434471009204057,0.16965812239817812,0.8089999997206911,0.809,1.0
59,0.011106890411868487,0.018781053413593995,0.005416261539146681,0.001220862666213468,2.003601016527342e-05,0.00027499214373254404,0.0012479816677851783,0.00035032172432251734,0.0053645655059606535,0.0016875716338342432,0.00755925875845349,0.00822640367461918,0.0032441892789264186,0.006560991458232339,0.006434734752272044,0.007416925415006999,0.0056806583711932175,0.006029042409562472,0.006422385377310052,0.005028012417541097,0.00520175718631093,0.0060443528505585075,0.005567743636881861,0.0062576432656435595,0.00662760254288879,0.006905968187439499,0.007928439326455537,0.008601408270635191,0.0014938352542842011,0.0015313889140074323,0.001452154527051328,0.001485639038652418,0.002022680008115865,0.0021096502262750298,0.0017820610836463105,0.0025200123617001545,0.0023225939440179007,0.0015382095099146246,0.002903805986661089,0.003513855309057553,0.0021369055053858757,0.0035450670807067415,0.003518498063823261,0.004088505724786231,0.004358656213585537,0.0040773846349784594,0.003050820922706483,0.00324990048407951,0.005238912561416962,0.005087040973678305,0.004539439971158422,0.004161252352844409,0.0038419568512634865,0.004489844205717956,0.003845649659446037,0.004469323371057282,0.006164761329854155,0.00476918800405843,0.0002061991615208488,0.0006686873451123909,0.0002398775309562936,0.0012204384636853227,0.0015059908381377049,0.001946428427907439,0.0006032448640222749,0.0016082167497654433,0.0016779491773593145,0.00027126848238326047,0.0021638019079921887,0.0019681860036774813,4.4500368934970035e-05,0.0016634854291014143,0.002204735307714187,0.0008797029683182823,0.0008547951502941675,0.0006811998072771887,0.0006305809007904059,0.0033658843169404678,0.003263236662761561,0.0017620518370702078,0.0055833476643011755,0.004235962116132109,0.001918300804662004,0.006037538870407014,0.006102805780957756,0.004357548343934314,0.01675014798058078,0.014887964200378004,0.0009351343732237072,0.001170624339156764,0.0010104662272060988,0.0007118495355662452,0.002317543231382478,0.0020437338991384367,0.0010242376029142065,0.0024539674052658517,0.0023970164875987293,0.0006032871773333154,0.0033909790041796533,0.0029405721127005987,0.0026469193831546254,0.009632237971502523,0.008802374200170677,0.0020556674032871703,0.002842595172630185,0.0024423138086938495,0.0035153567400660482,0.006579897561369602,0.006724146203459073,0.004640348538771127,0.008021374831357465,0.008001322760050021,0.006094508145986434,0.010739186800435237,0.009373218881746795,0.009349089518211909,0.022042361509526615,0.02026728850760275,0.01628157182658802,0.0008332055511089886,0.005358781409112813,0.0059896294755426545,0.0011102742537151252,0.0018730146823869242,0.0020779865003672337,0.002431343499180485,0.0020879662991247073,0.0056414914344886866,0.005625346791029423,0.005899536013143611,0.0073333373900980065,0.008113650892404246,0.004906724407024243,0.004880117148161222,0.004294284776584335,0.004039837793258404,0.004045983427468554,0.002537004737021248,0.000631975784550314,0.014117925413936748,0.016995519880284,0.019429657634052865,0.021864011997160385,0.03347604390790725,0.0050145411912190865,0.004683973612443642,0.004519588029136981,0.0040792828993426265,0.004832944908605808,0.0010636594228840227,0.00181946175442175,0.002061104132981883,0.0021696277135034646,0.0027263283156449217,0.0051956652062279465,0.007446318723316388,0.004414695891477282,0.006090902382605458,0.00724393038372059,0.0009119349702660199,0.00028975890286641107,0.00016087763066308827,7.244332557052548e-05,-8.96315687933134e-05,0.0023577915418648626,0.001127609744926582,0.002443090629054008,0.001739012528790837,0.16965812239817812,0.9585000023638695,0.9585,1.0
60,-0.0004102858575283171,0.0030866280792358706,0.0015083356012996227,0.000239150947943765,0.0005129187392668373,-0.00016409529332977348,-0.0010125787474785128,9.757041650463452e-05,-0.00108453504298906,0.0008241692529570803,-0.0003062890029238372,-0.0005572443721109394,-0.0012392830494066076,-0.0004859227087631133,-0.00035797757050218216,-0.0002421466366566488,5.56001962800761e-05,-7.739408461898268e-05,-0.00045345076269221986,-0.00012905370102282035,-0.00036114214557921985,-0.0005413821757058127,-0.0004213041333169944,-0.0006657531692271816,-0.00028918953223063,9.013528194130713e-06,-0.0007088581196566982,-0.00010832705432872244,0.00033806683010198177,0.0004345034818094135,0.0006914106213518059,-0.00034534088634190777,-0.0003415856916426214,-7.208524896419741e-05,0.0001562123156188618,-0.0003554957778538665,-0.0003926377178491123,-0.000344907424530063,-0.0006382631240819491,-0.001065106344230489,-0.0006351264983693114,-0.0004293247745641357,-0.00017282672730848557,-0.0011030117888464186,-0.0007511838353271737,-0.0008992565686116726,-0.0005194441868856042,-0.0005067532858913811,-0.000858752619599312,-0.000519526982791502,-0.0006934735571223702,-0.00046037099988969604,-0.0004800411839576286,-0.00028133538013956145,-0.00045151395498120686,-0.0003946182271888523,-0.00023076626898371478,-0.0007479312814000285,-2.5079919636541962e-05,5.3679086783745126e-05,0.00012173680411764008,4.411101812979256e-05,-0.0006797915120275651,-0.00033874578241011873,-0.0006303364234309519,-0.0006360417134114297,-0.0007066110601721832,-0.0003375045049922231,0.00016657232856979692,0.0003546054539884737,-0.0006148340623936291,0.001800975938531855,0.001731628375967148,-0.0004497349099329714,0.0001875042437061711,-8.544409865864385e-05,0.000300403836208128,-0.0021237799820823656,-0.001201853732328525,0.00014415045439557329,-0.0039971552650272316,-0.0033054301230956247,-0.00013399732655277875,-0.005502561573591105,-0.005253612800325703,-0.002281727161754554,-0.014211909716482196,-0.011039680576663434,0.00012515314971600793,1.8420506541553975e-05,8.515183578506586e-05,0.002381599636576845,0.00034282288741210875,0.0005253941694163337,0.0018586445653171447,-0.0001786275613685953,-0.0006455128529498123,0.0017417574798180436,-0.0012383809920135623,-0.0008877317057480605,0.0004399108225180994,-0.005840512277740391,-0.005843782311591811,-0.0008065116052529662,-0.0011687955117563955,-0.0010298570349407483,-0.0007794435139975446,-0.004020973715951147,-0.003758337197132908,-0.001005238741433619,-0.005452658503242304,-0.0055080177566344795,-0.0013513122101850821,-0.0074397790975150035,-0.006171031909792557,-0.004644395690364581,-0.013713514209528158,-0.013232309163105362,-0.0027736253149645037,0.0007700943319760145,0.0010532852188450343,0.0012984668432544952,0.0005245059972948601,0.000390749658230894,-0.0003099011652507313,-0.0004702800082475253,-0.0007346381105732051,0.0005598897267954166,0.0008894631698473003,0.0004545095743310011,0.0005345181431870769,0.0007013100473727162,0.0009536046197745821,0.0008191490880147991,0.001179194946804303,0.000857823387271755,0.0009754038037430442,0.0008379713341611895,-0.0018917466217655329,-0.001883160119493593,-0.0016971142016064236,-0.0036553660992760064,-0.0038867465861661793,-0.007925372902796917,0.0010773238541706008,0.0003324861329602871,0.0004919194020597832,0.0006453846316833011,0.0009484138618230507,0.0007079177046380379,-6.608182600256461e-05,-0.00020061100580367686,-0.0005210028764225821,-0.00040152126150244134,0.0008032208499013537,0.0005153214657704639,0.0006742160172752081,0.00040566485546079587,0.0008774585265965167,-0.0005895255059810918,-0.0005370810649304459,-0.000487915444871016,-0.0006925168794480991,-0.0015209453528078213,-0.00014837839952438944,0.0002905352943366291,-1.0336301162427057e-05,-0.00012562697067782078,0.16965812239817812,0.0184967841659118,0.0185,0.0
61,-0.0010104641716566674,-0.0006163562473109505,-0.001208305333040839,0.0014604776627515671,0.0018588471235085858,0.0009574159100380231,0.0011844014006203705,0.0014570383773434108,0.00018939416036992002,6.759136898014301e-05,0.00067736758008347,0.0005003718557285279,-0.00018773361473094414,0.00048353707102990405,0.0005922906060227094,0.0004535931700825176,0.0003678755143355182,0.000726153130643135,0.0005684806694025057,0.00033132207177736324,0.00046309877686353135,0.000615274466126077,0.0006000762629293718,0.0004888029915943359,2.2731723448799225e-05,-0.0015081516086799028,-0.00023522916988682146,2.414808294895093e-05,-0.00028375860122609506,0.0003677343553497023,0.00012367727425470902,-0.000277985877869652,-0.00022140567327754273,-0.0002057815715816728,-0.0002527167536545373,-0.0003914742615882542,0.00018317184014436755,-2.8336461476614847e-05,-0.00028322641191854634,-0.0007362954367792867,0.00038710415435547186,-0.0004845216765243967,-6.871076577791159e-05,0.0005138439449805876,6.61383764646984e-05,7.754308666456989e-05,0.0002860296410711448,0.0004512320089565608,-0.00010201194842153586,-1.1350025030195766e-05,-9.385618379337679e-05,-0.00027604960836285526,0.00021883613124868377,0.0001694601546185538,-0.00012400227847497055,-0.00042915450569844477,-0.0003651529844193542,-0.0003614651684500386,0.0012745822843667604,0.0013172449368660149,0.0013753222854350322,0.001791003321852145,0.000824448827718928,0.0005492089519764433,0.0013735253314011578,0.00028568333465912513,0.0005682034929357886,0.0013642573777640397,-0.00013678283959444776,2.7256825831485993e-06,0.00040529109918600203,-0.0006337712152323907,-0.0007615923578135694,0.0015451086455598548,0.0017760989059643878,0.0015960066959036002,0.002714452595201935,-0.0007434774865109266,-0.0008198670546580729,0.0010753442757935878,-0.0032948874528492714,-0.002560305476590595,-0.0005635325098406907,-0.006632977390096404,-0.006081807811919303,-0.005233694827336562,-0.013470379664621607,-0.013059026186236928,0.0017593643007363623,0.001508251181440831,0.0017316552997174784,0.0049071839796009445,0.00161389471845912,0.0013535217481565576,0.0029867149325356777,0.00018340632833268916,-0.000198053324082165,0.0026501871667739692,-0.0005647871988817016,-0.0012087399355099995,0.0027668323973580817,-0.006221505396767,-0.005445752734504125,1.145362611995648e-06,-0.0002742920520036652,-0.0006014483690200513,-0.00014067505685372392,-0.003874753689480109,-0.003405349794645105,-0.0013053314865714497,-0.005608876547889712,-0.005309453179434295,-0.003689496597264624,-0.007779569953657588,-0.00581877842569769,-0.010785244346468468,-0.015612212484024984,-0.013927823607121501,-0.0016396210667716411,-0.00020782360334167585,-0.0002010353563905328,-0.0005778395172096315,-0.0005745442425211048,-0.0007270180245024349,-0.00047370503532826667,-0.0006061793148779166,-0.0004939740027361819,4.764727041355504e-05,5.015861285865344e-05,-0.0006631055447958011,-0.0014760577927835894,-0.0015208941027859582,-0.001017686455305627,-0.00043596103544231587,-0.0006333531488189895,-0.0009344910853115454,-0.001313465148308586,-5.78835697907788e-05,-0.000384986395898891,-0.0016482010857081547,-0.0028859125253374498,-0.004735090507794517,-0.0061277590325699545,-0.012285882647893154,-0.0007689473237303037,-0.0007667091713200192,-0.0008690463840038507,-0.00047579793256012865,-0.0012459329708554526,-0.00019101268759148986,-0.0009183828058164596,-0.0009006999341315489,-0.0011839757714240176,-0.0010438325486841276,-0.0002914527200121009,-0.0005805460904309198,-0.00039364516274458824,-0.0009214835507294985,-0.000910761196258005,-0.0004694053300353701,-0.0007981473558704293,-0.0007252440363487479,-0.0013224817780431593,-0.0014491716252834513,0.00047994648008075285,7.6096268890674395e-06,0.0005523145759007902,0.0003453683963308659,0.16965812239817812,0.016000004355372743,0.016,0.0
62,-0.0013197444876050064,0.00042111624282129695,-0.004106762991852818,0.00020523453510775335,7.610613762026157e-06,0.00016502703512675973,-0.000910485506099136,0.000691668488022124,-0.0020092751489507485,0.0008944908582340463,-0.0016898878368402797,-0.0017762812688654705,0.003052677618891804,-0.0017281110504318734,-0.0019793838777893576,-0.0018400061722728823,-0.0014837566068049792,-0.00148331044436079,-0.001484758731611482,-0.0015903514482007704,-0.0011906309058033978,-0.00142647145739344,-0.0011321368651241257,-0.0014010686932839898,-0.0008084014299582027,-0.0008100839047854128,-0.0007483409520233448,-0.0005583777500940962,0.00038026597196913974,0.0006472253989599253,0.0010544528070095265,3.0582234174343714e-05,-0.00044717562252087807,0.000862706398051049,-0.00044077114489966547,-6.458993949957835e-05,0.0001413626974644143,6.88659100479178e-05,0.000321727733538428,0.0004951150610412028,0.0004069192930341501,0.0010847065644081627,0.001088753835772825,-0.001973427411176625,-0.0020873005485278987,-0.0018222681049359514,-0.0021422337670939,-0.0018450661471380559,-0.0018086231638745611,-0.0016325051954798652,-0.0017671930588316447,-0.0017886710530794242,-0.0014112010252097884,-0.0016917374589868384,-0.0016840045858101224,-0.0006500510207097258,-0.00023030834454223405,-0.0005710082380419065,0.0002664663378657533,-8.571061386195739e-05,0.00022152701281997813,0.00020059470174063244,0.0011761753713096768,0.001263043292798856,0.00024705941678070304,0.0014621208253865782,0.0013207255437197678,0.00019722592608438866,0.0005010795611948808,0.001111179887530162,-8.55955010141467e-05,0.0006821184537812137,0.0011915459209035023,0.0008682808901814386,0.000957679220540856,0.0010563002203967382,-0.0004715116844909927,-0.0010850691037565775,-0.0009448647290595134,9.019075506476873e-05,-0.001880485629113538,-0.002154867238729408,-0.0005384578947121901,-0.0018226022845036663,-0.0014177556689965948,-0.0021912293479084046,-0.003119009056681601,-0.002046101870649292,-8.945915309877198e-05,0.00015738477319919317,0.00014864247666238165,-0.0005368595526332914,-0.00022898699465459228,-0.0004183010304587504,0.000217311760479312,-0.00012459481887015499,-0.00021904190745977088,0.000371609028467133,-0.0009542024884507631,-0.0011703401697142572,-0.0015476709933995706,-0.0068395633882441355,-0.005877578686945003,0.00246289486559774,0.0022347212535225114,0.002488955053617328,0.0009137867947449687,-0.0002590924971842393,-0.00023463186073805842,0.0003128529540785458,-0.0008284293553203738,-0.0012400119179940957,-0.0007190255424267541,-0.0027859007131515626,-0.0027469922487141037,-0.00241412825203981,-0.007852679734007578,-0.006193516192467168,0.0008949158050494793,-0.00020223615207665222,-0.0005722350929979442,0.0005150814925058493,1.4234125856998415e-05,-3.6576482150858433e-05,-0.0005618716995915216,-0.000217589878742222,-8.671266470933345e-05,-0.0008558139523888447,-0.00027502479562374236,0.00013104176357964188,9.143607168297208e-06,0.00044140152818303383,0.0005627235645035487,0.00010221661434573692,7.095406017522961e-05,0.0001996900384123921,-0.00032578653147949003,-1.9783861624600434e-05,0.0068365974607832525,0.0015375777656129388,-0.0009023552764128214,-0.0022829895614052426,-0.0032286250785149274,-0.0024960864376148465,9.063236767775532e-05,0.0003513208598124398,0.0001272532198625358,0.00034947519515600054,-1.8667624048555808e-05,-2.0406192491013933e-05,-0.0003592593789298417,-0.0006174611512569673,-0.0004880994603061695,0.00010832056826724193,-0.0002462318203155274,0.00017997544644681945,-0.0003752048919208037,0.00017590192123690757,0.0005692740082518971,0.000713905097386889,-0.0012670782442764426,-0.0012833793316315686,-0.001615224086221308,-0.00215465561425522,0.0013822499747850948,0.001411633025618852,-0.0004931083471199502,-0.0004131321204497962,0.16965812239817812,0.0824999962942457,0.0825,0.0
63,-0.0007775118272815931,-0.0006620885543711496,-0.0010437920326964612,0.00012523287666382259,9.964581600185746e-05,0.00034252806622461426,-0.0006604772647902904,-0.0006919213022162282,-0.00023295970081767123,-0.00035681452284832665,0.00012462843771022763,-3.905205726291216e-05,-0.0010798759046280076,9.72561032434818e-05,3.174297375378507e-05,-0.00019873661675871447,0.000442982996431261,0.0003022853771850466,-0.0003203835631830376,0.0002874239339190906,-0.00010712399261571197,7.04071724721204e-05,0.00019357123318352557,-6.057479959430632e-06,-0.00018581473913889199,0.00030737292830431133,0.0001458860259629182,0.0005306385698718213,-0.000499059827750963,-0.0004184189703221321,-0.00037843505341907953,-0.00046475714232501196,-0.00044765415214631174,-0.0007606138332974947,-0.0007241638181309067,-0.0001837935152644121,-0.000413109648456361,-0.0003543460134587257,-0.0006572607364515967,-0.0009404671848242413,-0.0006135124836007435,-0.000752222323452127,-0.0003584518859570451,-0.0006805523912280144,-0.00023005313668538876,-0.00015709828709039835,-0.00020944695987295045,-0.00027719237933039213,-7.879358627059761e-05,-4.654523302097433e-05,-0.00024858734818305366,-0.00031582579012011635,-8.469730621139704e-05,-0.00022717908547488134,-0.0001128967156902486,7.084014941740521e-05,8.683506630418808e-06,-7.223546179947463e-05,0.0007284946470137277,0.00031631371630460616,0.000465906659609866,-8.145779277147907e-05,-0.00039760836295533655,0.0002719125191321625,-0.0005047727231836583,-0.0004618281454162126,-0.001290778251631616,-9.4844729922133e-05,-0.0002299113764100208,0.00022844612240499384,-5.142090921105973e-05,-0.0002247352290173094,0.0003145264317132404,-0.0005403973089765107,-0.0003806093811459519,-0.0003484314992530715,0.00025448972346184305,-0.001967579200703349,-0.0012779959509908714,-0.00024440179735273754,-0.0036561066620312303,-0.0026202996581626147,-0.0010668422694376182,-0.004365147566248917,-0.004643603249412251,-0.0032787705353664537,-0.0120762042007634,-0.009788070398172014,-0.00030413734378474335,-7.267235036717403e-05,-0.00011445799964724834,0.0005173037496065894,-0.0006710961426041273,-0.00035359339983331845,0.000730445684198348,-0.0010036397468284437,-0.0011604398159642884,0.0006963199661988693,-0.001281667455149012,-0.001509874618680129,0.00010511432836087814,-0.0044676086967623185,-0.004261976205304327,-0.0006028685204258171,-0.0007289109808326841,-0.0013387679387942787,-0.00016645241119527313,-0.003868202223067924,-0.0034999148155267722,-0.0008193997776904141,-0.00476865340115211,-0.005286041661274769,-0.001203064570532298,-0.00766216709111492,-0.005371449011226288,-0.005648312417955914,-0.014177998116229728,-0.012893835358520307,-0.002492719603445475,-0.00021449632395848891,4.882393977772703e-06,-0.0010466865393822832,-0.0005034317771950295,-0.00022423106821580096,-0.0002815095666551806,-0.00029922241947005735,-0.0004349939598327833,0.0003701695820891835,0.00011438491855226307,0.00016509657874540736,-0.00015940203907771345,-0.00014343146314629547,-0.001854814185273587,-0.0011208333371936067,-0.0017677856823986435,-0.0009693212196779664,-0.000577953512075946,-0.0012978953803024717,-0.0017113846588791043,-0.0023052365295006595,-0.0009276353823218899,-0.001475175284096559,-0.002919171503592843,-0.010074452374983799,-0.0019252316058183273,-0.0010914878786374438,-0.0011413098577115173,-0.0007179446122209157,-0.0020728324278038797,-0.0003898625525792032,-0.00039002466323358615,-0.0002437329371201365,-0.00020266854347306988,-0.00022697231887063593,4.5325662827600055e-05,0.0001954700337835565,9.497969277416038e-05,7.623947532975616e-05,0.00020154756257426254,0.009711408912016635,0.005951382316039622,0.0044637601203798,0.007536864880039537,0.002694847183110495,-0.000856605360589502,-0.0004853082446732553,-0.00038071978051689283,-0.00027248523867509644,0.16965812239817812,0.015996912495395532,0.016,0.0
64,-0.0025359998168587266,0.0009203114910562877,-0.0026168517422685534,8.560295888454368e-05,-0.000455259913605118,-0.0004529253932954424,0.0011181849439555313,-2.0736681591497946e-05,-0.0008682446935356108,-0.0014381233840264683,-0.0006733743173177554,-0.0009495707873316184,0.0005734429010100517,-0.0005081620218189528,-0.0007050390320093327,-0.0007777533122645067,-0.00018164433870558814,-0.0004836590748632727,-0.000550353829439653,-0.0005770505891942255,-0.0009781796458041016,-0.0005487937278178635,-0.0004143285139995757,-0.0002665183286685076,-0.00045612985508384623,-0.0001907786854869336,-0.0008359831459475108,-0.00041418726966160066,-0.0012058890660867252,-0.0011573039685695184,-0.0016332308040567472,-0.001699345713911056,-0.0018227472106993289,-0.0020882662381162677,-0.0021736922584490365,-0.001889953991851681,-0.0017279238060368672,-0.002224209714598315,-0.0014817420068028101,-0.0018487711324028872,-0.002401748685285722,-0.0025202618400386877,-0.0021393054741166997,-0.0010926786299653114,-0.001194786676308983,-0.0007229517433996499,-0.0012665772121142618,-0.0011118396192319566,-0.0013049923215864424,-0.0010681140632898027,-0.001804530126249759,-0.0017396918409225933,-0.0011243487963525033,-0.0015383972487182506,-0.0010461239719530369,-0.0010049640793340518,-0.001013041802118485,-0.0016992980713182615,-0.0002678675172980767,-0.00020886799266102036,-0.00036180342659793434,-0.0004990975567092051,-0.0006949080275905499,-0.0005960555889749228,-0.000267606547193695,-0.00035531838079398356,-0.0006485956787979375,-0.0002519875201027009,-0.0006080371779905501,-0.0008567970668140521,-0.0004934630678491806,8.815885203931285e-05,-0.0004393085042243467,0.00048749831359050925,0.00037595472007808517,0.00021720379828995913,0.00013855690438303698,0.0012098633300257346,0.0013237982552230195,0.0004852548879111065,0.0016414913460103741,0.0009351871970595862,0.0004996364154320548,0.0006806721892412806,0.001205312197329152,0.0019771058093929297,0.0026735257155514566,0.0013892707404934638,2.8177713343484168e-05,-0.00024243515993058962,-3.6312626506984814e-05,-0.0005885497574603698,-2.574618071469609e-07,-0.0006869769607548528,-0.0006389642882454122,-1.0199687870049676e-05,-3.524059232099159e-05,-0.0008497000781499087,-8.373656614338415e-05,-0.00022632041955931653,-0.0015454034953186937,-0.005359027053236489,-0.0058856257711936795,0.0008653710712782161,0.001482476986600697,0.000904413010772973,0.0009799706753960363,0.0015554357795967409,0.0017135002189321924,0.0012114523223146823,0.0018928507527702408,0.00198468721314806,0.0016246112462582993,0.0027246099158261556,0.001477091215797296,6.576419607963982e-06,0.0041194676453446535,0.003046934180540175,-0.0005371748683517112,0.0026109783297568077,-0.002035910040627046,-0.0016042514033040363,0.0013158733240449037,0.000627280349569644,0.00043537535311798597,-0.00031566251132030275,-0.0008752478319212066,-0.001821093847933384,-0.001556275587548671,-0.0016028551879076302,-0.0010020602440338046,-0.0019535348880175443,-0.0025904839413252866,-0.0020061726259714145,-0.0016556720450690001,-0.001703382560998759,-0.002121638371251629,0.0004975165605739998,-0.0007051139830989413,-0.000503824905488034,-0.0010624225193170882,-0.0031459205856750982,-0.0029431990085196126,-0.00014261544073067165,-0.0014983593064615776,-0.002128106737584631,-0.0020610808374876854,-0.002075029474487966,-0.002167965805167085,0.0015899732535321952,5.222080808667881e-05,0.0001446664042468743,0.0004523077939558602,-0.00029268237247320896,-0.001229373543512248,-0.0016983436553596196,-0.0017933424575817573,-0.0013707619498816942,-0.0013910916806638902,-0.0005088884047785124,-0.001003239207526795,-0.0007907892133819655,-0.0013760803106725847,0.00020442884829902493,-0.0010130014447022272,-0.0009620682966168224,-0.0003658571530292223,-0.00023655164259159166,0.16965812239817812,0.07800043667889749,0.078,0.0
65,0.0037394865313328325,-0.0007530297208718775,-0.0013427649162757477,0.00010242511744983318,-0.00028096139020778436,9.836535788472115e-05,-0.0011640420654795809,-0.0005874551392618876,-0.0007215537256573816,-0.00024963404857605604,-0.0018739477230361127,-0.0012344376075400431,-0.0013174893974719857,-0.0017762795862651794,-0.0017186450539066987,-0.0019130824149506244,-0.0015736503578154518,-0.002409982791725169,-0.0014281870671922537,-0.0018200110183225011,-0.0017567110067369684,-0.0017130341821441732,-0.0021153799761140487,-0.0024420172971314903,-0.0020625675767097476,-0.0023334755148460874,-0.0014535522801141275,-0.001642952895100707,-0.00036737878283693977,-0.00027973318360511565,-0.0002659473949001621,-0.00010641107426058448,-0.00041801765758709195,-0.0009228504710998256,-0.0008986417789307711,-0.000572268228123857,-0.0006967965181216509,-0.0006900316599870981,-0.0005453921359317847,-0.0008618468921778496,-0.00105800249252802,-0.0002995866565857931,-0.0009282872851715889,-0.0010718318042261523,-0.0006477547586811374,-0.001693909121858763,-0.0017336071479676584,-0.001919811450284639,-0.0012036205011074737,-0.0016208474812858952,-0.0018578198609010704,-0.0010790853385518003,-0.0017228888446558525,-0.0015926327800143366,-0.0019773382677308452,-0.0018641808273099406,-0.0030309665387357894,-0.0017394894266776785,-0.00027163015649766826,-0.0002353230875681629,-0.00045837239537432174,0.00019304144813057916,-0.00016960767457498225,-0.0001961192088390108,1.4160287662058729e-05,-0.0003430133335862541,-0.0004704504243429952,-0.00032913288794024633,-0.0009072015048510531,-0.0006815135104038519,-0.0008196796364993273,-0.002458638352900458,-0.0022222532631529773,-0.0003882891658325979,-0.00036320633564754923,-0.000136150523990453,0.0003027001065046197,-0.001136749387680916,-0.000669537653478451,0.0006141619400705669,-0.0015507830159798802,-0.0009287781040541534,0.0004397478204848347,-0.0024993515707032363,-0.0019031390004145955,-0.0014728140061751017,-0.010316047847707456,-0.007762218014557278,0.0008292455427599575,0.00038618348831292423,0.0005937617509889434,7.89376109753075e-05,0.001181947807411037,0.0008063786080210127,-0.00018058986633605448,0.000166317464748529,5.5964852170558085e-05,-0.001659715404098848,-0.0012095464362324394,-0.0010469140151470168,-0.0037980757341742667,-0.004731579852738269,-0.004017700313121501,-0.0009458695638825688,-0.0011883326614540062,-0.0011045480819762618,-0.00018738561809317206,-0.0025302101029229846,-0.001608354527661278,-0.0005318184114146185,-0.0018596846268467337,-0.00266896902902439,-0.0012122252142219474,-0.004112239648073077,-0.0019918554370908356,-0.0032263044888128285,-0.005993123847149092,-0.005803610828372214,-0.0012165653149723366,-0.00024994029430582893,-0.00010490267270272121,-8.941148492977972e-05,-0.0001607798552326964,5.240482786163901e-05,-0.00011461454452298952,-0.00021345619149513618,-0.00039629373053331736,-0.000653515433859763,-0.0014236212068468221,-0.000989452998919333,-0.001680622963409662,-0.0024239969411254127,-0.0010932786675581058,-0.0013860069253014214,-0.0011089724271333013,-0.0017365037576771499,-0.0017719424126418474,-0.0007405206669500432,-0.0018125441406838787,-0.00027378357300601524,0.0011231656852112408,-3.618397419096185e-05,0.0007139297524746869,0.0029289063227299268,-0.00032177379665201776,-0.000902405186078793,-0.0011501282404875104,-0.0023614860789325483,-0.001391122082794454,-0.00026484189963723275,-0.00010651993447970176,-0.00031203340291837566,-0.00019516730609694198,-0.0004518195515634882,-0.0008659829266903541,-0.0013763721246569183,-0.0017223211476099418,-0.002659924288826588,-0.0019216617568303819,0.002142815325998072,0.0034246476462401103,0.004031571118241905,0.004111296899310541,0.005137669235584472,-0.0005359319070473226,-0.0018017365450468366,-0.00038312577775647175,-0.00037562632164320214,0.16965812239817812,0.002499989606103259,0.0025,0.0
66,-0.001575422386475285,-0.001037350956812703,-0.008418644219270388,-0.0002215980891798098,-0.00023794280880077762,0.000528510090718271,0.00042251465295899436,0.0005483945708780473,-0.0011510027798095478,-0.0018495803672838951,-0.0015176726013323666,-0.0009029610671041703,0.0011401316780471871,-0.0011769367979532295,-0.0012119710140394144,-0.0011892311450065916,-0.0006775337426548332,-0.0010796660566309783,-0.001127004731656466,-0.0009299032573210504,-0.0011547972142023195,-0.0013752482851908904,-0.0019270759114831052,-0.0010908205927075481,-0.0009481816297854626,-0.002262302833276465,-0.0017618368021586083,-0.002821218130015495,-0.0016881371207486122,-0.0015085480476905457,-0.001051826901279342,-0.001399071850350899,-0.0019516931735205395,-0.0015518268268023931,-0.001362094535078735,-0.0016675991706726996,-0.0016313203917589117,-0.001555199894523181,-0.002364392106128963,-0.0020012668833692196,-0.0013500004942912144,-0.002015217456819324,-0.002128483927671278,-0.0013265778394321525,-0.0013035661849775861,-0.000804242234450841,-0.00121642105137238,-0.001395001123107174,-0.0012577029583886884,-0.0016141307044473664,-0.0012982834089916777,-0.001325332125162278,-0.0014931684122230246,-0.0013154399990968494,-0.0015363020758087991,-0.0015743332394293837,-0.002916074545798933,-0.002457990812203407,-0.000718308556682783,-0.00037987610073527854,-0.0008420556210288212,0.00010832099853440376,-0.0006416172344182484,-0.0008562351132048053,-0.0001827771734463236,-0.001672086459793693,-0.002254178866991478,-0.00030217395119041445,-0.0024489229562924047,-0.001330386258872268,-0.0007421396651217679,-0.0017397795139557604,-0.00164429237296724,0.0007347411055515378,0.0009998324802269329,0.0006979151325479104,0.000822559921031381,0.0017333127252987558,0.0024988474831887145,0.001482088995272567,0.0029373754692185276,0.001949448422734282,0.0013527934259843087,0.0026982463301089546,0.002263930167322595,0.0037931001385707497,0.008437322645307332,0.008652652660624954,0.0002396780738880791,0.0003016355311942243,0.0002062081035082788,5.702829630853132e-05,0.0009192269720484514,0.0005876710654100193,-1.2067676792479937e-05,0.000669024534134521,0.0007286552187117112,0.00011920865566092143,0.00029521362350087377,0.00033076281349734746,0.00021062150159243553,0.004290037598197996,0.004126912215860959,0.0022067782789644153,0.002272018651015232,0.0021676627012960355,0.003377683763706396,0.003330145542040873,0.003067940196174675,0.0024622600249689735,0.003474169235264984,0.003234894474193849,0.0028260859363318427,0.004009324302762363,0.002807231824060733,0.004784624775725574,0.011000783986492568,0.008688389595703417,-0.0035328963525876936,-0.001989056784570502,-0.002649361151496378,-0.000892398362275052,-0.002032892828454471,-0.00214261712295659,-0.0015055970924942883,-0.0015622691650793803,-0.001468238266124874,-0.0011251399818143738,-0.0003153453477354963,-0.0019006311081875482,-0.002544858614594224,-0.0025799915540441376,-0.0006890173185989565,-0.0005862221150020365,-0.0012061866580600899,-0.0007054598766074424,-0.0011959855463954912,-8.861417289019466e-05,0.0005290177142406751,-0.0034243469736069494,-0.0029896121593617833,-0.0034127525264003467,-0.003236917482883287,-0.0051259951184946815,-0.000855612337591633,-0.0010648618300428602,-0.0009311402321128868,-0.0008385535662154286,-0.0015031211968990813,-0.0014007361491338046,-0.00163112467372476,-0.0014856947342031274,-0.0015659060890579977,-0.0019445595742096859,-0.001657232530076392,-0.0016400726514939948,-0.0018576768674721685,-0.0014518827058327304,-0.0029378354450282974,-0.000777572067639598,-0.0029828347101626333,-0.003344209032523873,-0.0050624451133306075,-0.009782164538163246,-0.010882469375549231,-0.010653907436087563,-0.008278197986456213,-0.009374926742004651,0.16965812239817812,0.05249986899579118,0.0525,0.0
67,-0.0008781141504999843,-0.003492457719119964,-0.0008385807918414135,-0.000259960844758691,-0.0003204009400365177,0.00013557713472917577,-0.0003264228163951709,0.0002402705816413221,-0.0011340208151975814,-0.0005131580664970324,-0.0010924046873079351,-0.0015811273677967103,0.0002951690223921022,-0.0019441772461199682,-0.0011573144451497586,-0.0023206488780929753,-0.0013195450045760484,-0.0027951317678115723,-0.0018252639805731818,-0.00208483070148624,-0.0019294195986830271,-0.0017390908378509772,-0.001465868420634023,-0.0024301311553380596,-0.0017609661507255667,-0.0018901589131447615,-0.0014711584973083982,-0.0012375089632640454,-0.0004513182138458628,-9.436244538598148e-05,-4.921845910044965e-05,-0.000182981559896659,-0.0002804059921773643,-7.768941058736543e-05,1.081522261156014e-05,-0.00027793281970754825,-0.0002688061117038521,-8.251828550678676e-05,-0.0005814647657894683,-0.00035857105952995125,-0.0004921641500988813,-0.00056024592256677,-0.001055299745617773,-0.001911349679394933,-0.0013895068236088146,-0.0015916236356802369,-0.001295522262335972,-0.0013278629623699933,-0.00125412271466476,-0.0014656177328182898,-0.002077338400374572,-0.0014416678003809137,-0.001818968863985514,-0.0013523450622488808,-0.0010236097640025591,-0.0009049434041754929,-0.0014388289343720518,-0.0006991565726053229,-0.0005246315534896359,-0.0002708105895992977,-0.00039303108805601675,-0.00034731898814684944,-0.0005094427212964009,-0.0002148573914450798,-0.00029806211730032644,-0.00020012686074324904,-0.00042750978740662267,-0.00022920958866668356,-0.0001255585995008235,0.00012471380511852514,-0.0006487367374373822,0.0002372097497822942,7.469430880415527e-05,-0.000359355709279401,-0.0002473500800363685,-0.00028975402945944804,-0.00015772225384518416,-1.8611696017569492e-05,-0.0002691857391130047,-0.0001486379989304423,0.00028010983618422615,-0.0007066032559097846,-0.0012809875185424138,0.0017898071407765983,0.0024444953348544416,-0.0005725918408090477,-0.006847024778476352,-0.00603178876621041,-0.00019105988861611072,-0.00011288519805805355,-0.00015766508165862192,-0.0005654252730670562,-0.00014546071616173002,5.1015472158816885e-06,-0.00016715026193557487,-0.00021171762030409546,-0.0005470397238754753,-0.0004489122795925257,8.979970737102022e-05,0.00018723756080004105,-0.0015153495879522592,-0.00047622809344570396,-0.0009247506789086868,-0.00028834784818948305,6.058195207457341e-05,0.0003110662290497449,0.0003004170725825251,-0.0008320380011192806,-0.0008386624934876882,0.0005308344304907384,-0.0012164560815940315,-0.0008206901030176372,0.00026038085037525225,-0.001786570329246551,-0.0015660603039527599,-0.0020445783710381325,-0.006321717275088422,-0.00557610544507907,-0.0007318281052028569,-0.00042606924189691385,-0.00047789584954354764,-0.0007382003265038458,-0.00012571550227891978,-0.0004943856353154051,-0.0009701534039355487,-0.0010630195427894591,-0.002072666748502044,-0.0004872648558391136,-0.000662928091041741,-3.0812805101118323e-05,-0.0009440986922176017,-0.00036314380219276405,-0.0016257123141818904,-0.001710846405817206,-0.002135540213447845,-0.0026355281035349964,-0.001749341621210196,-0.0002374381042564898,0.0007848397554934344,-0.0010966463635583487,-0.001320774074086688,-0.000809683270500583,-0.0007454935078116705,-0.0009220865290409256,-0.0010017826715697602,-0.001863192552731861,-0.002259492509774718,-0.002253006673091246,-0.0020225223677848812,-0.00015801559482443896,-0.00044905569844287544,-0.0007874700175425798,-0.0010986537362392826,-0.0016528060066959029,-0.00035453631718249855,-0.0007371473445000956,-0.00020665801223795848,-0.001054341826657399,-0.00027891643466243423,-0.000897780584795104,-0.0014766173617832257,-0.0013008816592641017,-0.0015145344800129102,-0.002227244136068649,0.0034575317434645944,0.0037976995533236945,0.0034839251200193657,0.003598561327010313,0.16965812239817812,0.03249994562882472,0.0325,0.0
68,6.9752150269788e-05,0.005542140627050084,9.700394327846754e-05,-0.00041654899006595255,-0.0004853316713659832,-9.377190407687792e-05,-0.00038660183181171286,-6.18524788787026e-05,0.0019015080862288902,-0.0005624487012258231,0.0010910914705468916,0.0009903488433188183,-0.0006249830004167962,0.0013680081357725642,0.0011085145274756618,0.000759672651258537,0.0007124603523252342,0.00045801357261513647,0.0006444269326291769,0.0005110446317526987,0.0010576665641404343,0.00047121777937607714,0.0008440645944936702,0.0010028977940097776,4.6506977732501026e-05,0.00024325583759727786,0.0006230577015235388,0.0003854732372384185,-0.0005162083418626358,-0.0004294108480057452,-0.00036924242039389,6.761357854052058e-05,-0.0009245202874798401,-0.0007685571383355047,-0.001318837851695014,-0.0007155399047622834,-0.0003842920272969923,-0.0001029008281637543,0.00011155765119888116,-0.00023232450281968146,-0.0005908597823858534,-8.919109188413384e-05,-0.0012169022060760449,0.0015939998661486346,0.0014754915698687756,0.001531706367860467,0.0007925253687797305,0.0008154704932872927,0.00046218067761837647,0.0008614191595599794,0.0005332230364749812,0.00010445021842110388,0.000544233231993544,0.0007580662306116504,-0.0002480970535765899,0.0006030086979277964,0.0006422865060302462,0.0004170662095366121,-0.0002493253941803249,-0.00029822460028174346,-0.00017145690965696524,-0.00022527459527068347,-0.0003607968571690742,-0.00035669211775300025,-0.0001011256958200656,-0.00038662609568071205,0.00014034294604703819,6.575453033980288e-05,-0.0008239857137207004,-0.00017086243768961166,-0.0006893516138709407,-0.0016824812357304757,-0.0016161398527807847,-0.00026421562391798644,-0.00023665849996405044,-0.00018433618836704929,0.0008469374995531186,-0.0015286608925465942,-0.0015568875969112473,0.0006375259002751483,-0.0033307502678633504,-0.002972796001123317,-0.001030927596445751,-0.00595262220467191,-0.0050541035634078385,-0.004455040228590518,-0.012874257073717836,-0.01163774428884621,0.00019582168458524905,-0.00017178921696049475,7.250612452570199e-05,0.0006204392104451247,-0.0003664458313963538,0.00021137752355993502,0.0006973644464713037,-0.0007417335468069351,-0.00035875359962999427,0.0007449934143615222,-0.0010129618748691402,-0.0008776539706698394,-0.0004079706905337889,-0.00453632752636835,-0.004852142933537539,-0.0004901144324721494,-0.00025154919364258076,-0.00033713193715543974,0.0001301386179861079,-0.0026877751781203265,-0.0025488103698232184,-0.0007654968796740202,-0.0040740304251460505,-0.00433483944740033,-0.0016308352910662537,-0.006816922190145074,-0.004362911102793875,-0.006434649731969129,-0.011354917371426708,-0.010227100050938347,0.0012080339958962807,-0.0002777223041037093,0.0003076312914507186,-0.0014018737983382,0.00018201748174356608,0.0001361503902538613,0.00014456456102858944,-0.00014080883616399977,-0.0009699626627866078,0.0001509308335913101,-2.48019994897403e-05,-9.055541666278692e-05,-0.0001455925129101331,-4.816286203338628e-05,-0.0013528546013667337,-0.0007530809161049582,-0.0008040915077044733,-0.0008723268121021091,-0.000579458291177591,0.0007043113835080971,-3.7877556078972986e-05,-0.0006898250711732866,-0.0013995373651994204,-0.0016660741790216098,-0.002481371924545776,-0.003809773635761782,-0.0013303271527823034,-0.0010612673505201024,-0.0007906028724687331,-0.0009125395951866327,-0.001111363711941061,-4.2214737224003625e-05,0.00011216014965458026,0.0002414142870927275,0.0002969132444964279,-0.00022364696200101385,-0.00019299513575716116,6.47858598607129e-05,-1.545524449026392e-05,-0.00024596206657389257,-9.099157058412377e-05,-0.00020558230459182878,-0.0002255288737174161,-0.00028853273101783945,-0.0009236068790849871,-0.0013412660335133104,0.00018589834028486524,0.0008264614026820662,-0.000277981217530281,-0.00010675091572749297,0.16965812239817812,0.04450002638382208,0.0445,0.0
69,-0.0006824898928222891,-0.0014296511191454033,-0.002039437806284045,0.000358085620084012,0.00038240537325317543,0.00038913551847843,0.00013778329705586834,0.001093984068959782,-0.00022714961237276762,-0.0003673823915523737,-0.00025396942861722607,-0.000782384640493214,-0.0013293767588236204,-0.0005346989662886201,-0.0005582894966766609,-0.0001469022996082199,0.0002375338074547538,0.0003547776440924518,-3.357460649331302e-05,0.00044114563297577855,0.00014554793977194803,0.0002603042231437704,0.0004491545410251158,8.414307374587583e-05,-0.0005198851775188918,0.00048704830604333875,7.163162164058546e-06,-0.00023839321983414844,-0.0018426922325514876,-0.0012349984414556996,-0.00022215816753256353,-0.0004254887547847918,-0.0008046163033591385,-0.0007364299729937221,-0.0009643900323103835,-0.0008765080651342614,-0.0004636770979158676,-0.00027206572967571085,-0.000847404142468436,-0.0005287910064891023,-0.0001818754137398446,0.00048556464392438854,0.0008973211842166368,-0.00017157909553625308,-0.0001433139990902049,-7.567798991731854e-05,6.082396596755683e-06,0.00019709851540966318,-2.6348597303535926e-05,0.00023095932952077583,0.00030715100421850963,0.00017867998425945346,0.0003375386044257614,0.00028612235562301447,0.00011777026608413515,0.00037187167990719214,0.00044507382919735605,0.00018129647439304056,-9.905211621294583e-05,1.3104632311415364e-05,-0.0001570941849984539,-0.00023784649151896558,-9.269677290914953e-05,-0.00020544591223201091,-0.0005864911247311528,-0.0006948778082005066,-0.0004955669445819091,-0.0004067075973844458,-0.0006149817923802271,-0.00023942777235533096,-0.0004808201835768444,-0.0001341124777980647,2.254315770675419e-05,0.0009806314755312084,0.0011180792302876517,0.0009415026804560178,0.0023009540943300525,-0.0009334514410115686,-9.969017912948923e-05,0.0010621945108565914,-0.00363821858258615,-0.002031597125797447,0.0003995668025011377,-0.005134575796803608,-0.004857112719002583,-0.0028747757410104713,-0.015642733895588717,-0.013336036549490648,0.0008010866931997229,0.0006502979840421099,0.0008288571315617378,0.0030436136678583833,0.0011787118369011758,0.0011684496366025701,0.002265926704070123,-3.2702353282305306e-05,-0.00045817652630814276,0.0019420981269487833,-0.0004890031049587032,-0.0005709839362620271,0.0005972628088749654,-0.005285319339081192,-0.005892171320349359,-0.0008120332269057031,-0.0007396857809603986,-0.0010942733023169653,0.00038082422763303686,-0.004259385284799413,-0.0038871218629029525,-0.0010864074879014128,-0.005615077429328212,-0.0057700826852252396,-0.0015551611525932395,-0.00839911974157417,-0.005944784185018537,-0.0067421853575460235,-0.014654042800141062,-0.013817770168917273,-0.0028893755005378395,-0.0002291878740669666,-4.5281438951336714e-05,0.0004168393912683668,-0.0002231949030407069,-0.00014950869770027138,-0.00016982100164889495,-9.454622385570547e-05,3.668299655766967e-05,5.1601517438246855e-05,0.00013749041042563883,9.326135157497368e-05,-0.0001838382090902444,-1.0708271279401892e-06,0.0004845342256382465,0.0003131576437429309,0.00020559439722870685,-3.8238269086110363e-05,0.00018953859701018706,-0.0011414500828602426,-0.002381451808538663,-0.0024086806937417735,-0.0028808731613021404,-0.004848530156864397,-0.006392899171320161,-0.011411486956189692,0.0007833215866033886,2.4000077407485197e-05,0.0002249698677799205,0.0004069539113217017,0.00025339324616843305,-0.00011155105285021241,-0.00018357602056604517,-0.000292935287150174,4.592413085499828e-05,2.2759431815487142e-05,-0.00023894165953495822,1.5060577378641991e-05,-0.0001682608167351105,0.00010451198158092956,-0.00015398416429829886,-0.00045277876290756577,-0.00050172828641562,0.0014546059017351797,0.0006066627976116288,0.0011478963461965558,-0.0003029168861420131,-0.00030771567441837923,-0.0003665963195779271,-0.0006096757885387577,0.16965812239817812,0.007002834253695661,0.007,0.0
70,-0.002014748079880262,0.0017749053278621485,-0.014240721233768126,-0.00035309379506709383,-0.00023673761891649942,-3.0063895682811014e-05,5.628690361969577e-05,0.0004762478911959784,-0.001660099266905937,-0.00031399248503560746,5.821567597599029e-05,0.00029609881946136694,0.0005078737538771616,-7.281257482228255e-05,0.00011465236490237816,-4.171648451066645e-05,0.000303645434164353,-0.00037606435884596906,-0.0006909902133199902,0.00018243899639247148,-6.607343631422524e-05,-0.000130378798853903,-0.00027807901807856575,-0.00047432197042292956,-5.675865471105495e-05,-0.000167185348516218,0.0007702556838395278,6.252899099735301e-05,-0.0005352611721790991,-0.000349467722279307,-0.00027001251916722465,-0.0009408211174053121,-0.001461000454824485,-0.00042424544075004157,-0.0015372457969308215,-0.0010948470918797108,-0.001227731201725412,-0.0015898310604598028,-0.0017289268196009817,-0.0014880506160904507,-0.0017404812864925839,-0.0016559330338424127,-0.001576154342818526,-0.0011496937061613074,-0.0012005821646366712,-0.0019107277377550193,-0.001620726258857306,-0.0014805338697848219,-0.0014449727952019398,-0.001626571075677644,-0.0018250025977221405,-0.0020197187325823097,-0.0021220029809970497,-0.002331606204986746,-0.002402007438492672,-0.0022871698933530937,-0.0024367505018107857,-0.0023354939812108354,-0.00024752878854223173,-0.000427878719464833,-0.0002709223438893224,-0.000361779910297829,-0.0006127921447191432,-0.0004152740469213885,-0.0002607302418170675,-0.0007506907993059561,-0.0003181158437714156,-0.00043508785832523,-0.0012081619807965379,-0.0014676010798901288,-0.0008995851597507445,-0.0012932925559271287,-0.0014807515029588649,0.0005449560904312542,0.000971497749612111,0.0007584230040572214,0.0006920368724290031,0.002244430678430019,0.002080997478528825,0.0007606777805383811,0.0017579415539275322,0.0012310152390899378,0.0013420727991154105,0.002037428535755847,0.0022293363029416142,0.004372657337124668,0.009889010164480853,0.008779763569686188,-0.00016638780172113218,-0.0001793447987847066,-0.00026895066372096936,-0.00105749843013635,-0.0002759944850347344,-0.0006867469831639264,-0.0020733520734735056,-0.0008032875871920493,-0.0005113291484130884,-0.001987682077053492,-0.0014788304707210513,-0.0015228832493922415,-0.005440859040285453,-0.0009940080921548948,5.751506427186296e-07,0.0010662538707910997,0.0007921144359871352,0.0013194737450184025,0.0005637878245652977,0.0017832892787792872,0.0023326181594794954,0.0016318798404366987,0.0008013900574695939,0.0013016497173081998,0.0011111410082970804,0.002503478129362195,0.0015957491784897287,0.00541588990625216,0.0126762677099493,0.012752853833492457,-0.004127817660194813,-0.0008966628821572964,-0.0014497819846356096,0.00016959288574550704,-0.0013491208510605284,-0.0013312032093280644,-0.001488262999517656,-0.0019451453049945384,-0.002048700923797164,-0.0009282425708173887,-0.0012060982314635077,-0.0016260325425705227,-0.001904574763161897,-0.0026823547280725524,-1.9815187978672317e-05,-3.810667035253331e-05,-0.0003140396028929412,-0.00016697952790467092,0.00019120479386520664,-0.0005172561256071601,0.000123113832007821,-0.003350943629397005,-0.003093403987945396,-0.004085515785384675,-0.0037737330490084714,-0.003375666103223227,0.00015937769892593423,-8.35223652390346e-05,-0.00023379053292276638,-0.0002969238360115975,-0.00023135919036725992,-0.0011135821407154084,-0.0016800114267656273,-0.0015225611614125977,-0.0016019966758445924,-0.0024955680655892637,-0.0011649361359008165,-0.0015135646451580728,-0.0015362208917918062,-0.0016460705784365425,-0.0021486256218548063,0.0015964335724137542,0.0027013123440298163,0.0011321399619021431,-0.0005824382514225667,-0.009269833551982697,-0.0036023873253634617,-0.0026981986976043234,-0.0017670056489813653,-0.0018522636573429902,0.16965812239817812,0.09400003088269847,0.094,0.0
71,-7.160124767682751e-05,-0.0005122761639035715,-0.010776873441974772,-0.0002606460150039083,-0.00036870565619451706,5.616523419135338e-05,0.00038168258592760987,-6.860913898420782e-05,-0.00018524867829840532,-0.0010495203426075493,-0.0003614870286352031,-0.00032761696327564006,0.0003574003236099692,-0.000969605279867844,-0.0006519071011073845,-0.0007612420097734822,-5.0859990534419775e-05,-0.00019918920063150355,-0.001007727075292007,-0.0005393213086613227,-0.0004212816246346748,-0.0001929966528988245,-0.00013055524410413531,-6.053841593001151e-05,-0.0003944525574441968,-7.502512294335787e-05,-0.0003416132505281953,-0.0004961886198266267,-0.0011318912840191627,-0.0006794851068490885,-0.0008869682533516236,-0.0012269813282024065,-0.0010097818994250008,-0.0010665102891620072,-0.001846007939612512,-0.0013629904610755249,-0.0015723183571926566,-0.0016159416340044417,-0.001816344060053557,-0.0018455537643865293,-0.0020937448870417767,-0.002512769584124136,-0.001880338307753272,-0.0006332791911169584,-0.0006754611066086176,-0.0005020661832566976,-0.0001937536863324537,-0.0004962300874981392,-0.0008482278001549989,-0.000505087789959573,-0.0004707522563576731,-0.0005974016119067783,5.787022274065609e-05,-0.0009126826912894693,-0.0003581124387374934,-0.0009637735119472585,-6.337361577734382e-05,1.9046508467472794e-05,0.00029618625397612647,0.0004974038353485707,0.00043050631215916396,0.0007416642047089661,0.0012365660486018718,0.0011550137140485153,0.0013676599125441767,0.0004871023714055411,0.0002666531681523936,0.0004984909904136666,-0.00019869561015138437,7.188965635661002e-05,0.0008476762487645218,0.002529488521041892,0.0028645570921069967,0.00031449373972637374,0.00020629768074721381,0.00017609706246565386,8.24429965163581e-05,0.0008424798813085757,0.00130255699620471,0.0002906186620815429,0.0018870496878882976,0.0014385395249707608,0.00017391607841333649,0.0013225682017659036,0.0009562421543216834,0.001869179862124586,0.008448802346351028,0.008147108561148012,-0.0004390471717681005,-0.00012422969117317602,-0.0006274294115914334,-0.00011562101768739175,-0.00031424011109125596,0.0004944072002988723,0.0004927387996056137,0.00025066330165544003,0.0003958018122410603,-0.0005946009148383732,0.0011293697078976828,0.000679009896863125,0.001148046022985864,0.005119098880204228,0.0051023773665773795,0.00046011990177118305,0.0005533360622333301,0.0010184481144120676,0.0009884468235010053,0.002813587420427075,0.002500696320621199,0.0015319433149404702,0.0030728739887139096,0.0031211460367176237,0.0008254644811530363,0.00467355185799131,0.003295119279488682,0.0017049402090260728,-0.017013258051889534,-0.016763906881887888,-0.003643892942122771,-0.0010015972143951155,-0.0005736459072939112,-0.002404444355973268,-0.0009336563471798551,-0.001200026378542278,-0.0006914345211993248,-0.0018973481449332755,-0.0010473262379688687,-0.0009435862550743562,-0.0007285546152009718,-0.0004400259965479519,-0.0007340228409255385,-0.001101478742831465,-0.0018497122740545036,-0.001932372765322448,-0.0016437994196133478,-0.002130400916811355,-0.0015395510952525466,-0.0012566753274238106,-0.0006813955870024371,-0.0033055804169800852,-0.0037274461416825946,-0.004200834651668362,-0.004745640692367759,-0.009351599619123895,-0.00248784621118577,-0.001980959852898149,-0.0017871572450261844,-0.0020745731269858443,-0.001327102351839342,-0.0011368764389540818,-0.0009330515033598289,-0.0018143988220718612,-0.0019382190046943997,-0.001565973502811975,-0.0007133758085668107,-0.000989827193999458,-0.0008953411059994078,-0.00047822240330386295,-0.00040767799476685044,0.0001636784666026533,0.0030629873367008635,0.002933281730088602,0.002354130181773601,0.0011087624336595838,0.002131027772886924,0.0010521037027257474,0.0006413956410786865,0.0008723708804534566,0.16965812239817812,0.10649986589011042,0.1065,0.0
72,-0.0002585192173235543,-0.0012609411099200984,-8.456549719488887e-05,-4.336166244195045e-05,-0.00010407336577835451,0.0004009106449483752,-0.0007217450721399023,-2.475142647934689e-05,-0.0006880320458002862,0.0003018409413239381,-0.0011203505413805595,-0.0011170291111242822,-0.0013140049948589822,-0.0014775425143463208,-0.001417956468961126,-0.0010071516268447126,-6.668484726373394e-05,-0.0007269733941544763,-0.0007542639604988141,-0.0006086217463443886,-0.0006160742965274328,-0.0006590633814568653,3.269563066729346e-05,-0.0008068642372589675,-0.0006725162804903417,-0.00016418070815812393,-0.0006682531818614281,-0.0003150410993658505,-0.00021537472534733032,1.3854660528018396e-05,0.00021873595470569057,-0.000318038827535807,9.130894482435942e-05,-0.00022430022538517816,-0.0002082563495987903,-0.0008035495884753806,-0.00020871481181678028,4.382738329002872e-05,-0.0004506154378620492,-0.0004357427851711269,-8.78627769651145e-05,0.00044989707414851317,0.00047610442226719824,-0.0009053357800619506,-0.00048698271517557415,-0.0005286592751282694,-0.0002905384596726689,-0.0006494744042801282,-0.0005018484636733525,-0.00024593799026098666,-7.146422185499594e-05,-0.00048083450054508056,-0.00028087589042450717,-0.00029060137898548197,-0.0003798695350546168,-0.0005530640214885236,-0.0003020992807269807,-0.0009307137592887546,-0.00013578887187252122,-0.00019929035903499084,-0.0002101827792680133,0.0003331662991107418,0.0012431774203995665,0.000970677029444664,0.0015244655365665117,0.0014008713551645847,0.0016573574124736502,0.0018848751023705793,0.0007067662874073639,0.00036959309816686107,0.0005238232646067494,-0.0002663020591341327,-1.5291713226657702e-05,-0.0003096770004298573,0.0001654662272856658,0.0002651186969487067,0.0010238115267740715,-0.0012720767673014245,-0.0007297190056750492,0.0006965693748607062,-0.003439608997379794,-0.002448274680769378,-4.9907584510671386e-05,-0.004873208861725771,-0.004373323881624046,-0.0031559074331276396,-0.013555317175653041,-0.010867071521437358,-6.962883953063967e-06,0.000128453895298051,-0.00011252697115697804,0.00016776855923141218,-0.001396286791859265,-0.0009615244209573474,-0.0006611400812042766,-0.0017246198311605605,-0.0018598487090310519,-0.0008083180957419131,-0.0016927985557695742,-0.0018260935533193638,-0.0005640834217212432,-0.006138213765974449,-0.006492887794356554,-0.0005735959296275799,-0.000672461529281831,-0.0013616783998453299,-6.554287834518238e-05,-0.004019725109026437,-0.0035208718370309307,-0.0007134641825673634,-0.005353933245436633,-0.005722094535372404,-0.0005863159645929673,-0.008547434716364547,-0.005906964246778958,-0.006501731152493245,-0.014987343618479728,-0.014172292250604533,-0.002368245398828095,-0.00012690420512171752,0.0002974677968416361,0.0007882008206263744,-0.00014410438186089839,-0.000245329330746273,-9.307901415959282e-05,-4.8266644218731923e-05,-0.0002560994074175902,8.439620933928909e-05,-0.00034641797979827194,8.79671759243381e-05,2.98887978685575e-05,3.994725268223271e-05,0.0003680094478309156,0.0002839936366427999,0.0003161158602098247,0.00020618299019038022,0.0006361266293816547,-0.0010397881169820387,-0.0009358741324695095,-0.001307046735708088,-0.0010572476525817665,-0.002245090833797232,-0.0030907006721296528,-0.008461640130860374,0.0005453469136215847,0.0004848065104210537,9.200088073649263e-05,0.00040939467709740434,0.00023669227695605576,-0.00034876780877608966,-0.00016724340272799223,-0.00030333521732843347,-0.00021805967744503927,-0.00026617325085743154,-2.060573538252218e-05,-5.114013190947668e-05,-9.09910425904436e-05,6.810969093407869e-05,0.00010884656625715416,-0.00022485324347067533,-0.0006494207986458087,-0.0004099048017049029,0.000509894210814705,0.0010034206907500185,0.0030104149577089797,6.245234968630853e-05,0.0017894350562525283,0.00169246413300223,0.16965812239817812,0.0039834847682714,0.004,0.0
73,-0.0008012303866876334,-0.0010586718017968968,-0.0022643977780493485,-0.0014682673012062514,-0.0006112863692802339,-0.0026348469900636605,-0.003360912666710615,-0.0017389731230588025,-0.0014331800794862054,-0.0005202084510882043,-0.002248101843515808,-0.0022187580435801746,-0.006195349248692884,-0.002151920058748155,-0.0017916380724543356,-0.001894029606090467,-0.0012554217963334866,-0.0015358955338640647,-0.0021977723288827905,-0.0015272703229242798,-0.0015800819976572245,-0.0014656831304169623,-0.00156288000702164,-0.0013866542952031503,-0.0013310264484292663,-0.001076446455935525,-0.0010438435237712968,-0.000567315897483364,9.200393111900458e-05,5.009163187120611e-06,-5.4152946705840565e-05,0.0001102856590930778,5.57874855161682e-05,0.00015422643094321843,0.0005238644790086704,-4.32357966354993e-05,0.00035851500461239646,0.0010270973233346035,0.00030443812413783334,0.0003405663990214081,0.0020529471523626722,0.0013211402572450885,0.0007400079687697992,-0.00194477558745062,-0.0011247854020073787,-0.0017306995200068861,-0.0017741954362817324,-0.002457769712723507,-0.0016227846408041512,-0.001312770866910086,-0.0015964309760590654,-0.0016680726639495078,-0.0019086697579979873,-0.0011208368090225244,-0.0010999248255137875,-0.0010175223308696467,-0.0007967766974338865,-0.0008473590626369781,-0.00042386402049495196,-0.0002976112623825327,-0.0003147290550995396,-6.312447830081496e-05,-0.0003768183086492246,-0.0006101925067404265,-0.0001299499125893536,-0.0009896149555540703,-0.0006086162936535541,-0.00039724827572561915,-0.0006299857573279313,-0.0006174969340427729,-0.0008280599217106774,-0.002257772507847766,-0.002212242377817856,-0.0008230376371931047,-0.000986853203226204,-0.0006321267486899871,6.88149720251976e-07,-0.0009229103183913512,-0.0003852819487744196,0.00023512066338398068,-0.00040062769840299415,0.0001231997198156235,0.0003027926320318035,-0.0005213014172876444,0.0006784075472054824,0.0016482010055551266,0.005480150438085958,0.0050720635643359486,-0.0008966059685315295,-0.0007400868074045946,-0.0007622152158226379,0.0006913582705166809,-0.00015751671952030048,-0.0001212306440314856,0.0006952160976583173,-0.0013309033998112332,-0.0007970569013333902,-0.00046044411938409605,-0.0010621289730028773,-0.0009711633915201128,-0.001123991995329123,0.0009087841185301833,0.0015524908385349252,-0.003082437099746416,-0.0037236803922739117,-0.0042524881564624875,0.000300361322311926,-0.004297097535593353,-0.0032840711515081653,-0.0003465019867664825,-0.0034778906390130217,-0.0038183626946201882,-0.0007223505011817268,-0.003419247164472514,-0.0019108155538325772,0.004198504333232903,0.008102367485395674,0.008395318629371817,-0.002451352862579693,0.0010305696408059437,0.0003468836547515706,0.0008719599227789905,0.0008065145650961233,-0.0010008516339977008,-0.0007993017270248984,-0.0006055109338551704,-0.00041450430915063993,0.0001989740532915546,-0.0004823153120641357,-0.0004326155734872915,-0.0002266348234566246,-0.00040712242862558484,0.00048439203954731675,0.00014351526421830176,-6.942182861872002e-05,0.00017697667345556778,1.4998832267920872e-05,-0.0017733203549355372,-0.0002493523526607632,-0.002096440196219897,-0.0010957140605441684,-0.0006090682364192451,0.00032342200759041297,0.005332903711870446,0.0004165759473600331,0.00016244347264853437,-0.0006218505636786529,-0.0003686031776174498,-0.0001165570952129193,0.0003148584790730039,-0.0010018809518668426,-0.0005772041914369885,-0.0004969517035876239,-0.00022235938676313897,0.0002961714437421539,-0.0005232530629297817,-0.0003943140894814734,-0.0005552922603052508,0.000270093759813359,-0.0015590103875765535,0.0007213319139044872,-0.00026729183879778466,-0.0009702505588561776,-0.0024791899418628617,0.0009093707978964678,0.0018559047740826695,0.0003991094566609087,0.00039211752675816225,0.16965812239817812,0.08050000954370934,0.0805,0.0
74,-0.0017631022193639499,-0.0027994814844884593,-0.0026393400388725285,0.0003747590496956364,-0.00013357968935551526,0.00041521830404340587,0.0007297224932672078,0.0002770259821953566,-0.0015494991238084895,-0.0009850673804410598,-0.002896937734494932,-0.0024927333713465677,0.0031209956689812928,-0.002905773767243983,-0.0027187704366458602,-0.002180187679781716,-0.002660009150353288,-0.002029764962225057,-0.0025490782524400343,-0.0026702852706567684,-0.0025982300528643474,-0.002863591410451498,-0.0028131491318405142,-0.0027087404274137,-0.002128639207456277,-0.002756933111283554,-0.0023757662897055075,-0.0022846353239011695,-0.0011937943701207396,-0.0008692683456739521,0.00011779798819928143,-0.0009547821530461313,-0.0014800162891112233,-0.0009742736469058918,-0.0017567298216083049,-0.001128861317430303,-0.0010863073958775479,-0.001976158119425738,-0.0014696032911468628,-0.00201435571626621,-0.0029395652444273637,-0.0011250820642155885,-0.002116169976114537,-0.002083506083932584,-0.0018034925941670208,-0.001990524605781565,-0.0015249664427283757,-0.001813169929377068,-0.0023860743499569156,-0.0021581890457799445,-0.0015999300579193595,-0.0020512417490564996,-0.001997708240498709,-0.001827033608317187,-0.0018503812995532556,-0.002354759011591808,-0.0014464071607035005,-0.000993006534971816,-0.0002479272074496181,-0.00024646911764854306,-0.00022632681878626557,-0.0004943016886829367,-0.0004996645650614655,-0.00019704623299037275,-0.0007111861855590855,-0.00028188462351577844,-0.00042096115809169514,-0.0004327382629649654,-0.0002399271665113404,-0.0006617706880742763,-0.0006791575442829403,0.0004634944195679246,0.00012715302115371498,0.000708945795489016,0.0005226848939973474,0.0006681580717274846,0.00028465991693065736,0.000646198858284634,0.0009545732332518857,-4.265209581365112e-05,9.356571946816227e-05,0.0006403015917391449,0.0008869301215608627,0.0006454196906604643,0.0013355187980065803,0.0011604966282123548,0.0078067374067239265,0.007551318061634074,0.0011630717811564198,0.001190925275768256,0.0012001119700644307,0.0002284483620769464,0.0007864752413835405,0.0003717571263975796,0.000844766504869023,0.0010065958311514759,0.0006788781612487314,0.00035901108184149117,9.262737062372673e-05,-0.0004812284148224805,0.0018937055733904559,-0.00978292507308885,-0.009647924342478199,0.0031236399840203384,0.0034040860513620155,0.0032376425473635865,-0.00010838478977484162,0.0015331729356738997,0.0017845172149603982,0.0002237486155108842,0.00011701839406131046,0.0005788000808863721,0.0008677046905683381,0.000925842708842936,0.0011490507578043837,-0.0007522381325957081,0.0023832188800663925,0.003629333253425779,-0.00031319816535117003,-0.0010890356052818792,-0.0013038284027261995,0.0005707314307772958,-0.0013477150237160799,-0.001170017197822326,-0.0008404857803122098,-0.0009926021696610356,-0.001200574536046776,-0.0014098670686608931,-0.0019874305689284873,-0.0030239123356780614,-0.0018739644569458133,-0.002322984669339085,8.174123033782095e-05,-0.0004079090343224847,-0.0006402910912610654,-0.00025912420965100425,-0.00013938149791313797,0.001852689463474094,0.0007394508987648077,-0.00048442842947177923,-0.0009620850076917257,-0.0004807408592890464,0.0006990355295620181,2.649386349537196e-05,0.00038721730352355945,0.0002132565884376554,-0.00014358265365687665,0.0003431413653171402,-0.0010457851897075327,-0.0008449101729506009,-0.0012057277050445978,-0.0010547818815881856,-0.001307672298140298,-0.0008584614189529472,-0.0014496387723148408,-0.002812676414593244,-0.0021135277114893657,-0.002317223694232291,-0.0018565531085018687,0.0004661919156224493,-0.0009886573557397786,-0.0010733292011470008,-0.0018366938310199132,-0.0034330307679923187,-0.004209303392553349,-0.0018676449181363394,-0.0010184745978139818,-0.0010332791379423785,0.16965812239817812,0.05399999967287766,0.054,0.0
75,-0.001352007542926077,-0.0009199156248670744,-0.001790308077605983,-0.00017390927847796907,0.0007984362826092587,-5.8153635074828396e-05,-0.0008740344812295576,-0.00022045516506604814,-0.0027338729960293693,-0.0005420633312651873,-0.001630674195373163,-0.001868896864220251,-0.0013193744160319434,-0.0015833938668401149,-0.0016192892819343154,-0.0014201707082999479,-0.001317558508541879,-0.0012927017015415018,-0.0018810081280343377,-0.0012761807591373958,-0.0010716811223345371,-0.0008457639805833093,-0.0010638210369712708,-0.0007077219417316999,-0.0010538619376548107,-0.0005513805060374719,-0.00037186982873177373,-0.0002316558321266986,-0.0006047798507435742,-0.0003645122036183858,-9.1188585156861e-05,-0.0006259370707524782,-0.0003070978438208806,-0.0006249153810431727,-0.0003521994495325911,-0.0005665880194847439,-0.0001785306495386167,-0.0006905256333327262,-0.00027509204482610133,-0.00041412508266510544,-0.0007867518302652769,-0.0001827442910170162,-0.00038819181233996523,-0.0024768897924573154,-0.0025957042572952644,-0.002444370750859223,-0.002005927182943966,-0.0023989954293407007,-0.0019643133218229442,-0.0020243061223900165,-0.0017956605950027473,-0.0019626942016067257,-0.001735980460547638,-0.001791620070858751,-0.0015046047504156394,-0.0017494822291508748,-0.0011597584797084853,-0.0009610419635342207,0.0004280782193707431,0.0004110040697483442,0.00023421690521302434,-0.00021363244363918027,-0.00017606549174485243,-0.00018999971299372742,-9.76336168803988e-05,-0.001129195717559312,-0.0007721027706185254,-0.00043636111477110605,-0.0010575693373843851,-0.0010747429910124618,-0.000609472955668941,-0.002936920429785665,-0.0017126469526947564,0.0005888312931875604,0.00044206106749418884,0.00033932607528577803,-0.0002228843808924358,-0.0001222097897106862,0.00018159725689684817,0.0010705604005521628,-0.00043029717848418794,-0.000144217666321857,-0.00109442662825824,0.0027495268782316653,0.0031688883523945635,0.0004156673862324314,-0.006987026354171539,-0.006526284450041719,-0.0001844552102860141,1.806487677946432e-05,6.228819954185628e-05,0.00044371088910722046,-0.0003586172128809378,-0.0001864206210009848,0.0006592755919944324,-0.00022062560910356406,-0.0006744162986071352,0.0012018663365536925,-0.0007936000297474813,-0.0008356175965239281,0.0029931540873444815,-0.0052504238768204215,-0.005560208075699914,-0.000642236805855158,-0.0006045160353187669,-0.000999348704635064,1.7151609361793188e-05,-0.0020545309229731126,-0.0008604389923931934,-3.528445300627847e-05,-0.002941896091086343,-0.0018992625715510737,-0.0010542735997949718,-0.003017336110860905,-0.0020493014966223963,-0.003187464369111636,-0.011009943930114167,-0.01094587830300177,-0.000804508849194179,-0.0005626543296895626,-6.320168009593896e-05,-0.00035502218910188045,-0.00029825457760987255,-0.0006741439234503051,-0.0013125043872237656,-0.000966050479588955,-0.00028024282370115225,-0.00012765649412699564,-0.00018307591514456944,-0.0002664822265353194,-0.00024263049421239686,-4.656129378076366e-05,-0.0005424728922657927,-0.000512356787038619,-0.0008413126296717755,-0.0005380657852011944,-0.0010170887796383072,-0.0007241191631652228,-0.0006499497920897442,-0.0006964783418080244,0.0010530672663663656,0.0011634129044067992,0.0015350723860606335,0.0017692991178766744,-0.00039795569694547737,-0.0004778357678314906,-0.0011614751808292896,-0.0006117625664544552,-0.0011205848532006345,-0.0007555155975467148,-0.0008733304997568713,-0.0010735759392600439,-0.0009001479148947504,-0.00014896930793776837,-8.721772853943064e-05,3.978491436283974e-05,-0.00024347914574950999,-0.0006023670105777775,-0.0005014806645690445,-0.0008493228366267454,-0.0012304027220163903,-0.001307685542297497,-0.0014525225940427984,-0.001941387614126723,0.0003600814074154061,0.0019630014553959534,0.00024375454146773574,2.862811197500085e-05,0.16965812239817812,0.020500036259497645,0.0205,0.0
76,-0.001417250365334998,-0.001492225118501813,-0.0030911759495551305,0.0001159285569149789,-7.84337150491324e-05,0.0011536131588415523,-0.003069242938274986,0.00020681836494924676,-0.0011690502286035376,-4.563882686241609e-05,-0.0004184510096348592,0.0003393528376160257,-0.0018364118175337074,3.343855113479301e-05,0.0001590593162334268,-0.00039302795521040497,0.0002633099440235633,0.00016754491143514184,-0.0003988594825701437,0.00037007320584918834,7.658040547498249e-05,4.879368321477146e-05,8.511967433967751e-06,3.692409781824746e-05,-8.171698332727592e-05,-7.929780259698874e-05,0.00018840679828794056,0.00026484574854263146,-0.0003607870286367351,-0.00015462988163443455,-0.0002078923370593913,-0.0007968558030476043,-0.0008936215858355074,-0.0010151668667126986,-0.000869539481249226,-0.001124068162841589,-0.0012818485398471706,-0.0012251723208728527,-0.0007661672927302426,-0.0012535804829821614,-0.0006240958821527559,-0.0010812105638860342,-0.0016312689379887248,-0.0010773397836335962,-0.001336444497867798,-0.0011002112393597185,-0.0012907387534089034,-0.0006921363564671043,-0.0016643165747124067,-0.0010305149165102177,-0.0012359162539476018,-0.0015764384035524236,-0.001218445893119834,-0.0013087080351324404,-0.0010879326594598043,-0.000805013748505422,-0.0012544634894487627,-0.0008557579714456714,0.0001645480074183696,0.00018415750115491147,0.0004284801968689273,0.00027613674492984666,-4.493328749321189e-05,4.89597098569871e-05,-0.00037037547499069255,-0.0004489743239944734,-0.0004651323791324825,-0.00019636316341953544,-0.0001907381895944806,-0.00023387378396259444,-0.00047313821823130755,0.0007099234644335313,0.00044852866728649685,0.000702970154278793,0.0008370520834803802,0.0011285774181393142,0.0008103992157540117,0.001999314405301486,0.002432266530152026,0.0006072585700143686,0.0015430165822640108,0.00078396428672731,0.0003384254584918429,0.0011583019898343367,0.0015177275959288266,0.0009618627036265072,0.004580016601855312,0.003201210199821776,0.0017283795000624274,0.0015103366926069964,0.0013332807907912173,-8.392936484322524e-05,0.0012799020463052163,0.0007290138975773212,0.0007008017990129618,-6.763472735059066e-05,0.00046158257216009246,0.00032200610847497657,-0.00041664481871873417,-0.0002611504438721465,-0.000861959570952559,-0.005229946317714308,-0.004531782788437694,-0.0015780386873047857,-0.001526799605100538,-0.0013300648130747303,0.0006271983575170341,0.0007730407114325332,0.0010587787177421698,0.00048063508573592035,-0.0003766718037017159,-0.00017726942487922577,0.0014544444036862262,0.0005379682529519,0.0009228538273422871,-1.617006433917888e-05,-0.0003214253504244919,0.00010573346651636274,-0.0045570531976925005,-0.002061751507259313,-0.000784170366680128,-0.0026585316814749503,-0.0019768994143691543,-0.0021425911510956326,-0.0025249002480975326,-0.0022691434315225984,-0.0027861306442620495,-0.0010099407680879925,-0.0009050002342711841,-0.0005940106133134059,-0.0007538807946567101,-0.0009631358856999394,-0.0026629410422334783,-0.0025155777728111638,-0.0022781877996920063,-0.0017445402657049365,-0.0024548518957187276,-0.0004995276525499096,0.0005628175536275744,-0.003645024664348091,-0.003091543590855524,-0.004384994620809517,-0.005234278647100817,-0.005046620205794391,-0.0030184159065948643,-0.0024236318267472404,-0.0020255802269939544,-0.0025416209044260138,-0.0021326832194588988,-0.002701357306020832,-0.0021689393582710543,-0.002872175853205622,-0.002200804130361856,-0.0022370699423209456,-0.0008685509767494041,-0.0005061577131240764,-0.0010281512856405827,-0.0009475307738621627,-0.0008695018793565115,-0.000671598907606534,-0.0022369839447310635,-0.0020106613825209077,-0.0029064586715344502,-0.004627257618783903,0.0028930101702071597,0.0019614668751395887,0.0004298196726245091,0.0008069488242750663,0.16965812239817812,0.05449999889630801,0.0545,0.0
77,-0.0002700501870439744,0.0007281479143368761,-0.0022047289554856207,0.00024359843183056505,0.0007900096850445902,-0.0002372146766236785,-0.0006172905731526626,-0.0002929398178402032,0.001271910430467089,-0.0004930548423497569,0.0008868100443584377,0.0011119625975408711,-0.0013929462051709062,0.0008802783269824171,0.0010810300024400555,0.0009129492783369531,0.0009606255392802562,0.000863382122577582,0.0006424568495388926,0.0007448240437233259,0.000560513271132375,0.0003239352178949627,0.0006085572290503747,0.0004768767478159082,0.0002861932677357263,0.00020135089484306972,2.33821152848756e-05,0.00048453360432365925,-0.0008589806908733926,-0.0011885569014079475,-0.0005929080171536175,-0.0005289793531744796,-0.001496684290583813,-0.00047380488031762113,-0.0009467348948254273,-0.001058827170680575,-0.0006040281633063728,-0.0006842439058422229,-0.0003867573166138136,-0.0006165807152294098,-0.0007551736453089087,-0.0005590024938085951,-0.0013161891778812028,0.0011251057249055307,0.0010475070020564802,0.0008735138902088945,0.0008291176157701946,0.00017467095913136293,0.0004425023442673384,0.0003026354263238654,-1.5180671184079539e-05,2.112273782786509e-05,0.0005169894591873894,-4.524981241000606e-06,0.00014904127589830427,6.309808143977361e-05,5.543022046022648e-05,-0.0003891867387423863,0.0005194105486074683,0.000656972345412047,0.000463016879076459,0.001725357690704906,0.0009926060249435948,0.0008689707767566075,0.0011949407605687018,0.0006448411318713824,0.0006013079902633856,0.0016866067114874198,-0.0002136893389976357,-0.0005168709522647345,-0.0009794541674906984,-0.003238479618674701,-0.002346987104224865,-0.00040844736329406794,-0.00048022628927374617,-0.00023998996390505828,5.5950749847392984e-05,-0.0005540413974938994,-0.00040726309200389197,-0.00021222243767765955,-0.0021249183741993954,-0.0013870227952575806,7.013621647314782e-05,-0.004334197799940885,-0.003659734518271129,-0.002452402750598703,-0.012885758353624394,-0.011802646726896886,-0.0003041991880085486,-0.00011664749281985565,-4.8899799245531534e-05,-0.0008912618906898912,-0.00046879598045456946,-0.00018599562269446036,-0.00042887156843411775,-0.0009252426328003763,-0.0006954666318053356,7.12337260611266e-05,-0.0011480493633355409,-0.0010991386267213167,-0.00039599426314388184,-0.005126428493783088,-0.005010331880098705,-0.0006905035808002025,-0.0007330492416221839,-0.0008826760967310786,-0.0005323142454903512,-0.0025739547541844166,-0.002480542792261673,-0.0004878529706698164,-0.003912635744788644,-0.0044999622337390495,-0.0011160515767542172,-0.007299874611260254,-0.004859001132062485,-0.006222510005075347,-0.013914528084391274,-0.012919666729296425,-0.003677502247976748,-0.0003929303728040001,5.818535731640946e-05,-0.0010122971314326453,-0.0003583914547127616,-0.0003935955526746336,-0.0002739235403407275,-0.0003987412403757864,-0.0007352522221725864,2.1114961526904658e-05,0.00014679203053842427,0.0001725033088026772,-0.0003635317275877011,-0.0004410012805822777,-0.0007876556435226261,-0.0011943557290916159,-0.001289471339435212,-0.0008672315106160774,-0.0012915634291086695,-0.0017083531500912482,-0.0015322866671412545,-0.0014828708634844708,-0.00019586890691457334,-0.002218463985448128,-0.004004610933261421,-0.011514916326368146,-0.0014200838919141842,-0.0014456542417712332,-0.0019582605096059016,-0.0011678453994186989,-0.0020063754369919304,-0.0003550570890689123,-0.0003430635845629601,-0.00040626396561450656,-0.0004662901464032997,-0.0005302186833365265,0.00022710479782194948,0.00017123014186555167,0.00022663890387980554,-0.0002503468956278931,-0.0005054898419932643,-0.0005131272342834491,-0.0004048562972694699,-0.00037664774979848104,0.0005352215911679162,0.0006655036139402898,-0.00012359305786458985,0.0006139575643827222,2.599354982440295e-05,-0.00015051854315602386,0.16965812239817812,0.00699990475641607,0.007,0.0
78,-0.00038939553961039137,-0.002089583173255616,-0.0004050013723696508,0.00010371772669969368,0.0007182328892679752,-0.0005135341669719619,-0.0007027545114457587,-0.00033491256895678683,-0.00029674171002300474,4.2849693593817216e-05,-0.00012037472855260816,-0.00018028864154072326,-0.0012948651340271686,-0.0003963449355823837,0.00013152152219934329,8.309890006707489e-05,-0.0001905210141562487,-1.383507362295978e-05,-0.00010538594734559238,6.021099713220268e-05,-8.430819218981526e-05,0.00018792662618087624,0.00010452664969899145,-0.00013638579566375224,-0.00030076025038970025,0.00032167071326481866,0.00032408866590449435,0.0004328242201352285,-0.00033405668702167555,-0.00032822739009002295,-0.0002943662860388169,-0.00023587996101939767,-0.00045701995940529595,-0.000515246623058658,-6.481185632492954e-05,-1.5333603576616723e-05,-0.00014040844811655467,2.119981337809617e-06,-0.0009789102151080316,-0.0007997027747556012,-0.0005371932646006841,8.018533981398262e-05,0.00023475311343729784,-0.00031106171971851293,-0.00025161344419375825,-0.0003251737038771513,-2.4830870877250427e-06,-0.00022107760464347203,-0.00020360311290625838,-0.00022720506554254575,-0.0001041325437962294,9.825660826931686e-05,-0.00022058035632657654,-6.318059619658096e-05,-0.00012096339892321785,0.00013272536998401127,0.00029909708506389426,5.212501583480782e-06,0.001425747347839732,0.0013028614183701642,0.0014833749430361626,0.0025595526485857945,0.0014045144289621103,0.0011391314778372975,0.002644189441785242,0.0009408926186704251,0.0011484790864143902,0.0035558377313929914,-0.00012154893566323996,-2.5670827654038586e-05,0.0014716397582945333,-0.0010858142335156168,-0.0007905100377717218,-0.000503992217319196,-0.00011606328515377218,-0.00018754616556202242,0.0006788091612628385,-0.0012435065213026407,-0.0005056480751666375,0.0006810571410442438,-0.0031169175898140868,-0.001648704122634992,0.0001199570375361435,-0.004094980380429961,-0.003946536204630338,-0.003352703699843783,-0.011972129096617625,-0.01057584203007942,-0.0003832456837901172,-0.00026119534225344985,-0.0002541851367381689,0.0007080851813039929,-0.0009417414575040716,-0.0006740129490537309,0.0004561944142563423,-0.000882449546150367,-0.0007565254776088284,0.0004157738331770034,-0.0008527616402866267,-0.0004773648905225749,0.0013868966021167441,-0.005027375441073277,-0.004995114447217934,-0.0005873165346717839,-0.0008178248524951758,-0.001353718369398984,-0.00036696503084441206,-0.004189724266723829,-0.0039437012524863695,-0.000936366506205912,-0.005622816336024971,-0.00583962572120026,-0.002535074028095702,-0.008818703562879338,-0.00704967109841891,-0.009043505387751052,-0.01591213283204377,-0.015802926626808354,-0.0020018630141050943,-0.00021957196972934267,0.00021929996493020085,0.0006719054310975902,-0.0004381069868052028,-0.00038026434090805326,-0.0007957748117248863,-0.0007393546731156945,-0.000304305825939857,0.0002916606578622717,1.704865959386754e-05,0.0003028063308900692,0.00023504793418522131,0.0002864271226268727,0.0006402059960851233,0.0006878905571557303,0.0004502100976937539,0.0006432896852166606,0.0009913578645998904,-0.0008692149335372016,-0.0008651728070695143,-0.0013049744681671016,-0.0018030425565370657,-0.004491935986857394,-0.005707822741458582,-0.012662074475404147,0.0006480766414108759,0.0005816982411092039,0.0007866194085714137,0.0007357465585391489,0.0007507561641443616,-0.0005348106522179426,-0.0005654287036358237,-0.00076143454909432,-0.000648952220855582,-0.00012409471904559877,-7.620136043019841e-05,0.0001014702228525124,0.00038264959780663724,0.00017226625886123187,-6.512841204897475e-07,-0.000935562135291932,-0.0007324286251442297,-0.0005582380215850556,-0.0010734772611919734,-0.0012468213206876476,-6.711444673737693e-05,-0.0001515978186515438,0.0002752917051534139,9.257563221808692e-05,0.16965812239817812,0.010526760996814322,0.0105,0.0
79,-1.4956931982313811e-05,-0.0014780869864416551,-0.00013147706329049195,0.0014479977086634254,0.0008988025457133114,0.0006743343403006901,-0.0004397829360893474,0.0008285993665688059,-0.00023454641624673448,-3.280734354357085e-05,-0.00019135502374995972,-0.00016306589393680611,-0.0009733058758657472,-0.0005461921763121163,-0.0006085122593329011,-0.00042307849905356916,-0.0003628122822425043,-0.0005759932311306978,-0.0008483920327964659,-0.0005228290027236631,-0.0005189470458535732,-0.0008612680379481316,-0.000803877726283652,-0.0011337390589024083,-0.001195004722572367,-0.0010989041959607304,-0.0010115299703153966,-0.0014587499023007056,-0.0008473155325715905,0.00017007014204269426,5.641561753381036e-05,0.0010988623037556482,5.3489214382666915e-05,-0.00019183972141137602,0.0005193172580064882,-0.00010422444322157566,3.273870564743625e-05,0.0009171003258225233,5.070683644024528e-05,-0.0005385191712946611,-0.0006551812356422655,0.00035173167680152697,0.0001428700898353194,-0.00029904450403396625,-0.00034908535707428145,-0.0005086636024476928,-2.3327424529845975e-05,-0.00028928993554505226,-0.00011193356069373153,-0.0002151443710541766,-0.00013801816652979427,-0.00013318185250693555,-6.870628094849718e-05,-7.419961055824285e-05,-0.00014347131680259156,7.343364301157786e-05,0.00013742202223553617,-6.363438190186924e-05,0.0009295391338073,0.0007772827821327672,0.0010049419464380992,0.0018039075538008788,0.0008639177934680773,0.0006140187459572718,0.0014701225040357432,6.137833897178724e-05,0.0003778989692983479,0.0015272653526132794,-0.0006976471813289698,-0.0003952929895558838,-0.0006066548750700728,-0.001808547906930366,-0.0013432648450226086,0.0002490553886157169,0.0004330562362653063,0.0006404575847212524,0.002043504000388466,-0.000982152738830365,-0.0005399343445167234,0.0017385125740674104,-0.0035398521864280757,-0.0023291703899870455,0.00037192293632013434,-0.005284624092790651,-0.004590032675209894,-0.003763055007127571,-0.013336235022508473,-0.012398856152151888,0.0009931774032111596,0.0012226855846819544,0.0008284320773760213,0.002461324982296076,0.000778217080742284,0.0007001307996394458,0.002259809141751963,-3.56686630903474e-05,-0.00044617734958499254,0.0020858686566330026,-0.0010120099449648441,-0.000857457270748928,0.0011503942296288965,-0.005125724959100716,-0.005801413033982155,-0.0010103232889449722,-0.0007653754735004988,-0.0011120774174328153,0.000350815889469103,-0.004339017378525719,-0.003792148424546587,-0.00043815155408291303,-0.005706470619535839,-0.005797556358608573,-0.0017124216570629787,-0.007534009730691533,-0.006411410724938555,-0.007493539778387364,-0.015357005432922496,-0.014391594429749218,-0.002523822771577639,-0.0004060918152168534,0.0002890986304238048,0.0008644295858598367,-0.00031777716980480275,-0.0006833982582645771,-0.000478899060703864,-0.0008545916077418705,-0.0009613221010149271,0.00018186821679173727,0.0002639626832914896,0.00026189197429416503,-6.019561675384424e-05,1.5105662194020199e-05,0.00039279920909775375,0.0004986550788576112,0.00028555231314804586,0.00021540788817207365,0.0001589580259441706,-0.0010634859686452875,-0.0012236953179420216,-0.002177209241784915,-0.0024512116929846163,-0.004543328357563621,-0.006183980863862045,-0.010675937442275131,0.0007649514428296424,0.0004187357790973334,0.0002407000522889121,0.0002667058940294738,7.83877409450127e-05,-0.0006024167636575742,-0.0005473016784456667,-0.0003691798464621402,-0.0012045299638926371,-0.0008979987942074518,-7.842325872891649e-07,0.00012288536836686543,0.00021297362345422833,0.0003353909181259136,0.00011901931190119285,-0.00032093673909361445,-0.000677346337292138,-0.0006636176630017334,-0.0008499246213337059,-0.001664914777769984,-0.00047623922869690727,-0.00020749027852758474,-0.00048526710694217436,-0.0006275097009704127,0.16965812239817812,0.005497857279863488,0.0055,0.0
80,-0.002213446656838785,-0.0026045062493480417,-0.004737154440169547,0.0003536846344872331,-0.0002947701672712359,0.0002283281738107148,0.0006279880012648604,0.00021156858727784783,-0.0020316915920960046,-0.0019642872620018867,-0.0019270144754686305,-0.0017022730748709153,0.004110048890497226,-0.001653539096173527,-0.001388549132611142,-0.0016474725125927114,-0.001766642336623381,-0.0014887946082341322,-0.0010340623075594463,-0.0017075404426254602,-0.0014915995873790472,-0.0011500602451511765,-0.0018441584380659275,-0.0011274366100482013,-0.001470840756611722,-0.0017452716935735823,-0.0021530676616029628,-0.0016220789308012558,-0.001812668944162364,-0.0011005608643606323,-0.001245943723366872,-0.0014480171681070279,-0.0017356070511096232,-0.0016084465052156325,-0.0018045357575257775,-0.0014939117129220544,-0.0013485393009428797,-0.002354368070475357,-0.0021977519625191928,-0.0023257167534815604,-0.0024596440530843563,-0.002976847940617567,-0.0027176587804020533,-0.001924642360546981,-0.0018634425590615424,-0.0022978135825866435,-0.002651061559611843,-0.0021037410809643872,-0.002076939316734477,-0.0026418317334515767,-0.002148183167218655,-0.002851844430024817,-0.003111041859928218,-0.002444181637262957,-0.00258151143662267,-0.002922001368800312,-0.001779041473161882,-0.0025677769742054306,5.492084039662588e-06,-7.138411300117753e-05,9.601443237372152e-05,-0.00021874466201348496,-0.00014015781163124723,-0.00025658496618806865,-0.00033093558891691873,-0.00010231994454644602,-5.2944122856930175e-05,-4.9651568989104106e-05,-0.0008977161199959267,-0.0005302763600907514,-0.0002567108589627323,-0.0001479934125760753,2.061152145550047e-05,0.0006213703893651925,0.0006041362572630258,0.0005683213539192009,0.00031704212104763824,0.0011238950302518585,0.0009496806669336874,0.0001446935279828666,0.0007318514618577829,0.00046052526130119654,0.00023530450042452176,0.00024361447593537338,0.0006802513008413798,0.0015403387573903595,0.002092547547645999,0.0016383031730556978,0.0008591464152735998,0.001120167731730018,0.0009059687698654682,0.00012082515592237878,0.0014208685538783389,0.0012797059144898993,0.00035413875745701886,0.0010292003035549213,0.0010113690020119128,0.0003158235445668731,0.0014631375926284337,0.0009745859049936929,0.0007877053292042342,0.0054930325875235456,0.004885151416922613,0.0031482204825440596,0.0032732463319959083,0.0027181133007160535,0.0015950342468441982,0.0013654060044745804,0.0020624832141041354,0.001733852450067085,0.001339330306731994,0.0007140854310488384,0.002511352438071869,0.0019218392474387722,0.0023168515259079057,0.003217870074126593,0.003944873738678998,0.0049657276451270695,0.00015994503502422412,-0.0010507943350033869,-0.000940814469394168,-0.0004395653090684385,-0.0007492277783157955,-0.0005197359187675043,-0.00010253443360228097,-5.4943713564935254e-05,-0.0003436253334389234,-0.0008110082531779042,-0.0015575033080940895,-0.0018103830932350447,-0.0016471336084592544,-0.002093194629111689,-0.0002909865701546802,-0.0008222201995626706,-0.00011577581047915632,-0.0003709214247225749,-0.0005317317270420396,0.0030482790237329814,0.0023216321253124975,-0.0006318263015071074,4.79926760712655e-05,-0.0004297020007159437,-0.0019235342987348211,-0.0129575201009048,-0.000537382898494326,-0.0008660634542582026,-0.0005873119058752323,-0.0005053277132592407,-0.0008763300898737411,-0.0011803291953478522,-0.00043996180695670865,-0.00039694813024282043,-0.0009212720079113276,-0.0010251964724110345,-0.0008323967656923467,-0.001408014407861839,-0.002027085690901849,-0.001984335923867949,-0.0022600609437020682,-0.0009252749514336816,-0.0018317845296821158,-0.002223849535132799,-0.002996010796341772,-0.008172243432451409,-0.0009689989088616706,-0.0008032295198753339,-0.00033476243117408754,2.5114982276470124e-05,0.16965812239817812,0.07900000674428959,0.079,0.0
81,-0.0013337509446260589,-0.0013234421886911595,-0.0002863978692264908,-0.0001661589335867865,-0.0001766585440479221,0.0006438879999184991,0.0012890873736385268,4.046493925353184e-05,-0.0010467778354456179,-0.001237795377900067,-0.0003393330306399896,-0.0004759458803050352,0.003103236022929222,-0.00018597556672498983,2.637454275880964e-05,-0.0002631437298279837,4.056651595096669e-06,-0.0005227419845751664,-0.00035906895038425966,0.00027881812709946486,-0.000139402566287386,-0.00015784474939433882,5.307748977644315e-05,-0.0001319419533238371,-0.0002507003208517371,-0.00013009099258653618,-0.00021213750032700614,-0.0004124741041672995,-0.0008873426028243206,-0.001166020945090677,-0.000944782359005671,-0.0014002411811157658,-0.0013115056320489459,-0.0011362980616435232,-0.0013826796545050974,-0.0013779315921735608,-0.0013545530476503633,-0.0013487557595170438,-0.0018759683699068215,-0.0013432252885493608,-0.0011930170540236974,-0.0017047719309353502,-0.0016544246282485973,-0.0014435887213070642,-0.001508538689544705,-0.0010186100127500975,-0.0011662651799007506,-0.0010621965352067726,-0.0013160012372267845,-0.0014097939489880712,-0.0011780269162054453,-0.0012683617675643033,-0.0012160518154899229,-0.0015373100641845126,-0.0009499316104831227,-0.0011776568403039861,-0.00095901889028891,-0.0012024108586393748,-0.00042486358427927913,-0.000463232083132354,-0.00040475466914654184,-0.0006724823955516847,-0.0008958513933297355,-0.0006958818076197078,-0.0008593812368788788,-0.0006092631010998691,-0.0006657121359395615,-0.00019222850386167847,-0.0005008925350167744,-0.0005630626039045962,-0.000519606865628487,-9.196920421375478e-05,-1.5170224296825347e-05,3.750575468453358e-05,0.00011218250274979377,1.5202933755593635e-05,-0.0002229096836843295,0.0007843547548629937,0.0005104143449693455,0.0003229356705393936,0.00013471935233644192,0.0001961439933143502,-0.0001360117402976989,0.00011435633399257668,-0.0007245993636548144,4.3713952661323586e-05,0.0024898983485020414,0.00018134962114538952,-1.0755748934067538e-05,3.0261158997859563e-05,0.00018557110889353318,-9.647639371902215e-06,-8.529995525403402e-05,-0.00037611497670667017,-0.00014538788692251554,0.00011974840375821707,-0.000347939689434784,2.9211918841590096e-05,-0.0006142961918263673,-0.001219555605004195,-0.0016518728490708746,-0.006465335242969327,-0.006003036127072912,0.0016462694267165793,0.0016993609324355494,0.0014834304263905325,0.0008658048074186464,-0.00010640599004865318,-0.0003933885697519546,7.41254228764908e-05,-0.0020028738948568406,-0.001274367115493742,0.0009877830025112997,-0.0009560257487645063,-0.0012129147251726037,-0.00028832445893267324,-0.00013747908400694688,1.9886253826041822e-05,-0.0027166220205460546,-0.00048108652345094647,-0.0007652201662262957,-0.00013877825755112752,-0.0009051804139731807,-0.0011504346963187224,-0.0015713838479985759,-0.0013260668318710099,-0.0020640707725740645,-0.0013738041503229882,-0.0017945531856158013,-0.0013346400105245517,-0.0020025029865558693,-0.0023009774527448595,0.0001367545875005062,-0.0004943163515732263,-5.4548016664619276e-05,-8.248137704521727e-05,-0.00027205119277755357,-2.2977383498862766e-05,0.0003318300699618895,-0.002745876701490779,-0.0038950453102110706,-0.005149559191130937,-0.005952936860091744,-0.00848975018861171,-0.0002466059736434835,-0.0004318517070154538,-0.0006266217255018196,-0.0005728593111943574,-0.0006664505922261661,-0.0007402521285096038,-0.0011464409951478767,-0.0011690734316996748,-0.0013105383019393522,-0.0017204142927992948,-0.0008532047030350916,-0.001493272919688679,-0.0012292272058941945,-0.001794176007915961,-0.0021880223995725066,0.0014982198436692994,-0.000173186380132471,-0.0006851673828374153,-0.001350728864735029,-0.004400706751470563,-0.007152033643153537,-0.0036829092067805925,-0.005676525386066599,-0.004646399959015046,0.16965812239817812,0.01850066846374057,0.0185,0.0
82,-0.0011666628385565278,-0.002394380765798912,-0.0035863678964050947,0.0003389121840639664,1.4065445102424673e-06,0.0007054197964101359,-0.0006993611624767929,-4.580692253542703e-05,-0.0011352638152786296,0.00023099337380655174,-0.0006083808460636332,-0.0005021970489848543,0.0011311052671822831,-0.0008037072983117069,-0.0014040701503454202,-0.0010378891188408707,-0.0015827460354323232,-0.002316535799743476,-0.001904806973246718,-0.001940730136263049,-0.0014796669421735355,-0.0019217744888718608,-0.0016316810717276603,-0.001388844716434217,-0.0019045247384028628,-0.0028459305755798876,-0.002242769328566143,-0.0027989029148152334,-0.00020681734001427263,1.0319004060125792e-05,7.897425120363684e-05,-0.0004771345704151971,-0.0005429735442002512,-0.001302517112354778,-0.0016885538393526247,-0.0008542037005168056,-0.0014589895025950402,-0.0014167813653441674,-0.000940303124568648,-0.0012860379921011936,-0.0019535105012630917,-0.0018063409163505278,-0.001039399776623553,-0.0009442008357699509,-0.0010690305856752688,-0.0016394604692691378,-0.0009432764451249803,-0.0014277202341754433,-0.0016631079130523382,-0.0024970151461126923,-0.0020519807258057026,-0.002708075783110443,-0.0013885141835084855,-0.0023354413241044366,-0.0028385652601099244,-0.0028586184552246755,-0.0026509232807091147,-0.0027906344289096953,-0.0002468773637908002,-0.0002749425000611632,-0.0002751541824104068,-0.0005519603856631375,-0.0009226875014296585,-0.0008613335071591517,-0.0007467211512279607,-0.000654902878769275,-0.0008513406465729942,-0.0007663961143322586,-0.0010175767355781655,-0.0009960121697213985,1.030765806169617e-06,0.0007683999052651718,0.0003687928024932271,-1.2888991582915245e-05,-0.00012555630796217763,-7.369707704817086e-05,0.00011937927657895261,0.0006757995045776151,0.0005679640595579917,0.00016452173014559914,0.0008315804597120558,0.0006278345505989908,0.00013871506215888611,0.0011572989668033943,0.0013010283896302238,0.0017221705981911159,0.004346906665322045,0.0029024867555613775,0.0007968712823440885,0.0007577227860690745,0.0007584060812329987,0.0005479280788147395,0.000812892008385419,0.0003417266621282861,0.00019195361292947204,0.00020014716876720357,0.000551527333581297,0.00033788153468498834,0.00013847533688600164,0.0002320926528472106,0.0009651289057390763,0.001065433127275011,0.001687676629686096,0.0007962651645552155,0.001100665095910961,0.0010606151215598134,0.0011961857663022927,0.0013882378566265803,0.000786343740991902,0.0013459307146174028,0.0011966503012312499,0.0003713825069945587,0.001320533306462914,0.0009114015653680079,0.0013244392844211882,0.0029863708897105035,0.006482590577970282,0.005734262594904035,-0.007047096692314549,-0.0021036672155225456,-0.002247860112101734,-0.0011996886651272714,-0.002295098921067856,-0.0026812689972184854,-0.00200275233651023,-0.002919026042845472,-0.002120031719262586,-0.0019619032335789666,-0.0015776773069148607,-0.001891319993323438,-0.0026910727038586407,-0.002917083907916417,-0.0014568845369353064,-0.001303300685174899,-0.001618774227754498,-0.0018396270473122964,-0.001043349238229322,0.000859073944289778,-0.0017630152555753883,-0.006408400109509464,-0.0065186414437709405,-0.007420106356240109,-0.007772052019869973,-0.00815533683481523,-0.0014394884180275534,-0.0013087443800184422,-0.0014989318591522064,-0.001270841784194577,-0.0015618390310829827,-0.002458162028624751,-0.002400003107218938,-0.0024213129211559797,-0.0032634291060275634,-0.002424709754206554,-0.001753200175507063,-0.0019279117598949894,-0.0022658379718288133,-0.0020061963164134,-0.0028511832402579778,-0.0003840912950447901,-0.00038651776499698374,-0.0005106682852189922,-0.0003616864076363301,-0.001243014024532178,-0.0006141674158682819,-0.0010631763561529404,-0.0027630934865815657,-0.002961553598566483,0.16965812239817812,0.013500000399617768,0.0135,0.0
83,-0.0016912880965007076,-0.0011948371239014568,-0.0018348640593474855,-0.0004874834891604536,-0.00041176210705198477,0.0001158561045724946,-0.0005344776783877992,-0.00021026541762094125,-0.0019365044990998458,-0.0004056596485237298,-0.0014847457314103895,-0.0019948283691937976,-0.0005387536215670787,-0.0023953783802854647,-0.0018448753403782023,-0.0017706406077749692,-0.001243886520165216,-0.001445884740934242,-0.0017701797123091392,-0.001448613139708128,-0.001362434585555117,-0.0008146637779825319,-0.0008543198274287504,-0.0008936343971669224,-0.0008496522855867477,-0.0007360537389882231,-0.0006164745610287185,-0.0005890213316332002,-0.00027162471288683505,-0.0003580398341896817,-0.00035314168386005757,-0.00021249185586626632,-7.802807450898087e-05,-0.00011932150192147006,6.859264216756662e-05,-0.00019911687319243665,-0.00013355208695787148,-2.4869729102435092e-05,-5.9756792419980985e-06,0.00031625329411465804,-0.00027818254898444154,-4.699171200530678e-05,0.00018543843429204767,-0.00217619672593442,-0.002083870955456671,-0.002281137119874826,-0.0021214795183322516,-0.001961978305567718,-0.0015824816915844633,-0.0022389805973804635,-0.0020139315701729467,-0.002392889401622057,-0.0020783077419747127,-0.0017797038362007307,-0.0014549783609607314,-0.0015080846208385624,-0.0016729486726070942,-0.0011441820831382373,-0.00042182118651992766,-0.00039196405845488396,-0.00022135372751404104,0.00036580853876970346,-0.0002671672601170706,-0.0007251945329771047,-0.000522210359000307,-0.0010325316402342549,-0.0009758257365082197,-0.0004010246552564708,-0.0013395020257972892,-0.001535028575032935,-0.000680650756085211,-0.0044842721696699474,-0.0037847736589344985,-8.770431486124478e-05,-0.00018115881325786996,-0.00016405875124849456,0.00037332762558011604,-0.0009523941843053673,-0.0007574220320572609,0.00090874065088072,-0.0022141663623731415,-0.0012925843560461698,-0.0002525550102992302,-0.0032074203173109695,-0.00215899819403115,0.00010190583785447675,-0.005601906558935469,-0.004336402572034921,-0.000123391964205566,-0.0004393406971669446,-0.00035614190496456615,0.0005709131194480933,0.00024097521487350323,-5.390825248416568e-05,0.000343893222845133,-0.000646635583938314,-0.0006527247286233323,-2.4799109342273314e-05,-0.000870563785205337,-0.0010550673761586331,0.00010278959052488978,-0.0026831495074669575,-0.0015695841642204985,-0.00038563288877417476,-0.0008440786295037055,-0.0008039861218163483,0.0002978232334848328,-0.002524016896884916,-0.0020513270855311233,-0.00030996683166189154,-0.0028927400838657602,-0.0037990652059005947,-6.073263731624999e-05,-0.004034722844173148,-0.00248075725418011,-0.002802486297235794,-0.004719029333784411,-0.005919803003025071,0.0002308255337424078,-0.0006939842858517285,0.0009033549055383952,0.000978604861073596,-0.0007543279263556695,-0.0008115859084352955,-0.0011688340118542692,-0.0013537283596283072,-0.0007255504223303137,0.0008934998983951467,0.0005458674190806863,0.00028079522504798933,0.0003150351670230305,4.986959712035975e-05,0.0013106285886307371,0.0005831456117009407,0.0002963073123126993,0.00036533597599620025,0.000525411589740722,-0.0009367927196489221,-0.001771069501337616,0.0001290389144069725,0.0004201252075627413,0.0004758093049720989,0.0018462557240907214,0.006963339314823752,0.0010438620737999874,0.0003502491942968872,0.00040832145243552205,0.00021056179389585233,-4.3461974114629796e-05,-0.0007996064274906176,-0.0008136699580559361,-0.0009640333987698982,-0.0007479500053619178,-0.0009837468839756242,0.0008020480776489052,0.0003734013621122705,0.0001893621998062597,0.000608111137975695,0.00021640256673116838,-0.0009795326551061238,0.0018496363567979228,0.0004022544862470349,0.0001870165796387773,-0.0017499938562320252,-0.0014680989460571633,-0.0005666881267260793,-0.0015714703464919802,-0.0014730955140314522,0.16965812239817812,0.03500028183302803,0.035,0.0
84,-0.0007269773412338318,0.0006643623085424311,-0.0009111202678776854,-0.00035436543484951446,0.001151610198487437,-0.0006164876881111306,-0.00046876606228428734,0.0015694037917204082,-0.0004672228135741604,6.655302798488017e-06,3.503240936466918e-05,0.00014171092237847514,-0.0009064016696242136,0.0002509455546406044,0.00022109653911522284,7.32477244896525e-05,0.00020834665491870853,8.088253482536828e-05,-0.00028310742003541796,-3.270666034883504e-05,-0.00034305519585327467,-5.937500202982123e-05,-0.00010590186629520277,-1.337235648295737e-05,-7.722776835868077e-05,-8.586795040884925e-05,-0.00057942077756282,-0.00028692435123964737,-2.962550854084933e-05,0.0002985675855726734,-0.00037743897826693075,-0.00037035853219857443,-0.00032224378093634223,-9.99867247900139e-05,3.6373435055191415e-05,-0.00022730564562495025,-0.0004937042535697588,-0.00047967751127373507,-0.00017160323354267767,-0.00022655670111818363,-0.0006103627928810639,0.00012837902983555376,-0.0001934086757220216,-0.0005502123500426646,-0.0005054894774897307,-0.0006388137359745978,-0.0006162458340827432,-0.0009784235169440379,-0.0008445909178463163,-0.0009557889177269878,-0.0006388372830612154,-0.0005932916352131792,-0.0003903674904501521,-0.0006550962984623146,-0.0005662949004125242,-0.0004729579058862977,-0.0005183964519837905,-0.0008567442621963573,0.0010787292178004544,0.0010108807120190163,0.0008906880460111867,-0.0005795501606573944,-0.0006440359269529248,-0.0005310367624164962,-0.00040158038756315546,-0.0010326216446161242,-0.0010065625810009382,-0.0004133903710100074,-0.0016775073619053995,-0.0017058884055110434,0.001360815641883167,-0.002287372389197875,-0.0014889978847861104,-5.2434295267147544e-05,0.00020411134465647638,-0.0003050130211806446,0.00012751044995672547,-0.0009416897881770344,-0.0010433365018486527,-0.0005252508512195414,-0.0026671905533491727,-0.0016180548011462998,-0.0013016261317358921,-0.0026014268678776244,-0.002566059851520308,-0.0008006413655149355,-0.006508133260853267,-0.005155996754308786,-0.0003302285389835616,-0.00022982817629773716,0.0001093291358808473,0.0018884086973148095,0.0011057562521066624,0.0011583531129408303,0.002553392647262207,0.00048456189362036303,8.989281087791298e-05,0.0029895028988313286,-0.0011409084650273898,-8.110331004001407e-05,0.0002423712251246461,-0.006209021712503461,-0.006244031150767397,-0.000757616791206264,-0.0006955763306209581,-0.0007719096133467508,-0.00023609721555810216,-0.0037958831445455052,-0.0033320025017228925,-0.0003491554527037319,-0.004909818189380287,-0.005168547876933767,-0.001172398795102244,-0.007603873139576756,-0.005915866337529632,-0.005211905899367272,-0.013855583835506655,-0.012996621091388001,-0.0037364154589347625,0.00022627233625221774,4.99963396072826e-05,0.00041845475625192243,0.0003420491362006586,0.0003387951838144228,0.0006092810549424113,0.0004894253585477533,0.0008439479595007319,-0.0002483943995512611,-5.860343890051112e-05,0.000306823101621238,0.00024724887614339545,5.557548731150952e-05,0.0003627709091260629,0.00038814286360973127,0.0007771400784921245,0.00047961141400251533,0.0007615944599737345,-0.001384158714798276,0.0025245879300974947,-0.0037039408868079766,-0.00498577148174125,-0.009101806182870221,-0.009924804951215904,-0.015722213874658164,0.0006545324537081943,0.0006247691245544376,0.0006658046034753602,0.0006125199495451447,0.0008258980843666947,0.0005467430620807078,0.00034939865030590104,-3.384603442683587e-05,0.00015953533922674463,0.001483389386058373,7.665276349462531e-05,-6.801529475213537e-05,3.0628289156226055e-05,4.6675697306827164e-05,0.0002907435021155878,-0.0006342330144102446,6.273194978766321e-05,-1.1466760979825578e-05,0.003293237467891577,0.001155709610758496,6.281931672970364e-05,0.0007887509507541241,0.00018816159505498082,0.0007191647533573167,0.16965812239817812,0.02349945434725273,0.0235,0.0
85,-0.00040845200182859377,0.003094134870280299,-0.0004328577912808725,0.0021164557841628693,0.0008169955242063049,0.0010223115673943547,0.0015089613354310311,0.0017765723585875704,0.00044061559148741937,-0.00017826150320326492,0.0011793985067953617,0.0009335891480590226,-0.0007652510773336398,0.0010979803057214687,0.0007452975629603951,0.0007953161432616656,0.0003272268528439198,0.0003066915280973611,-4.902132391379089e-05,0.00041299197280163436,-0.00010146204562094997,0.00018364677353521164,0.0003089844207420053,-1.230091867234451e-05,-0.00014824814281504535,0.0004636112834001171,-0.0003174957749815893,0.0002607412865395714,-0.0007259682045379335,0.0003341880099289302,0.000397760088156492,7.105130990038746e-05,-0.00020874677274157952,0.00027336629259462397,-7.342249636071555e-05,-6.431626244795169e-06,1.573646095109029e-05,-0.0001725363665242141,-0.0007260253993895665,-0.000919942980827194,-0.0017820493027466185,-9.091645752415556e-05,-0.00011976109497075383,0.00032643782022646385,0.00022444095879935847,0.0003582201933173862,0.0002571599004180965,0.00045149341339900765,4.4463421426532835e-05,0.00019692224780211044,8.780322365699039e-05,0.00014353234112076483,7.914942516257493e-05,-7.293501021640669e-05,7.738873085604422e-05,0.0004331719510091839,4.231217246740763e-05,0.0004577083736484701,0.0005297136210659889,0.0006234354210765043,0.0006736952044349118,0.0010368929262354189,0.00042768622172917775,0.0006517776306822508,0.0008551713659768358,9.96818323725633e-05,0.000399570533795747,0.0004398364543885104,-0.0007897154837966093,-0.00041604708726702803,-0.0007957486645886248,-0.0011101731360278553,-0.0010513324644565527,0.0009796916767785444,0.0015749917758082935,0.0013820072581551034,0.0005872327828654773,-0.0018002214624610882,-0.0011923780218156194,0.0005556441912868946,-0.004567939425861147,-0.002922278624166251,-0.00034124366192361485,-0.006138039399347271,-0.005954832718846899,-0.0037484136203445703,-0.015316041545603041,-0.013057828153226468,0.000990767212878798,0.00128185773796843,0.0010806143634996292,0.0005541674634651177,-0.00031871583388757885,0.0007324992466640688,0.0006012201653803113,-0.0005518520424486672,-0.0008758304924100885,0.0006520038149985383,-0.0014182649090124344,-0.0010788631207199833,-0.0006640010643075402,-0.0049862594410840805,-0.005852595430682413,-0.0008170951060072312,-0.0006633977451395406,-0.0010443027050599807,-0.0005272394573221674,-0.004010805479416996,-0.0038513146998698125,-0.0011723259134650025,-0.005840955257235141,-0.005672994453456915,-0.0019048825266927778,-0.008386597019179015,-0.006322858995212014,-0.007365398458965617,-0.015684982030083925,-0.014733001107305712,-0.0029027432778096045,6.418333333633459e-05,8.860347402028905e-05,-0.0012063609155553282,-5.468960672106538e-05,0.0008123419181028873,0.0004021831726907928,0.00037356315118307055,0.0015898441037959243,-0.0003789322372161211,0.000325610914402833,0.0002854847246877068,7.110809540179623e-05,0.00039541619462100014,-0.001271000211282333,4.6108118654470526e-05,0.0007267184443972979,0.0005930529390074763,0.0008827357936037996,-0.0011594407950774985,-0.002170099506875722,-0.002877307682448749,-0.0024708991841094798,-0.004788587179108489,-0.0058312024784632375,-0.011771310098259444,-0.0017036119858131892,0.00036062524084036897,0.0006091133300262583,0.0005728569356082504,0.0006299437632925536,-5.861222752215057e-05,0.00064786733717187,0.000862510209339503,0.0007125483474116211,0.001732490926458218,-0.0001974372425930112,0.0001871998821686047,0.00044401187679603694,0.0004578990516554659,0.00021013350204300652,-0.0007025471329378266,-0.0004560515290058665,-0.0002854744822716393,-0.0006839985405969067,-0.001043872767528745,-0.0004705261217563946,9.052260859608486e-05,-0.00011643476109512233,-0.0002520487132022924,0.16965812239817812,0.019494746112466765,0.0195,0.0
86,0.002023449050428534,0.006665689553064373,0.0005695918738559118,0.0005740001334156745,0.00040112436567543843,-0.00017458680231344958,-0.0008185831483597518,-0.00013212182400929617,0.000678946256270968,-0.0001278552926312982,0.001702802775019667,0.0005791870843798689,-0.0011077333894779658,0.0009349326665964036,0.0005160645562561052,0.0007361069567710565,0.0004348870724309364,0.0003792438551699337,0.0005033898851229767,0.0008290298932515646,0.0008427502597007242,0.0010163715688785427,0.0009556946910949395,0.0011204298741988442,0.00020036016006331483,0.0009919726950544257,0.001174441349214428,0.0008357543035107174,3.2344431838655235e-05,0.0003621938014471482,0.00031156402712522125,0.00028510511287577027,-0.00021209504513772313,-0.0005183234425592924,-0.0004851805519135707,-0.0006221266106369031,-0.0006449585731809297,-0.0005353047030050751,-0.000871500683635946,-0.0009013655549635059,-0.0013109668021116766,-0.0014973627119560806,-0.0013365952063641637,0.00020788817783751366,0.0010288724024277065,0.0005204417602258718,5.0626182466001516e-05,0.0006624113970635384,0.00038936893517764254,-0.00028510795204706244,-0.0006856833108513712,-3.571482594359673e-05,0.0006247394952921947,-0.00027000264855182594,-0.001173421042638321,0.001003780177807054,0.0007201576013089363,0.00030383740592537014,0.0005627223653167293,0.0008184142579352428,0.0008391692563325234,-0.00025600976036218735,9.724059749345934e-06,-0.00026448245756659927,-0.00041890368064293355,-0.00029094642780593785,2.0440557132479844e-05,-0.0002638752750660602,-8.378268638641432e-05,3.843398091379991e-05,0.00010942135543933519,-0.000548318587748777,-0.00034788529027214647,0.0006475066346369898,0.000248143316416826,0.0005595107621426809,-5.893163043055974e-05,-0.0009868231593577526,-0.0005402099810868348,-0.000253807167111878,-0.002562512792505486,-0.001658344399640878,-0.0013964822552999668,-0.0034150403292963335,-0.002606438074559427,-0.002729648671725058,-0.00897829646780616,-0.008909547192395853,0.0004889007585252066,0.00042709397985612584,3.968816528657074e-05,-5.5740953011751185e-05,-7.453015947355371e-06,6.412721886881376e-05,0.0001622786508254671,-0.00045352549460620797,-0.0005907623836353561,-0.00011386432088862441,-0.0007062123488758893,-0.0004131408062441471,-0.0008089984924099855,-0.003138143277052141,-0.0031296094143408787,-0.0002603739417134317,-0.0003221768621716467,-0.00032371941668507466,-0.00024257120741223763,-0.0025922094714554227,-0.0021742200389813413,-0.0007881234882450031,-0.002671437857948135,-0.003559106415623917,-0.0008486795192099805,-0.005025239375883473,-0.0028803404696772315,-0.003139956022492787,-0.008544224955127104,-0.008655370429945424,-0.002011657783904493,-0.00039849663021436504,-0.0011928388832271489,-0.003664086274969585,-0.00023381010590551888,0.001323808868185094,0.0011091915244664365,0.0010922997290795245,-0.0006100144087357849,-0.0011993092083442416,-0.001738103731853975,-0.0027602329076502315,-0.0030700740718349337,-0.0031781922734246816,-0.003214271906863035,-0.004295925849370274,-0.003950471377537955,-0.004945971648955025,-0.005879497953506869,-0.0017609713646071507,0.0007041459378463647,-0.00035596965338465213,0.00041505119952203946,-0.0005028942959547166,-0.0004029523904001833,0.002470373342956133,-0.0037156995488414604,-0.0033261677787276697,-0.004470640157690224,-0.00460325781495155,-0.005784192159171353,-7.64693333954481e-05,0.000964251459921365,0.0010630104008991826,0.0009304259777114072,-0.00023825449507425012,-0.001460602646650016,-0.0022939416661953106,-0.0031439054222679548,-0.003565931501151191,-0.0028681921804597165,0.00042365934465851966,-0.000798075248437627,-0.0008437345375529184,-0.000939041287400711,-0.001454174775738113,0.0029800604735159965,0.003433211813641875,0.00016586108063083776,0.0002714998324542018,0.16965812239817812,0.0365000008279982,0.0365,0.0
87,0.0004221431330020754,-0.0031722295561543283,0.0008600536354464336,0.0011178433082169495,0.0012676772286293089,0.0006145541011610197,-4.840901555861664e-05,0.0013417179055022078,8.697312293669604e-05,0.00019084952002370852,0.0002548604653177999,3.8226094629973036e-05,-0.0010316567659391426,-0.00010972437867468836,-6.616037711787857e-05,-0.000660567023809427,-0.00010201432002127938,-0.00010038201245081669,-0.0003897611945637835,0.00011062417627270327,-0.00017140624656305717,-0.00036044542017852596,5.5210844096232034e-05,-0.0006550950447731265,-0.0006093543214828725,0.00032989453674981886,-8.888615350055588e-05,0.0006155425061378088,8.503799692073653e-05,8.549505782685018e-05,0.0002627395620050004,3.685229421618117e-05,0.0001971464550867439,-0.0002875687340319357,3.1485141717793704e-05,0.00026452866340504215,-9.662413033838116e-05,0.00016284017938485761,-0.0005424756184789726,-0.000745634427640972,-0.001134246255539905,0.00013326409510220366,0.00041737997811768646,0.00024414509451753933,-0.0002067325745555345,-0.0003515385235101721,0.00012761416222800023,-5.571705228924134e-05,0.00013437951336752116,-3.590229486953042e-05,0.00015286490812999618,2.0547654009190935e-05,0.00023636107340802617,-4.3392671479326624e-05,-5.394001766147365e-05,0.00037460799849702584,0.0004445796057885499,5.481997554615096e-05,0.0008300372873019391,0.0008241502686215517,0.0009085942029550783,0.0017743811697574444,0.0009654962271613788,0.0007185873827585391,0.0016921350237719616,-6.87107608921108e-05,0.0004860043106173326,0.002933635148924326,-0.00021722092192263295,-0.0007157187405958961,0.001557152195388905,-0.0017536317369516122,-0.001445382741937181,0.0009969440718806356,0.0015594558882611393,0.0014145513651738714,0.0027842502244609236,-0.0005994230942423592,-0.00013450539925263867,0.0019235692042925009,-0.0032822004571357428,-0.001976770778825725,3.282843776336795e-05,-0.004724910743355924,-0.004437114376120599,-0.0029122764179724423,-0.013201194678492493,-0.011718410195944573,0.001088801738823431,0.0011189790451266134,0.0009858550446696962,0.0025860515324544,0.0010815287798938238,0.0010184987693898685,0.002377551464842869,0.0001912105894119379,-0.00018108955853207449,0.0024823503093804947,-0.0008760413854616078,-0.0003756730266291409,0.00032497057167730494,-0.005725735028089705,-0.005649581692257094,-0.0007653738657869945,-0.0008777164434761169,-0.0008110357852727226,-0.00010424826269232321,-0.004389564021277502,-0.003933453373392945,-0.0013209570051672579,-0.005925177908128462,-0.0065347518440479245,-0.0034596039446374146,-0.008822817588891071,-0.006559595772857718,-0.00918724533023479,-0.017066190180827896,-0.016398524858458052,-0.0021000464408175027,-0.00012849312806803874,-7.839924152945641e-05,-0.001474476481787445,-0.0001367458666831585,-2.7876323863791135e-06,-3.5006394693142044e-05,8.424147268319026e-05,0.00019819839818594671,-0.000203782596358642,0.0001259309970868422,0.0002888985185501968,-0.0002048058760162322,-0.00013408470289249648,-0.0010632256792447942,-0.0016244064261877595,-0.0023799946944613923,-0.0021592768663822467,-0.0023112289803212355,-0.0007020563541085438,-0.0011166245440101907,-0.0016008824027395625,-0.0024528518467338417,-0.004819192029231643,-0.005864404460995385,-0.012958109674198122,-0.0022290511494609047,-0.001072614315341973,-0.001053681037120504,-0.001938063933239778,-0.003328620599415187,2.5732216192272167e-05,-4.782024418933265e-05,0.00010351997045128018,0.00021744854001115138,0.00010770737907269594,-8.150735738609053e-05,-1.8248322499633612e-05,-0.00010690301595594576,-0.00031715038143057336,-0.0005592894418342383,-0.0005378125550627901,8.904771787265096e-05,0.0001201205710872012,-0.00014799730633071516,-0.0008883683595152944,0.0002685120066415579,0.0006671865899557324,-0.0002226532908065847,-7.778724742642997e-07,0.16965812239817812,0.004011943465272616,0.003,0.0
88,-0.003717584252468802,-0.0010455264659052432,-0.0025214495694527027,4.469780420370298e-05,-0.0001828941542777991,-0.00017606728514964328,0.0008001728699216982,-2.580073262049104e-05,-0.0017891603455550127,0.0011331453938448692,-0.002253082454872379,-0.002727536465930609,0.0004936384408067526,-0.0025946467080040555,-0.002453912874471498,-0.0026219229310464496,-0.002483747456779971,-0.0020871358138520625,-0.002563795001912664,-0.001960201157349393,-0.002815361762268845,-0.002252761013664828,-0.0024710391443129834,-0.0022158296376383413,-0.0025396736289635797,-0.0020744335861405394,-0.002812480978705701,-0.002527077259320841,0.0018608685980272424,0.0015591325792664145,0.0010686511860457085,0.0013333176268153892,0.000870273055687941,0.00025551241759504427,-6.645268185980358e-05,0.00042018400354170755,-0.000524018032780126,0.0005160536172635617,0.0009640814554270417,-0.0001556253952417805,0.0007855891750724267,0.0010228795289538753,0.00036719011756963517,-0.0014618276384516765,-0.0017720293595043695,-0.0014474539715367178,-0.0017650433339926827,-0.001701860696268609,-0.0019140619494253711,-0.001803794759209956,-0.0016482271062158358,-0.0021461461222475734,-0.0015054866801936819,-0.0018956600029256317,-0.0016159698298182962,-0.00196658517971254,-0.0021783226118165413,-0.0015260437333853097,-0.00018011566304085194,-0.00032599705400394413,-0.0001363462656167821,-0.00010047910472345557,-0.0003278435235559192,-0.00017364491107077167,-0.0005540718925129248,-5.4404036460823126e-05,-8.108415611008287e-05,-0.00033479208496350264,-0.00031647816733853395,-9.08453997593493e-05,-0.00030778093685298626,0.0004990888787674692,0.00010182324973046536,0.00013517053147971432,0.00019049091066595692,0.00018552440944099636,0.0002156867432547097,0.0008541173337715621,0.001247891714646452,6.24564683321335e-05,0.0009090645997192857,0.0007977242831639875,0.0008808040925828668,0.0014348696479077425,0.0014230520559682539,0.0016777918264759622,0.005687707452651352,0.004940286697329671,0.0001954143574639481,0.00021133921434300697,9.325835626265139e-05,-0.0007993747569832113,0.0008346105599570179,0.0007564581454588,-0.0001246202924102901,0.0006198166294526722,0.00045976475448835356,-0.00017391894710313264,0.0007545024674966682,0.000431117472279256,-0.0007599033862776087,0.00339711069770585,0.0033723821457943212,0.0008987817311576688,0.0005649128137016595,0.0009155432213560483,0.0009729785008700072,0.0013442391365877785,0.0016437209238353058,0.0011930083095924894,0.0011068259208640865,9.652462385851456e-05,0.0011639715474890402,0.0009801186924463818,0.001424716214849319,0.0027786422878891878,0.009679434822171939,0.008740911125476022,6.648680042897702e-05,-0.0007992203586886722,-0.002397938512123592,-0.0002780298458875198,-0.001092796371189728,-0.0013037379512401972,-0.003351101102244713,-0.0026106087999063633,-0.004638544037079313,-0.001888547217667109,-0.005203209961587405,-0.004084110099006489,-0.00512830068280182,-0.00538987098264115,-1.9012441394771889e-07,-1.0009625807443396e-05,-0.0012845861291042651,-0.0008576584906109533,-0.0024541651729600576,-1.8039944527033322e-05,-0.0007135702220152495,-0.0016870798180170783,-0.003464652822338733,-0.006088579466319632,-0.006119520075765347,0.0031788535599941935,-0.0003376249234391411,-0.0004829622735346403,-0.0011382226057473261,-0.0008672612566610134,-0.002428516895548207,-0.0004409689667933559,-0.0017094705537890628,-0.0025501236809709477,-0.0037997565680553034,-0.004595553837566899,-0.003809082105616108,-0.003963644907105475,-0.003316933989033485,-0.005490037423384849,-0.0052454442623244965,-0.0005533500541568795,-0.0005292050274581104,-0.0006187848582960109,-0.0009137030039574064,0.000129260079741797,-0.0023439307601832745,-0.0005093261680691037,-0.0006959626146990054,0.00015159720403983758,0.16965812239817812,0.06249999858679349,0.0625,0.0
89,-0.000698530494207414,-0.004169908006972513,-0.005602530728774435,0.0003336191330711388,-0.0002859835741198738,0.0007072224839087966,0.0001290794008395214,8.736038725313206e-06,-0.0007098073821916018,-0.0003325302038757785,-0.0025899775605620094,-0.003114026835019678,0.0014417116641621173,-0.003532910069414565,-0.003991715523442374,-0.004066718512088237,-0.0036960040379529656,-0.004106142855710414,-0.003604952828513333,-0.004850593666421616,-0.004092589680261734,-0.006712890363260311,-0.005904498369308792,-0.006132399976397955,-0.006285670291171015,-0.006518128737346222,-0.004442589543423504,-0.00518705639513811,-8.805596428374045e-05,-0.00028809140807487557,-8.42737196515282e-05,-0.000238396815183114,-0.0005922448481163466,0.00011299059155877794,-0.00014231920096238548,2.150270387906056e-06,-0.00022495997862441658,-0.00090086812239181,-0.0003493875739577486,-0.0009324975690043017,-0.0007263952634465917,-0.001018467656631386,-0.000521051219850239,-0.0007504111708432064,-0.0008807035927796899,-0.000884162985802162,-0.0009853063111512485,-0.0007952770033950612,-0.0007320629266860865,-0.0011965447432883075,-0.0007161478691145436,-0.000905751173323259,-0.0016137625941169617,-0.0011682729256078253,-0.0013008694597855168,-0.0015693459151069483,-0.0014137714283497514,-0.0014612047574773552,-0.00013347247445974803,-0.00022754501413953612,-0.00019644894747283982,-0.00039856587490819795,-0.0003458451998567185,-0.0002591032216625197,0.00015404163237618828,-0.0002931491222337898,0.00027678265803187134,-0.00021168620983520422,0.0002631010376259528,0.00036872524303388493,-0.0002618537290823147,0.0003169762498308979,0.00017776745014672933,0.0004847604974632729,0.00039992775823739,0.00044045380204202523,0.0006429732249490617,0.0017374642661881594,0.002033280386994948,0.00022928643110323456,0.0003128803092711768,0.0005451885462713047,0.0003548979937161512,-0.0007447243950997955,9.19033915407651e-05,0.001262853525067481,0.004217101584158024,0.004104719026466599,0.00032486047604390547,0.0002612428762062883,0.00022029416130378034,-0.0002489428095119944,0.00044749543613600146,0.00013716902469209874,-0.0003070771548969329,-1.1703044466369498e-05,0.00022979921830077992,-0.0010739080751645824,0.00024012490623965293,-0.0006133267681419718,-7.517471669670113e-05,0.005971123642177171,0.0058446939724702196,0.0013420868789173757,0.001357049258825032,0.0015768059896126775,0.0007184588069902747,0.0019603377625958284,0.0022532544640253608,0.002189331229286861,0.0014930726502325362,0.0018703198510442386,0.0025107763709808937,0.00233979244316253,0.002948882900628526,0.004282276752368165,0.012629202547704568,0.011299640438615395,-0.004270668585348438,-0.0014881587857253943,0.000282873178644956,0.0001650789667397231,-0.001024990161648103,-0.0015513462929823065,-0.0013218407992270748,-0.0014925452905434403,-0.0012120927856393558,0.00034768497896212443,-0.0004809816910124552,-0.0002515882651693381,-0.0005952087308444296,-0.0008133007807703444,-0.00011873797500119295,-0.0006394115975897291,-0.000989543935647791,-0.0013194439110530128,-0.0015198265550165756,0.0009172007768119631,-6.862870879539837e-05,-0.0036653959166713015,-0.0030438948041600295,-0.0037319570325269305,-0.0037511697998337213,-0.0034038909837089933,-0.0001744123377635756,-0.0006793293820082792,-0.001487942430060909,-0.0013847287981630459,-0.0018695303996906943,-0.0013329300655579755,-0.001042950734957369,-0.0011828273023722462,-0.0015733961377553507,-0.0019710580264476886,4.7386017311761755e-06,-0.0008967663656889096,-0.00027716516456447696,-0.0006266014916200379,-0.0009887063338191642,-0.00022694097878945792,-0.0005212431394920722,-0.0005659049871865179,9.016445355302364e-05,-0.002335003624621102,-0.003951905257103677,-0.0063564119638229956,-0.007370021345388878,-0.0074829803875008545,0.16965812239817812,0.05749988337684925,0.0575,0.0
90,-5.518050362508933e-05,-0.00042383940724472863,-0.0017965184595892662,0.0005918787098848916,0.00027393633360102014,5.9010058663447214e-05,-0.0006906976586115077,0.0004582255833559289,-0.00035683623496408565,-0.0006723529742685888,-0.00015889449152181264,-0.0003969134673635314,-0.0011171999482212157,-0.00024856874434806215,-8.780566139231321e-05,-0.00011265617331707472,0.0006009061627986549,0.0006197996733595958,0.00035038334786758756,0.0006587318294633771,0.00039076661342230147,0.00041946646310937204,0.0006137224454539537,0.0005852012397857934,0.0003820939239199607,0.0002654582589482566,0.0002515264629257757,0.0004060698699369402,-0.0022570664417404227,-0.0023057213333227576,-8.012294963841161e-05,0.00012968844144072773,-0.002691055757665302,-0.0019710702123109966,-0.0010594371564819046,-0.001964426274260505,-0.003007986872583833,-0.0008513739448820063,-0.0017326039296441302,-0.003514019244002101,-0.0006956664124648344,-0.0034027638904251837,-0.005387836424575767,-0.00031219279663807943,-0.0002415128353766286,-0.00014860391071399475,0.0003046488221536097,0.0001837840417641108,9.738073783148366e-05,6.435425501957328e-05,0.00017204334852890605,6.821006109376314e-05,0.00016818370293227028,0.00011077535952321881,9.560745714925104e-05,1.2333642332630433e-05,-0.0001291006851362376,-0.00013904309018434474,0.0014480384320394242,0.0013079092159446646,0.001866361053908178,0.002534840078386543,0.0014168299409120836,0.0013836324646421694,0.0023845334061899774,0.001399504250583437,0.001501610269295076,0.0038385374761114,9.526213722035266e-05,0.00013214961017111735,0.0013367704906533599,-0.0006803946693553982,-7.3753974970213e-05,0.00024129556649307677,0.0005737386195155308,0.0007745895886857695,0.0018078555302110358,-0.0010978707715128637,-0.0006673175119209951,0.0009754938757468964,-0.004156816327255241,-0.0025826947642663667,-0.0006660082335018881,-0.0051875348063574475,-0.005592660711096348,-0.0030671838259562012,-0.015095936705185631,-0.01322313415297413,0.00025428532143473813,0.00015404451399952612,9.111295883869826e-05,0.0004960992415934785,-0.00019793013702852318,0.0002597795948102654,0.00033051096374184854,-0.0003762902429839109,-0.00044152097914853616,0.00044191145664501473,-0.0006613115159388561,-4.383893195482669e-06,0.00020915346380892912,-0.004697500898057209,-0.00427400486649547,-0.0005464970352741097,-0.0009277397732654397,-0.0009067783656151645,0.0007452042271598565,-0.0043558268326071604,-0.0042470760138602365,-0.0007863888544233226,-0.0055108097015378645,-0.00616311075724235,-0.0020523332044407416,-0.009312053999463207,-0.007099035869225278,-0.006955747704441798,-0.0170971327694906,-0.016003316119954387,-0.0022566813791755325,-0.00032847171756778773,0.0005128119367703416,0.0009087604543197914,5.4439184515609557e-05,0.0001586976864348186,9.886136661723837e-05,5.512831636179039e-06,-0.000216684687930255,0.0003388416895709965,0.00039218923428982716,0.00032091763984292944,0.0003476596516480114,0.00026733996422487156,0.0007115172248788503,0.0005075910081511385,3.315102162989651e-05,0.0003805434829787971,0.000854912828841716,0.0014219256750178672,-0.0011925667656327195,-0.0020871883903252402,-0.0027144902151956408,-0.004644346711059605,-0.005920395249916562,-0.01213820900900123,0.0008016601103203146,0.0003415214133858097,0.0004967171329798014,0.0007154217616931332,0.0006788367392573248,9.670105135222404e-05,-0.0003463934403659644,-0.00011082658040370089,-9.723857498178219e-05,4.817786501132175e-05,0.00041609902114275065,0.0002932014886386573,0.00021245881955721184,0.00013644291043853434,0.0003164373165291695,-0.00043671728384168766,-0.0005871919590280647,-0.0001971447480084937,-0.0004848117803512888,-0.00130757886986718,0.0017966899234656752,0.0013853226544204523,0.00017088910119435094,6.774004196578332e-05,0.16965812239817812,0.003499251988698604,0.0035,0.0
91,-1.6287929876425573e-05,-0.0028873607095465004,9.429136131772298e-05,1.4460115413793801e-05,0.001925496381646942,-0.0003342550887858114,-1.5607917988604106e-05,-0.00040608033013178087,-2.023692798348649e-05,0.00019241318704972331,-0.0005804731030660127,-0.00022644193321870665,-0.0008117885162032957,-0.0008721107918249321,-0.00041097894215953495,-0.0004485269884250376,-0.0005280072737655044,-0.0009540375754144837,-0.0007236620619365218,-0.0008884269840133394,-0.000694664396576123,-0.000577348011766199,-0.0007190057727504321,-0.0008805626554032878,-0.0008493930788276113,-0.0009615888574524797,-0.0004043967448765379,-0.0007515021878424727,-0.0003423155257119375,-0.000492204119057972,-0.00010919687711186586,8.68967306723719e-05,-0.00027367720077013256,-0.0007529035258335045,-0.0007412830762951626,-0.00011189360903877074,-0.0002609788490355692,-0.0001618839811748112,-0.00026775900827329043,-0.0010697587709651605,-0.0015320111894639708,0.00024178778529079627,0.0002182961832661704,-0.0003463281216740424,-0.0002474863974433921,-0.000295366784362282,-0.00014279604888692133,-0.0009425612255128899,-0.0004004038611268717,-0.0002374957362035283,-0.0003085517435013684,-0.0002120388049622554,-0.0002892627079435948,-5.3550931781717716e-05,-0.00021334337034717045,-2.33351625106574e-05,6.806521550704368e-05,-1.3137288200242752e-05,0.0018871030616403133,0.001927390271633284,0.0023194271401053433,0.0020929719313772083,0.0011359731023876452,0.0011298117802371328,0.0016686088713148426,0.0006074769393987156,0.0007447968754789629,0.002544918225628067,-0.00017974612111679592,0.00032332121247998776,0.0013297632306953514,-0.0012210904299276182,-0.0006218174418581812,-0.00033088646186744437,-0.00012481461316880423,5.339715824280271e-05,0.0011604143015387228,-0.0015503897145073273,-0.0005461620777846227,0.0008795552906881153,-0.003073533560057026,-0.0023914575316282033,-0.0003305193793460918,-0.004580570496456024,-0.0040383101585960025,-0.0031451566939062455,-0.01326048200855939,-0.01196376681343499,1.340367187844859e-05,-9.217945639112107e-06,-2.819839893272317e-05,0.00026503287907029275,-0.0009458932742615715,-0.00045544333238068486,-3.407642208064469e-05,-0.0016914157832689564,-0.001487864231812021,-0.0009567060186497424,-0.001821801477589353,-0.0014446664647208532,-0.0007591873005606851,-0.005466752986622065,-0.006352026622624168,-0.0005120607020012309,-0.0005759328369119869,-0.0011267732343290553,-0.00023761734741973697,-0.003731556179738286,-0.0032799083504593883,-0.0011136068617783163,-0.005351450556170092,-0.0056708591397842956,-0.0016767284676860734,-0.00810394279968301,-0.006280000175633894,-0.00810007099863013,-0.015612870536414466,-0.015863815044057733,-0.0019251773032358404,-0.0006311889928998762,0.00042221866428210873,0.0009131259793194547,-7.879875349391556e-05,-0.0008723787188270446,-0.0007256344044397029,-0.0017016246180416939,-0.0005981520591827557,0.0004344257304017257,0.0003504196087746236,0.00011468139213787383,0.00025150134132669906,0.00014540816207638628,0.00030622191154466686,0.00047131403725957137,0.00042917329873057856,0.0003765571906166494,0.0004299145777163055,-0.0005546532066005126,-0.0007386694859757581,-0.0013558943566045378,-0.0015729898485419367,-0.00308577687012185,-0.004344504095303184,-0.011735064177316401,0.0005343972613162988,0.00020311562179673562,0.00029505890979109094,0.0003784138458151963,0.0005456273183084255,-0.0002791520712510449,-0.000366929810059243,-0.0009058957476082222,-0.0012602352091578678,-0.0001823159355362671,-6.307723667507204e-06,0.00019859681596816664,0.00017118614984289665,7.965387907992451e-05,6.080478065723894e-05,0.0005975444957793016,-7.817400547226662e-05,0.0001251367704060303,0.0012617443416718971,0.000497417176087409,0.0007879298323236655,0.0003511898113911306,0.0032618051065743635,0.003121178406978388,0.16965812239817812,0.004846024637696178,0.005,0.0
92,0.0014907986641357893,-0.001307281087380033,0.00012937425713108213,-0.0006479101466904453,-6.113839069017594e-05,-0.00021227554311126944,-0.0010028705023187852,-0.0002445932816055543,-0.00011460729173650455,0.00012437035920199769,-0.0005840856950225767,-0.0006480072020378397,-0.0015866234414539774,-0.0006910371283432876,-0.0007940717452401297,-0.0009869275961837463,-0.0003706997541013001,-0.00018195011612168654,-0.0016619185695689758,-0.001108438835906849,-0.0008229757902519609,-0.0009220607279856272,-0.000662655730300768,-0.0009191106521471188,-0.0011686278851238629,-0.00036636828941666625,-0.0007478858204756478,-0.00019283672617052025,-0.0001042689941165941,0.00024108070193479592,-1.8439254652357697e-05,-0.00010294489140314105,-1.6739748793687287e-06,6.172127083679163e-05,0.00021643615114335656,-4.1207946604323254e-05,0.00016074850931031837,0.00018314116416563882,-0.00012036121424887096,-0.0001776695394554345,-7.00036372196995e-05,0.0002761328773595276,6.779722192427946e-05,-0.0004933338245465438,-0.0009789245348712906,-0.00015904803356514506,-0.0008485849265347509,0.00013540875736224248,-0.00020276120250038615,-0.0005128987353444407,-0.000401313072986057,2.6038991222152393e-05,-0.0003154774528205806,-0.0005538503040114636,-0.0002224754662452139,0.0002810657189738035,0.0004501850026416414,0.0005452208085956435,0.0011950522934151514,0.000984875351693332,0.0007831010939729454,0.002681218898630365,0.001943028428139378,0.0017679746483758086,0.0022592152758383077,0.0009058690157217731,0.0010476399667471421,0.0029552491249827183,0.0005602684398586587,0.0005783836019543054,0.0010917720019823771,-0.0013661998203143262,-0.0013186839019410745,-0.0005853625051967028,-0.0005515393200069953,-0.0002906731495178708,9.215933571775134e-05,-0.000757198349230077,-0.0006472160303855171,0.00023541653376815352,-0.002368258416079029,-0.001682443005741185,0.0005215180910851709,-0.003496634018835443,-0.002579712083573548,-0.003093237217603033,-0.01268750795504845,-0.010137113160817505,-0.00027815662151478625,-8.609888515116866e-05,-0.0003396316933317878,0.00016112565803097473,7.003480115442831e-05,0.0003173755588832424,0.000543558010276317,-0.0005942063522312301,-9.650776579636914e-06,0.0008152044427671931,-0.0010544594569404425,-0.0007534936189147935,2.23487970138387e-06,-0.0021307099070959627,-0.0026023241999487347,-0.0006324485532441787,-0.0005267964185172734,-0.0013013381907061958,4.236074784922117e-05,-0.0038901805964659023,-0.0038097096959226907,-0.0009751498301549712,-0.004567161745570023,-0.0049877001776181045,-0.000999227210476097,-0.006917125024907194,-0.005597404701692559,-0.004330184842106935,-0.013008510770867636,-0.013080860229839958,-0.0010019446599803072,-0.0007182568233827003,0.0005165938984442758,0.0011038806283893193,-0.00048667403785773093,-0.00016634299824952762,1.1705030192915505e-05,-0.00026120504884256436,-0.0005266156476617693,0.0005070729388889798,0.00038292391769342854,-2.7806223281630782e-05,0.0002947280353074318,0.0003713206294120251,0.001348899805102957,0.0010976790166463315,0.0006712166924139541,0.0005946492253857062,0.001360408259112229,-0.0023772631250018753,-0.0009864454924927307,0.00012534401080668362,-0.0019535368119804894,-0.002357313184832883,-0.0042391274611971045,0.00528394176510284,0.0008206462118914277,0.001048500403401461,0.0009586494449131634,0.0010407806532903073,0.001023838230355165,-0.0004736943483644022,4.15509572459412e-05,-6.212101985890092e-05,-1.1358341516111622e-05,-0.0006661978777605224,0.0005242012130879341,0.00020563763103970822,0.0006048960501054564,0.0001558145449975861,0.0002328211827651689,-0.0007549230334574311,-0.0007331869430510605,-0.0008924622915571227,-0.0010367284117245145,-0.0013949605800999952,-0.0016932201525695584,-0.001341040383258499,-0.0018741161768801413,-0.0020427921296462532,0.16965812239817812,0.050484142836669826,0.0505,0.0
93,-0.0007056998464673651,-0.002664403119531853,-0.0007234441506251376,0.000730112983106216,-0.00024978714932846665,1.4275167765809658e-05,-0.0002966215537922237,-0.0005968161232108012,0.0003056712442127434,-5.398751782301002e-05,0.00026993130042301714,0.0002645267597141393,-0.0012806360317590686,0.00029556820094930295,-4.747564922364289e-05,0.0001663888285833899,6.478964683380771e-05,0.0002579650347689799,-0.0002996839936849652,6.544454692079104e-05,-0.0005470767900463162,-0.00015606513629137312,0.0003226050969233853,-0.0005805486802073835,-0.0013741683304640852,-2.092846576651476e-05,-0.0010315006394822754,-0.00041778810102875995,-0.00010550943484251671,-0.0003184631082560742,-8.225906333952845e-05,-0.00031968204468628056,-6.454724309062793e-06,-0.0005832853657467172,-0.0006719297082484485,-0.00023275420303366326,-0.0002566263762773614,-0.00020836076307664112,-0.0005243067493363713,-0.0009142835593115668,-0.0004839931075091173,3.3310472343802233e-06,0.00018035238809721802,0.00013113955078132198,0.00011683685951211936,0.00033041966836298343,0.00014227865322381293,0.00010158858767094338,-2.217724281340166e-05,0.0003657053287737789,5.194293911910512e-05,-0.00012102855994713935,0.00036651275766698524,-0.00016902499281067982,1.5912752072446782e-05,0.0003766116918397565,0.00018182022254524318,-0.00011100410802315712,-0.0002489016238945484,-0.0003926437501488626,-0.0003478284795694564,-8.170862437071122e-05,-0.0004877290354590545,-0.0005741483825892026,-0.00012230819307723802,-0.001116490191685578,-0.0009668273021197199,-0.00023640278509401425,-0.0009027089850491285,-0.000477776506215773,-0.0006709209244771204,-0.0007604213770469879,-0.00038799865427860636,-0.0005281398574544664,-7.935451549702325e-05,-0.00014077115115531565,0.0009842309338948926,-0.0012766655972300174,-0.0006645355156726872,0.0005430299585127387,-0.0034240712808299954,-0.0025868994699398996,-0.000165221786769803,-0.004718828923360697,-0.004287536808949639,-0.0015572238769362644,-0.013029693394770487,-0.010472986467743682,0.0004656103338629495,0.0004667225823788635,0.0007047986715896155,0.0021979787131561758,-3.98254471197916e-05,0.001063183505520908,0.0023689734748759085,0.0003270149624452246,0.00018207590753023444,0.0026392158986970077,-0.0007578817941303626,-0.0005051337934776535,0.001474188652377344,-0.004732502166251352,-0.005840844497803086,-0.000760229392898581,-0.0008186601396753591,-0.0011976724840132922,-0.0001886289800580789,-0.003866070818059302,-0.003893194936257264,-0.0006921234695973815,-0.005438438367320988,-0.005732552058279393,-0.000869272530164854,-0.008689380368508508,-0.005889163945604819,-0.005096279812442206,-0.013884455537953647,-0.01347576919858869,-0.002729521375979248,0.0002874720403650116,-0.00042246500541546117,-0.0013080208626102124,4.6935346159177146e-05,-0.00013369497951152824,-0.00033054626947226967,-0.0005819293150375329,-8.84115309675931e-05,-0.00039109762417042896,0.00012198972391313719,0.00017061943584571537,-0.00018687020588137836,0.00016411250452241305,-0.0010587015185505415,-0.0006255860357598927,-0.0007180127882995475,0.0002270279888592228,0.00032370469911575884,-0.0009125992000588018,-0.0006986910434573709,-0.0019548299361184756,-0.0018324461661291878,-0.00360554386165214,-0.00449001161896549,-0.009676585401019348,-0.0019043259269888957,7.773952898811538e-05,0.00014475129885163006,8.231480842330083e-05,-5.2543230267915096e-05,0.000300412457372653,-0.0003561622498995433,-0.0004135412237088191,-0.0002526853986093194,-0.00046028893400581,-0.0003316041918022364,-4.0138659017514944e-05,0.00015874592247066733,0.00017339508523526003,5.095196327824818e-05,-0.0004399943611191276,-0.0004427791392762795,-0.000465932953118395,-0.000711233085841668,-0.0010052268988074277,-0.000378399873081181,-5.227721897658755e-05,-8.607199066566567e-05,-0.00020522799608962232,0.16965812239817812,0.0019304543932980311,0.002,0.0
94,0.00018889849521028744,-0.0021579452827135,0.001062303242017813,-0.0003676708499332743,0.002165071084073995,1.1972241360992665e-05,-0.0006100173857807184,-0.00030812987282065546,-0.000509101547546757,-0.0004748983948652766,-0.0003774826449487243,-0.0002235870890707211,-0.001167411910567234,-0.0006738494504150439,-0.0005476881711223821,-0.0006592826879757706,-0.0004755406580807229,-0.0005049143063332418,-0.0008313297338951684,-0.000493205836437466,-0.0006398528832563211,-0.0007436648119798269,-0.0005276350508591391,-0.0008327683764061119,-0.000718757140814585,-0.0007491946793930544,-0.00045729910209288405,-0.00023348080750255513,-0.0004593735191258246,-0.00013891057901568762,6.900484687859411e-05,-0.00014634677863556905,-0.0008547142569743823,-0.0011510839275074823,-0.000813752570144108,-0.0012606156622165389,-0.0008148792017644896,-0.0005223817413750758,-0.0005582630515200772,-0.00028529266169004654,-0.0005426774660719425,9.806281111985447e-05,-0.000980616244399105,-0.00039197814003973466,-0.0006984085338590243,-0.0007868775093677773,3.6104750777660275e-05,-0.00031943350763673814,-0.0005576849608150038,-0.00030140075313614265,-0.0005761180948306711,-0.0002017230579525146,-0.00022022880366914801,-0.00017363109820042305,-0.00020061767872976352,-4.174168904740355e-05,-0.0002236965947861163,-0.00010445625859209021,0.0013767545943557664,0.0015735623142526414,0.0014342153353878056,0.0015236500703225363,0.0006604269338108373,0.0006537796115577365,0.0009897090772997138,0.00040725279237999835,0.00032271932526931,0.0002951901755298706,-0.0006291266937071004,-0.0007332231860804041,0.0006751524475249072,-0.0012976004881231457,-0.0014508145806443671,-0.0004928446319092983,0.0003422523100583126,0.00024843878050755623,0.0008117311437385894,-0.0011253699073923234,-0.001117842620491627,0.0006232871403903261,-0.003853922142709049,-0.0020050184606521526,3.424141418937835e-05,-0.004773229189492703,-0.00405235258156472,-0.0022748957647023265,-0.012024862203555881,-0.010633289463153759,0.0006818615349345727,0.0007336749871812849,0.000479312347041743,0.003230095001034988,0.00134795737344836,0.0011630607166922486,0.0018097725259849076,0.00011144296679616882,-0.00011675868384170375,0.0004777045507665701,-0.0010967662698623082,-0.0005000566553894595,0.0004432452306812995,-0.005476923043722693,-0.0063354689116890996,-0.0009082120154125381,-0.0008134933751077469,-0.0011088331426255579,-7.581350752435177e-05,-0.004130793584982978,-0.003682697454095712,-0.0008312640197239113,-0.005368237300950591,-0.005321263545322058,-0.0008730764803507355,-0.008009114314754463,-0.006358422698810612,-0.0038500458366728905,-0.014701385004395186,-0.014530900589432133,-0.0026178282799449214,-0.00027611356807663774,0.0005416091883775607,-0.00020131878816500724,-0.00015958116559607817,0.00011920008365599337,-0.0002792411717721603,-5.673569026043875e-05,-2.802309949826124e-05,0.00029046234922079606,0.00011531478847913921,7.695758053802122e-05,5.416191853162753e-05,8.863592076105504e-05,-8.976846129870252e-05,0.00013718965628847633,-7.751576567626286e-05,-0.00032199673600053326,0.00018966966502291798,0.00012362083109317048,-0.0009024554502724981,-0.0020204035697992144,-0.0016392486556468105,-0.0025254333957472025,-0.0034607146093918197,-0.007061693116130522,-0.0005830650314075009,-4.9959833919004645e-05,-0.0005156005224856628,-4.6509793411442074e-05,-0.0002773795860652661,-0.0004669605467674448,-5.895353599480915e-05,-0.0001098117280644887,-0.00040095309113637255,0.0005126753140592213,0.00030274542507689354,0.00021791488462362903,0.0002013875525288707,0.0002518064956151588,-0.0004049560870043865,-0.0005148375771987537,-0.0005867146978969693,-0.0004887865435423267,-0.0006611123232314756,-0.0011883193935827267,-0.00037237583615482483,0.00019421501153811104,-6.403172563692052e-05,1.6281332038324873e-05,0.16965812239817812,0.011499947826666551,0.0115,0.0
95,-0.0012800102831953166,0.001216198261971269,-0.0009876385137478178,0.00021420308208678577,0.0006272215994408117,3.514297898437561e-05,-0.00020316072869565498,0.00030475909300033713,0.0003833962755082546,-0.00011122636229193122,0.00037711127936542485,0.000436221805000968,-0.0011273028739731232,0.0007273363047139281,0.00041232588461023517,0.00029377084125301826,0.0006920951844675755,0.0006115151873938107,0.00040308572207462223,0.0006861535149879445,0.0001928313252102933,0.0003309556782044505,0.0006804016224894164,0.0005442035470639161,0.00015236396045564002,0.0003178802002657523,0.0004370274161620038,0.0003344938538410804,-4.9721811697946704e-05,-0.0005113147212400167,-0.00022447693957756637,-0.00013535324024370338,-4.103304887415924e-05,-5.409051180391547e-05,-4.6376216267692236e-05,-0.00036915956368019554,-0.00021327229061741666,0.00026066339111835315,-0.0008833940017236646,-0.0006134706822051576,-1.235286455153105e-05,0.00043751052609151557,-0.0017556853482717987,0.0001776724846128583,-0.00029534166258464586,0.0001032743975045105,0.00023882475313973973,0.00040704867304388107,-7.17066180626296e-05,0.0003943707698163456,0.0001036397203117502,-0.00035367184239120975,0.00026829511990908585,0.00019943742007529915,-0.00046096434877913487,4.368122690127865e-05,0.0003879282449564931,0.00020706165550816408,-4.323160168457584e-05,-0.00010216813622286929,0.00016963408325403655,0.0001338714687623869,0.00018399728078931238,-2.506192626637406e-05,-0.0002512983690949918,-0.00024153701724585056,0.00012666117822190544,0.00019982210734605509,-0.0007297056230273655,-0.000893307221595643,-0.001453841962071111,-0.0015905835953314183,-0.0012267931915606722,8.108479059950199e-05,0.00017008198550190923,0.0003799846318683848,0.0001947269372566622,-0.0015451314074323439,-0.001304801897665666,-0.00036526975840428413,-0.004350950166136827,-0.002809939428529273,-0.0020592357946891053,-0.00540414489425484,-0.005196834899826369,-0.004014995987227817,-0.014486553179949721,-0.012321950542691723,6.629695927208367e-05,-1.4657812799611515e-05,0.00015527640138427291,0.00018797778895694592,0.0021527769489046093,0.002203128957975777,0.0007909985542139977,0.0027811651378020228,0.002367333408421083,0.0015441050480908215,0.002711633771306168,0.0020221366759753997,-0.00019387480850220626,-0.003448100225533435,-0.003263482187521407,-0.0008298182634204923,-0.0008088472080008518,-0.0009749448497686964,-0.0003068433448371111,-0.003603383838936631,-0.0030245001005720393,-0.0006599298229753144,-0.00495154389937737,-0.005522055525534901,-0.0016756204472255336,-0.008140671428225232,-0.006398594331836192,-0.0066328743003398445,-0.015003956057625193,-0.014620105054309237,-0.0025975961118700724,0.0013022509719251326,-0.0005599534509812867,-0.0010782884342444663,0.0011705549194908009,0.002319211716663407,0.000789940881981377,0.0001581263646590062,1.2676644075147645e-05,-0.0004981774560470167,3.860564970067128e-05,-8.475680622413334e-05,-0.0005444812778217172,-0.000717680632305555,-0.0011515902663544063,-0.000868826153474199,-0.0018616167390479732,-0.001172488507664004,0.0014310008473107723,-0.0009405185552493989,-0.0020045666758956313,-0.0018504715429812644,-0.0013851760623762787,-0.003928626632668314,-0.006393946090369164,-0.012090091538183542,-0.0018633850512537965,-0.0012760556862223239,-0.0012625450714338854,-0.0006687006137248707,0.0009569799913049003,0.0016457663548615413,0.0023217718450180163,0.00046562494255774316,0.00013203647267593692,-0.0001593795351932975,-0.0002005880442264736,-0.00015729245169797117,-0.0001871199217431382,-0.00035183614763287913,-0.00017433252139524994,-0.0004946531164353148,-0.0007274015605141708,-0.000742446603056932,-0.000986434968954301,-0.0016300771931773296,0.0014173375786397002,0.0011766094123116279,-0.00020017561758862737,-0.00015386993066153097,0.16965812239817812,0.016002402557401457,0.016,0.0
96,-0.000958508281799541,0.0001560353099754313,-0.0013806951352000596,-0.00016010431075196306,-4.3867411782998554e-05,-0.00021952939580448217,-0.000840915673474964,3.663560593754656e-05,0.0016596593304144768,-0.0008749743195939357,0.00029497649550424285,9.885022866382002e-05,-0.000982691405469714,0.0002794652167184292,0.0005528410115286406,0.000729359342842913,0.0009253214059962818,-0.0004492980926406667,-0.00019052224650634403,0.001087947801060887,0.0003867612221057661,0.0004765082705392338,0.0011823310811788846,0.0005256291101900243,0.00014603916694875283,0.0008673733160910771,0.0007621719179775639,0.00047242746154944264,-0.0012860143602089905,-0.00029836330361103974,-0.0002660901890619634,-0.000524385778951579,-0.0009331932148709616,-0.0006962320727827829,-0.0008498263888855486,-0.0010695372504218256,-0.0009852895299654163,-0.0005272877662842328,-0.0005948331802432679,-0.00046551909483582475,-0.0007948570228800591,-0.0015513090911784466,-0.0009640031898308801,0.00064346535206466,0.0009240980235787089,0.00029804640135361197,0.0009816982794213795,0.0014728700831718761,0.0010839361251205938,0.0011133926215650728,0.0008439143692447717,0.0012705203857609757,0.0008371327371333035,0.00032072718068372024,0.001120108989194928,0.0005875265291167467,0.001515073778414758,0.0004939564067658085,-0.00024365928676704784,-0.00010561814382713384,-0.00025197897927412813,-0.0004333518040024653,-0.00031556974261335837,-0.00032784248993777775,-7.941528207179731e-05,-0.0005132045959476905,-0.0008073481224431033,-0.0002193744501420867,-0.0006595555638845116,-0.0006174014636389961,-0.0012060660667062,-0.0025101687685315376,-0.0024714647588562843,0.00018591882968526123,0.00017024501343909228,0.00024658063153215354,0.00041025418104178625,0.0015377966215516302,0.0009177925260324168,7.77964189312877e-05,0.001914486205225022,0.001133435002945568,-0.0006054071845477283,0.0015768142261501426,0.0004867673866659902,0.000938123313530791,0.0002870992982233322,-0.00023073785170918496,-0.00024282540515154196,-4.144753061659334e-05,-0.00011645249979713985,0.00017008753545944116,-0.00041406431828833965,-0.0002784576219466948,0.0008715229895869745,-0.0001630461406426593,-0.0003906307909989052,0.0005532915435588665,-0.001108263349764519,-0.0012451080712610988,-0.00030414160784550723,-0.007290394340197557,-0.006210901948068234,-0.0005036424079094975,-0.000306988361288144,-0.00033328463822688377,0.001303290818128688,0.0011858179879356908,0.0012230965061591776,0.0007899956526176971,0.0008757344073695501,0.00012646737100151153,0.0018079426392712155,0.0010176130975806952,0.0008666508291209455,-0.0005541788388903535,-0.011400137968021673,-0.009815113357369617,-0.005468125586935166,-0.000967026989150976,-0.001468292604384406,-0.0013815502709520113,-0.0009335432065334774,-0.0008660782208918293,-0.000568529025673774,-0.0005810217112115763,-0.0012276650759056374,-0.0012042596280474455,-0.0012041877818314529,-0.001863307619573197,-0.0015196215131808304,-0.002419472137767994,-0.0020540700200950912,-0.001815563022307121,-0.0024272126640743586,-0.0018776692566524437,-0.0029514783807912787,-0.0009713318971996875,-0.002313812132354078,-0.0019997401279083548,-0.0005317195977262074,-0.000561587059268332,0.00019412648462433418,-0.014753878413750582,-0.0024445461170043837,-0.001988701062556435,-0.0022846757674670998,-0.0027018639997680553,-0.0028809176285716906,-0.0007898710937018923,-0.0009411681031838101,-0.0009785368668632655,-0.0006441260935022512,-0.0010816763123232178,-0.0007737539255996017,-0.0013766255139489383,-0.0015630317958720248,-0.00200900319452726,-0.002319024073132585,-0.0007835189804699998,-0.0014154400447835124,-0.0013709573315131868,-0.0016224538604671993,-0.0022807841232461035,-0.002128973335664595,-0.0013422338967448875,-0.0013912602975789318,-0.0014046974147132352,0.16965812239817812,0.051999994237766745,0.052,0.0
97,-0.0006993683883814736,0.00037228718856150317,0.0016554299277856208,-0.0003372167741500555,-9.232678439493098e-06,0.00015935135562163255,-0.0006575213410869095,0.0009785831860096897,0.0002545055245872331,0.0031860362638189703,-1.359122593833069e-05,-0.00018728132372440768,0.0011127562301325314,0.0002601103037295648,0.00019662929161155056,-0.00013527025439118146,0.0003543827236809309,7.215331574949099e-05,-0.0003282039087095022,5.549904390081703e-05,-0.0003286540358693503,0.00036565394394237627,0.0002484717586786737,0.00029475864758699645,-0.0005336600614263301,0.00026760151331473947,-0.0003900959969581788,-5.352301335701148e-05,0.0018396859431913314,0.002319443877030533,0.002159331270094971,0.0006763951778643646,0.0005596960687133557,0.0002057045404754488,4.382289289664714e-05,0.0005596732219837606,-0.0005977460833450324,0.0006295669838888987,-8.408872685340319e-05,-9.975872338482797e-05,-0.0014274511064356445,-0.0006803111712368367,-0.0003855162909834468,3.140487958559703e-06,-2.9968551873759434e-05,0.00012833120773924971,0.00014400827781265268,5.118414606260353e-05,-0.000174980951926447,0.00015712276560674818,-0.00025354410916679905,-0.00015350073443543488,0.0004503233222228488,-1.7878072797564154e-05,-0.0001501071336346459,0.0006875401288853439,0.00017705404336033299,0.0002840854892599793,0.0006585398778307478,0.00047187557404642847,0.0006952800570603576,0.0006850532956390257,0.0007322596870380257,0.0003829805957163254,-0.00014728369832898584,0.0005874163544291968,0.00019379907483043293,0.00021051882738250317,-0.00021161088040868358,-0.0004780341710145247,0.0003679319826961382,-0.0011874124678340617,-0.002149047450579498,-0.00011744652663002961,-0.00034130763898748657,-9.847987608153784e-05,0.000751893730169376,-0.002227760798055711,-0.0014635716985518046,-0.0004769162361057026,-0.004154904063341218,-0.003073982011354569,-0.0015956353323710096,-0.006820113002258682,-0.006057875160483933,-0.005944954401560363,-0.015510174375243964,-0.013436626590638486,-9.865857849345586e-05,-0.0003915546162580468,-0.00042770152150693345,0.000461799411412179,-0.0007617340548308596,-4.253304126965118e-05,0.0006013367729495341,-0.0012757965229693588,-0.0005993380704871464,0.000442793049576437,-0.001592277056874707,-0.0015606867787815355,-0.0007680318429477762,-0.005674884565822674,-0.006249859910092525,-0.0002886988212160434,-0.0005119390532487353,-0.0003958219965932071,-0.0004709371037288442,-0.0036032583411345614,-0.0033659760247600192,-0.0016519280521656006,-0.005335497382258973,-0.0055209644311026975,-0.002591323854135749,-0.008053769836954995,-0.0067429711453130675,-0.010185060295811404,-0.016264531182937872,-0.014723622949441715,0.0007371501000216038,0.005417532719925126,4.22173767357418e-05,-0.0007633943417541801,0.0035663335049557457,0.0029860883265195597,0.002569971786146063,0.002560280652040652,0.0007770058495367221,-7.75811818485135e-05,0.00036748486220879954,0.00016842356691713738,-0.00017962915910994822,-0.0004037264412811673,-0.001437539895000947,-0.0008224542886006471,-0.0014424376893361526,-0.0012454340728691026,-0.0022958662258237873,-4.153400824997427e-05,0.004986245889104723,0.0004382907337133221,-0.0014619354677949453,-0.0035739199672443884,-0.004771742021265939,-0.011458473669088459,-0.0014358863512816185,-0.0008365688412463511,-0.0010615066025980676,-0.0016247875538161081,-0.0023898473565399743,0.0038656922927190075,0.0031562230689106464,0.002189687567900529,0.0023874028297738163,0.00039498623053078186,6.264574453837077e-05,0.0005320893292050516,0.0003104101795681791,0.00025354078100046635,-0.0002805621794668013,-0.00035346930431264163,-0.0008027440758787385,-0.000520044162487083,-0.0008145399040750711,-0.0009968530906957372,-0.0005106070379916926,-0.00037012884233627056,-0.0007107895589915856,-0.0005267534468602457,0.16965812239817812,0.019999903337366204,0.02,0.0
98,-0.00027737894077672665,-0.00040043430304881263,-0.002039568917428111,0.0009262793358657868,-1.827872784143536e-05,-0.00023965895015844513,-0.0003645510072664408,-5.40987115910142e-05,-0.0003025848780346682,-0.0008378917601538728,-0.00028328121824245365,-3.9979359741165545e-05,-0.0013972337960568332,-3.434824429704762e-05,-0.000149771314697021,-0.00011002923188402313,5.533870356522845e-05,-5.825638163951618e-05,-0.00013094616402879223,4.981739801427048e-05,2.0528171911839646e-05,0.0002303708050562024,4.075972005118093e-05,7.163271068824131e-05,0.000182830693228154,0.0004214738244994621,0.00041954971878796303,0.0005198003786814097,-0.002079254556834663,-0.001732129140646814,-0.0004993179708567102,-0.0008924650518180655,-0.0027989188588441716,-0.0013954874699350062,-0.0017112213429039892,-0.0027426291071686796,-0.0024110445978093305,-0.0009920866956659527,-0.00202055558651391,-0.002886811529139312,-0.0014518508210877629,-0.0027200312811346554,-0.00604266788723344,-9.293724209383273e-05,-0.00031214650438217444,-0.00029560119361812234,9.873038354132073e-05,3.345470407721205e-05,-0.0002010549571952614,-4.309921216995421e-05,-4.9909102672661374e-05,-5.811115851997865e-05,0.00010039830902695126,-2.9684644627777518e-05,0.000110651348363577,0.00015010589597746023,0.00021965458027568537,0.00025773301962046016,0.0003693658218112913,0.0003367169876167262,0.0003795904539866156,0.001418675015579075,0.0006149101880822182,0.0004081190965442158,0.0010685469270610782,0.0006692704444025459,0.000439549065419127,0.0021269187310466757,-1.0508994409523819e-05,-0.000661309821566817,0.0008512230338139038,-0.0007767541666639343,-0.0011888177108694685,0.0007067425272852615,3.6120598167973764e-05,0.00020992871395167202,0.0010760414914829982,-0.0016212515910401018,-0.0010804155442478743,0.0012750740766265065,-0.004102266118315616,-0.0024031822381440104,0.00018583953099176998,-0.005272597771161999,-0.0050108712419427,-0.0040982987763435895,-0.01312940904012376,-0.01141446510299251,0.0009060160678961111,0.00099390444653032,0.0011440982211245532,0.0022740753019351505,0.0014482597739796394,0.0013922479038214648,0.002753452462216934,0.0005377269467712527,0.0004517117715271839,0.003060021342403148,1.569464418678452e-05,0.0002844141324610832,0.0020048612924292815,-0.0051784725589805935,-0.0043425213597034235,-0.0008404630727920416,-0.0008321124410597265,-0.0014162293510601282,-0.00017587533119823757,-0.004868029397810847,-0.0044481846706846745,-0.0018003452468526157,-0.006956780095560048,-0.00664808898546696,-0.0037893530722489096,-0.009626969881708315,-0.007657335227992589,-0.009934612098286324,-0.016690436965231644,-0.015531171823378898,-0.0019266804726473835,-0.00032264931750255847,0.0007169299639397492,0.0007691013208187042,4.8483993960197595e-06,6.287786374489747e-05,-3.1042103115067976e-05,-0.00011145831310046664,-9.289022517754759e-05,0.000703409714657289,0.0006408205611917909,0.0006733118737458475,0.0010781295041049207,0.0008367307430432487,0.0004393872101945149,0.0004465031953561014,0.00045685073834245057,0.000557249486493805,0.0010227105143716313,-0.0007382621342172826,0.00030641898422564384,-0.0014025886753118734,-0.002808240541887886,-0.005214205875275703,-0.007283774829241962,-0.012424925979906186,0.0006150316818017631,0.00043121658682262733,0.0006601524737207691,0.0007291452782224625,0.0010925896704100096,1.7897832560322714e-05,-0.00019054783080539505,-0.00023847020632029794,-0.00014401784934681258,-4.562625762080653e-05,0.0007353337712545295,0.0005551154641574915,0.0006748963052963965,0.0005618902531545723,0.0009906018296689991,-0.00039457626102038575,-0.0005251968936851453,-0.0006083467008354408,-0.0008323105577853261,-0.0013293587811991359,0.0023097980747663386,0.0025973324290716306,0.00411863793137106,0.0040546965252967635,0.16965812239817812,0.0034963579681663026,0.0035,0.0
99,-0.002796084081339476,-0.0005281879931290115,-0.0013811890209538122,9.748240638816772e-05,-0.0003638119699306554,-0.00044459209371163866,-0.001365065245396228,7.61225302001423e-05,-0.0009641695519220665,-0.001720114686974182,-0.00044880100085962067,-0.0009271384615937663,-0.00027297196008054897,-0.0006214159605917382,-0.0007245085031744122,-0.0007362971474448191,-0.0002626571025469905,-0.000765071092520814,-0.00014979526776963775,-6.091108753646288e-05,-0.00012969352186572596,-0.0006972573984260148,5.431757898223445e-05,-0.0004861088459460444,-2.58086121392926e-05,-0.0003811757571892839,-0.00038891759045923697,0.00019488562899482587,-0.0016999359583003133,-0.0011699468043730589,-0.0011749550046206993,-0.002032352921030461,-0.0016623913729099824,-0.0018548796350078556,-0.002310759863509392,-0.0014987410652164935,-0.0022579997548258703,-0.001774966216377821,-0.0016121252479101011,-0.0012370746361807321,-0.0026576009610866404,-0.00240355122645444,-0.0021964009832430562,-0.0017358107399359757,-0.0013390206670132476,-0.0009401436771097452,-0.001039512690989433,-0.0015705120935248236,-0.0010831127136876608,-0.0011455453649770009,-0.001299662561880022,-0.0014037154767024738,-0.0009499822816075833,-0.0015023154786863785,-0.0016512517957125246,-0.001203831068791357,-0.001373644696008731,-0.0015836118367766742,-0.0004430107484640349,-0.000636391937300211,-0.0003369099660502585,-0.0007148255426102728,-0.0004534737557174137,-0.0006613456014439304,-0.0005931200433704674,-0.0007168797051144266,-0.0005846499821115472,-0.0005877929319022743,-0.0007228587177885665,-0.00018421265164202843,-0.00040907887671115496,-0.00030232105075479894,-0.0002899811761973099,0.0003784419007979408,0.0005851547350672893,0.0005000021415230907,-7.479659780599087e-05,0.0003134379006414541,0.0009459822332714498,-0.0003593532439377532,0.000585370726968001,0.0005035256273803949,-9.491714593810108e-05,-0.00045886084296471366,-9.497099631389456e-07,-0.00040961082250865236,-0.009902417407136682,-0.010435722747792078,-4.596463017608427e-05,9.721388220671e-05,-9.490701606325937e-05,0.0009433055491945155,0.0013609389677991229,0.0012370389080740441,0.0007307859603771413,0.0008845115004535037,0.0009515703492030015,-4.01381683391922e-06,0.0007020113298055905,0.0007191282122287498,-0.0003296944955828903,0.004591533590047329,0.0041913041986894935,0.00041323882921896104,0.00042432755995716885,0.0004936722424832826,0.0006329518118510601,0.001177706734176896,0.0014576620174006098,0.0005970706892837164,0.0007046728074456014,0.0004000540524997242,0.0009896996625292501,0.00272864585014317,0.0028618133334727164,0.002862827465984431,-0.007710364233083144,-0.006148314908096371,-0.003166056099250548,-0.0012933581337155487,-0.001205628326919566,-0.0015876920221176058,-0.0009864061841380139,-0.0006569344026660268,-0.00030755784209918045,-0.0003071293720848851,-0.0009920734604473658,-0.0011930984900639773,-0.0010877624053095862,-0.0005836690626633133,-0.001027955421311237,-0.001498521395870459,-0.0018139049493522742,-0.0015632577533330671,-0.0012147229133990817,-0.0010868636115947772,-0.0015583343549264857,-0.0007268204378583481,-1.6443872549232392e-05,-0.0024175467517863155,-0.0013133203319284526,-0.002289008470213207,-0.0006079365103193743,-0.0017248690519207678,-0.0017040595815237987,-0.001565199845750559,-0.0014886869810797519,-0.0015404644361293,-0.0015201510819984015,-0.0007611290174723238,-0.00037303766579818275,-0.000133963654395808,-0.0003340604153937583,-0.0011625767162293987,-0.0017083649955812637,-0.001439269257028611,-0.0015913737689904738,-0.0013798971331749825,-0.0009649007993093213,0.00017978375274145422,-0.0015217450421522911,-0.0023640497774955484,-0.0025221727919036837,-0.003629965919828401,0.0004481011661730656,3.127064936135098e-05,-3.969104040855472e-06,-0.000555497870425549,0.16965812239817812,0.03850044034464031,0.0385,0.0
100,-0.0004637454799557146,-0.00039025245482304376,-0.001746073225763415,0.0002737536425415394,-0.0002676757565579807,-0.00033442849884161196,-0.0005210601373533963,-4.3603121533719406e-06,-0.0012551174269663395,-0.0004114125570453028,-0.0011731794972420868,-0.001180301176439717,-0.001213930529319532,-0.0013724933701761792,-0.0007127645411588493,-0.0012119347044497319,-7.778964151330104e-05,-0.000671355108715883,-0.0005929636416764976,-0.00033233794660736746,-0.00025094285979597556,1.8067088358688078e-05,-0.00018841994866330357,9.645898054220073e-05,5.982631368588369e-05,0.00023015097571945067,0.0006507867224775474,0.0006003474373602696,-0.001663201515261942,-0.0020163542362810773,-0.0004939973592478601,-0.00039504744696903924,-0.0026085185866525896,-0.0017908684440068286,-0.001419771962864698,-0.002363860854649459,-0.0033026248592025837,-0.001421029188115927,-0.0018336205010566064,-0.0024653843419951823,-0.0006630462042909872,-0.0023898111153131565,-0.0037637272957058857,-0.0013967813506848838,-0.000884279395059489,-0.0014510196703713758,-0.0005195962900220862,-0.0006192106302352658,-0.0007215264851470002,-0.0004764856297289609,-0.0008191818068555282,-0.00032096422875200337,-0.0003831702147911843,-0.00024553752156995415,-0.00014450887012148138,-3.908822356519891e-05,0.00012254492206640485,0.00010702744774807931,-0.00025059827362808616,-0.00012368593993373694,-0.00023436568794574916,0.0014668399809356367,0.0006535019567762938,0.0003194070156353591,0.0009270687889608982,1.8281770431552112e-05,0.00036584553889690454,1.7032161392691623e-05,-0.0006495373534602565,-0.0006778582814289755,-0.00048219471752822355,-0.0019555514505490484,-0.0017356242997870362,-0.000292677325117973,-0.00029784503131998993,-0.0003411009735876472,0.00031738690349985177,-0.0014316561179644987,-0.001061820539485649,0.0004078612932982162,-0.003421918626709757,-0.0019277444599490091,0.00012864619119873862,-0.004828242351687165,-0.0038802345351049696,-0.0023916942031771637,-0.012709464907497293,-0.011026226258497758,-5.38577484220587e-05,1.6346811826187908e-05,0.0001678875836646081,0.0006221756621348383,-0.0003274295800471555,0.00025848683456006525,0.0007341621333764901,-0.00031371110736271143,-9.77920088262306e-05,0.0013440697808147345,-0.0005590459946686143,-0.00038641192447465023,0.000900287577489825,-0.005790156261675872,-0.005711934481722745,-0.000715056153563769,-0.0005244164537852313,-0.001046570767215257,-2.6144522659457732e-05,-0.003569999279314656,-0.0030722029077679047,-0.0007347068654795707,-0.004606690785302355,-0.005079618092213107,-0.000942659964347318,-0.007212335195209921,-0.005546012956385139,-0.004269934227068745,-0.014163326866678108,-0.012955201601008553,-0.0011015675345718904,-1.917050991030542e-05,0.0009034418632556677,0.0010250028341352061,6.582884619859766e-05,-0.0001682176433932274,-0.0005786799012029024,-0.0002418659589949248,4.6065869049591256e-05,0.00031544516232011625,0.000751889956059178,0.0007892747672778596,0.0011648095974009075,0.0008919767278189671,0.0012163302153129596,0.001163291326147242,0.000909006212366572,0.0009414564606873347,0.0013126560848122793,-0.0003392394330792801,-0.0009781714203245888,0.0012792865043718881,-0.000272858975701954,-0.0017773723968790506,-0.002371753572767398,-0.006649744827964839,0.0011300695431814506,0.0011034824464711337,0.0011932551376169797,0.001346183588409833,0.0013148192847167908,-0.00025983149892701523,-0.00027598569388089536,-0.0007549648580430379,-0.0006529569020568664,6.871347706948647e-05,0.0006319141994681481,0.0007211822151860092,0.0008337846897560643,0.001011405775233425,0.001081987939520079,-0.0002712529677714857,-0.0005469537899039362,-0.0005442769028900301,-0.0009762513730790736,-0.0014604086214134375,0.0005947406078727532,-0.0006260444730927807,0.00010189601531817869,-0.00011406537632864782,0.16965812239817812,0.0049999265051322295,0.005,0.0
101,-0.0007193982682753347,-0.0013556777486787783,-0.0010537635090615324,-0.00020728431318100873,0.0002518103733437786,-0.00035643559223605913,7.51408093095703e-05,-0.00014070949074616412,-0.0013874518174029397,-0.00010165005788143904,-0.0007744083650147365,-0.0008447706844975092,-0.000478383991936759,-0.001031627895347559,-0.0010536162950197784,-0.0004088077199102148,-0.0008426006655906042,-0.000596731248184925,-0.0006057788566428348,-0.0006902651335324947,-0.0006167464216855178,-0.0005198289884097465,-0.0005227670287369696,-0.0005642238359159396,-0.0004129195955426495,-0.0009602661663334768,-0.0007665666689228573,-0.0008122688471813554,-0.00034538768552500726,-1.2468899475211827e-05,0.00030339345798034364,-0.0004512707138667952,7.98928981154431e-05,5.423160916453124e-05,-0.00019336162130021055,0.00018677619435262038,-7.678631870046618e-06,4.482496839486998e-05,-0.00029258640199036423,-0.0003002949685633383,-0.0002623593282370532,0.00019069815812853872,0.0007085434138252502,-0.0012332540680208032,-0.0009648478445989675,-0.0011809632625982577,-0.0009513007559925036,-0.0011131674336702232,-0.0006756950745749144,-0.0009852612574937376,-0.0009808076805670727,-0.001101558733120165,-0.0008290634895768553,-0.0008307124741730163,-0.0008913534086239299,-0.00046454781427569765,-0.00027894173577191583,-0.0003308146371116029,-3.983155828404073e-05,0.00037597295577482595,5.525378154007945e-05,-0.0006623400633565763,-0.0009859191961244266,-0.0012321213031242359,-0.0005918304970955464,-0.001193886001671558,-0.0013191551642587765,-0.0005204011728802904,-0.001037965548555194,-0.0013036514409643259,-0.00059511787536188,-0.0018569192233304456,-0.001475692420829984,-0.00033107565588476605,-0.00014438844096891946,-2.009824405558685e-05,0.0005657095739118138,-0.0007615652558348234,-0.0009152699922161877,5.7893038992142004e-05,-0.002623036245984485,-0.0017896364194637177,-0.0010545990232324358,-0.0034307228556928167,-0.0026863978363307413,-0.0010347234809427925,-0.008851601706875793,-0.007928809537410242,-0.0001645435153181602,-9.66677470403942e-05,-3.0787464127053334e-05,0.0005629073231691558,0.0003041240920246948,-0.0001913947086935843,0.0005270632981849132,-0.0008222399069734924,-0.001035459901709348,9.060359662594457e-05,-0.0008235381359775617,-0.001335300879208046,-0.0007235865813000099,-0.0013392466860158742,-0.0014520476189987526,-0.0005394244590775006,-0.0007438125836568407,-0.0005884238327217408,0.0002121386442877172,-0.0028363862762812893,-0.0024867687782420297,-0.00014564200743992256,-0.003482284901568754,-0.003764535429187748,-0.0008800490678957725,-0.005800060129617868,-0.0034313670026985175,-0.003868406573448034,-0.005089065307105166,-0.004283435080200214,-0.002659186381349574,-0.0004823751101324463,7.831589137859271e-05,0.0004870500115313558,-0.0005611287812442006,-0.0006350005301516224,-0.00033293423227193916,-0.0005041880861517091,-0.0005165860754285102,-0.00010368085220854642,8.63714574085591e-05,7.322285354936187e-05,6.442357261972533e-05,-5.645121556199217e-05,0.0005274118158382,0.0004656903010405048,0.0007786188678302595,0.0005600803543787884,0.000611039229730816,-0.001765795977923109,-0.001188066837078873,-0.0018359812215427602,-0.0016396703475194739,-0.0035883118939988917,-0.0039023981708652925,-0.008028638786815336,0.0006911929528339235,0.00042546473316478135,0.0003673387902600188,0.0008057449190796534,0.0007288595605556777,-0.0005319036657081878,-0.00042589699058621027,-0.0008009758193590074,-0.000527353309708589,-0.0002252418693418903,0.000322538054093616,0.0001939498467529333,4.429703005711522e-05,0.00010102623590665894,5.727365863762403e-05,-0.0010220171498147759,-0.0005621649119344427,-0.0002181958423048459,-0.0003446664778929582,-0.001338592201830387,-0.0012642659344377593,-0.001356900121329887,-0.0016749098107143728,-0.0013375785572236102,0.16965812239817812,0.019500075697420183,0.0195,0.0
102,-0.001152407210963096,-0.0012972645991653937,-0.00014514046449662764,-5.295775095651108e-05,-0.0002043274389166009,-0.00037350528927706844,0.0008960553716414342,8.866718767750273e-05,-0.0009071128763767818,-0.0004307052807269506,-0.000665247421443472,-0.0006169049539920457,0.0012746667052755875,-0.0005075695818755696,-0.0006989390021134896,-0.0005888345109912158,-0.0007511625812049427,-0.0004156150513059474,-0.0013136089918429545,-0.0009430663735219361,-0.0007107834005736223,-0.0008538918953960987,-0.0008797944089147456,-0.001222651070178088,-0.00028649629744771513,-0.00044973113802972955,-0.0010429053795065577,-0.000638518598772037,-0.0006338261725916904,-0.00045629446783730426,-3.6876439483310316e-05,-0.0009183090741979769,-0.0007447789924103537,-0.0008810417859589462,-0.0009060313424259959,-0.0011153464788083204,-0.0010191649837317791,-0.0005225606657398279,-0.001173992141897418,-0.0012469063321577862,-0.0010492550995392323,-0.000653822081696825,-0.0005120267889377716,-0.0005138423153108018,-0.0010236537319064615,-0.0009338636094794358,-0.0012566381637104493,-0.0011564414554964529,-0.0008037836568966885,-0.0008850550743890219,-0.0008425394564797683,-0.0007205005512484652,-0.0005081193377782452,-0.0008456311869020408,-0.001060832236205966,-0.0005525698440469154,-0.0005847623356155244,-0.0011684213038353913,0.00011932414941902499,-0.0001291907201827498,-9.383948378384914e-05,-3.2544402283604735e-05,0.0007265065000123921,0.0006660783166409332,-2.4018833999255225e-05,0.0009448827937542193,0.0007868425692235532,-0.0001081351856137193,-0.0004615154021071772,-8.47311213572581e-05,0.0008671031171005532,0.0007322145018446044,0.0004461940407061039,0.00019250075337341806,0.00011459198804342095,-6.179689682577455e-05,-0.00020984875168909105,0.000673459365875094,-0.0001197719024198739,0.00026433838318097597,-0.00016717451982896668,0.00012383659634275916,2.082760805603446e-05,-0.0007616076665409613,-0.0007763316338405368,-0.0017475075831471806,-0.006315849752327222,-0.005419834549757808,-0.00027149388669689157,-0.00017831149413729053,-0.00023851195938557598,-0.0005542079048609026,0.00011270440255915026,3.6340748734343386e-05,-0.00010020835709537824,0.00022759318507097257,0.0003239689879659787,-0.00021336297426969965,0.00037244397963746536,0.0002470763970604632,-0.00022471160507104722,0.0039059334535064445,0.0034461263720319537,0.0007242342181439022,0.0008296616825438253,0.000776200610422543,0.0005695221421578608,0.0014774760217588672,0.0016157325683511601,0.0005072054422511883,0.0007551612967137078,-0.00013311749084309933,0.00030710710364664155,-0.0007673009697930997,-0.001042958851331433,-0.001494543220781909,0.00027921033193084783,-0.0018420172578961294,0.0004333431576021812,-0.002417301523836269,-0.0015014445137017936,-0.000586883153145405,-0.0019758240997888397,-0.00247351734631252,-0.0020163286755369206,-0.002477681864220371,-0.002720218540007569,-0.0008708513810759558,-0.000952583919614637,-0.0012469901567977364,-0.0011107059065449255,-0.0011449184060557463,-0.00035563456660820324,-0.0008892581531030154,-0.0012996131163665256,-0.0006631274912292977,-0.00037020755198637246,-0.00014735324442815352,-0.00041102267342039246,-0.0009475579874125801,-0.0014538830889101316,-0.001961437135048025,-0.0014021041648969617,0.0011872505289726243,-0.0005841760666159243,-0.0004834121908745446,-0.0008399798856984678,-0.0006811118007869671,-0.0010365425757064553,-0.0022532402587388707,-0.002426335024136716,-0.001999675362346467,-0.0022382266345340584,-0.0026431020595615944,-0.0008616738218900112,-0.0014181608406674266,-0.0006668611405371996,-0.001186218841786297,-0.0012765944333538407,-0.0010168389453623717,0.00030827310234696285,-0.001330996813127204,-0.0014586822409280262,-0.003201154777154744,-0.008224158562649145,-0.00473835852015661,-0.005751625872342216,-0.0058742419783867125,0.16965812239817812,0.04800048771979182,0.048,0.0
103,-0.002290226166473131,-0.013340500733628989,-0.004694942826207648,0.00017188674806993385,-0.00026711043931788744,0.0003050900981878392,0.00018414675202016922,5.7670430953064855e-05,-0.00166950023585061,-0.0004675754412640492,-0.0012666173768664116,-0.0017041647260973532,0.00017124345694908598,-0.001816468855012314,-0.0014257615721010603,-0.001796496671366934,-0.0020404140357832136,-0.0023703960068903853,-0.002354785866479076,-0.00259172986080038,-0.002555995565984777,-0.0021967612007500656,-0.0020815029009122643,-0.0018823429918831704,-0.0018239427015838143,-0.0023009632084569137,-0.0014552118706150328,-0.000906988217933599,-0.0005905109286161416,-0.0006218012860772235,-0.0006297243402152755,-0.0012669861055460588,-0.0012481979620284796,-0.0006490336931901504,-0.0007939993872197878,-0.0013107796974174664,-0.0010436088047931173,-0.001244866675609582,-0.0015072732367668882,-0.0012528470424198474,-0.001631839079591619,-0.0017523696385092714,-0.0017420976108015495,-0.00179585821755438,-0.001535957693820508,-0.0019286632945002807,-0.0020533553809260943,-0.0017349411626749228,-0.0016194198420407236,-0.0018715506632066157,-0.0019274061834890232,-0.0018054747259222946,-0.002267784361263013,-0.0021042274705392167,-0.002519355940263026,-0.0015433763861980672,-0.0021239712663714797,-0.0019291265150446421,-3.246162116856085e-05,-0.00010832282021728583,-0.00010059209411729488,-0.0002407233997216082,-0.000229914621354011,-0.0002092721229720716,-0.00032004942522718944,-0.0002810258029289496,-0.0003681246138632052,-0.00038074744321917004,-4.4405022091896115e-05,-0.00016568918682647628,0.0012042717927518301,0.0010921021868434766,0.0006494791952333037,0.00013610404808795304,9.173470354292182e-05,3.9550838104896545e-05,0.0001100731794418632,0.0010606981169923881,0.0009703377921110417,-0.0002190118680445596,0.00010786021385321507,0.0003650416273791313,-9.817078384076793e-05,0.00019528553967772792,4.71212458635979e-05,0.001573780998919186,0.004189480027878957,0.00415214027158806,0.000874694791388909,0.0008263592797811729,0.0008943796374305023,0.000545418061856603,0.0014957130615309599,0.001435790076001174,0.0009323769858262883,0.0010782121189716796,0.001467327478733311,0.0007542390075077776,0.0014141556508488716,0.0012114793538620815,0.0017929759552906305,0.004584660111145848,0.004828301822248151,0.0013757173404716592,0.0013217188095733321,0.0013103437949315334,0.001104506196366949,0.0004285856542358435,0.0005181850081722717,0.0011612096836462497,-0.00022391490909025687,-0.000721947884983229,0.0010805419460924008,-0.0006183531040446794,-0.000530567805553959,0.0022555174141878657,0.006703328973418883,0.0057028137873637195,-0.004239077398855176,-0.0019292572919805866,-0.0029092734191506937,-0.0008722177253972006,-0.0018479320296889217,-0.0025364134973660277,-0.0021706350977791005,-0.0023114975437173676,-0.0024836779063241846,-0.0028502820166502944,-0.00239667016980881,-0.002749841271724159,-0.0026162318048807685,-0.0029630044107400964,-0.0013029818352366686,-0.0012823837272182342,-0.0013720645303481568,-0.001954584833932763,-0.0015649191961365333,0.0005536950916187347,-0.0003802663650923131,-0.004223398118151104,-0.003908544157881789,-0.004230303352390219,-0.004272419774786168,-0.006042412649022942,-0.0012275643383547325,-0.0014167452591365081,-0.0016382007399304058,-0.002394295711083064,-0.0018446145776637507,-0.0015600410464560672,-0.002314319496220971,-0.0021762297321111478,-0.0022119797273774506,-0.0029839723762549145,-0.0031041827466194967,-0.0023845368665533005,-0.002659097676784773,-0.0033099230221143834,-0.001891744669281598,0.002353507318197442,0.0006177211359681775,0.0022374636513874443,0.0019417572290930836,0.0015318494283420381,-0.009025030704234233,-0.008925240367474545,-0.006591791662550624,-0.006557913289829549,0.16965812239817812,0.006999954789686569,0.007,0.0
104,-0.00043025629012705504,9.289992957792866e-05,-0.0006998254039943177,0.000877978208647347,0.0020043433709351828,0.00014959930023889463,0.0005824938065786951,0.00043621262572375157,-0.0010783282611391393,-0.0006209860722039193,-0.0007187781118053851,-0.0008092914322530377,-0.0015738870879755547,-0.0008042238481502725,-0.0007410944753285795,-0.000898569553721656,-5.501982810693282e-05,-8.856205589316707e-05,-0.0006534841590810729,-0.00019823867924487532,-0.0003379045253238862,-4.476546378850615e-05,7.132949962930732e-05,-0.00035612993558303173,-0.00036432258804239997,0.000457023660862549,0.0002243586328092644,0.00025123400010095497,-0.0010138029416706762,-0.0004810195208146237,-0.0003858489473583374,-0.00036602418211606453,-0.0006165470113528256,-0.00021858291605624032,-0.0006940921385234568,-0.00017013515320080713,-0.0006665641623447413,-0.00023150441823581566,-0.0003972801002888211,-0.00022514831576462405,-0.00026025762694976566,-8.154008889581158e-05,0.000507126764478339,-0.0010342320565489814,-0.0007474349483781465,-0.0009134820101408639,-0.00016598208873721014,-0.0007005004583014007,-0.0004512282672901713,0.00010209640792203474,-0.00027141549715122243,-0.00035181303941500926,-0.00029020025022952444,-0.0003524098116699661,-0.0004937898851771347,0.0001338981870052997,8.019506873920804e-05,-5.143279109925664e-05,0.0013876843151200851,0.0013171848004182884,0.0014170717292381178,-4.05174376165532e-05,9.863545222126184e-05,0.00016067094286334815,-0.00020933207091719294,-0.0001836202912871351,0.0003210207147104608,-0.0002443356903109374,-0.0007006828188193335,-0.000661646269077786,0.0004696368259383774,-0.00101608893694182,-0.0013626401539763775,0.0012044531043294213,0.0015725866951050754,0.0007719308701102836,0.0019240734068933225,-0.0015564262090741853,-0.0009175901900013823,0.00044082005008388406,-0.004162320752125036,-0.0035498910170470685,0.0024744242040895567,-0.0053871334330354076,-0.004773310873161625,0.00374204277546867,-0.015511134766847335,-0.013627513939146197,0.0012750015708335603,0.001206227533944031,0.0009920865430516886,0.0033688912524627895,0.0005187526760410675,0.0007603974151059957,0.001995031513076505,-3.536208952861111e-05,-0.00039504950712334957,0.000571964352125818,-0.0005709269730897629,-0.0006648813690886233,-0.002478886800372952,-0.006823164773757997,-0.006382088083751486,-0.0008927697587751472,-0.0012810863131964857,-0.0012418854920971598,7.092144024944478e-05,-0.004342586961373074,-0.0037819923300391935,-0.0003631095927747457,-0.0061325353383337045,-0.005887081113628278,0.009843285780210905,-0.008427207186843439,-0.00611380392902107,0.00942559165173759,-0.015383643160528909,-0.015042005594080891,-0.00421467861978841,-0.00032161447671683334,0.0010500383516128386,0.0009731894206995252,-0.0003785269429881966,-0.00040569784542452195,-0.00018302908467647688,-0.00021836679122306553,-0.00033957996215119857,0.0005833713100943547,0.00080497958908802,0.00048377432905721574,0.000580651814308135,0.0009101780327537847,0.001155290852544574,0.0011531664449914286,0.000603782932286438,0.000668828826123508,0.0015039991380977713,-0.00201491266869216,-0.0027597003768521674,-0.0037893359232030097,-0.003432241572215956,-0.004964328494550656,-0.00568237457640276,-0.007947196267234552,0.0010044700147052125,0.0009233167241153825,0.000705864254514834,0.0008268002507762609,0.0009831200502415395,-0.00012336494412006996,-0.00019633548390944556,-0.00026555970596742814,-0.0002164600049001295,-0.0002902398570593974,0.0005120836881766668,0.00040094137046174904,0.001021018145163029,0.0006219980576234343,0.0011156436671649118,-0.000725768955672146,-0.0007234361028526226,-0.0005548561428642834,-0.0011455565039952638,-0.0022244205937853876,-0.00041675854911996893,0.0004692939965372,-6.149774010971159e-05,-0.00016869673127083439,0.16965812239817812,0.036000378203983135,0.036,0.0
105,0.001099852181720813,-0.0022596009391279742,-0.0009291420142962479,0.0018707656697797765,0.00047842903978465853,-0.00017343502625096413,-0.00040902413437027605,-0.0003640157731242879,0.00030373164603985026,3.1200970321121635e-05,0.00040743163940772353,0.00029166831754105,-0.0012806358327215894,-9.188201886642256e-05,0.00016353834857735138,-0.00023427383544350784,-0.000155992757881827,-0.00048415660788482366,-0.0006432933566375764,-0.0005981223242910325,-0.00019381433165616022,-0.0001263478516357448,-0.00046103142245303364,-0.00023134776513949695,-0.00035092737830679855,-0.0008908968592913973,-0.0005259861853969403,-0.0009614465126184864,-0.0003372429376981649,-0.00024184008110931176,-0.00010075354368894866,7.181597509667401e-05,-0.0005457568978320912,-8.187546653006424e-05,-0.00025695556754636294,-0.0006288275125290757,-0.00010560099818126043,-0.00019306027160069812,-0.0001167094990648415,-0.0006363123189187572,-0.0004041188224632703,0.0003040455602158406,-3.298936169361552e-05,0.00019094453656814524,-1.2154954460345678e-05,4.336712838310584e-06,0.00029019304304774896,-0.00038626526282269276,0.00016284594677847203,0.00019088468628802033,2.7732734982918224e-05,0.0002750238462614907,0.00039462730775552434,-3.229482213809316e-06,3.7287925282026808e-06,-4.7828973213009506e-05,0.0006729064142527551,0.0001897182282780732,0.00042980672269300534,0.0004216746979182682,0.0002856584996080474,-9.01720767316914e-05,4.486130179483477e-05,-0.00044975854289526604,-0.00023940948936691933,-0.0011624582643103766,-0.00040744073573590494,0.00012600634358245227,-0.001342871393870984,-0.0004681490527566433,0.000818295484018279,-0.0006643494096646318,-0.0003814037969418945,-0.0005758595337640822,-0.00042088415557296966,-0.0005179577146935223,0.0005652898023611251,-0.0016100106950158082,-0.0009169372346276931,0.0005941677216512423,-0.003317321603376063,-0.0022746404743305827,-0.00015713140184161543,-0.005723735920261136,-0.004901425659995794,-0.002004482241520617,-0.013716856911228571,-0.011664341734076029,0.00041783553852958456,0.0008169503335106592,0.0006724777009248647,0.0006165980112828861,2.0963855584103025e-05,0.00019488638692934302,0.0006837198111065017,-0.001113772913089174,-0.001323497240581478,0.0005262836743930622,-0.0016879551872083058,-0.0014909667046139371,0.00017880655312529196,-0.006111535246739618,-0.006047529114111238,-0.0007995195328336554,-0.0010382897173044957,-0.0015293541766548473,-2.9236315528111904e-05,-0.00421636462609351,-0.0033851560065287565,-0.0006403983849984878,-0.004984105453043429,-0.005552949132501394,-0.00040510940477156876,-0.00801916464521477,-0.005716723738954129,-0.005183124018087656,-0.014784555174316465,-0.014067269178959495,-0.0028871790662198453,-0.0005448316890722834,0.0004133919543008973,0.0008739230933535581,-0.0004864510408616967,-0.0007766408871082265,-0.0009434517014553696,-0.0010081781425878371,-0.0005644521351966114,0.0004333706148740484,0.0002123884309971164,0.00018665267561750965,1.6725291195245288e-05,0.00040203496672942823,0.0005354597633104981,0.0004741386758302818,0.00047343629385227854,0.00042760169403725107,0.0006942267119701377,-0.0008905665429297538,-0.0012493524004394143,-0.001634931527956297,-0.0017902008634375227,-0.002218450025631482,-0.0018774398756240735,-0.008299291490005536,0.0007591612651621561,0.0005110553053657979,0.0006321851361954338,0.0005778377621118128,0.0004593606315604661,-0.00036637354446469357,-5.124257731339107e-05,-0.0011008207323961008,-0.0010570379571505576,9.666135732419667e-05,6.515884659046649e-05,0.0003217351692673705,0.00039112637870045684,0.0004620646934803369,0.00031952464047323495,-0.0005165489319740961,-0.0005856242818213236,-0.0007179563053547863,-0.0008630949428501107,-0.000499005685034796,-4.176797538400741e-05,-0.0007258891423327405,-0.0004452258351311697,-0.000463212636812699,0.16965812239817812,0.005000761017335459,0.005,0.0
106,-0.00040276816213795087,-0.00017143216952475522,-0.0027126606457831756,-0.00028325421064966257,-2.7733495428419372e-05,0.0006163324946804102,-0.0003762529010318878,-0.0003258063997560765,-0.00018309137433266559,-0.0007602779414915173,0.0003200514401373177,0.0002719889077627635,-0.0004663977451013046,0.00047464083934557565,-0.0002780783743880229,0.00015463256020253877,0.00022862318125787257,0.0002501142920604378,-7.636856052333739e-05,9.21593693666256e-05,-2.52695435346305e-05,0.00020542570439121007,0.00014485350300443985,0.00018156256978443694,8.133266522543828e-05,6.49650358864365e-05,0.0002618241432765478,-2.218303180054712e-05,-0.0009194547807220933,-0.0008809085401736802,-0.0007325925754938168,-0.00037501215546054665,-0.0007969018821774156,-0.0009833555073762432,-0.0006464167645898566,-0.0007170709096991452,-0.0005129878981522072,-0.00047948380748143345,-0.0003172773756850954,-0.0003679622510593731,-0.0009333583783661991,-0.0004412235041312653,-0.0007193037350140482,-0.00040776458153235143,-0.00037389656456080915,-0.00011992237816562453,-0.00011606389914317969,-0.0005232502647313063,-0.0004095364997868248,-0.0002608209068966898,-0.0004046331874224404,-0.0005225730231592035,-0.00022180410379017955,-0.0005316202185147352,-0.00022801432218515046,-0.00023007604270885223,-0.0002520488048540662,-0.0006077768155557605,0.0003271508457692744,-5.6778228706427295e-05,1.1916911502036258e-05,0.0004567080926659158,-0.00010474818092294373,-8.053818706750255e-05,0.0007256762181749705,-0.0006508996386914301,-0.0004899408933621046,0.00040879088162469433,-0.0013063347013392514,-0.0007627358604564052,0.0001776944996843702,-0.0012603887148006307,-0.0013796165542850117,-0.0005710404777332182,-0.0007885292377829839,-0.0006309535010085987,-2.665688888327738e-05,-0.0007759864627477657,-0.0008114344258251451,-0.0004337848057458115,-0.0023139058427476965,-0.0009252237241479969,-0.0009474061827535637,-0.004532165581430233,-0.004298449608275293,-0.0035560325267111185,-0.013982126258627844,-0.013077632073862488,-0.00017647371039899518,-0.00014024872971907948,-0.00029407751756530963,-1.7373505315200634e-05,-0.0002040589055184207,-0.000325636223971541,-0.0002457542869538882,-0.0008458043515606794,-0.0006669906994307588,3.15375986961192e-05,-0.0010874626687744724,-0.0010223666475846361,-8.940605190957335e-05,-0.0052302491020631385,-0.005213391273404464,-0.0004570223070098917,-0.00032996813897427136,-0.0009532574491796993,-0.00013299104811392073,-0.002427239006762084,-0.0023225430882079356,-0.000343534886428439,-0.0034383162580765214,-0.0036183579333431562,-0.001170159695322207,-0.006686143008411604,-0.0041384173436767755,-0.004614006590846329,-0.014212094149878413,-0.01461599985426459,-0.0020401019875329455,-0.0003934504649908562,0.00016219259740866043,0.00036492295013797356,-0.00021100330512069108,-0.0003512462262621356,-0.0003915685723067759,-0.00034166198520844927,-0.0004954148949991333,0.00018766208713595463,-0.0002422170949946882,0.0004078479317178754,0.0003000670673481107,0.000679537418323079,0.00042682476396665704,0.0003437273192699752,0.000857973859211876,0.0008013179038079434,0.0010853280923764262,-0.00013865948058295688,-0.0011788048236646424,-0.0014530851498205416,-0.0012554968815892942,-0.0025024887674119055,-0.0034654967285644694,-0.013629131776799409,0.0003802194318425014,0.0006474203472122038,0.0005571315922180021,0.0006202487649223394,0.0009534827661922151,-0.0005793367976850762,-0.00026183081541497735,-0.0003201710404748382,-0.00011749822054209471,-0.0002471250037010039,-0.0002055509447599231,0.0001206132023913285,-4.662782914406534e-05,0.00032959795703633174,0.0004688460340023065,-0.00022572561835915728,-0.0005276835884961042,-0.0005509971981391075,-0.0007924672745727944,0.009433999880468663,-0.00043506724813522035,0.0004374523015816885,-0.00010780206356218202,0.000222460210456319,0.16965812239817812,0.012499927624216284,0.0125,0.0
107,-0.0019390706717649223,-0.0004752440750267869,-0.006650796023362491,0.00010464128572157002,-0.0002973011649103055,0.00031097478252608884,0.00030785073737431376,0.00040576459647139775,-0.0013154582545072157,-0.0009557335453808449,-0.0008815749345412462,-0.0007453683799176121,0.0010335684127259605,-0.0007823404406596332,-0.0009270869091165782,-0.0007475084840248453,-0.0013178505871607518,-0.0012041133924612624,-0.0014161425763629491,-0.0006916377612239565,-0.0014902034769060499,-0.0009963343960040585,-0.000971577491829919,-0.0006598532838735047,-0.0012145576259895276,-0.001309326026264998,-0.001877372350083867,-0.0018828674856843236,-0.0011113752238857172,-0.0013093665411667214,-0.0011586321874522542,-0.001550393986731896,-0.0017708729900009247,-0.0016109244087303323,-0.001505995930418748,-0.0011591766727743332,-0.0015564749292408353,-0.0016733484844735841,-0.0017975005580476403,-0.0014712129753731372,-0.0024677622989750735,-0.003014467387136302,-0.0030149543115173204,-0.0016084042612908459,-0.0013470182214289095,-0.0015217693118881625,-0.001434573317566006,-0.001987129988746981,-0.0010448818734396861,-0.001942062093806481,-0.002045896552822723,-0.0022649029449827215,-0.0022579678864146596,-0.002613280992575903,-0.0012904558450222436,-0.0025024215618326706,-0.002000320800621299,-0.0019185638176829527,-0.00015302359306143347,-0.00024624140727817805,-0.00010281182885982668,-0.00016621511626103223,0.00034497440928115287,0.00015236623218157792,8.27752251502309e-05,-0.0006809555981399636,0.00035535145780476383,-0.00027722019998376686,-0.0004846173178455186,-0.0007407549321238382,-0.0007786987663154182,-0.0016188129143209623,-0.0012909533592236487,0.0010698166059865274,0.0010512337963109364,0.0009023601565741475,0.0008661148141567356,0.0020063431968142926,0.0024857343205254056,0.0013553411645657264,0.0037881820642179545,0.003199486775655114,0.0016493790962165055,0.004425287802039665,0.004159656218192336,0.0032689617050440747,0.010410764346375653,0.00914964319962431,0.00030978040652561797,0.00021651031762255242,0.0003178187878663533,0.0006295484200547831,0.001020665881377533,0.0012152751722563297,0.0005694494241963708,0.0011461719080439856,0.0009652178963919662,0.00010311893732339235,0.0011806905633670929,0.0012055223941791705,0.0011770301074758172,0.0035566392720814562,0.003247159227610521,0.0009522564398230619,0.0008175940229404793,0.0006199240569441031,0.00080568588800706,0.0012120091588404393,0.0007569435599486067,0.0005389443691273023,-0.00046617633367560527,0.00030180735068325264,0.0016918089109206034,0.0010500870584793215,0.0009845324628115853,0.001137629813977495,0.0019318756625786224,0.003185676576884358,0.0018839365396838522,-0.0023458329206915442,-0.002070116097888461,-0.0012236899619604107,-0.0021309276120612545,-0.0012796006045359457,-0.0014076170347748509,-0.002221306706656357,-0.0017687046682141147,-0.0012890423119556094,-0.0021152134062996605,-0.0018695235047111753,-0.002736149216891564,-0.003104821397641549,-0.0006843107001063853,-0.0008615710159750227,-0.0009812089809559642,-0.0019397553269294905,-0.0019660966583987583,0.00017622966319289353,0.0003519404543404173,0.0016030695763949395,0.002920223474307179,0.003472743474393665,0.005360830493803602,0.0016289657197342993,-0.0012279612073467382,-0.001515817721203065,-0.0010887299261584733,-0.0012439406697037209,-0.0016056321422449594,-0.0016127509654877297,-0.0016815247119411332,-0.0023896399896806805,-0.001380045886404717,-0.00209853861825638,-0.001350442885736097,-0.001641808962170507,-0.002169376614751427,-0.002345646333802574,-0.0022597825414655153,0.0008077406164094316,-0.001989910062107827,-0.003591444801562898,-0.0034902652008242303,-0.0126904257525686,-0.002380640367311397,-0.0018496000144972392,-0.0023518864109756997,-0.0019385397171476522,0.16965812239817812,0.0940000001701228,0.094,0.0
108,-0.0007212858569375948,-0.002399610136626775,-0.001704977679636276,0.0008422799337767221,0.00010174311464388403,-0.00016122012185509414,-0.0009703274341679956,-0.0005237487642615212,-0.0014812301392882225,-0.0006595535146076565,-0.0007460287537291352,-0.0008411728655616405,-0.002265013165340383,-0.0007842937221715801,-0.0007509425198193118,-0.000709672337108127,-0.00041419233933401745,-0.00027653096607167376,-0.0005675377052993136,-0.00031605328754493334,-0.0004975183576685316,-0.00041790381703047703,-0.00019626513588310332,-0.00037035454245250906,-7.760317644077201e-05,-2.0272056540617726e-05,-0.00019272724711514577,0.00012329895309465323,-0.000554565961426388,-0.0002664713210667517,3.5192028002552e-06,-0.00021417275764975174,-0.0005183596117253286,-0.00047131185486075415,-4.258146120095261e-05,-0.0003661982747022594,-0.0002606985240218807,0.0004368376883991741,0.00014793868888421182,-0.00015148404116232842,-0.000231000308151515,0.00033968948648740473,2.8151889133559716e-06,-0.0012599920811742858,-0.0012725029281882845,-0.0015936009660347072,-0.0008184342079470159,-0.0006515285368999368,-0.0009709488848090833,-0.0008794927066549291,-0.0010162242187661025,-0.0008307427216920372,-0.0007200438262390746,-0.0005917818307313371,-0.0005262514276407476,-0.0002800030792763533,-7.487951883810045e-05,-0.0006035579470897631,-9.792341426598416e-05,-1.533274179250655e-05,-1.9445618833029217e-05,-0.00013632006541798794,-0.0003204290993489695,-0.0001703530835937842,-0.00018529465426177024,0.00025462982958605125,0.0004283573114323139,-0.0003847357356170592,0.0007373736709841761,0.00034427706223382203,-0.0008913031159033399,0.0002552176601717405,0.0007128400640988062,-0.00011388906925766068,-0.0003151505353348688,5.426754406732782e-05,0.0004921978962040936,-0.0015887301271479972,-0.0004936435260584706,0.0003137955359218344,-0.0027938919838032144,-0.0019817631512273897,0.00017614646209592976,-0.004323895319293962,-0.0035444918802990328,-0.0011909457013664453,-0.011621905836977219,-0.009494248539805399,0.0014525764787696376,0.001039293236779159,0.001045357321983209,0.00012242679932946546,0.0002208041902252291,0.00021352117872577595,0.0005500392762644907,-0.0004083011890434388,-0.00044375919042473566,0.0006451041567917885,-0.000600589101211114,-0.001117537697987891,0.000476693109170823,-0.006027915998137152,-0.005660740740720067,-0.0011124115442825064,-0.0010796741954197436,-0.0013819595341143913,0.00011429761547515591,-0.0027282822595431667,-0.002646563143981742,-0.00017975563341461167,-0.004183752866797449,-0.004541640376371951,-0.0007007206188808136,-0.006335791544968986,-0.004102426501048471,-0.003849996258540514,-0.012180619690249925,-0.011923846003580341,-0.004027131100140631,8.615065148289337e-05,0.00030680659480990523,-0.000867383457756848,0.00023267228124589242,-0.00046278202263498234,-0.0007040114032331679,-0.0005502090492871558,-0.00022840143918388304,0.00020120475784862554,0.00032120594750185906,0.0003855588426741153,-5.583722293347178e-05,0.00021824224022858459,-0.0016400553034785384,-0.001184016043658122,-0.0009081861505565265,-0.0010004478612941332,-0.0005263947542725576,-0.0024769691300070896,-0.001620748306187052,-0.001852171991751835,0.0004783481561380167,0.0003430650182639444,-0.00019036617691933395,0.0015849087208089554,-0.0013948484449531472,-0.0018460445572310367,-0.001481679835067893,-0.0008094806129347688,-0.0005485230150192752,0.00010766770318234675,-0.000559995043004783,-0.0004862473663262884,-0.000539161428610204,-0.0005183381802227721,0.00014875940897623186,0.00017311996093515798,0.0001738407442454639,0.00022823240925877954,0.000324656634684668,0.0005032283773453316,-0.00040270188534722743,0.00015032871314946692,0.0010465958465951358,0.000440134627417058,-0.0006688904588135956,-0.004406737099129243,-0.0016698925499477396,-0.002009339175047411,0.16965812239817812,0.009000355698563278,0.009,0.0
109,0.0005510056476482212,-0.0022253968441449576,0.0017332338816602524,0.001917292104737828,-4.674704135582234e-05,0.00023946343546281303,0.0007917319677770405,0.0007842967301176417,0.000173458954123922,0.001096752544807728,-0.0002166248810341274,-7.77979266449465e-05,-0.0009067753980449453,-0.0006543606312931863,-0.00028312181711015124,-8.204521696963093e-05,-0.0003153332251644678,-0.000372850157561731,-0.0006432706507763439,-0.0005714787180998989,-0.0003722377924539465,-0.00045750010081046057,-0.0005412301574700542,-0.0005984185475106862,-0.0006599827912063312,0.0004099239873553249,0.00014147126355666158,0.000390597914125427,0.0008280103318732262,0.0006151348325829188,0.0008104065836690895,-0.0004559384397799582,-2.6658681176890082e-05,-0.00021370199705143654,-0.000244349426918071,-0.0003603492781846235,-0.00034029427735484,4.222626889434954e-07,-4.495627553046252e-05,-0.0004568241612345882,0.00016046561792903863,-2.847562738539074e-05,-0.0004149872794310884,8.170184394800606e-06,-0.00028796038956394374,-0.00018181386029387289,5.1193309201567266e-05,-0.0005090543128165258,0.00013396289094287582,-0.00043464889117793726,6.475855901666284e-05,-0.0003086157267315019,0.0001267248020041169,0.00010598671484019292,-3.343099652895005e-06,0.0004643671510753667,0.0002759672150933519,0.0005156079990785821,3.303856279833706e-05,-8.480102000364992e-05,-0.00010011548984240717,0.00034909704716046535,0.0002112886541578992,0.00029247102048963656,0.0006083729706660015,-0.0005115014360361124,-0.00040116124234820436,0.0002453528620524432,-0.0007367210837627222,-0.0008189259437299841,-0.0013084662900164122,-0.0021324035369396006,-0.0022063000956246306,0.0005959572093317045,0.000962641206928291,0.0009916436750433122,0.0015386938765421198,-0.0015177994469172662,-0.0008748329880043499,0.0008280969595403731,-0.004541418754528676,-0.0030982393445748518,-0.0005403037741795527,-0.005379998695708466,-0.005571964204101577,-0.0034942769811978735,-0.014382493217502682,-0.013077270975379076,0.0005884636235185084,0.0007127677108105139,0.0008658694937979361,0.001519185006046733,0.000656018809720315,0.0006416887103834,0.0025786348979272198,0.00036174790232696374,-7.793371446265371e-05,0.003071982827278022,-0.00021610486155701378,-0.00021434704258353507,0.00016496265488245013,-0.005080940347569434,-0.005052492320776175,-0.0009684650338690904,-0.0007584389225790019,-0.0010274037799424102,-2.7526961972621075e-05,-0.004444937567489458,-0.0039976496916295165,-0.0006650669679054059,-0.006355034917239767,-0.006462586935443356,-0.002303155989130094,-0.008710584850722647,-0.006856540699746024,-0.007901984526890468,-0.01642070117992108,-0.01527024309131789,-0.0025837228666643385,0.0004731534268335751,0.0006463723531388997,0.001042533262673108,1.117476271413367e-05,-0.000404538524037292,-8.07241508090009e-05,-5.510716901310104e-05,-0.0006238693971812917,0.000327906852312909,0.00020729310937294798,0.0003165141381143056,-4.01669155417315e-05,0.0003691302486139101,0.00028098168818459126,0.0006382876975589134,0.0006277394937012489,0.00028287676688882636,0.0003437272727953341,-0.000869218331512797,-0.0014307516201015032,-0.002420683499385399,-0.0029188334181084264,-0.004965753724575351,-0.006676742492106571,-0.011995426685473239,0.0005639352616536908,0.0007078133234411009,0.0007094846297190293,0.0006444240236244598,0.0004734465253186365,0.00011847326515235994,0.0002769558805920005,-0.0007249693029414909,-0.000249559023859476,0.00010116640537881678,0.0001961788399270075,0.0004138084907593883,0.00042634598325630863,0.00042325865697987326,0.0002890698356230984,6.28843189894564e-05,0.000582013465951981,-0.0006890492294511736,-0.0011179263188030736,-0.0018999041324247346,0.000495469273323662,0.0011318083762921548,3.1529537026314513e-06,0.00012344069333212603,0.16965812239817812,0.006502101894193396,0.0065,0.0
110,-0.0009434678576011009,-0.0002375557159437315,-0.0013515142395789442,-0.0002539733672027975,-0.00029177800797063747,0.00014682709800448824,-0.00029380903459474966,-0.00018470007522918499,-0.0016698627110867663,-0.0010087506535181355,-0.0019400919486013445,-0.0015904428531822701,0.0009428972268661397,-0.0011942318439893066,-0.0009759140210543663,-0.001418495936029174,-0.0004724222130431911,-0.0008225075579739959,-0.0012114145088206194,-0.0011254051749675928,-0.00032546539495301234,-0.0005083135910662849,-0.0004797199584475493,-0.0001895724923791233,-0.00027078661790207864,-0.0003061439200629929,9.196032978557649e-05,1.2065783448764028e-05,-0.0012916990826595406,-0.0013802488406411048,-0.0010047945366022436,-0.000685829270609074,-0.001250577979538225,-0.0012218624199127044,-0.0007800143962472131,-0.0011280127777173476,-0.0008148837511757803,-0.0006298428221696682,-0.0008906546505035677,-0.0009851447460442312,-0.0010648291290810091,-0.00038426961563136735,-0.0007432186456597273,-0.0014024983937792389,-0.0014783184860552342,-0.001584693747531041,-0.0006567930847911082,-0.0006261921453396142,-0.000717780148583845,-0.0006623633024028081,-0.0007048981334706857,-0.0006224312861980398,-0.0007171285581148019,-0.0005938611108344382,-0.0004163713745826164,-0.0002245028728389568,5.1246498528264274e-05,-2.7208805371839874e-05,-0.0005648250499493997,-0.0003553359504293187,-0.000751939477333615,-0.00044278970551389385,-0.00024026284270282336,-0.00017988942051218445,-5.932198153760694e-05,-0.0005063997363244569,0.00010712147620658741,-5.86719018055779e-05,0.00043610714165585803,0.0003568428540129437,0.00141754479481512,-0.000222120109140239,-0.00011912347752969982,0.0008814520334611824,0.0002755400131689012,0.001066546400126764,8.257321062427662e-05,-0.0012273940051552642,-0.001138311191728366,0.0004388072698016198,-0.0036447099644354728,-0.0027032623690829557,0.0002343541438330904,-0.005646474707711438,-0.005216733420969266,-0.0025132113582173087,-0.015896530063082677,-0.015023946161353779,0.00015702723704338586,9.190630796581958e-05,-0.00023342356233588645,-0.0002639793455839156,-2.418786384393786e-05,-3.4559809236156315e-05,0.0006022076366220703,-0.0005237148416207197,-0.0004562512164288378,0.001214640864473529,-0.0014280808851659563,-0.00118023615532831,-5.777734786060731e-05,-0.006784765835342469,-0.007041587846276242,0.0017760430140235318,0.0019107984794211968,0.002209586051136893,0.0005545967433780449,-0.0023088605870283637,-0.002348959350049305,-0.00034283234301188024,-0.004853095275764192,-0.004488732460183902,0.00012341322239941334,-0.007717684232110545,-0.005648321746920239,-0.008172907777078464,-0.016523363381749208,-0.016234513321998413,0.0016803411345561192,-0.00034722555283935936,0.000663092702978418,0.0006811229674444523,-0.00035094306800070906,-0.00038058676042597694,-0.00047454949321584067,-0.0003274818280672647,-1.4119457184375508e-06,0.000595180465904181,0.0008200200805100471,0.0008969318921884363,0.0006589202932618646,0.0007936192318558698,0.0007252064563572843,0.0007943236714806368,0.0007498197077928505,0.0007235333390724769,0.0009978660256015888,-2.7605609160010934e-05,0.0002585037423382072,0.0032276585383768258,0.001036534157112837,-0.00013057561732904692,-0.0014189517493321498,-0.00958133891960106,0.0008457401816618213,0.0007295915031104653,0.0007123907753198074,0.000648686362956324,0.0011724823133238951,-0.00047485852904846746,-0.0005563879033863695,-3.852241342091056e-05,-0.0002966254170023728,-3.8366809932128985e-05,0.0005166609098483931,0.0007340309503515783,0.0009164839888070181,0.0005707361039504761,0.0008488149662544972,-0.0005372679818723455,0.0004517410714399586,0.0012645206933509004,0.0009420446206054649,0.0008313442202644788,0.0011359361645780191,-0.001907902680177477,0.0009008611439342907,0.0009608932181782647,0.16965812239817812,0.010498907656500439,0.0105,0.0
111,-0.0018881144231622038,0.000548335321374524,-0.0013929023639582712,-0.000270993173225034,1.0991404214871475e-05,-0.0002979488105331101,-0.0005668257187013422,-0.00035224407549817004,-0.001026492489860724,-0.0005047346994491635,-5.417456426261531e-05,-0.00020868378379253276,-0.001184162027163026,6.324602835741038e-05,0.00033517455085418533,9.974150332144502e-05,0.00019425698152849565,-0.0003717801017476321,-0.0003350171716463849,0.0004381836733750388,-0.00030502502052299476,8.871523295497196e-06,4.895961487763116e-05,-0.0003131877538747582,-0.0002877096398891471,-0.0001790920935031192,-0.0005293150296346825,-0.00036808857841936945,-0.00029239423920164706,-0.00021901773809655442,-0.00030336597933027437,-0.0003711394001249283,-0.0004046544333123618,-0.0003034723064317205,-0.0003709404267348866,-0.00033347789232624674,-0.0006993261855881101,-0.00027661604539632123,-0.0004727876981572099,-0.0004564963045441728,-0.0011645285190364828,-0.0005773483013009216,-0.0005140309220535687,-0.0012060114082338418,-0.0011065996207551936,-0.0006625379690777649,-0.0004068241637007888,-0.0011099316047483987,-0.0008624222781548089,-0.000678276307762807,-0.0006548470678659198,-0.0008324580762798585,-0.0002630725080655936,-0.0007672402563462094,-0.0004879894182421568,-0.00021643880563583905,-0.0005141651784850086,-0.0004256201720634713,-0.00033983264630851656,-0.0003937415620180816,-0.0004426002843296581,-0.00014675608884464242,0.0004064752101321009,-0.00023969686522813108,-7.530899618550292e-05,-0.00020584132450062565,-0.00030013047738521194,-0.00031430022007305396,-0.0007296797952864399,-0.0009463400196580304,-0.0012977847092460703,-0.004078674252940961,-0.0027017629444068287,-0.00044150371442919255,-0.0004685645769618781,-0.0002770512368880964,-0.00012020443196467414,-0.0006945378862608693,-0.0004031158965109372,0.0004919979030769434,-0.0001407529503442743,-0.000525845791378355,-0.0007585555547352417,-0.0017675594763032776,-0.002089757778933293,0.0005332846281024687,-0.008302396402541368,-0.006873407360155282,-0.0002517234570803564,-0.0003279295309612245,-0.00028422113181970075,-0.00041984080370885055,7.483921517514219e-06,-0.00022460062327219277,-0.0004955658967506704,-0.000206148268532753,-0.00034810710281461447,-0.00124107744177707,-0.0003675596525858603,-6.424875562601011e-05,-0.0009307451536547623,-0.003045336469583152,-0.002687902347133892,-0.0010717044962117188,-0.0008437338368315855,-0.0006522966192045245,0.0020538944887216653,-0.0006355555602944337,-0.0003940479601956337,0.0007530340037121127,-0.00133145237698332,-0.0014757891236676433,-0.0007249321115263255,-0.0029234671448362054,-0.0015154889411601049,-0.004484030619828019,-0.011521000245000754,-0.011571840335371722,-0.0013239651993265775,-0.0005769220400947935,-0.0002360505543036465,-0.0025137216830556637,-0.0007231134655747283,-0.00040411262996189367,-0.000253560689495767,-0.0003626357215861126,-0.00046283523498800815,-0.00020172641645923938,-0.0002602453881837506,-0.0003023232020732504,-0.00024790816449604696,-0.00017504770610847085,-0.003222155737221487,-0.002802506295689717,-0.002607783913860339,-0.0019269741213979693,-0.003268747774425755,-0.00010232740544255721,-0.0016400045086450814,-0.00011426966729422542,0.0012957047189000263,0.0015715361014658603,0.001561481500749717,-0.00043330491045294846,-0.002742908906475857,-0.0025032661796310536,-0.0025491233701496973,-0.003059542382409996,-0.0032515461328270706,-0.00044892940280569736,-0.0008918343802765074,-0.0006688037928994631,-0.0006826225983675153,-0.0008718494496387053,-0.00020195981200301624,-0.00032957464359373745,-0.00041221677564794493,-0.00015998420941703168,-0.00012849607449100828,-0.0008099668253760582,-0.0008679555948492405,-0.0009163658088508321,-0.0008113352535385381,-0.0008408659719741963,-0.0009185545008578449,-0.0007795384597617861,-0.0008450946564347216,-0.0007192759942063594,0.16965812239817812,0.01700034987300475,0.017,0.0
112,0.0002801390952065063,-0.0005567229984437668,-0.0007562529929533362,0.0006740546929269912,5.531729806721893e-05,-0.00010290038648378644,-7.433942045806137e-05,-0.00026543541945797005,9.064292110061412e-05,-0.00038163748837178045,-0.0017434038496040825,-0.001221265474916677,0.000658403234803733,-0.0013917949582858984,-0.001262573711622633,-0.0023614034802011373,-0.0009111866655192383,-0.0017833332521011093,-0.0018899462385860277,-0.001664968700602652,-0.0020982117527434787,-0.002025148896976474,-0.0018736672082341464,-0.0023895271580377307,-0.0018488606201013877,-0.0018864356759024658,-0.002147929595003612,-0.0017790973261296264,-0.0003118066299518471,-0.0002815137148812043,-8.869428048501275e-05,0.00019401388136016057,-4.367350708053752e-05,0.00030779849784755975,0.0005158844797636573,-0.00011156527950243706,-0.0002056852920656243,9.09571518346952e-05,-5.3926503608387196e-05,0.00010445265399723214,-0.00010438846041228328,-0.00021202827840383624,-0.0003315299266106321,-0.0008845530711051111,-0.0005794525402830219,-0.000815380424954113,-0.0008623652825530419,-0.0008050685606324084,-0.0004652271161462204,-0.0016982458229220549,-0.0009766967174773414,-0.0008457148016656945,-0.0011636129449614104,-0.0009974061915943512,-0.0009443123832467086,-0.0015892345963721083,-0.0009166739197836634,-0.0005974372974771683,4.542233294707442e-05,5.60718524993723e-06,-0.0001718697866656831,0.0035515186801191906,0.0021377531976093924,0.0017135207346299021,0.002174765424527243,0.0015942788245515169,0.0017830521858417734,0.0016405358156363241,0.0006319484791013556,0.000891738848083069,-0.0012211363948296378,-0.002476809494962061,-0.002586702384819499,-3.49714953527206e-05,-0.00014217783296322666,3.9838944303204e-05,7.530079068495742e-05,-0.0005201622270604446,-0.000852315516470511,-0.00018293548215913503,-0.002150023215557285,-0.001568917769669932,-0.001655305392052797,-0.003486694258339955,-0.0037288943602064094,-0.0028656720094152347,-0.006741353665504407,-0.006655126306463972,0.0002608425973691659,0.0002961167133779794,0.0005148933893315807,-0.00021488329466525302,0.001361765822828171,0.0014569357935335684,-2.4394322745349462e-05,0.000498259503076548,0.0013820210957899966,-0.0007832555347329845,0.0003788018848468934,0.00011269705392313952,-0.000988694576060278,-0.00036542133212116433,5.280573611998339e-06,-0.000224245355153759,-0.00039243400542059907,0.00015712087624497153,-8.670448454587421e-05,-0.0012480213356713718,-0.0009363232784853403,-0.0006762569417054552,-0.002568630891854363,-0.001452815922394043,-0.001191732441465083,-0.0029779114700379246,-0.0017750687533360167,-0.0030052398710424637,-0.005393269739654399,-0.0051362620817643765,-0.0016024720044436733,-0.0005793788010628315,-0.0005994150888344985,-0.001381796867481684,-0.0004643045372680312,-0.00019167818019349313,0.00010173327271160908,-0.0001195060913826524,-0.001267520889111292,-0.0008175841435476314,-0.0011379457359825523,-0.000850539660087616,-0.0022723592287127777,-0.002210976177584913,-0.0015917704413023629,-0.0022181216922405127,-0.0012596201921905416,-0.0027440753762347225,-0.004817468256415759,0.0045645441810109955,-0.001271624111375489,-0.000881153078948576,-0.0013264811579848951,-0.0007759592320346214,-0.0007294611640545417,-0.002154267855927233,-0.0005810226623119507,-0.0016197826100932732,-0.002414422590450953,-0.002836824631714307,-0.0031997787182925976,-0.0003484344554374386,-0.0002634571487910442,-0.00030741561053804385,-0.000484324889888798,-0.001100429178670885,-0.00030775360211447733,-0.0018276316069797576,-0.0018190294684317415,-0.0021166137701172216,-0.001999387916360939,-0.000546036886870597,-0.0003774694834054086,-0.001196561996284084,-0.001147981906393234,-0.0018328872110501611,-0.0015821329424441084,-0.0006175544530077349,-0.000795957581845028,-0.0006328225597809365,0.16965812239817812,0.022000016620088048,0.022,0.0
113,-0.0013893428880262114,0.0007424905605698576,0.0003663841251888492,-0.00017783149983293376,-0.0002461483481658931,0.00023880881184450871,0.000509441850452687,-0.00017392930277532106,-0.0011603930482370546,-1.8264828616566848e-05,-0.001125433756521231,-0.0011053766252804198,0.0007513826940792921,-0.0012654093497161548,-0.0009481625104726971,-0.0012129055116889551,-0.001031733176601558,-0.0007330747237726706,-0.0008374396931505923,-0.000823363462002406,-0.001187286676820329,-0.0010410302722479341,-0.0008481192035068885,-0.0009726152823265962,-0.0009832358508669108,-0.0007371882725964924,-0.0005213965913517206,-0.0008038111504519051,0.0007004877706286875,0.00041490732326588244,0.0006879556537627301,1.893608093627136e-05,3.3838168161267846e-05,0.00031873172023838423,-0.00037394461212960826,-0.000523704786990701,-0.00019894251706112714,-0.0004230655281649554,-0.0004426667640150095,-2.6254041998192138e-05,-0.0007797433934545842,-0.0004629648978375286,-0.0008047208562245895,-0.0012447829051266126,-0.0011717134589001674,-0.0007145762605489968,-0.0007843042934470267,-0.0008297694702236675,-0.0007507134989650395,-0.0009008058730735322,-0.0010938753155454062,-0.0009246322598175003,-0.001035032181061248,-0.0010774234781574532,-0.0008058843373271639,-0.0007571532368476471,-0.0011426520346625,-0.0006775415153313417,-0.00025793175096659363,-0.0003377318741055811,-0.00036112172254061415,-0.0007168956583172696,-0.0005061324397276014,-0.0005826524541508681,-0.0003448826874992704,-0.00034877567074591547,-0.0006799896995457442,-0.00041913461879468454,-0.0003609317589430007,-0.000652289326770123,-0.0008463548384375119,-0.001419807929283472,-0.0015338668547907617,0.00016949736106039025,0.000140766298227242,0.0002091031779321339,-0.00023851498159937194,0.0005408587853967477,0.0007209311132712687,-0.0009003910230611073,0.0003059573240611172,-0.00015895810000486984,-0.0006924691857657573,-2.768545801718108e-05,-0.0006921057257954805,-0.0003560763982941763,-0.007980354069282923,-0.008108827983349238,-0.00019893609635841393,0.00018981475510457203,0.00015804571514932154,-0.000410631269507745,0.0004937501791706526,4.227804831307719e-05,0.00023423150128889188,0.0009227715004675775,0.00047694488751790165,-0.0002563457135124854,0.0009022788776605859,0.0007777026039044591,-0.0002826640025934568,-0.008234796369978089,-0.007531163959508011,0.001189505231622909,0.0011640818652504353,0.0015134100478334375,0.00046317592365355476,0.0018536686889558188,0.002933264331846825,0.0010902072331479549,0.002947716932168288,0.0026626376403375202,0.0014390493174192291,0.0046616507330689075,0.004282933070467072,0.00390451238893631,-0.010910522698185283,-0.011248169214066715,-0.0011033739344122496,-0.001660976727319175,-0.0005191063472444967,-0.0018317007901211704,-0.0009230086314386389,-0.0012685687800135627,-0.0008425643408664902,-0.0011907205354613438,-0.001172810930859342,-0.0004884877164979248,-0.0003708747042881616,-0.0004883186039538324,-0.0008246529640496958,-0.0006918362030870472,-0.0029401356842445135,-0.0021361992324927994,-0.0016471552216737934,-0.002018366616193118,-0.0011715633664319863,-0.00029256779656610716,-0.000764591105391153,-0.0007699940833831958,-0.00048592311743478046,-0.00132716642844859,-0.0005235459914765105,-0.005628192344459343,-0.0025688449670905017,-0.0016886176100753697,-0.0023849510708090133,-0.00269013539493231,-0.001536412199347594,-0.0009407423639729223,-0.001083795068403693,-0.001500904649566576,-0.0011470647623577615,-0.0016100180145807955,-0.0004325361655111114,-0.0011799126761581475,-0.000603955834122755,-0.0005557107274866704,-0.0003977389807708287,0.0009970712400043777,0.0008620907858545461,0.00046764042745902083,-0.00046305212628868083,-0.001834201553003146,-0.004546793935435827,-0.00303043338803806,-0.004062068446841211,-0.0039318266601058765,0.16965812239817812,0.03699944527571039,0.037,0.0
114,-0.00038534644209452874,-0.0008278995697697136,0.002975360272055491,-7.093512537054093e-05,-0.00031180969223083247,0.00044872435439479146,-0.00034230501879496547,-0.0005275723271623066,-0.0015796903521162662,-0.0006908335170060909,-0.001215025618017132,-0.0014424844844237938,-0.0005415677850532045,-0.0015624376517865094,-0.0017879391964873204,-0.0020332491450208764,-0.0014279898054296715,-0.0006400416898505212,-0.0014119744350966014,-0.0016520816886559041,-0.0008991100383169614,-0.001286475850569496,-0.000826128493922042,-0.0016012638246996503,-0.001329694869896052,-0.001555247484048678,-0.0010577056015544208,-0.000984860525605002,-0.0008321153904227981,-0.0005089474264786461,0.00011983000121835708,-0.00019748174337443298,-0.00031151743425195436,-0.0008133905960757334,-0.000731404254980855,-0.00041839695916135643,-0.00029187345319085285,-0.0002494979294357511,-1.5420105229094543e-05,-0.00029864474509683225,-0.0002654637532452433,6.726649041290645e-05,-0.00018084500319686116,-0.001478449715336453,-0.0018557644475479013,-0.0019344655531978163,-0.0011784924964351716,-0.0009085506312708628,-0.0011743195995130688,-0.0010802917811215717,-0.0010032452515549841,-0.0013812873707713719,-0.0008615873075358857,-0.0013317138984800195,-0.001313007112127968,-0.00040988155346621184,-0.0001960429825911908,-0.00025401232783959734,-0.0005045620898015235,-0.00025662936720768117,-0.00035118830276817696,-0.000532086877934315,-0.0004842730366740081,-0.0002737569783058261,-0.0006816380561957305,-0.0007284127772243232,-0.0007091043725599277,-0.0002502197301301781,-0.0009639209947217409,-0.0008015712631468167,-0.0003394991222052219,-0.001957663497782091,-0.0017800298111895858,-0.00016791524122735304,0.00011538946162505736,-0.0002002832810331568,0.00027848482894006883,-0.00125835620137427,-0.0009847147793252775,-9.48826938121619e-06,-0.0030299059050186185,-0.0021428010926218036,-0.0004913274469234837,-0.004829682384788736,-0.0035511056465561738,-0.002195658098859616,-0.01308955905033587,-0.010695059847499001,0.00027570901319117977,0.0002002075920674922,0.0002613551213298856,0.0011098855964603706,-0.0001275592906561457,0.0001432033123119034,0.0005621576982017038,-0.0004576486395557195,-0.0008164790016516208,0.00038323277193396874,-0.001010827283418141,-0.0004765743991462276,0.0013359986329913227,-0.005162784002145052,-0.005065914099885292,-0.0005670525187688739,-0.0008118790084984843,-0.0010881092140406425,6.612650027159785e-05,-0.0032539967819808857,-0.002479743813747132,-0.0008482927215429901,-0.004171494630097775,-0.004682216257052005,-0.000910024503934071,-0.005260399386145983,-0.0034911768265409263,-0.005209739615091054,-0.010903411411094676,-0.011120060149982604,0.0005022458052804363,6.388163625447933e-05,0.00039458093443943995,0.0016010202894714623,0.000570459419583069,0.00026085658888214136,0.00023775302462040798,-0.0001063351454786052,-0.00030087268026871776,0.0003708834251840706,0.00015615922023442085,0.0003896068026694624,0.0002497762335759617,0.0003943114870837458,0.0009675301204274714,0.0006021193491525897,0.0007084181756664491,0.00011787914708392552,0.000499995112590372,-0.0001458797582960681,-0.0011285839374973966,0.0002447839108721889,-0.0004856038708828988,0.0002194061119095289,0.0006297086784364326,-0.0006749904103440969,0.0013825742454025584,0.0008201711993454606,-7.620446196034703e-05,0.0003848041127695344,0.0011106927731268687,0.0007366799181961374,-1.525144959916597e-05,-5.5390341511009945e-05,-0.00031418111762980956,-0.00039191792791845473,0.0004657072316464015,0.00015225332999565903,0.0003689130733282609,-4.066562412986652e-05,0.0006280903944025523,-0.0005400586798223534,-0.0005744896208359444,-0.0005538924631302947,-0.001028761077886603,-0.0009457726269118124,0.0013326690004826483,-0.00048025874727670043,-0.0008509510636386146,-0.0012117724996239545,0.16965812239817812,0.013999573159378081,0.014,0.0
115,-0.0011097477423522672,-0.0021396658814188036,-0.0010795331426818684,-0.0006464623726912225,-0.00020133829287039543,-0.00014366275007737065,-0.0005243270667125582,-0.0008028572575892722,-0.002856099667217909,-0.0004505684499760726,-0.001161326451702163,-0.0014771734256439789,-0.0015612716714092532,-0.0012085468987603626,-0.0012706970178473396,-0.0009289902042930627,-0.0006265259048705273,-0.0006083428875549231,-0.0006511842430928856,-0.0006655658758906271,-0.00040882036701302485,-0.0005401524179567266,-0.0005575438531615875,-0.0006375520887318369,-0.0004968567848806664,0.00024099593481502772,1.3767911519273888e-05,0.0003272551980914597,-0.0003372202714243916,-0.00040503309916232636,-0.0002132474357378446,-0.00044662375090402553,-0.0006405429589084753,-0.0007266424099751862,-0.00025492720565333047,-0.00031376484077051827,-0.0002299010540717403,-0.00011680745794415223,-0.0005009759884474497,-0.0007135220518293035,-0.0004679694374100799,-0.00036459913279020186,-9.956185222894653e-05,-0.0019384934014756764,-0.0020212631502733816,-0.001843961327760304,-0.001489773021425127,-0.0009751379757972831,-0.001381519236568438,-0.001359074138711314,-0.0009521846505822065,-0.0012852371828439035,-0.0008345198345927817,-0.0006986235510561194,-0.001078698163325377,-0.0004053605511490068,-0.000559870651487303,-0.0006834185531393582,-0.0002974743600099276,-7.404310550897133e-05,-0.0002720012199853935,-0.00020440702359819367,-4.963760549576485e-05,0.00010720335952657428,-0.0007672943984611672,-0.0001780848131850084,4.006503069617922e-05,-0.0004478894145646451,-0.00033623415108183566,-0.00027877677056130145,-0.00046117279504716795,0.002226123344029246,0.002735165754674793,-0.00030160476351320255,-0.0003862469037829733,-8.549376662693057e-05,0.0006953656622238829,-0.0018417298554121093,-0.0008788189587559688,0.00041578020472120953,-0.003296510455742437,-0.002250688502997612,-0.00038186716543563577,-0.004044864858366478,-0.0035100604157703567,-0.0003879542427508474,-0.005616472053546162,-0.003505011124277616,-0.0005881227942220442,-0.00015339730542972429,-9.18450022287826e-05,0.0003413127216233398,-0.0002538237979310695,-0.0005538428418947134,0.0010890616812175478,-0.0009064595374064434,-0.0010954470667880244,0.0017382282567261855,-0.0010234076710483521,-0.0013723595250173571,-0.0001482031847476905,-0.005715820601569291,-0.00547903425645465,-0.0009707430227211804,-0.0010203807226277792,-0.0017021975417844067,-0.000448183573805065,-0.004052232481610689,-0.004108833809357901,-0.0010271613848499858,-0.005429439219496282,-0.00561206555704963,-0.00012499343249378425,-0.007635223495514744,-0.005244345931739557,-0.0011637143707090665,-0.009520889837559063,-0.007828370845662576,-0.0017942098842219508,-0.0006566197433142396,0.0006904540910117456,0.0007540866879136333,-0.0003613004581770632,-0.0007255907976701654,-0.0008409527112183205,-0.0008980572441363433,-0.001026458108239765,0.0005131280556903619,0.000652651228385792,0.00024616965263987847,0.000403227980815702,6.2947500591221e-05,0.0006451547806468245,0.000619404365213932,0.0005607107531689134,0.0007464567677906038,0.0005297123713555685,-0.0018885016755514534,-0.001014321548974926,-0.0012391501359021216,-0.0024001415879156716,-0.0015680768666659947,0.0004441200091338401,0.0048617280368816445,0.000935119437332216,0.0008100348266347412,0.0005567806579774663,4.2267753078655324e-05,0.0007835600957306538,-0.0004499360574292399,-0.0007874789715888832,-0.0008607942258467397,-0.0010352377724754183,-0.0012673097637442468,0.0006520630853582388,0.0004342453133469961,0.0002206921459632344,0.0003216386021869581,0.00014498436901135621,0.001812393513536114,-0.0005305102068970462,-0.0011595142632931038,-0.0009089882865197836,-0.0018636032704945431,0.0015377748328693737,0.0014033365077172964,0.0011049973043176478,0.0013768154501315793,0.16965812239817812,0.031000185464158253,0.031,0.0
116,-0.0011165861285853942,-0.01237978523268438,-0.004703317485527606,0.0002548019879069816,-7.723967526792933e-05,0.0007153898465249193,1.818435898812744e-05,0.00013259823808073142,-0.0007802056088132914,0.0005460352134118653,-0.004227174218681069,-0.004003051735871392,0.0007032567016942452,-0.004594636017430068,-0.004775822300019228,-0.004225490577978482,-0.0049738045386535255,-0.0060280014315115685,-0.005614726986761269,-0.0064329836770093355,-0.007415103662895454,-0.007611028929216413,-0.007126475164077648,-0.006597287351271972,-0.0076001189441637605,-0.009845884092007588,-0.007756051186779266,-0.00667012878072088,0.0005868425776965965,0.0006010923735707456,0.0007142539461804244,0.0003695149472562295,0.0003693953575894406,0.0002633949995797235,0.00028079031406349244,2.8533484147045445e-05,5.829695156986675e-05,-2.4259386719641074e-05,-0.0005386623990311864,-0.00035682337943455754,-0.00026075621275050423,-9.218627975499066e-06,-0.0002644574851275806,-0.0007139506896591157,-0.0006839496946986076,-0.0015343873880757398,-0.0012397861342931514,-0.001402578654523563,-0.0016001957939981199,-0.0019860979633328354,-0.0017991586397167547,-0.0018906557819433805,-0.002967334927828035,-0.0018476673195623114,-0.0024008898982531817,-0.0017904453869330929,-0.0021080238647869557,-0.002629225934056443,-8.540374402556755e-05,-7.084226499815537e-05,-9.092772908804427e-05,-0.00019148440176129409,-9.38339107653432e-05,-0.00012258681397403677,-8.817692384366343e-05,-0.0003509861875660766,-0.0003442937555235474,-0.0001340064198931184,-0.0003471911497779814,-0.00033891603652207473,1.0153523621961634e-05,-0.0006580392611376298,-0.0002496172426692847,4.305838709208093e-05,0.00012986580989759314,0.0004303167587079508,8.196613385467098e-05,0.0008318975623495135,0.0007906718073295999,0.00034423867807445533,0.0009856920228074658,0.0009884885885088584,0.0007208971360325271,0.000824583605317107,0.0007570862214343497,0.00137472663911161,0.004720471459979126,0.005442612722459922,0.0006243958272726587,0.000606726063657303,0.0005673156371263305,0.0007770439381915183,0.002142069788377411,0.002147722065101503,0.001126177629921314,0.0015073694267244632,0.0018760151086706215,0.0007816518022995887,0.001597098628387901,0.0016701987241163987,0.001862667360987635,0.005283889264176178,0.005318162795641207,0.0013097065188227652,0.0010377845121414566,0.0012928867303463813,0.002437104737107853,0.001630364411290088,0.0019099244261142107,0.0019445303032688964,0.0017526260540411582,0.0015676055837578868,0.0019501575312175085,0.002771889944532861,0.0030220450323822545,0.0032765721585072526,0.00988767643178677,0.00963778664339237,-0.0022398284692008398,-0.00040148386726904163,-2.135235962792797e-06,-0.00445143274744745,-0.0005363670451788169,-0.0007859083127289765,-0.0006609789709817052,-0.0010915177903623448,-0.0016323438425311495,-0.00016813423198224641,-0.0008512627521117954,-0.00034816559617457287,-0.0012494952208325883,-0.0008708654102927946,-0.004385626411196056,-0.005405212155456204,-0.006247483541480611,-0.006354429042246955,-0.005447850538379121,0.00041786183122086536,-0.00041042013900333336,-0.0023758657898880157,-0.0022512340704416343,-0.0018225478861332014,-0.0019827486963704074,-0.0008093126580383789,-0.00422644213043104,-0.006533851170996839,-0.004528683249425501,-0.005279589922511084,-0.005283142201599042,-0.0002945531417785327,-0.0006686227219405149,-0.0009463370802657652,-0.001019737519224817,-0.0018074692426566698,-0.00019863991681165968,-0.00048273540285260173,-0.0008302403082698934,-0.0006286622996821916,-0.000441193040887137,-3.889683824675447e-05,-0.00016250376315688628,-0.0006228127181491935,-0.00019343675629123516,0.0007678407385620472,-0.004933823020101625,-0.004141638790995148,-0.0026458839633574202,-0.002818815194860943,0.16965812239817812,0.011000002455804875,0.011,0.0
117,0.0001239324725059815,-0.00027501734799514075,-0.0023989083047953473,-8.065194215145155e-06,0.0006344722479766986,-0.0002085474263008503,-0.0006144639192227556,-0.0003300469740052428,0.0009512527738652174,-0.0008199569500365051,0.000893421186959612,0.0008796260357997745,-0.0011836532926815446,0.0009408309603823713,0.0008906402969533984,0.0008502287231679187,0.0009606031782783464,0.001047659944030175,0.0008176179150098717,0.0010162015870245756,0.0007682958667626003,0.0006050705269110534,0.0011081884353859473,0.001118599728782827,0.0006518020690691664,0.0007490445797940393,0.0008698080148254851,0.0009050021525418619,-0.00137989402520974,-0.0018733406471507252,-0.0005927471401525264,-0.00012685236118612926,-0.002217904440629262,-0.0016566489340344738,-0.0014078606740500683,-0.0024962499274321396,-0.0033968925434984883,-0.0009781217102446515,-0.001788501292255829,-0.0031458664250851266,-0.0013031344594982225,-0.0032750282160649478,-0.006425013037370869,0.0011134946755073957,0.0009125808260290789,0.0005002536558420351,0.0008851146928123897,0.0006344435365095373,0.0006912157247119163,0.0007059021630813597,0.00029973282307052,0.0007369361006793081,0.0007860268960349761,0.0005261168231218095,0.0006293920694852903,0.0006130870602931049,0.0007800050725585793,0.0005611967930367538,0.00031642887154525784,0.0004972052343769917,0.0006454963343863805,0.0012815551649794862,0.00032783413669020586,9.216223368258038e-05,0.0006683988036606254,0.00015955941867980673,0.0002955970443741438,0.0011725359299341487,-0.0006704383092749891,-0.0007724531272054184,-6.566404451525978e-05,-0.0020848950146843976,-0.002199844576917217,-0.0001719073234526007,-0.000475764451767696,-0.00016096053844835974,0.0003964261158645485,-0.001515156220921011,-0.0014064088803628528,-4.4018346595486304e-05,-0.003362205833594784,-0.0023871564017857207,-0.0004758635480150018,-0.004642108987098199,-0.004594801922227279,-0.0031110360181606086,-0.012868905402877348,-0.012144733426877975,-4.476273237063675e-05,-6.1756300764467845e-06,5.550117335958565e-05,0.0002458617674168667,-0.00040124485587655527,-5.625857344332996e-05,-1.1183471274000808e-05,-0.00037212886692246,-0.0004788367929699711,9.891456245733174e-05,-0.00034970514639503684,-0.0004351026358341052,-0.0010992930956545382,-0.0042216773492701545,-0.00440283299045414,-0.0004904926999725998,-0.0007846393534952698,-0.0008988665286841014,-5.465756767886395e-05,-0.0032860522478738857,-0.002914166555276861,-0.0006817659092881437,-0.004265103799180794,-0.004829400011507913,-0.0014750061698446156,-0.007683484455585448,-0.005579956980235776,-0.0056601243963082535,-0.013953359898715965,-0.013007997430947691,-0.002492985044746517,-0.00015563935719301074,0.00014693930112421523,-0.0005058152737301625,0.0002824070866993757,0.00020250719652824877,0.00012813019940350766,0.00010267947845968367,-0.00013529441492650605,0.00020131631515981689,1.3905459285356235e-05,-2.2592863658933446e-05,-8.599849076285253e-05,-0.0003375096099540105,-0.0004541980799656856,-0.0004912482573892559,-0.0008536344228594913,-0.0005277151075925473,-0.0011671065088403997,0.00022087479544433952,-0.0013533039606371466,-0.0024628924410513863,-0.0014678630324903939,-0.0028332808935006676,-0.0030003434848253283,-0.009783732494525807,-0.0005984604664092325,-0.0008595810195589525,-0.0005869653185717554,-0.0007584085733228842,-0.0017344776442691947,0.0002495123030826719,0.0005320077446236284,0.0003127137556611678,9.114243081900775e-06,-0.00014471767557095737,-5.513574999448859e-05,0.00012059713123993096,-9.074728692770544e-05,-0.00016642911334865382,-0.00041995251451019163,-0.0004370042032700425,-0.00046263456719396174,-0.0004087969964254483,-0.00020785788309753866,0.0015285490147472162,7.25624637068419e-05,0.0008264710274082059,-0.00012026689721296818,-0.00033577966070528196,0.16965812239817812,0.004000001241968365,0.004,0.0
118,-0.000449223599962039,-0.0021048244429680766,0.0011905557421733762,0.0006381218130896857,-0.0005837095567550517,0.0002316637920066794,0.00042176124413136615,0.000566468392561642,-0.0015758975854394037,-0.0006689970188312247,-0.0011332534314155618,-0.0009790317046738043,0.003185108351648079,-0.0010621961910437946,-0.0010275161620350464,-0.0006613175620101989,-0.0008486595808793451,-0.0007794960652762761,-0.0007903091080562676,-0.000600346183289882,-0.0005091648702974147,-0.0008969354513633614,-0.00031979785641146185,-0.00029120844120912397,-0.00017288687541686026,6.982692037382787e-05,0.00026771832885826214,0.00034865156152832254,-0.0007139799805788958,-0.0011224669718064135,-0.0009399015626699318,-0.0007051946294989742,-0.0010352169571204491,-0.0005148659518460313,-0.0006352712577883557,-0.0006827365222789909,-0.0006261175590210713,-0.0005333816876211894,-0.0004270485958473542,-0.00043749832662069656,-0.00045180396926390365,-0.0003897317625996277,-0.0007053960316130312,-0.0014296241965109583,-0.0013987177021778196,-0.0014316165336205034,-0.00109112141544552,-0.000820145080772692,-0.001095401863882658,-0.0006914076300245045,-0.0010934277216230386,-0.0007940841434614859,-0.0007161330218132828,-0.0007095530300825835,-0.0004296687680704315,-0.00026403641151005546,-7.133326302460839e-05,0.0001886198683427128,-0.0005990659013803484,-0.0004898146646527071,-0.00029297530899358143,-0.000829178338237324,-0.0010649045880837715,-0.001055318387966337,-0.0007211095875731829,-0.0012472842689567882,-0.0010624368223895642,-0.0008809323978091395,-0.0009908563789956804,-0.0009473208976025351,-0.0012098902726365988,-0.001087719188942134,-0.00014308052717931446,-0.0001581576370257423,0.00026039548460853507,-7.969646389788989e-05,0.0009375717341880273,-0.0011222144045367804,-0.0007990649156595162,-0.00040054145378985983,-0.003157681411732018,-0.0021515062534330463,-0.0011333890206209282,-0.003773239627027639,-0.004014375264532307,-0.000854058098251245,-0.004560675194561994,-0.003368382336098702,0.0031461318524497266,0.002533344298026441,0.0034522842766901646,0.0015154564297481714,0.0013088213811884933,0.0012788106410902677,0.0040371209665350325,0.0007194759510059036,0.000613256296944448,0.0028842674510714626,1.4630411565506007e-09,0.0007580787604746378,0.0003862960268106749,-0.006446720538493003,-0.005896068712123261,0.001316782189399507,0.0015231903339766183,0.001969371160450952,0.00014946799120904838,-0.0024978132369118007,-0.0030049344652377176,0.0003072281204085192,-0.004588368544921674,-0.00399488044016113,-0.001353753315400545,-0.0069227729300877835,-0.005179629145247517,-0.0011829025156419178,-0.013576437144135969,-0.013740005406299353,0.0015729642136792202,-0.0010462462825952343,0.0006525238908718998,0.000494502353196076,-0.0010285393854617302,-0.0007614599132690897,-0.0005232419087173343,-0.00039542320054067266,-0.0005168710025049893,0.0005828796333995888,0.0007629616911422306,0.0003749422817177685,0.0002868050243618325,0.00028934275534882157,0.0008395953369506619,0.0009692775264150123,0.0006200816115487606,0.0007607499215271129,0.0011341077382343147,0.001013909253308025,0.00011053874599863975,0.0013584548518988466,-0.0031673445492047393,-0.00538459166535865,-0.0055456484873768015,-0.00963256539357762,0.0007614944931384729,0.0010981446810511212,0.00042543771441201866,0.0007979505283253837,0.0007706400386656104,-0.000690550672582181,-0.0006660737261349471,-0.0005213510347546244,-0.0006336634244998682,-0.00064116570581106,0.0008864849500496124,0.0003892630802882084,0.0004411543856778878,0.00017857459929557438,0.00018937522195155792,-0.0007239695709199371,0.0022794240638497124,0.0011001732266240779,0.0012104978418468661,9.779016070812711e-05,-0.0013574138699083344,-0.003428899268856224,-0.0010091236452642064,-0.001647494177969039,0.16965812239817812,0.04500156590962806,0.045,0.0
119,-0.001035649269280586,-0.00039486545944744796,-0.0026947928945650593,-0.0002566691122706746,-0.0002501218356566378,0.0009053013824553536,0.00015382671154543146,0.00041743706075460967,-0.0019992813318355377,-0.0006251178521531471,-0.0017671419472966993,-0.001987350141549215,0.0021663333739001594,-0.001925254028851723,-0.0016362458145350856,-0.0020602383752671245,-0.0013594788524732818,-0.0014370818605929626,-0.0017538252827792816,-0.00166973173147724,-0.0016499555832128424,-0.001390190191159972,-0.001280878644204208,-0.0011300581581280948,-0.0013232559073812781,-0.0010143810008263713,-0.0008740806651038767,-0.0008621177966136906,-0.0005835432002875354,-0.0006575450877430635,-0.0006988151717393275,-0.0004400665180229702,-0.0006179617995669957,-0.00039735595290905153,-0.0006568405095219443,-0.00036174366584771224,-0.0006904174633937056,-0.0007175315008823832,-0.0006512314527934418,-0.0007663348074030924,-0.0013132183992531014,-0.0006056908250276886,-0.0009886594441197779,-0.002159624148468969,-0.0016731708523532185,-0.0018923287338453376,-0.0018964382370025396,-0.0019902711539733628,-0.0017502287194309939,-0.001402473583480242,-0.0016808822194148076,-0.0018209435054724022,-0.0016947045081676358,-0.0016498124911919064,-0.0013242612186889443,-0.0011381421041359934,-0.001056850351199978,-0.0009774805560193247,-0.0001294037826270482,4.838317843046427e-05,-9.895523714575333e-05,0.0006942557039356812,0.0010188170764675046,0.0007541351961709324,0.001435980878803364,5.580789208326757e-05,0.0004477480308497505,-2.707718062541043e-05,-0.0009227597035421348,-0.0008642443968546005,0.0004631261208677341,-0.0036648472327802007,-0.0027794188720163676,0.00032845443569912207,0.0007946973260464858,0.0002205913662525629,0.000288675817499533,-0.0008698223505558027,-0.0004182226823981571,0.00016327689540798546,-0.0018140374137536077,-0.0011756439947497256,0.0011765498765482522,-0.0025693552081480753,-0.002050202870170894,-0.0007947492462625352,-0.005333884943628396,-0.004915736734501809,-0.00041455142968475466,-0.0006595080585329615,-6.0542228823515206e-06,-0.00040201840501968936,9.659081966901728e-05,0.00041320428346571317,-0.00013431207629578963,-0.0005161250130325428,7.152052103367582e-05,-0.0009195085766528664,0.0006696107094417699,-0.0001554540611178995,-0.0009012518761741745,0.002984543276740314,0.001990368499734553,0.00168360901970328,0.001912288083947625,0.0017202304612405517,0.0002688887537441082,-0.00314402184362293,-0.002040617886988398,-0.000552988631503712,-0.003660627474595739,-0.004393627070199177,-0.0007299868952406921,-0.005466389891080515,-0.004298028513082184,-0.003971029814007352,-0.012405489518372068,-0.012397741252585451,0.0025538253733408877,-0.0008357964909744069,-1.3797424669157146e-05,0.0003202447230860162,-0.000695707431492798,-0.0006070804870291001,-0.0004758716847359427,-0.00025050379577467365,-0.0006109825078940078,-0.00028831935469529087,-0.00046648366323315623,-0.00029496810563637703,-0.0005830639792832243,-0.0001505638426171103,-0.000497681040245182,-0.00038881389245177964,-0.0002826956051359972,-0.0012293970306541612,9.968690832608132e-05,-0.000893761053612371,0.0001125011910193279,0.0029322700314928906,0.0002918197769259475,0.00021475327693090235,2.2399570095243294e-05,0.003061051989692347,-0.00012126107718686305,-0.0005808146773829278,-0.0008053288404155172,-0.0007088353620907467,-0.00041250657360992213,-0.0005487034709808612,-0.0006825210738020796,-0.00041711378589860866,-0.00035399922642628004,-0.0006192477160761726,-0.0004034498519229917,-0.0009063141171691425,9.350483018225432e-07,-6.98524374747702e-05,0.0009892467135296484,-0.0007845768623346562,-0.0006966351766401467,-0.0010358749066271286,-0.0010894740161544408,-0.0016663856219691685,-0.00027195753493652376,0.0011516995458871046,0.0007077463696509823,0.0005098956485534369,0.16965812239817812,0.03300008531976456,0.033,0.0
