,Mouse_nose_to_tail,Mouse_head_to_tail,Mouse_Ear_distance,Movement_mouse_nose,Movement_mouse_tail_base,Movement_mouse_left_ear,Movement_mouse_right_ear,Movement_mouse_head_base,M1_largest_euclidean_distance_hull,M1_smallest_euclidean_distance_hull,M1_mean_euclidean_distance_hull,M1_sum_euclidean_distance_hull,Total_movement_all_bodyparts_M1,Mouse1_mean_euclid_distances_median_2,Mouse1_mean_euclid_distances_mean_2,Mouse1_mean_euclid_distances_sum_2,Mouse1_mean_euclid_distances_median_5,Mouse1_mean_euclid_distances_mean_5,Mouse1_mean_euclid_distances_sum_5,Mouse1_mean_euclid_distances_median_6,Mouse1_mean_euclid_distances_mean_6,Mouse1_mean_euclid_distances_sum_6,Mouse1_mean_euclid_distances_median_7.5,Mouse1_mean_euclid_distances_mean_7.5,Mouse1_mean_euclid_distances_sum_7.5,Mouse1_mean_euclid_distances_median_10,Mouse1_mean_euclid_distances_mean_10,Mouse1_mean_euclid_distances_sum_10,Mouse1_smallest_euclid_distances_median_2,Mouse1_smallest_euclid_distances_mean_2,Mouse1_smallest_euclid_distances_sum_2,Mouse1_smallest_euclid_distances_median_5,Mouse1_smallest_euclid_distances_mean_5,Mouse1_smallest_euclid_distances_sum_5,Mouse1_smallest_euclid_distances_median_6,Mouse1_smallest_euclid_distances_mean_6,Mouse1_smallest_euclid_distances_sum_6,Mouse1_smallest_euclid_distances_median_7.5,Mouse1_smallest_euclid_distances_mean_7.5,Mouse1_smallest_euclid_distances_sum_7.5,Mouse1_smallest_euclid_distances_median_10,Mouse1_smallest_euclid_distances_mean_10,Mouse1_smallest_euclid_distances_sum_10,Mouse1_largest_euclid_distances_median_2,Mouse1_largest_euclid_distances_mean_2,Mouse1_largest_euclid_distances_sum_2,Mouse1_largest_euclid_distances_median_5,Mouse1_largest_euclid_distances_mean_5,Mouse1_largest_euclid_distances_sum_5,Mouse1_largest_euclid_distances_median_6,Mouse1_largest_euclid_distances_mean_6,Mouse1_largest_euclid_distances_sum_6,Mouse1_largest_euclid_distances_median_7.5,Mouse1_largest_euclid_distances_mean_7.5,Mouse1_largest_euclid_distances_sum_7.5,Mouse1_largest_euclid_distances_median_10,Mouse1_largest_euclid_distances_mean_10,Mouse1_largest_euclid_distances_sum_10,Tail_base_movement_M1_median_2,Tail_base_movement_M1_mean_2,Tail_base_movement_M1_sum_2,Tail_base_movement_M1_median_5,Tail_base_movement_M1_mean_5,Tail_base_movement_M1_sum_5,Tail_base_movement_M1_median_6,Tail_base_movement_M1_mean_6,Tail_base_movement_M1_sum_6,Tail_base_movement_M1_median_7.5,Tail_base_movement_M1_mean_7.5,Tail_base_movement_M1_sum_7.5,Tail_base_movement_M1_median_10,Tail_base_movement_M1_mean_10,Tail_base_movement_M1_sum_10,Head_base_movement_M1_median_2,Head_base_movement_M1_mean_2,Head_base_movement_M1_sum_2,Head_base_movement_M1_median_5,Head_base_movement_M1_mean_5,Head_base_movement_M1_sum_5,Head_base_movement_M1_median_6,Head_base_movement_M1_mean_6,Head_base_movement_M1_sum_6,Head_base_movement_M1_median_7.5,Head_base_movement_M1_mean_7.5,Head_base_movement_M1_sum_7.5,Head_base_movement_M1_median_10,Head_base_movement_M1_mean_10,Head_base_movement_M1_sum_10,Nose_movement_M1_median_2,Nose_movement_M1_mean_2,Nose_movement_M1_sum_2,Nose_movement_M1_median_5,Nose_movement_M1_mean_5,Nose_movement_M1_sum_5,Nose_movement_M1_median_6,Nose_movement_M1_mean_6,Nose_movement_M1_sum_6,Nose_movement_M1_median_7.5,Nose_movement_M1_mean_7.5,Nose_movement_M1_sum_7.5,Nose_movement_M1_median_10,Nose_movement_M1_mean_10,Nose_movement_M1_sum_10,Total_movement_M1_median_2,Total_movement_M1_mean_2,Total_movement_M1_sum_2,Total_movement_M1_median_5,Total_movement_M1_mean_5,Total_movement_M1_sum_5,Total_movement_M1_median_6,Total_movement_M1_mean_6,Total_movement_M1_sum_6,Total_movement_M1_median_7.5,Total_movement_M1_mean_7.5,Total_movement_M1_sum_7.5,Total_movement_M1_median_10,Total_movement_M1_mean_10,Total_movement_M1_sum_10,Total_movement_all_bodyparts_deviation,M1_smallest_euclid_distances_hull_deviation,M1_largest_euclid_distances_hull_deviation,M1_mean_euclid_distances_hull_deviation,Mouse1_smallest_euclid_distances_mean_2_deviation,Mouse1_smallest_euclid_distances_mean_5_deviation,Mouse1_smallest_euclid_distances_mean_6_deviation,Mouse1_smallest_euclid_distances_mean_7.5_deviation,Mouse1_smallest_euclid_distances_mean_10_deviation,Mouse1_largest_euclid_distances_mean_2_deviation,Mouse1_largest_euclid_distances_mean_5_deviation,Mouse1_largest_euclid_distances_mean_6_deviation,Mouse1_largest_euclid_distances_mean_7.5_deviation,Mouse1_largest_euclid_distances_mean_10_deviation,Mouse1_mean_euclid_distances_mean_2_deviation,Mouse1_mean_euclid_distances_mean_5_deviation,Mouse1_mean_euclid_distances_mean_6_deviation,Mouse1_mean_euclid_distances_mean_7.5_deviation,Mouse1_mean_euclid_distances_mean_10_deviation,Movement_mouse_nose_percentile_rank,Movement_mouse_head_base_percentile_rank,Total_movement_M1_mean_2_percentile_rank,Total_movement_M1_mean_5_percentile_rank,Total_movement_M1_mean_6_percentile_rank,Total_movement_M1_mean_7.5_percentile_rank,Total_movement_M1_mean_10_percentile_rank,Mouse1_mean_euclid_distances_mean_2_percentile_rank,Mouse1_mean_euclid_distances_mean_5_percentile_rank,Mouse1_mean_euclid_distances_mean_6_percentile_rank,Mouse1_mean_euclid_distances_mean_7.5_percentile_rank,Mouse1_mean_euclid_distances_mean_10_percentile_rank,Mouse1_smallest_euclid_distances_mean_2_percentile_rank,Mouse1_smallest_euclid_distances_mean_5_percentile_rank,Mouse1_smallest_euclid_distances_mean_6_percentile_rank,Mouse1_smallest_euclid_distances_mean_7.5_percentile_rank,Mouse1_smallest_euclid_distances_mean_10_percentile_rank,Mouse1_largest_euclid_distances_mean_2_percentile_rank,Mouse1_largest_euclid_distances_mean_5_percentile_rank,Mouse1_largest_euclid_distances_mean_6_percentile_rank,Mouse1_largest_euclid_distances_mean_7.5_percentile_rank,Mouse1_largest_euclid_distances_mean_10_percentile_rank,Tortuosity_Mouse1_2,Tortuosity_Mouse1_5,Tortuosity_Mouse1_6,Tortuosity_Mouse1_7.5,Tortuosity_Mouse1_10,Sum_probabilities,Sum_probabilities_deviation,Sum_probabilities_deviation_percentile_rank,Sum_probabilities_percentile_rank
0,198.11770629882812,158.81460571289062,29.983400344848633,1.066100001335144,0.6689000129699707,0.4729999899864197,0.3310999870300293,0.3310999870300293,198.11770629882812,17.161399841308594,87.04910278320312,1740.982421875,2.8701999187469482,87.40280151367188,87.40280151367188,174.80560302734375,88.76080322265625,88.53890228271484,442.69439697265625,88.51490020751953,88.493896484375,530.9631958007812,88.2688980102539,88.17070007324219,617.1951904296875,87.40280151367188,87.06269836425781,870.6273193359375,17.464799880981445,17.464799880981445,34.929500579833984,17.774200439453125,17.736099243164062,88.6802978515625,17.77120018005371,17.739299774169922,106.43599700927734,17.774200439453125,17.781400680541992,124.47010040283203,17.761899948120117,17.464000701904297,174.63949584960938,198.79269409179688,198.79269409179688,397.58551025390625,201.68820190429688,201.52220153808594,1007.6110229492188,201.68370056152344,201.54840087890625,1209.290283203125,201.67919921875,200.80360412597656,1405.625,198.79269409179688,198.06320190429688,1980.6324462890625,1.4479999542236328,1.4479999542236328,2.8959999084472656,2.227099895477295,2.329400062561035,11.647199630737305,2.1205999851226807,2.0199999809265137,12.120200157165527,2.0139999389648438,1.7990000247955322,12.593199729919434,0.5709999799728394,1.2924000024795532,12.924300193786621,0.3343999981880188,0.3343999981880188,0.6689000129699707,1.4807000160217285,2.4022998809814453,12.011699676513672,2.7669999599456787,2.677500009536743,16.064899444580078,1.4807000160217285,2.4446001052856445,17.11199951171875,0.6923999786376953,1.7781000137329102,17.780799865722656,0.9031999707221985,0.9031999707221985,1.806399941444397,1.066100001335144,2.146899938583374,10.734700202941895,2.4223999977111816,2.7046000957489014,16.22760009765625,3.631500005722046,2.8369998931884766,19.859100341796875,2.1710000038146973,2.4519999027252197,24.519899368286133,3.6263999938964844,3.6263999938964844,7.252900123596191,8.546799659729004,11.15839958190918,55.79180145263672,13.68179988861084,12.434800148010254,74.60880279541016,9.960700035095215,12.081399917602539,84.56950378417969,7.5868000984191895,9.498900413513184,94.98889923095703,7.464399814605713,-0.8687999844551086,-30.4768009185791,-11.363100051879883,-1.1721999645233154,-1.4433000087738037,-1.4464999437332153,-1.4884999990463257,-1.170799970626831,-31.153200149536133,-33.88460159301758,-33.910701751708984,-33.166099548339844,-30.42889976501465,-11.717300415039062,-12.85420036315918,-12.809200286865234,-12.486100196838379,-11.378899574279785,0.5009999871253967,0.16050000488758087,6.708000183105469,-0.8267999887466431,-2.1038999557495117,-1.7510000467300415,0.8342999815940857,-11.717300415039062,-12.85420036315918,-12.809200286865234,-12.486100196838379,-11.378899574279785,-1.1721999645233154,-1.4433000087738037,-1.4464999437332153,-1.4884999990463257,-1.170799970626831,-31.153200149536133,-33.88460159301758,-33.910701751708984,-33.166099548339844,-30.42889976501465,68.63050079345703,68.63050079345703,69.92449951171875,104.13700103759766,168.89810180664062,4.457699775695801,-0.43950000405311584,0.14470000565052032,0.14470000565052032
1,179.8946990966797,149.1645050048828,24.87980079650879,1.486799955368042,0.3310999870300293,1.006700038909912,1.0555000305175781,1.3378000259399414,179.8946990966797,12.70829963684082,78.6261978149414,1572.5247802734375,5.217899799346924,78.87200164794922,78.87200164794922,157.743896484375,79.4302978515625,79.43109893798828,397.1556091308594,79.6709976196289,79.55670166015625,477.34039306640625,79.91179656982422,79.61289978027344,557.2904052734375,79.34850311279297,79.26280212402344,792.6278076171875,12.873299598693848,12.873299598693848,25.746700286865234,13.038399696350098,12.972399711608887,64.86190032958984,13.038399696350098,12.983400344848633,77.90029907226562,13.038399696350098,12.944100379943848,90.60859680175781,12.873299598693848,12.735799789428711,127.35749816894531,180.06239318847656,180.06239318847656,360.1249084472656,180.23019409179688,180.33340454101562,901.6671752929688,180.45199584960938,180.49459838867188,1082.9676513671875,180.6739044189453,180.5861053466797,1264.102783203125,180.1269073486328,179.85450744628906,1798.545166015625,0.3310999870300293,0.3310999870300293,0.6621999740600586,0.337799996137619,0.4000000059604645,2.0,0.337799996137619,0.4113999903202057,2.4683001041412354,0.337799996137619,0.4871000051498413,3.4094998836517334,0.40299999713897705,0.5101000070571899,5.100599765777588,1.0,1.0,2.0,0.3310999870300293,0.46619999408721924,2.3310999870300293,0.3343999981880188,0.4447999894618988,2.6689000129699707,0.3310999870300293,0.428600013256073,3.0,0.3310999870300293,0.33309999108314514,3.3310999870300293,1.4958000183105469,1.4958000183105469,2.991499900817871,1.3652000427246094,1.1705000400543213,5.852399826049805,1.0572999715805054,1.0305999517440796,6.183499813079834,0.7493000030517578,0.9789000153541565,6.852399826049805,1.0543999671936035,1.0333000421524048,10.332900047302246,4.657299995422363,4.657299995422363,9.314599990844727,2.1805999279022217,3.0243000984191895,15.121500015258789,2.158900022506714,2.8763999938964844,17.25860023498535,2.1805999279022217,2.8866000175476074,20.206499099731445,2.8991000652313232,2.898900032043457,28.98940086364746,7.0152997970581055,2.6073999404907227,-31.100099563598633,-10.998299598693848,2.442500114440918,2.3440001010894775,2.333199977874756,2.3726999759674072,2.5815999507904053,-31.26580047607422,-31.53350067138672,-31.69499969482422,-31.787200927734375,-31.058399200439453,-11.2431001663208,-11.800700187683105,-11.926300048828125,-11.982600212097168,-11.633299827575684,0.5067999958992004,0.5853000283241272,7.575699806213379,9.206999778747559,9.354900360107422,9.344900131225586,9.333600044250488,-11.2431001663208,-11.800700187683105,-11.926300048828125,-11.982600212097168,-11.633299827575684,2.442500114440918,2.3440001010894775,2.333199977874756,2.3726999759674072,2.5815999507904053,-31.26580047607422,-31.53350067138672,-31.69499969482422,-31.787200927734375,-31.058399200439453,47.163299560546875,133.14349365234375,166.52540588378906,204.69070434570312,306.1507873535156,4.14109992980957,-0.019300000742077827,0.6004999876022339,0.6004999876022339
2,197.6658935546875,151.35000610351562,27.18670082092285,0.3310999870300293,1.3243999481201172,0.7404000163078308,0.337799996137619,0.4729999899864197,197.6658935546875,14.520500183105469,85.58769989013672,1711.7540283203125,3.206700086593628,85.87789916992188,85.87789916992188,171.75579833984375,85.97059631347656,85.8667984008789,429.3341064453125,85.77909851074219,85.7145004272461,514.2868041992188,85.58769989013672,85.58329772949219,599.0828247070312,85.56109619140625,85.58499908447266,855.849609375,14.548399925231934,14.548399925231934,29.096799850463867,14.854000091552734,14.852700233459473,74.26360321044922,14.829299926757812,14.84469985961914,89.06819915771484,14.80459976196289,14.791199684143066,103.53820037841797,14.690400123596191,14.695500373840332,146.9550018310547,198.27699279785156,198.27699279785156,396.55389404296875,198.0614013671875,198.00770568847656,990.03857421875,197.8636932373047,197.67539978027344,1186.0521240234375,197.6658935546875,197.41099548339844,1381.877197265625,197.70249938964844,197.5532989501953,1975.5328369140625,1.0,1.0,2.0,0.675599992275238,0.7372999787330627,3.6863999366760254,0.6689000129699707,0.7247999906539917,4.348599910736084,0.675599992275238,0.8634999990463257,6.0447998046875,1.0324000120162964,1.2818000316619873,12.817700386047363,0.7610999941825867,0.7610999941825867,1.5221999883651733,0.743399977684021,0.7085000276565552,3.5427000522613525,0.6082000136375427,0.6456000208854675,3.873800039291382,0.4729999899864197,0.6209999918937683,4.346799850463867,0.839900016784668,0.7544999718666077,7.544600009918213,0.6621999740600586,0.6621999740600586,1.3243999481201172,0.9933000206947327,0.9247000217437744,4.623600006103516,0.8712999820709229,0.8939999938011169,5.363999843597412,0.9933000206947327,0.9090999960899353,6.363999843597412,0.9966999888420105,0.9032999873161316,9.032899856567383,3.5309998989105225,3.5309998989105225,7.0619001388549805,3.8373000621795654,3.551100015640259,17.755599975585938,3.5220000743865967,3.4159998893737793,20.496000289916992,3.8373000621795654,3.5346999168395996,24.742599487304688,4.011499881744385,4.453000068664551,44.52980041503906,7.127900123596191,1.7720999717712402,-30.024999618530273,-9.901700019836426,1.7441999912261963,1.440000057220459,1.448099970817566,1.5017000436782837,1.5976999998092651,-30.637399673461914,-30.370100021362305,-30.037700653076172,-29.77359962463379,-29.91900062561035,-10.192399978637695,-10.18220043182373,-10.029800415039062,-9.898599624633789,-9.901100158691406,0.10000000149011612,0.4171000123023987,6.803500175476074,6.7804999351501465,6.914899826049805,6.7957000732421875,5.880199909210205,-10.192399978637695,-10.18220043182373,-10.029800415039062,-9.898599624633789,-9.901100158691406,1.7441999912261963,1.440000057220459,1.448099970817566,1.5017000436782837,1.5976999998092651,-30.637399673461914,-30.370100021362305,-30.037700653076172,-29.77359962463379,-29.91900062561035,64.45780181884766,148.17559814453125,182.7541046142578,214.8592071533203,287.5960998535156,3.8252999782562256,0.19290000200271606,0.7516999840736389,0.7516999840736389
3,202.98890686035156,159.04580688476562,39.4015007019043,0.9459999799728394,0.0,0.337799996137619,0.9365000128746033,0.6689000129699707,202.98890686035156,19.798999786376953,91.35859680175781,1827.1728515625,2.88919997215271,91.5647964477539,91.5647964477539,183.12969970703125,91.77100372314453,91.71549987792969,458.5776062011719,91.75509643554688,91.68569946289062,550.1143798828125,91.73919677734375,91.61969757080078,641.3380126953125,91.44770050048828,91.41539764404297,914.1541748046875,19.91670036315918,19.91670036315918,39.833499908447266,20.27750015258789,20.181299209594727,100.90670013427734,20.1560001373291,20.117599487304688,120.70570373535156,20.034500122070312,20.03820037841797,140.26730346679688,19.798999786376953,19.873199462890625,198.73159790039062,203.46189880371094,203.46189880371094,406.9237976074219,204.1855926513672,203.98739624023438,1019.9368896484375,204.06019592285156,203.9416046142578,1223.6497802734375,203.93490600585938,203.8397979736328,1426.878173828125,203.470703125,203.60279846191406,2036.0284423828125,0.0,0.0,0.0,0.0,0.0,0.0,0.0,0.0551999993622303,0.3310999870300293,0.0,0.09560000151395798,0.6689000129699707,0.0,0.10000000149011612,1.0,0.6689000129699707,0.6689000129699707,1.3378000259399414,0.3310999870300293,0.4000000059604645,2.0,0.3343999981880188,0.38960000872612,2.3378000259399414,0.3310999870300293,0.3813000023365021,2.6689000129699707,0.3310999870300293,0.33379998803138733,3.3378000259399414,0.804099977016449,0.804099977016449,1.608199954032898,0.4729999899864197,0.48249998688697815,2.4123001098632812,0.5676000118255615,0.5264999866485596,3.1586999893188477,0.6621999740600586,0.5468000173568726,3.8276000022888184,0.5676000118255615,0.5159000158309937,5.158699989318848,2.6135001182556152,2.6135001182556152,5.2270002365112305,1.479699969291687,1.738700032234192,8.693300247192383,1.9086999893188477,1.8408000469207764,11.045100212097168,2.3378000259399414,1.9250999689102173,13.475899696350098,1.7723000049591064,1.7683000564575195,17.682600021362305,4.670599937438965,-1.3925000429153442,-23.805200576782227,-10.299200057983398,-1.5103000402450562,-1.7747000455856323,-1.710800051689148,-1.6311999559402466,-1.4658000469207764,-24.275800704956055,-24.79599952697754,-24.75029945373535,-24.649099349975586,-24.415300369262695,-10.504500389099121,-10.65310001373291,-10.623299598693848,-10.557499885559082,-10.354599952697754,0.5493000149726868,0.6172000169754028,4.946300029754639,5.8206000328063965,5.718599796295166,5.634799957275391,5.789100170135498,-10.504500389099121,-10.65310001373291,-10.623299598693848,-10.557499885559082,-10.354599952697754,-1.5103000402450562,-1.7747000455856323,-1.710800051689148,-1.6311999559402466,-1.4658000469207764,-24.275800704956055,-24.79599952697754,-24.75029945373535,-24.649099349975586,-24.415300369262695,82.9375991821289,176.04310607910156,204.6909942626953,204.6909942626953,280.46630859375,4.400400161743164,-0.48840001225471497,0.14630000293254852,0.14630000293254852
4,157.33399963378906,130.58349609375,23.04050064086914,0.0,0.0,0.3310999870300293,0.3310999870300293,0.3310999870300293,157.33399963378906,14.97249984741211,69.56909942626953,1391.3818359375,0.9933000206947327,69.61499786376953,69.61499786376953,139.22999572753906,69.56909942626953,69.56749725341797,347.8373107910156,69.55809783935547,69.4979019165039,416.9873046875,69.5470962524414,69.493896484375,486.4573974609375,69.5811996459961,69.58270263671875,695.8265991210938,15.168999671936035,15.168999671936035,30.337900161743164,14.97249984741211,15.037599563598633,75.18800354003906,14.97189998626709,15.008999824523926,90.05400085449219,14.97249984741211,15.03320026397705,105.2322998046875,15.149499893188477,15.130599975585938,151.30569458007812,157.33399963378906,157.33399963378906,314.6680908203125,157.33399963378906,157.12570190429688,785.62841796875,157.17100524902344,156.97720336914062,941.8632202148438,157.00779724121094,156.9564971923828,1098.6956787109375,157.22579956054688,157.15660095214844,1571.56640625,0.1656000018119812,0.1656000018119812,0.3310999870300293,0.3310999870300293,0.29589998722076416,1.479699969291687,0.1688999980688095,0.24770000576972961,1.4864000082015991,0.3310999870300293,0.2596000134944916,1.8174999952316284,0.3278000056743622,0.24799999594688416,2.47979998588562,0.3310999870300293,0.3310999870300293,0.6621999740600586,0.3310999870300293,0.2662000060081482,1.3310999870300293,0.3310999870300293,0.22190000116825104,1.3310999870300293,0.3310999870300293,0.19020000100135803,1.3310999870300293,0.3310999870300293,0.24660000205039978,2.466399908065796,0.1656000018119812,0.1656000018119812,0.3310999870300293,0.3310999870300293,0.22840000689029694,1.1418999433517456,0.3343999981880188,0.3142000138759613,1.8853000402450562,0.337799996137619,0.37549999356269836,2.628700017929077,0.40540000796318054,0.39100000262260437,3.9105000495910645,1.3278000354766846,1.3278000354766846,2.655600070953369,1.351099967956543,1.4192999601364136,7.096499919891357,1.506700038909912,1.4873000383377075,8.924099922180176,1.6621999740600586,1.5827000141143799,11.07919979095459,1.7448999881744385,1.6561000347137451,16.561500549316406,10.380399703979492,-0.6474999785423279,-0.8659999966621399,0.6807000041007996,-0.8438000082969666,-0.7121000289916992,-0.6833999752998352,-0.7074000239372253,-0.8041999936103821,-0.8654999732971191,-0.6582000255584717,-0.5105999708175659,-0.49079999327659607,-0.6912999749183655,0.635200023651123,0.6827999949455261,0.7523000240325928,0.7560999989509583,0.6676999926567078,0.02669999934732914,0.15639999508857727,10.04580020904541,9.958600044250488,9.891799926757812,9.797200202941895,9.725099563598633,0.635200023651123,0.6827999949455261,0.7523000240325928,0.7560999989509583,0.6676999926567078,-0.8438000082969666,-0.7121000289916992,-0.6833999752998352,-0.7074000239372253,-0.8041999936103821,-0.8654999732971191,-0.6582000255584717,-0.5105999708175659,-0.49079999327659607,-0.6912999749183655,28.647899627685547,57.295799255371094,57.295799255371094,57.295799255371094,100.2676010131836,4.506400108337402,-0.7581999897956848,0.10859999805688858,0.10859999805688858
5,157.22959899902344,136.31219482421875,33.105899810791016,0.3310999870300293,0.0,0.0,0.0,0.0,157.22959899902344,20.396099090576172,75.18399810791016,1503.6802978515625,0.3310999870300293,75.1552963256836,75.1552963256836,150.3105926513672,74.85540008544922,74.91929626464844,374.5964050292969,74.93260192871094,74.9343032836914,449.6059875488281,75.00969696044922,74.95909881591797,524.7138061523438,74.98580169677734,74.964599609375,749.6466064453125,20.396099090576172,20.396099090576172,40.792198181152344,20.071500778198242,20.004199981689453,100.02079772949219,19.906099319458008,19.906200408935547,119.43720245361328,19.7406005859375,19.836200714111328,138.85369873046875,19.416500091552734,19.71030044555664,197.1031951904297,157.07659912109375,157.07659912109375,314.1531066894531,156.92359924316406,156.88650512695312,784.4326782226562,156.98699951171875,157.0384063720703,942.2305297851562,157.05039978027344,157.16510009765625,1100.15576171875,157.05039978027344,157.16160583496094,1571.6158447265625,0.1656000018119812,0.1656000018119812,0.3310999870300293,0.0066999997943639755,0.13510000705718994,0.675599992275238,0.0066999997943639755,0.11259999871253967,0.675599992275238,0.0066999997943639755,0.14380000531673431,1.006700038909912,0.3310999870300293,0.20069999992847443,2.006700038909912,0.0,0.0,0.0,0.0,0.0,0.0,0.0,0.0,0.0,0.0,0.0,0.0,0.0,0.0,0.0,0.1656000018119812,0.1656000018119812,0.3310999870300293,0.3310999870300293,0.25540000200271606,1.2770999670028687,0.3310999870300293,0.2680000066757202,1.608199954032898,0.3310999870300293,0.27799999713897705,1.9458999633789062,0.3310999870300293,0.22769999504089355,2.277100086212158,0.6621999740600586,0.6621999740600586,1.3244999647140503,0.8087999820709229,0.7904999852180481,3.952699899673462,0.7455000281333923,0.7139999866485596,4.28380012512207,0.682200014591217,0.7074999809265137,4.952700138092041,0.675599992275238,0.7283999919891357,7.28380012512207,8.178000450134277,-2.3833000659942627,21.586999893188477,5.59089994430542,-2.3831000328063965,-1.990399956703186,-1.892199993133545,-1.8219000101089478,-1.6950000524520874,21.740999221801758,21.933799743652344,21.78230094909668,21.655799865722656,21.659299850463867,5.620100021362305,5.856400012969971,5.841100215911865,5.815999984741211,5.809299945831299,0.24959999322891235,0.12349999696016312,7.845399856567383,7.713799953460693,7.78980016708374,7.795899868011475,7.773399829864502,5.620100021362305,5.856400012969971,5.841100215911865,5.815999984741211,5.809299945831299,-2.3831000328063965,-1.990399956703186,-1.892199993133545,-1.8219000101089478,-1.6950000524520874,21.740999221801758,21.933799743652344,21.78230094909668,21.655799865722656,21.659299850463867,42.9718017578125,128.91549682617188,143.23939514160156,164.72540283203125,239.24290466308594,4.459499835968018,-0.38499999046325684,0.2685999870300293,0.2685999870300293
6,172.98330688476562,142.55880737304688,31.01609992980957,0.6488000154495239,0.6622999906539917,0.337799996137619,0.0066999997943639755,0.0,172.98330688476562,18.213499069213867,77.33319854736328,1546.664794921875,1.6555999517440796,77.35240173339844,77.35240173339844,154.70480346679688,77.70700073242188,77.73539733886719,388.677001953125,77.91470336914062,77.80149841308594,466.8088073730469,78.12229919433594,77.86119842529297,545.0286254882812,78.13729858398438,77.98159790039062,779.8159790039062,18.21540069580078,18.21540069580078,36.43080139160156,18.13450050354004,18.047199249267578,90.23609924316406,18.00040054321289,18.006799697875977,108.04060363769531,17.866300582885742,17.9778995513916,125.84510040283203,17.804500579833984,17.925899505615234,179.25860595703125,173.039306640625,173.039306640625,346.0784912109375,173.87399291992188,174.01890563964844,870.0942993164062,174.47219848632812,174.24899291992188,1045.493896484375,175.07049560546875,174.4510955810547,1221.15771484375,175.2353973388672,174.93600463867188,1749.3597412109375,0.7117999792098999,0.7117999792098999,1.4235999584197998,0.6622999906539917,0.6279000043869019,3.1394999027252197,0.6621999740600586,0.6335999965667725,3.8017001152038574,0.6621999740600586,0.5914000272750854,4.139500141143799,0.40540000796318054,0.5274999737739563,5.274700164794922,0.1656000018119812,0.1656000018119812,0.3310999870300293,0.3310999870300293,0.2662000060081482,1.3310999870300293,0.3310999870300293,0.22300000488758087,1.3378000259399414,0.3310999870300293,0.23749999701976776,1.6621999740600586,0.3278000056743622,0.20069999992847443,2.006700038909912,0.6689000129699707,0.6689000129699707,1.3378000259399414,0.6488000154495239,0.7598999738693237,3.7994000911712646,0.5586000084877014,0.6894999742507935,4.1371002197265625,0.4683000147342682,0.6383000016212463,4.468200206756592,0.5586000084877014,0.64410001039505,6.441500186920166,2.0462000370025635,2.0462000370025635,4.09250020980835,1.799399971961975,2.053999900817871,10.270000457763672,1.7274999618530273,1.881700038909912,11.289999961853027,1.6555999517440796,1.8020999431610107,12.614399909973145,1.493299961090088,1.7080999612808228,17.080699920654297,9.245699882507324,-1.0729999542236328,-4.079400062561035,-0.7107999920845032,-1.0746999979019165,-0.906000018119812,-0.8652999997138977,-0.8363000154495239,-0.7835999727249146,-4.12529993057251,-5.074399948120117,-5.2947998046875,-5.487400054931641,-5.946000099182129,-0.7257999777793884,-1.0961999893188477,-1.1582000255584717,-1.2139999866485596,-1.3236000537872314,0.3361000120639801,0.09700000286102295,8.854599952697754,8.846400260925293,9.018600463867188,9.097999572753906,9.192000389099121,-0.7257999777793884,-1.0961999893188477,-1.1582000255584717,-1.2139999866485596,-1.3236000537872314,-1.0746999979019165,-0.906000018119812,-0.8652999997138977,-0.8363000154495239,-0.7835999727249146,-4.12529993057251,-5.074399948120117,-5.2947998046875,-5.487400054931641,-5.946000099182129,71.61969757080078,171.88729858398438,200.5352020263672,243.50709533691406,307.9648132324219,4.469299793243408,-0.4302000105381012,0.20170000195503235,0.20170000195503235
7,121.13780212402344,98.92839813232422,28.401599884033203,0.3310999870300293,0.0,0.0,0.0,0.337799996137619,121.13780212402344,15.379599571228027,57.3400993347168,1146.8013916015625,0.6689000129699707,57.26190185546875,57.26190185546875,114.5238037109375,57.564998626708984,57.72909927368164,288.6453857421875,57.81740188598633,57.7859001159668,346.7153015136719,57.72119903564453,57.7765998840332,404.4364929199219,57.522499084472656,57.64459991455078,576.4456176757812,15.296699523925781,15.296699523925781,30.5935001373291,15.5108003616333,15.525099754333496,77.62539672851562,15.445199966430664,15.4576997756958,92.74620056152344,15.379599571228027,15.33180046081543,107.32250213623047,15.1673002243042,15.007699966430664,150.07679748535156,121.00890350341797,121.00890350341797,242.0178985595703,121.60340118408203,121.80549621582031,609.027587890625,121.37059783935547,121.37580108642578,728.2545776367188,121.13780212402344,120.80650329589844,845.6456298828125,120.05359649658203,119.34040069580078,1193.4041748046875,0.23409999907016754,0.23409999907016754,0.4683000147342682,0.4683000147342682,0.28279998898506165,1.414199948310852,0.39969998598098755,0.29089999198913574,1.745300054550171,0.4683000147342682,0.31690001487731934,2.2183001041412354,0.39969998598098755,0.30219998955726624,3.02239990234375,0.3343999981880188,0.3343999981880188,0.6689000129699707,0.337799996137619,0.3612000048160553,1.805999994277954,0.337799996137619,0.3573000133037567,2.1438000202178955,0.337799996137619,0.373199999332428,2.6120998859405518,0.337799996137619,0.3280999958515167,3.2809998989105225,0.3310999870300293,0.3310999870300293,0.6621999740600586,0.3310999870300293,1.2791999578475952,6.395999908447266,0.3343999981880188,1.9271999597549438,11.563199996948242,0.337799996137619,2.375499963760376,16.62820053100586,0.40299999713897705,1.7574000358581543,17.574100494384766,1.136199951171875,1.136199951171875,2.27239990234375,2.359499931335449,2.8803999423980713,14.401800155639648,2.38919997215271,3.6603000164031982,21.961999893188477,2.4189999103546143,4.23199987411499,29.623699188232422,1.9815000295639038,3.3712000846862793,33.71160125732422,11.568099975585938,-1.7346999645233154,66.94840240478516,33.851600646972656,-1.6518000364303589,-1.8798999786376953,-1.8125,-1.6864999532699585,-1.3619999885559082,67.07279968261719,66.27020263671875,66.69860076904297,67.26699829101562,68.731201171875,33.928001403808594,33.45869827270508,33.4015007019043,33.41059875488281,33.542701721191406,0.24619999527931213,0.33239999413490295,11.09850025177002,9.3548002243042,8.575200080871582,8.003999710083008,8.868599891662598,33.928001403808594,33.45869827270508,33.4015007019043,33.41059875488281,33.542701721191406,-1.6518000364303589,-1.8798999786376953,-1.8125,-1.6864999532699585,-1.3619999885559082,67.07279968261719,66.27020263671875,66.69860076904297,67.26699829101562,68.731201171875,50.62260055541992,128.8242950439453,150.310302734375,171.75039672851562,250.57789611816406,3.820499897003174,-0.5033000111579895,0.4309000074863434,0.4309000074863434
8,197.45919799804688,148.13670349121094,27.471399307250977,0.3310999870300293,0.0,0.3310999870300293,0.4683000147342682,0.47769999504089355,197.45919799804688,12.762999534606934,85.08540344238281,1701.708251953125,1.608199954032898,85.16449737548828,85.16449737548828,170.3291015625,85.28600311279297,85.32820129394531,426.6412048339844,85.37419891357422,85.42790222167969,512.5671997070312,85.4623031616211,85.52980041503906,598.7081909179688,85.74490356445312,85.82160186767578,858.2160034179688,12.983799934387207,12.983799934387207,25.967500686645508,13.67389965057373,13.683600425720215,68.41790008544922,14.026000022888184,13.807100296020508,82.84249877929688,14.212699890136719,13.864999771118164,97.0551986694336,14.149999618530273,13.931300163269043,139.31329345703125,197.58810424804688,197.58810424804688,395.17620849609375,197.55670166015625,197.6125946044922,988.06298828125,197.6367950439453,197.79449462890625,1186.766845703125,197.7169952392578,198.0146026611328,1386.1021728515625,198.26229858398438,198.6136016845703,1986.1357421875,0.0,0.0,0.0,0.0,0.0,0.0,0.0,0.0,0.0,0.0,0.0,0.0,0.0,0.03310000151395798,0.3310999870300293,0.4729999899864197,0.4729999899864197,0.9459999799728394,0.337799996137619,0.38920000195503235,1.9459999799728394,0.3343999981880188,0.32429999113082886,1.9459999799728394,0.3310999870300293,0.325300008058548,2.277100086212158,0.3310999870300293,0.2946000099182129,2.946000099182129,0.3310999870300293,0.3310999870300293,0.6621999740600586,0.337799996137619,0.505299985408783,2.526400089263916,0.40540000796318054,0.5888000130653381,3.533099889755249,0.4729999899864197,0.5993000268936157,4.195300102233887,0.337799996137619,0.5195000171661377,5.195300102233887,1.4426000118255615,1.4426000118255615,2.885200023651123,1.6035000085830688,1.577299952507019,7.886600017547607,1.4739999771118164,1.5374000072479248,9.22439956665039,1.344499945640564,1.4596999883651733,10.217700004577637,1.4739999771118164,1.5045000314712524,15.044500350952148,8.726400375366211,3.5295000076293945,-29.818300247192383,-9.399399757385254,3.308799982070923,2.6092000007629395,2.4856998920440674,2.4279000759124756,2.3619000911712646,-29.94849967956543,-29.975000381469727,-30.15679931640625,-30.377099990844727,-30.979299545288086,-9.479100227355957,-9.643600463867188,-9.743200302124023,-9.845100402832031,-10.137800216674805,0.14149999618530273,0.4275999963283539,8.891799926757812,8.754300117492676,8.793499946594238,8.870699882507324,8.828700065612793,-9.479100227355957,-9.643600463867188,-9.743200302124023,-9.845100402832031,-10.137800216674805,3.308799982070923,2.6092000007629395,2.4856998920440674,2.4279000759124756,2.3619000911712646,-29.94849967956543,-29.975000381469727,-30.15679931640625,-30.377099990844727,-30.979299545288086,75.77519989013672,171.88729858398438,171.88729858398438,214.8592071533203,315.1268005371094,4.4029998779296875,-0.3849000036716461,0.1964000016450882,0.1964000016450882
9,226.0424041748047,175.81309509277344,35.67369842529297,3.0201001167297363,0.0,3.3152999877929688,1.8015999794006348,2.38100004196167,226.0424041748047,20.457599639892578,99.58180236816406,1991.6357421875,10.518099784851074,99.04740142822266,99.04740142822266,198.0948028564453,98.13520050048828,98.43360137939453,492.16778564453125,98.18949890136719,98.40190124511719,590.4114990234375,98.2157974243164,98.37529754638672,688.6273193359375,98.26789855957031,98.57710266113281,985.7714233398438,20.75349998474121,20.75349998474121,41.506900787353516,21.233600616455078,21.164400100708008,105.8218002319336,21.387100219726562,21.278400421142578,127.67030334472656,21.540700912475586,21.356700897216797,149.49710083007812,21.409900665283203,21.332700729370117,213.32730102539062,224.7332000732422,224.7332000732422,449.4664001464844,221.29249572753906,222.54330444335938,1112.716552734375,221.32020568847656,222.34410095214844,1334.0645751953125,221.34800720214844,222.23590087890625,1555.6514892578125,221.99119567871094,222.8961944580078,2228.961669921875,0.0,0.0,0.0,0.0,0.0,0.0,0.0,0.0,0.0,0.0,0.04729999974370003,0.3310999870300293,0.0,0.5856999754905701,5.8566999435424805,2.528899908065796,2.528899908065796,5.0578999519348145,0.7462999820709229,1.2271000146865845,6.13539981842041,0.5386999845504761,1.0777000188827515,6.4664998054504395,0.4729999899864197,0.9914000034332275,6.939499855041504,1.2206000089645386,1.2826000452041626,12.826199531555176,2.8513998985290527,2.8513998985290527,5.7027997970581055,0.743399977684021,1.4217000007629395,7.108399868011475,0.8422999978065491,1.341599941253662,8.049599647521973,0.9412000179290771,1.3222999572753906,9.256400108337402,0.9412000179290771,1.214900016784668,12.149399757385254,10.295999526977539,10.295999526977539,20.591999053955078,2.489799976348877,5.252500057220459,26.262300491333008,2.6521999835968018,4.846199989318848,29.076900482177734,2.81469988822937,4.591300010681152,32.139198303222656,4.674600124359131,5.55079984664917,55.5077018737793,2.322999954223633,-2.8910999298095703,-30.13949966430664,-11.256600379943848,-3.1868999004364014,-3.5975000858306885,-3.7112998962402344,-3.7894999980926514,-3.7651000022888184,-28.82859992980957,-26.634000778198242,-26.433399200439453,-26.324100494384766,-26.982999801635742,-10.721400260925293,-10.105400085449219,-10.073200225830078,-10.045999526977539,-10.247099876403809,0.6906999945640564,0.741100013256073,2.5448999404907227,7.594600200653076,8.003899574279785,8.261500358581543,7.309299945831299,-10.721400260925293,-10.105400085449219,-10.073200225830078,-10.045999526977539,-10.247099876403809,-3.1868999004364014,-3.5975000858306885,-3.7112998962402344,-3.7894999980926514,-3.7651000022888184,-28.82859992980957,-26.634000778198242,-26.433399200439453,-26.324100494384766,-26.982999801635742,70.32939910888672,165.22109985351562,192.0832061767578,242.216796875,333.494384765625,4.201600074768066,-0.1014999970793724,0.5982000231742859,0.5982000231742859
10,167.36439514160156,109.51460266113281,39.94269943237305,0.3310999870300293,0.4729999899864197,0.0,0.4729999899864197,0.3310999870300293,167.36439514160156,21.822099685668945,76.51170349121094,1530.233154296875,1.608199954032898,76.47360229492188,76.47360229492188,152.94729614257812,76.28060150146484,76.27999877929688,381.40008544921875,76.2155990600586,76.21900177001953,457.3138122558594,76.15070343017578,76.16069793701172,533.125,75.96759796142578,76.01969909667969,760.1967163085938,21.972200393676758,21.972200393676758,43.94430160522461,21.954500198364258,21.961599349975586,109.80780029296875,21.954500198364258,21.988300323486328,131.92999267578125,21.954500198364258,22.0093994140625,154.0659942626953,21.954500198364258,21.987300872802734,219.87339782714844,167.1988067626953,167.1988067626953,334.3976135253906,166.69590759277344,166.6999053955078,833.4996948242188,166.52699279785156,166.5406951904297,999.2442016601562,166.3582000732422,166.38340759277344,1164.6842041015625,165.89630126953125,165.9949951171875,1659.9500732421875,0.40209999680519104,0.40209999680519104,0.804099977016449,0.3310999870300293,0.3215999901294708,1.608199954032898,0.3310999870300293,0.323199987411499,1.9393999576568604,0.3310999870300293,0.32339999079704285,2.2637999057769775,0.3310999870300293,0.26019999384880066,2.601599931716919,0.1656000018119812,0.1656000018119812,0.3310999870300293,0.0,0.06620000302791595,0.3310999870300293,0.0,0.0551999993622303,0.3310999870300293,0.0,0.04729999974370003,0.3310999870300293,0.0,0.03310000151395798,0.3310999870300293,0.3310999870300293,0.3310999870300293,0.6621999740600586,0.337799996137619,0.4832000136375427,2.4158999919891357,0.5066999793052673,0.5260999798774719,3.1563000679016113,0.4729999899864197,0.5184999704360962,3.6294000148773193,0.4120999872684479,0.5055999755859375,5.055600166320801,1.3007999658584595,1.3007999658584595,2.601599931716919,1.0714999437332153,1.098099946975708,5.490499973297119,1.240399956703186,1.149999976158142,6.899899959564209,1.4093999862670898,1.194200038909912,8.35949993133545,1.079699993133545,1.1124000549316406,11.123600006103516,6.900899887084961,-3.809299945831299,11.452199935913086,4.263199806213379,-3.959199905395508,-3.9477999210357666,-3.974299907684326,-3.9951000213623047,-3.9719998836517334,11.61870002746582,12.120400428771973,12.279999732971191,12.4375,12.825900077819824,4.301700115203857,4.495699882507324,4.55649995803833,4.6143999099731445,4.754300117492676,0.24959999322891235,0.37549999356269836,7.206900119781494,7.406199932098389,7.353799819946289,7.309199810028076,7.389400005340576,4.301700115203857,4.495699882507324,4.55649995803833,4.6143999099731445,4.754300117492676,-3.959199905395508,-3.9477999210357666,-3.974299907684326,-3.9951000213623047,-3.9719998836517334,11.61870002746582,12.120400428771973,12.279999732971191,12.4375,12.825900077819824,53.54690170288086,123.98739624023438,148.6013946533203,177.75540161132812,289.3765869140625,4.302000045776367,-0.22750000655651093,0.4221999943256378,0.4221999943256378
11,163.42080688476562,145.523193359375,27.66990089416504,6.63700008392334,0.4729999899864197,0.746399998664856,1.0618000030517578,1.0534000396728516,163.42080688476562,12.568300247192383,72.99729919433594,1459.9459228515625,9.971599578857422,73.32939910888672,73.32939910888672,146.65890502929688,75.49150085449219,75.65290069580078,378.26458740234375,76.55940246582031,76.16909790039062,457.01470947265625,77.62740325927734,76.5509033203125,535.8566284179688,78.61849975585938,77.4177017211914,774.1771850585938,13.479599952697754,13.479599952697754,26.9591007232666,14.125100135803223,13.850899696350098,69.25469970703125,14.026700019836426,13.812399864196777,82.87460327148438,13.928400039672852,13.828100204467773,96.79669952392578,14.026700019836426,14.000300407409668,140.00320434570312,164.5010986328125,164.5010986328125,329.002197265625,170.93409729003906,171.16439819335938,855.8220825195312,173.65069580078125,172.59390258789062,1035.5634765625,176.36740112304688,173.5937957763672,1215.1566162109375,179.55580139160156,175.7480926513672,1757.4814453125,0.4729999899864197,0.4729999899864197,0.9459999799728394,0.4729999899864197,0.47209998965263367,2.360300064086914,0.4729999899864197,0.44859999418258667,2.6914000511169434,0.4729999899864197,0.4318000078201294,3.0225000381469727,0.4729999899864197,0.47119998931884766,4.711900234222412,1.0534000396728516,1.0534000396728516,2.106800079345703,0.7493000030517578,0.8531000018119812,4.265399932861328,0.9014000296592712,1.023900032043457,6.143099784851074,1.0534000396728516,1.2883000373840332,9.017900466918945,1.0534000396728516,1.3803000450134277,13.803099632263184,7.228000164031982,7.228000164031982,14.456100463867188,6.63700008392334,5.187600135803223,25.938100814819336,4.817599773406982,4.728300094604492,28.369800567626953,3.149899959564209,4.502799987792969,31.51959991455078,3.0741000175476074,4.0370001792907715,40.370201110839844,11.107500076293945,11.107500076293945,22.21500015258789,9.971599578857422,8.628600120544434,43.143001556396484,9.212599754333496,8.59939956665039,51.59669876098633,9.971599578857422,8.92710018157959,62.489601135253906,9.430399894714355,8.84570026397705,88.4573974609375,2.2616000175476074,2.7474000453948975,-14.626199722290039,-5.36929988861084,1.836300015449524,1.465399980545044,1.50409996509552,1.488700032234192,1.3171000480651855,-15.704500198364258,-22.364500045776367,-23.794300079345703,-24.79490089416504,-26.95199966430664,-5.7006001472473145,-8.022500038146973,-8.538700103759766,-8.920700073242188,-9.788200378417969,0.8317999839782715,0.5458999872207642,1.125499963760376,3.6026999950408936,3.6319000720977783,3.304500102996826,3.3868000507354736,-5.7006001472473145,-8.022500038146973,-8.538700103759766,-8.920700073242188,-9.788200378417969,1.836300015449524,1.465399980545044,1.50409996509552,1.488700032234192,1.3171000480651855,-15.704500198364258,-22.364500045776367,-23.794300079345703,-24.79490089416504,-26.95199966430664,1.357699990272522,94.8917007446289,121.70800018310547,150.49209594726562,243.50709533691406,2.9835000038146973,1.1382999420166016,0.9588000178337097,0.9588000178337097
12,223.01400756835938,185.81289672851562,33.12099838256836,0.3310999870300293,0.0066999997943639755,0.0,0.0,0.3310999870300293,223.01400756835938,18.06599998474121,98.5602035522461,1971.2032470703125,0.6689000129699707,98.6082992553711,98.6082992553711,197.2165985107422,98.720703125,98.69960021972656,493.4981994628906,98.73310089111328,98.71759796142578,592.3056030273438,98.74549865722656,98.73989868164062,691.1796264648438,98.8114013671875,98.86589813232422,988.6591796875,17.935199737548828,17.935199737548828,35.87049865722656,17.804500579833984,17.788799285888672,88.94390106201172,17.793100357055664,17.73870086669922,106.43199920654297,17.781700134277344,17.703699111938477,123.92579650878906,17.637800216674805,17.65999984741211,176.59979248046875,223.1634063720703,223.1634063720703,446.3268127441406,223.48379516601562,223.53140258789062,1117.6572265625,223.70289611816406,223.61929321289062,1341.7159423828125,223.92190551757812,223.7021026611328,1565.9144287109375,223.99169921875,224.05299377441406,2240.5302734375,0.1688999980688095,0.1688999980688095,0.337799996137619,0.0066999997943639755,0.1363999992609024,0.682200014591217,0.0066999997943639755,0.1137000024318695,0.682200014591217,0.0066999997943639755,0.16500000655651093,1.1552000045776367,0.1688999980688095,0.19589999318122864,1.9593000411987305,0.1656000018119812,0.1656000018119812,0.3310999870300293,0.0,0.1324000060558319,0.6621999740600586,0.1656000018119812,0.16670000553131104,1.0,0.3310999870300293,0.19020000100135803,1.3310999870300293,0.0,0.1331000030040741,1.3310999870300293,0.3343999981880188,0.3343999981880188,0.6689000129699707,0.3310999870300293,0.2662000060081482,1.3310999870300293,0.3310999870300293,0.27810001373291016,1.6689000129699707,0.3310999870300293,0.2856999933719635,2.0,0.3310999870300293,0.31369999051094055,3.137200117111206,0.6689000129699707,0.6689000129699707,1.3378000259399414,0.6689000129699707,0.7634999752044678,3.8173999786376953,0.8310999870300293,0.8040000200271606,4.824100017547607,0.9933000206947327,0.8522999882698059,5.966000080108643,0.9696000218391418,0.9190999865531921,9.190999984741211,12.172200202941895,-0.49950000643730164,-27.1112003326416,-10.234999656677246,-0.3686999976634979,-0.22190000116825104,-0.17159999907016754,-0.13650000095367432,-0.09229999780654907,-27.258699417114258,-27.622100830078125,-27.70870018005371,-27.790199279785156,-28.139799118041992,-10.282299995422363,-10.371500015258789,-10.388799667358398,-10.410599708557129,-10.535900115966797,0.11999999731779099,0.19979999959468842,12.17199993133545,12.083600044250488,12.045999526977539,12.000499725341797,11.940899848937988,-10.282299995422363,-10.371500015258789,-10.388799667358398,-10.410599708557129,-10.535900115966797,-0.3686999976634979,-0.22190000116825104,-0.17159999907016754,-0.13650000095367432,-0.09229999780654907,-27.258699417114258,-27.622100830078125,-27.70870018005371,-27.790199279785156,-28.139799118041992,0.0,85.9437026977539,85.9437026977539,85.9437026977539,143.23939514160156,4.530799865722656,-0.43070000410079956,0.25999999046325684,0.25999999046325684
13,178.5966033935547,148.11480712890625,31.340700149536133,0.4729999899864197,0.9412000179290771,1.414199948310852,0.755299985408783,0.755299985408783,178.5966033935547,16.870899200439453,79.60299682617188,1592.059814453125,4.339099884033203,79.69509887695312,79.69509887695312,159.39019775390625,80.25420379638672,80.42400360107422,402.11981201171875,80.59940338134766,80.65390014648438,483.92340087890625,80.9446029663086,80.8219985961914,565.7537841796875,81.36289978027344,81.02629852294922,810.2628173828125,16.80419921875,16.80419921875,33.6083984375,16.643299102783203,16.65369987487793,83.26850128173828,16.610000610351562,16.640899658203125,99.84529876708984,16.57670021057129,16.606700897216797,116.24710083007812,16.563499450683594,16.57859992980957,165.78619384765625,178.9069061279297,178.9069061279297,357.8138122558594,180.3135986328125,180.67010498046875,903.3505859375,181.0937042236328,181.2404022216797,1087.4425048828125,181.87379455566406,181.67190551757812,1271.7032470703125,183.2259063720703,182.30599975585938,1823.06005859375,1.000499963760376,1.000499963760376,2.000999927520752,0.945900022983551,1.0130000114440918,5.065000057220459,0.9435999989509583,0.9222000241279602,5.533199787139893,0.9412000179290771,0.838699996471405,5.870999813079834,0.6072999835014343,0.6870999932289124,6.871099948883057,0.7477999925613403,0.7477999925613403,1.4957000017166138,0.7404000163078308,0.5654000043869019,2.8268001079559326,0.7477999925613403,0.694100022315979,4.164599895477295,0.755299985408783,0.785099983215332,5.495699882507324,0.7508000135421753,0.7714999914169312,7.715000152587891,0.4706000089645386,0.4706000089645386,0.9412999749183655,0.4729999899864197,0.4828999936580658,2.414299964904785,0.4729999899864197,0.5778999924659729,3.4677000045776367,0.4729999899864197,0.8144000172615051,5.700699806213379,0.804099977016449,1.0895999670028687,10.896200180053711,4.244999885559082,4.244999885559082,8.489899635314941,3.6375999450683594,3.5037999153137207,17.518800735473633,3.894200086593628,3.9082999229431152,23.449899673461914,4.1508002281188965,4.319200038909912,30.23430061340332,4.163700103759766,4.438000202178955,44.38019943237305,5.9953999519348145,-0.5784000158309937,-10.955699920654297,-3.9170000553131104,-0.5116000175476074,-0.36090001463890076,-0.3479999899864197,-0.31380000710487366,-0.28540000319480896,-11.26729965209961,-13.032600402832031,-13.602800369262695,-14.03439998626709,-14.671699523925781,-4.0096001625061035,-4.739299774169922,-4.969200134277344,-5.13730001449585,-5.342400074005127,0.28679999709129333,0.5482000112533569,6.0894999504089355,6.8277997970581055,6.422599792480469,6.011199951171875,5.895100116729736,-4.0096001625061035,-4.739299774169922,-4.969200134277344,-5.13730001449585,-5.342400074005127,-0.5116000175476074,-0.36090001463890076,-0.3479999899864197,-0.31380000710487366,-0.28540000319480896,-11.26729965209961,-13.032600402832031,-13.602800369262695,-14.03439998626709,-14.671699523925781,67.31829833984375,128.91549682617188,164.63429260253906,190.5124053955078,266.7367858886719,4.565100193023682,-0.5468999743461609,0.06459999829530716,0.06459999829530716
14,198.49710083007812,151.40440368652344,29.28529930114746,6.921599864959717,2.0271999835968018,4.979400157928467,5.455399990081787,4.270999908447266,198.49710083007812,18.046199798583984,87.185302734375,1743.7061767578125,23.654600143432617,86.45680236816406,86.45680236816406,172.9136962890625,84.09639739990234,84.87120056152344,424.356201171875,83.98860168457031,84.69850158691406,508.1907958984375,84.09639739990234,84.65789794921875,592.60498046875,85.07129669189453,85.51439666748047,855.1439819335938,17.86039924621582,17.86039924621582,35.72090148925781,18.046199798583984,18.184900283813477,90.92449951171875,18.216400146484375,18.297199249267578,109.783203125,18.046199798583984,18.26110076904297,127.82759857177734,17.859600067138672,17.76919937133789,177.6920928955078,196.37930297851562,196.37930297851562,392.75860595703125,188.45570373535156,189.9940948486328,949.970703125,187.24240112304688,188.89190673828125,1133.351318359375,186.0290985107422,188.4405975341797,1319.083984375,190.11459350585938,191.0092010498047,1910.092041015625,1.848099946975708,1.848099946975708,3.6960999965667725,1.0,1.0716999769210815,5.35830020904541,0.6656000018119812,0.8942000269889832,5.364999771118164,0.3312000036239624,0.8137000203132629,5.696199893951416,0.3310999870300293,0.6510000228881836,6.509799957275391,4.579899787902832,4.579899787902832,9.159700393676758,3.389699935913086,3.4900999069213867,17.45050048828125,3.0810999870300293,3.358799934387207,20.153099060058594,3.389699935913086,3.3643999099731445,23.55069923400879,2.737600088119507,2.704400062561035,27.044099807739258,7.162700176239014,7.162700176239014,14.325300216674805,3.581399917602539,4.591700077056885,22.958599090576172,3.8217999935150146,4.503499984741211,27.02079963684082,4.06220006942749,5.144700050354004,36.01319885253906,5.0258002281188965,5.1381001472473145,51.38079833984375,24.304899215698242,24.304899215698242,48.609901428222656,14.907299995422363,17.145999908447266,85.7300033569336,14.246600151062012,16.442699432373047,98.65589904785156,14.907299995422363,16.98550033569336,118.89849853515625,14.246600151062012,14.916500091552734,149.1652069091797,-10.81350040435791,-0.4796999990940094,-2.5941998958587646,1.1398999691009521,-0.2939000129699707,-0.6179999709129333,-0.7301999926567078,-0.6938999891281128,-0.20160000026226044,-0.4745999872684479,5.915200233459473,7.018799781799316,7.47130012512207,4.9039998054504395,1.8691999912261963,3.456899881362915,3.6303000450134277,3.6714999675750732,2.815700054168701,0.8676000237464905,0.8550000190734863,-11.464099884033203,-4.298900127410889,-3.592600107192993,-4.132699966430664,-2.05649995803833,1.8691999912261963,3.456899881362915,3.6303000450134277,3.6714999675750732,2.815700054168701,-0.2939000129699707,-0.6179999709129333,-0.7301999926567078,-0.6938999891281128,-0.20160000026226044,-0.4745999872684479,5.915200233459473,7.018799781799316,7.47130012512207,4.9039998054504395,56.59450149536133,147.7198944091797,178.97369384765625,212.3376007080078,323.4403991699219,3.0083000659942627,1.0917999744415283,0.9182000160217285,0.9182000160217285
15,201.96839904785156,162.69039916992188,34.210601806640625,0.33809998631477356,0.0,0.33809998631477356,0.337799996137619,0.0066999997943639755,201.96839904785156,18.65250015258789,89.2063980102539,1784.1280517578125,1.0206999778747559,89.32849884033203,89.32849884033203,178.65699768066406,89.68659973144531,89.64800262451172,448.2402038574219,89.77290344238281,89.75150299072266,538.5087890625,89.85919952392578,89.8541030883789,628.9788208007812,90.15299987792969,90.04550170898438,900.4552001953125,18.800899505615234,18.800899505615234,37.60179901123047,18.75589942932129,18.760400772094727,93.80180358886719,18.704200744628906,18.6382999420166,111.82949829101562,18.65250015258789,18.595699310302734,130.1697998046875,18.85260009765625,18.83839988708496,188.38450622558594,202.11599731445312,202.11599731445312,404.2320861816406,203.2384033203125,203.34140014648438,1016.706787109375,203.69749450683594,203.72500610351562,1222.3497314453125,204.1566925048828,204.0238037109375,1428.1666259765625,204.38040161132812,204.18699645996094,2041.870361328125,0.0,0.0,0.0,0.0,0.0,0.0,0.0,0.0,0.0,0.0,0.0,0.0,0.0,0.1137000024318695,1.1371999979019165,0.7056999802589417,0.7056999802589417,1.4113999605178833,1.4047000408172607,0.916100025177002,4.58050012588501,0.867900013923645,0.8185999989509583,4.911600112915039,1.4047000408172607,0.9782999753952026,6.847899913787842,1.407099962234497,1.1833000183105469,11.832500457763672,0.8515999913215637,0.8515999913215637,1.7032999992370605,0.9459999799728394,0.8514999747276306,4.257500171661377,0.804099977016449,0.7648000121116638,4.588600158691406,0.9459999799728394,0.9318000078201294,6.52269983291626,0.9459999799728394,1.063599944114685,10.63599967956543,3.4809999465942383,3.4809999465942383,6.961900234222412,5.045300006866455,3.838399887084961,19.19179916381836,3.558000087738037,3.38700008392334,20.32229995727539,5.045300006866455,3.9635000228881836,27.744300842285156,5.079599857330322,4.67140007019043,46.714298248291016,6.5391998291015625,-0.2460000067949295,-22.784700393676758,-8.147000312805176,-0.3944999873638153,-0.35370001196861267,-0.2313999980688095,-0.18870000541210175,-0.4311000108718872,-22.93000030517578,-24.149999618530273,-24.533700942993164,-24.833099365234375,-24.999500274658203,-8.268199920654297,-8.585599899291992,-8.689000129699707,-8.791899681091309,-8.984600067138672,0.32420000433921814,0.23149999976158142,4.078800201416016,3.720900058746338,4.172399997711182,3.596400022506714,2.8859000205993652,-8.268199920654297,-8.585599899291992,-8.689000129699707,-8.791899681091309,-8.984600067138672,-0.3944999873638153,-0.35370001196861267,-0.2313999980688095,-0.18870000541210175,-0.4311000108718872,-22.93000030517578,-24.149999618530273,-24.533700942993164,-24.833099365234375,-24.999500274658203,14.691900253295898,71.98770141601562,107.79730224609375,136.4456024169922,215.2270965576172,4.326700210571289,-0.4147000014781952,0.21719999611377716,0.21719999611377716
16,160.13119506835938,138.00360107421875,30.80579948425293,0.0,0.0,0.0,0.0,0.0,160.13119506835938,17.0,73.42350006103516,1468.4700927734375,0.0,73.42350006103516,73.42350006103516,146.8470001220703,73.5553970336914,73.62139892578125,368.1072082519531,73.65450286865234,73.68820190429688,442.1293029785156,73.75360107421875,73.71800231933594,516.0260009765625,73.69190216064453,73.70490264892578,737.048583984375,17.0,17.0,34.0,17.0,17.0,85.0,17.0,17.0,102.0,17.0,17.0,119.0,17.0,17.0,170.0,160.13119506835938,160.13119506835938,320.26239013671875,160.4600067138672,160.55230712890625,802.7615966796875,160.64739990234375,160.67469787597656,964.0482177734375,160.8347930908203,160.72129821777344,1125.04931640625,160.58450317382812,160.63909912109375,1606.3907470703125,0.1656000018119812,0.1656000018119812,0.3310999870300293,0.3310999870300293,0.2662000060081482,1.3310999870300293,0.3310999870300293,0.30070000886917114,1.8041000366210938,0.3310999870300293,0.325300008058548,2.277100086212158,0.337799996137619,0.35510000586509705,3.5513999462127686,0.0,0.0,0.0,0.0,0.0,0.0,0.0,0.0,0.0,0.0,0.0,0.0,0.0,0.0,0.0,0.0,0.0,0.0,0.3310999870300293,0.20000000298023224,1.0,0.1656000018119812,0.16670000553131104,1.0,0.0,0.1429000049829483,1.0,0.0,0.1331000030040741,1.3310999870300293,0.1656000018119812,0.1656000018119812,0.3310999870300293,0.6621999740600586,0.46619999408721924,2.3310999870300293,0.5676000118255615,0.4674000144004822,2.8041000366210938,0.4729999899864197,0.4681999981403351,3.277100086212158,0.4729999899864197,0.48829999566078186,4.882500171661377,6.96019983291626,-0.4253999888896942,-9.868200302124023,-4.905200004577637,-0.4250999987125397,-0.4242999851703644,-0.42399999499320984,-0.423799991607666,-0.4230000078678131,-9.870400428771973,-10.298199653625488,-10.422800064086914,-10.471599578857422,-10.395899772644043,-4.906000137329102,-5.106200218200684,-5.173799991607666,-5.2042999267578125,-5.193299770355225,0.04320000112056732,0.10429999977350235,6.79449987411499,6.493599891662598,6.492499828338623,6.491700172424316,6.47160005569458,-4.906000137329102,-5.106200218200684,-5.173799991607666,-5.2042999267578125,-5.193299770355225,-0.4250999987125397,-0.4242999851703644,-0.42399999499320984,-0.423799991607666,-0.4230000078678131,-9.870400428771973,-10.298199653625488,-10.422800064086914,-10.471599578857422,-10.395899772644043,35.62950134277344,157.5634002685547,157.5634002685547,186.2113037109375,257.83099365234375,4.63100004196167,-0.51419997215271,0.012600000016391277,0.012600000016391277
17,165.1938018798828,124.96399688720703,30.351600646972656,0.3310999870300293,0.0,0.4729999899864197,0.337799996137619,0.0,165.1938018798828,15.294899940490723,73.21659851074219,1464.3319091796875,1.1418999433517456,73.28379821777344,73.28379821777344,146.5677032470703,73.1781005859375,73.10140228271484,365.5069885253906,73.10359954833984,73.02940368652344,438.1763916015625,73.0291976928711,72.99240112304688,510.9468994140625,73.09210205078125,73.04720306396484,730.4725952148438,15.502400398254395,15.502400398254395,31.00480079650879,15.294899940490723,15.309399604797363,76.54679870605469,15.236599922180176,15.23550033569336,91.41280364990234,15.178299903869629,15.182700157165527,106.27890014648438,14.866100311279297,15.055800437927246,150.55760192871094,165.31919860839844,165.31919860839844,330.6383056640625,165.1938018798828,165.12989807128906,825.6495971679688,165.13909912109375,165.0511016845703,990.3068237304688,165.0843048095703,165.03109741210938,1155.217529296875,165.23179626464844,165.2469024658203,1652.46875,0.0,0.0,0.0,0.0,0.0,0.0,0.0,0.0551999993622303,0.3310999870300293,0.0,0.09560000151395798,0.6689000129699707,0.0,0.13379999995231628,1.3378000259399414,0.1656000018119812,0.1656000018119812,0.3310999870300293,0.3310999870300293,0.20000000298023224,1.0,0.1656000018119812,0.16670000553131104,1.0,0.0,0.1429000049829483,1.0,0.3310999870300293,0.20000000298023224,2.0,0.5371999740600586,0.5371999740600586,1.0744999647140503,0.6621999740600586,0.49779999256134033,2.4890999794006348,0.4966999888420105,0.4147999882698059,2.4890999794006348,0.3310999870300293,0.40290001034736633,2.820199966430664,0.5,0.45669999718666077,4.567299842834473,1.5078999996185303,1.5078999996185303,3.015700101852417,1.4279999732971191,1.2486000061035156,6.243000030517578,1.2848999500274658,1.0957000255584717,6.574100017547607,1.1418999433517456,1.0829999446868896,7.5808000564575195,1.2821999788284302,1.1467000246047974,11.467000007629395,5.818399906158447,1.2797000408172607,-14.930800437927246,-4.698299884796143,1.0724999904632568,1.2663999795913696,1.340499997138977,1.3934999704360962,1.521299958229065,-15.05840015411377,-14.875800132751465,-14.799200057983398,-14.781399726867676,-15.003700256347656,-4.76639986038208,-4.58620023727417,-4.514900207519531,-4.478700160980225,-4.535699844360352,0.18520000576972961,0.10429999977350235,5.452199935913086,5.71120023727417,5.864099979400635,5.8769001960754395,5.813199996948242,-4.76639986038208,-4.58620023727417,-4.514900207519531,-4.478700160980225,-4.535699844360352,1.0724999904632568,1.2663999795913696,1.340499997138977,1.3934999704360962,1.521299958229065,-15.05840015411377,-14.875800132751465,-14.799200057983398,-14.781399726867676,-15.003700256347656,57.11130142211914,129.00570678710938,171.8874053955078,210.70359802246094,293.6408996582031,4.3668999671936035,-0.2500999867916107,0.2125999927520752,0.2125999927520752
18,155.6667022705078,130.0845947265625,25.444299697875977,0.6621999740600586,0.3310999870300293,0.4683000147342682,0.3310999870300293,0.0,155.6667022705078,14.73639965057373,69.8656005859375,1397.3116455078125,1.7927000522613525,69.79029846191406,69.79029846191406,139.58070373535156,68.55280303955078,68.35299682617188,341.764892578125,67.86969757080078,67.98259735107422,407.8955993652344,67.18669891357422,67.76689910888672,474.36859130859375,67.60679626464844,67.82620239257812,678.2625122070312,14.838700294494629,14.838700294494629,29.677400588989258,14.474599838256836,14.271300315856934,71.35639953613281,14.136699676513672,14.127599716186523,84.76580047607422,13.798800468444824,14.014399528503418,98.10089874267578,13.407500267028809,13.636699676513672,136.36740112304688,155.32679748535156,155.32679748535156,310.6535949707031,150.726806640625,150.03900146484375,750.1951904296875,148.16749572753906,148.78160095214844,892.689697265625,145.60830688476562,148.0845947265625,1036.5921630859375,147.30250549316406,148.21339416503906,1482.1336669921875,0.3343999981880188,0.3343999981880188,0.6689000129699707,0.337799996137619,0.3612000048160553,1.805999994277954,0.3343999981880188,0.3562000095844269,2.137200117111206,0.337799996137619,0.41190001368522644,2.883500099182129,0.337799996137619,0.4101000130176544,4.101099967956543,0.4683000147342682,0.4683000147342682,0.9365000128746033,0.9365000128746033,0.7358999848365784,3.6793999671936035,0.8384000062942505,0.7365999817848206,4.4197001457214355,0.755299985408783,0.739300012588501,5.175099849700928,0.743399977684021,0.6992999911308289,6.9928998947143555,2.702699899673462,2.702699899673462,5.405300140380859,2.425100088119507,2.783400058746338,13.916799545288086,1.8122999668121338,2.519399881362915,15.11620044708252,1.4987000226974487,2.373500108718872,16.61479949951172,1.9938000440597534,2.273900032043457,22.73940086364746,4.901100158691406,4.901100158691406,9.80210018157959,5.902100086212158,5.481100082397461,27.405399322509766,4.420899868011475,5.057499885559082,30.345199584960938,3.8090999126434326,4.879199981689453,34.154300689697266,3.9114999771118164,4.552299976348877,45.52299880981445,9.581000328063965,-0.4113999903202057,0.8014000058174133,0.38429999351501465,-0.5135999917984009,0.05420000106096268,0.1979999989271164,0.31139999628067017,0.6895999908447266,1.141700029373169,6.428500175476074,7.684999942779541,8.381099700927734,8.251999855041504,0.45989999175071716,1.8973000049591064,2.2676000595092773,2.4830000400543213,2.424099922180176,0.26190000772476196,0.04450000077486038,6.472499847412109,5.8968000411987305,6.321599960327148,6.500699996948242,6.828999996185303,0.45989999175071716,1.8973000049591064,2.2676000595092773,2.4830000400543213,2.424099922180176,-0.5135999917984009,0.05420000106096268,0.1979999989271164,0.31139999628067017,0.6895999908447266,1.141700029373169,6.428500175476074,7.684999942779541,8.381099700927734,8.251999855041504,58.000099182128906,143.9438018798828,176.81959533691406,215.56350708007812,287.1831970214844,3.7985999584198,-0.05050000175833702,0.5561000108718872,0.5561000108718872
19,174.8560028076172,143.06280517578125,27.9773006439209,0.746399998664856,0.3310999870300293,0.6689000129699707,0.6621999740600586,0.6621999740600586,174.8560028076172,16.365800857543945,77.65080261230469,1553.0159912109375,3.0708000659942627,77.60690307617188,77.60690307617188,155.21380615234375,77.31490325927734,77.27680206298828,386.3840026855469,77.2041015625,77.15519714355469,462.930908203125,77.09320068359375,77.04650115966797,539.3256225585938,76.6592025756836,76.88420104980469,768.8416137695312,16.365800857543945,16.365800857543945,32.73160171508789,16.365800857543945,16.38479995727539,81.92420196533203,16.365800857543945,16.369199752807617,98.21549987792969,16.365800857543945,16.375499725341797,114.62830352783203,16.389299392700195,16.533700942993164,165.33689880371094,174.7711944580078,174.7711944580078,349.5423889160156,174.25559997558594,174.19940185546875,870.9968872070312,174.0814971923828,173.9575958251953,1043.74560546875,173.90750122070312,173.70849609375,1215.959228515625,173.02000427246094,173.25680541992188,1732.5677490234375,0.1656000018119812,0.1656000018119812,0.3310999870300293,0.3310999870300293,0.3215999901294708,1.608199954032898,0.39969998598098755,0.34610000252723694,2.0764999389648438,0.3310999870300293,0.29760000109672546,2.083199977874756,0.3310999870300293,0.2752000093460083,2.7520999908447266,0.4966999888420105,0.4966999888420105,0.9933000206947327,0.3310999870300293,0.33239999413490295,1.6621999740600586,0.3310999870300293,0.33219999074935913,1.993299961090088,0.3310999870300293,0.3330000042915344,2.3310999870300293,0.3310999870300293,0.2662000060081482,2.6621999740600586,0.9746999740600586,0.9746999740600586,1.9493999481201172,0.9365000128746033,0.8618999719619751,4.309599876403809,0.8414000272750854,0.7962999939918518,4.777900218963623,0.746399998664856,0.7494000196456909,5.246099948883057,0.609000027179718,0.6801999807357788,6.802000045776367,2.636899948120117,2.636899948120117,5.273900032043457,2.0717999935150146,2.1821999549865723,10.911100387573242,2.0717999935150146,2.163800001144409,12.98289966583252,2.071700096130371,2.0383999347686768,14.268600463867188,1.7827999591827393,1.7156000137329102,17.15559959411621,9.770299911499023,1.200700044631958,21.04680061340332,10.674400329589844,1.2007999420166016,1.1821000576019287,1.1978000402450562,1.1916999816894531,1.0339000225067139,21.133499145507812,21.709999084472656,21.952999114990234,22.203399658203125,22.656400680541992,10.719099998474121,11.051300048828125,11.173600196838379,11.28279972076416,11.445899963378906,0.39419999718666077,0.43959999084472656,10.204000473022461,10.664899826049805,10.686200141906738,10.814399719238281,11.144499778747559,10.719099998474121,11.051300048828125,11.173600196838379,11.28279972076416,11.445899963378906,1.2007999420166016,1.1821000576019287,1.1978000402450562,1.1916999816894531,1.0339000225067139,21.133499145507812,21.709999084472656,21.952999114990234,22.203399658203125,22.656400680541992,0.0,93.10559844970703,121.84420013427734,153.2624053955078,257.83099365234375,4.350200176239014,-0.2500999867916107,0.4684000015258789,0.4684000015258789
20,176.58999633789062,145.2480926513672,31.01609992980957,2.0139999389648438,0.4683000147342682,0.0,0.0,0.0,176.58999633789062,17.204700469970703,78.55889892578125,1571.177001953125,2.482300043106079,78.57769775390625,78.57769775390625,157.1553955078125,78.59660339355469,78.57530212402344,392.8765869140625,78.57769775390625,78.51609802246094,471.0965881347656,78.55889892578125,78.40779876708984,548.85498046875,78.36710357666016,77.97779846191406,779.7777709960938,17.204700469970703,17.204700469970703,34.4093017578125,17.204700469970703,17.204700469970703,86.02330017089844,17.204700469970703,17.204700469970703,103.22789764404297,17.204700469970703,17.204700469970703,120.43260192871094,17.204700469970703,17.204700469970703,172.04649353027344,176.71580505371094,176.71580505371094,353.4314880371094,176.8415069580078,176.79769897460938,883.988525390625,176.84109497070312,176.6757049560547,1060.054443359375,176.8406982421875,176.44119262695312,1235.0880126953125,176.3280029296875,175.42010498046875,1754.2010498046875,0.40310001373291016,0.40310001373291016,0.8061000108718872,0.337799996137619,0.3763999938964844,1.882099986076355,0.3346000015735626,0.36890000104904175,2.2135000228881836,0.337799996137619,0.421999990940094,2.953900098800659,0.40310001373291016,0.46230000257492065,4.622799873352051,0.0,0.0,0.0,0.0,0.0,0.0,0.0,0.0,0.0,0.0,0.0,0.0,0.0,0.03310000151395798,0.3310999870300293,1.0069999694824219,1.0069999694824219,2.0139999389648438,0.0,0.4964999854564667,2.482300043106079,0.23409999907016754,0.5386000275611877,3.231600046157837,0.4683000147342682,0.5683000087738037,3.9779999256134033,0.39969998598098755,0.5386999845504761,5.386600017547607,1.410099983215332,1.410099983215332,2.8201000690460205,0.34450000524520874,0.9404000043869019,4.702199935913086,0.7754999995231628,1.017899990081787,6.1072998046875,1.2064000368118286,1.085800051689148,7.6006999015808105,1.3310999870300293,1.2008999586105347,12.009300231933594,8.418899536132812,-0.06419999897480011,-7.686200141906738,-1.936400055885315,-0.06400000303983688,-0.06340000033378601,-0.06319999694824219,-0.06300000101327896,-0.06239999830722809,-7.801799774169922,-7.853300094604492,-7.721499919891357,-7.477399826049805,-6.430099964141846,-1.9510999917984009,-1.9361000061035156,-1.8727999925613403,-1.760699987411499,-1.3198000192642212,0.6187000274658203,0.09700000286102295,9.490799903869629,9.95989990234375,9.88230037689209,9.814200401306152,9.69909954071045,-1.9510999917984009,-1.9361000061035156,-1.8727999925613403,-1.760699987411499,-1.3198000192642212,-0.06400000303983688,-0.06340000033378601,-0.06319999694824219,-0.06300000101327896,-0.06239999830722809,-7.801799774169922,-7.853300094604492,-7.721499919891357,-7.477399826049805,-6.430099964141846,30.153799057006836,101.77349853515625,130.42140197753906,159.06930541992188,259.3369140625,4.411399841308594,-0.37229999899864197,0.2540999948978424,0.2540999948978424
21,145.51449584960938,105.80460357666016,26.811399459838867,0.0,0.337799996137619,0.3310999870300293,0.337799996137619,0.0,145.51449584960938,17.781700134277344,65.93509674072266,1318.701171875,1.006700038909912,65.93550109863281,65.93550109863281,131.8708953857422,65.93890380859375,66.0479965209961,330.23980712890625,66.01399993896484,66.16590118408203,396.9952087402344,66.08910369873047,66.27940368652344,463.9555969238281,66.54810333251953,66.54740142822266,665.4739990234375,17.61389923095703,17.61389923095703,35.227901458740234,17.11720085144043,17.315900802612305,86.57959747314453,17.11720085144043,17.282800674438477,103.6968002319336,17.11720085144043,17.259199142456055,120.81410217285156,17.281700134277344,17.40570068359375,174.05690002441406,145.59280395507812,145.59280395507812,291.1856994628906,145.8251953125,146.06109619140625,730.305419921875,146.0489044189453,146.3972930908203,878.3836059570312,146.27259826660156,146.70230102539062,1026.916259765625,147.4152069091797,147.1804962158203,1471.8048095703125,0.3343999981880188,0.3343999981880188,0.6689000129699707,0.337799996137619,0.38920000195503235,1.9459999799728394,0.3343999981880188,0.37950000166893005,2.277100086212158,0.3310999870300293,0.325300008058548,2.277100086212158,0.3310999870300293,0.2946000099182129,2.946000099182129,0.0,0.0,0.0,0.0,0.0,0.0,0.0,0.0,0.0,0.0,0.0,0.0,0.0,0.0,0.0,0.0,0.0,0.0,0.3310999870300293,0.28189998865127563,1.4092999696731567,0.3343999981880188,0.2922999858856201,1.7537000179290771,0.3310999870300293,0.2969000041484833,2.078200101852417,0.3310999870300293,0.3077999949455261,3.0782999992370605,1.0032999515533447,1.0032999515533447,2.006700038909912,1.006700038909912,1.0723999738693237,5.3618998527526855,1.0032999515533447,1.0062999725341797,6.037499904632568,1.006700038909912,1.0230000019073486,7.161300182342529,1.0651999711990356,1.105299949645996,11.053400039672852,10.014200210571289,-1.7777999639511108,10.827099800109863,4.802000045776367,-1.6100000143051147,-1.3121999502182007,-1.279099941253662,-1.2554999589920044,-1.4021999835968018,10.746999740600586,10.277899742126465,9.94159984588623,9.636500358581543,9.158100128173828,4.80079984664917,4.687900066375732,4.569900035858154,4.456299781799316,4.188000202178955,0.03999999910593033,0.07450000196695328,10.015000343322754,9.944600105285645,10.01099967956543,9.994500160217285,9.913200378417969,4.80079984664917,4.687900066375732,4.569900035858154,4.456299781799316,4.188000202178955,-1.6100000143051147,-1.3121999502182007,-1.279099941253662,-1.2554999589920044,-1.4021999835968018,10.746999740600586,10.277899742126465,9.94159984588623,9.636500358581543,9.158100128173828,64.4574966430664,136.07730102539062,136.07730102539062,150.4011993408203,222.02090454101562,4.259099960327148,-0.125,0.5198000073432922,0.5198000073432922
22,192.42970275878906,144.01840209960938,31.812400817871094,0.3310999870300293,0.3310999870300293,0.47769999504089355,0.337799996137619,0.3310999870300293,192.42970275878906,16.721900939941406,85.16539764404297,1703.3077392578125,1.8087999820709229,85.12190246582031,85.12190246582031,170.24380493164062,84.89720153808594,84.81220245361328,424.0609130859375,84.73750305175781,84.7031021118164,508.2184143066406,84.57779693603516,84.6312026977539,592.4183959960938,84.3395004272461,84.52749633789062,845.2745971679688,16.733800888061523,16.733800888061523,33.467498779296875,16.788400650024414,16.898099899291992,84.4905014038086,16.952800750732422,16.983600616455078,101.90180206298828,17.11720085144043,17.088699340820312,119.62069702148438,17.264299392700195,17.312999725341797,173.1295928955078,192.22300720214844,192.22300720214844,384.4460144042969,191.50079345703125,191.35569763183594,956.7785034179688,191.0865020751953,191.08779907226562,1146.526611328125,190.6721954345703,190.92820739746094,1336.497314453125,190.42759704589844,190.7554931640625,1907.5545654296875,0.3310999870300293,0.3310999870300293,0.6621999740600586,0.3310999870300293,0.2662000060081482,1.3310999870300293,0.3310999870300293,0.22190000116825104,1.3310999870300293,0.3310999870300293,0.19020000100135803,1.3310999870300293,0.3310999870300293,0.33239999413490295,3.324399948120117,0.5,0.5,1.0,0.4683000147342682,0.4936999976634979,2.4683001041412354,0.4729999899864197,0.4909999966621399,2.9458999633789062,0.4683000147342682,0.4681999981403351,3.277100086212158,0.4683000147342682,0.5400999784469604,5.401100158691406,0.6901000142097473,0.6901000142097473,1.3803000450134277,1.0492000579833984,0.8216999769210815,4.10830020904541,0.7610999941825867,0.7634999752044678,4.581299781799316,0.4729999899864197,0.722000002861023,5.054299831390381,0.4729999899864197,0.6384999752044678,6.38539981842041,2.6303000450134277,2.6303000450134277,5.2606000900268555,2.3736000061035156,2.3589000701904297,11.794599533081055,2.091200113296509,2.2486000061035156,13.491700172424316,1.8087999820709229,2.1493000984191895,15.045100212097168,1.7529000043869019,2.262399911880493,22.624000549316406,11.032299995422363,0.8446000218391418,3.473099946975708,3.1598000526428223,0.8327999711036682,0.6687999963760376,0.5834000110626221,0.47850000858306885,0.2547000050544739,3.6816999912261963,4.553599834442139,4.82289981842041,4.983699798583984,5.157700061798096,3.2040998935699463,3.5160000324249268,3.625699996948242,3.6981000900268555,3.8025999069213867,0.15520000457763672,0.25679999589920044,10.210599899291992,10.488200187683105,10.601400375366211,10.703499794006348,10.597599983215332,3.2040998935699463,3.5160000324249268,3.625699996948242,3.6981000900268555,3.8025999069213867,0.8327999711036682,0.6687999963760376,0.5834000110626221,0.47850000858306885,0.2547000050544739,3.6816999912261963,4.553599834442139,4.82289981842041,4.983699798583984,5.157700061798096,71.61969757080078,114.59159851074219,114.59159851074219,114.59159851074219,114.59159851074219,4.451600074768066,-0.351500004529953,0.35580000281333923,0.35580000281333923
23,137.39190673828125,110.34230041503906,29.120500564575195,0.337799996137619,0.34450000524520874,0.0,0.337799996137619,0.0,137.39190673828125,18.772899627685547,64.3147964477539,1286.294921875,1.0200999975204468,64.24929809570312,64.24929809570312,128.49859619140625,64.3147964477539,64.31639862060547,321.5820007324219,64.29509735107422,64.30960083007812,385.8573913574219,64.27539825439453,64.29620361328125,450.0733947753906,64.21980285644531,64.18240356445312,641.8245239257812,18.822200775146484,18.822200775146484,37.64440155029297,18.871599197387695,18.852500915527344,94.26260375976562,18.822200775146484,18.77090072631836,112.62529754638672,18.772899627685547,18.666200637817383,130.66319274902344,18.567800521850586,18.273799896240234,182.73789978027344,137.19329833984375,137.19329833984375,274.3865966796875,137.39190673828125,137.30819702148438,686.5411987304688,137.49830627441406,137.3657989501953,824.1950073242188,137.60470581054688,137.41619873046875,961.9130249023438,137.52369689941406,137.41900634765625,1374.1903076171875,0.3345000147819519,0.3345000147819519,0.6689000129699707,0.3310999870300293,0.33250001072883606,1.6622999906539917,0.3310999870300293,0.33340001106262207,2.000200033187866,0.3312000036239624,0.35260000824928284,2.468400001525879,0.3310999870300293,0.2800000011920929,2.799499988555908,0.0,0.0,0.0,0.0,0.0,0.0,0.0,0.0,0.0,0.0,0.06689999997615814,0.4681999981403351,0.0,0.14239999651908875,1.423699975013733,0.40299999713897705,0.40299999713897705,0.8059999942779541,0.337799996137619,0.29499998688697815,1.4749000072479248,0.3343999981880188,0.24580000340938568,1.4749000072479248,0.3310999870300293,0.257999986410141,1.805999994277954,0.337799996137619,0.29499998688697815,2.949899911880493,1.2374999523162842,1.2374999523162842,2.4749999046325684,1.3310999870300293,1.1886999607086182,5.943299770355225,1.1756000518798828,1.1031999588012695,6.61899995803833,1.3310999870300293,1.2213000059127808,8.548800468444824,1.2422000169754028,1.1979000568389893,11.97920036315918,5.940199851989746,-2.198199987411499,12.871100425720215,4.203499794006348,-2.247299909591675,-2.2767999172210693,-2.1949000358581543,-2.089900016784668,-1.6967999935150146,13.067500114440918,12.945899963378906,12.886099815368652,12.833600044250488,12.82409954071045,4.268199920654297,4.198800086975098,4.204899787902832,4.21750020980835,4.329100131988525,0.25679999589920044,0.10429999977350235,5.722499847412109,5.771100044250488,5.856599807739258,5.73859977722168,5.76200008392334,4.268199920654297,4.198800086975098,4.204899787902832,4.21750020980835,4.329100131988525,-2.247299909591675,-2.2767999172210693,-2.1949000358581543,-2.089900016784668,-1.6967999935150146,13.067500114440918,12.945899963378906,12.886099815368652,12.833600044250488,12.82409954071045,14.32390022277832,14.32390022277832,14.32390022277832,14.32390022277832,100.2676010131836,4.1442999839782715,-0.027499999850988388,0.546999990940094,0.546999990940094
24,179.81590270996094,144.3509979248047,37.71879959106445,0.4683000147342682,0.0,0.4683000147342682,0.0,0.4729999899864197,179.81590270996094,20.408300399780273,81.3998031616211,1627.9949951171875,1.409500002861023,81.31950378417969,81.31950378417969,162.63900756835938,81.0824966430664,81.13590240478516,405.67950439453125,81.16089630126953,81.16819763183594,487.0090026855469,81.23919677734375,81.22709655761719,568.589599609375,81.3646011352539,81.33519744873047,813.351806640625,20.204200744628906,20.204200744628906,40.40829849243164,19.606000900268555,19.80739974975586,99.03679656982422,19.80299949645996,19.839500427246094,119.03679656982422,20.0,19.891599655151367,139.24130249023438,20.100200653076172,20.0049991607666,200.05039978027344,179.72369384765625,179.72369384765625,359.447509765625,179.31829833984375,179.41900634765625,897.09521484375,179.47500610351562,179.50570678710938,1077.0340576171875,179.63160705566406,179.6387939453125,1257.4713134765625,179.8773956298828,179.86509704589844,1798.6507568359375,0.0,0.0,0.0,0.0,0.13379999995231628,0.6689000129699707,0.1656000018119812,0.16670000553131104,1.0,0.0,0.1429000049829483,1.0,0.3310999870300293,0.20000000298023224,2.0,0.40209999680519104,0.40209999680519104,0.804099977016449,0.3310999870300293,0.22699999809265137,1.135200023651123,0.1688999980688095,0.19030000269412994,1.1418999433517456,0.0066999997943639755,0.16410000622272491,1.1485999822616577,0.0066999997943639755,0.14800000190734863,1.479699969291687,0.40299999713897705,0.40299999713897705,0.8059999942779541,0.3310999870300293,0.2937000095844269,1.4682999849319458,0.3343999981880188,0.32350000739097595,1.9413000345230103,0.337799996137619,0.3449000120162964,2.414299964904785,0.40299999713897705,0.3752000033855438,3.752000093460083,1.3737000226974487,1.3737000226974487,2.747299909591675,1.3378000259399414,1.2445000410079956,6.222300052642822,1.3410999774932861,1.2826000452041626,7.695300102233887,1.3378000259399414,1.2353999614715576,8.64799976348877,1.3769999742507935,1.4003000259399414,14.003199577331543,6.150300025939941,-2.0018999576568604,-0.6322000026702881,-0.34040001034736633,-1.797700047492981,-1.4006999731063843,-1.4327000379562378,-1.4846999645233154,-1.5976999998092651,-0.5376999974250793,-0.22769999504089355,-0.31439998745918274,-0.4481000006198883,-0.6775000095367432,-0.25920000672340393,-0.07339999824762344,-0.10570000112056732,-0.1648000031709671,-0.2743000090122223,0.3587000072002411,0.5595999956130981,6.186100006103516,6.314899921417236,6.276899814605713,6.32450008392334,6.1570000648498535,-0.25920000672340393,-0.07339999824762344,-0.10570000112056732,-0.1648000031709671,-0.2743000090122223,-1.797700047492981,-1.4006999731063843,-1.4327000379562378,-1.4846999645233154,-1.5976999998092651,-0.5376999974250793,-0.22769999504089355,-0.31439998745918274,-0.4481000006198883,-0.6775000095367432,57.295799255371094,157.5634002685547,180.9053955078125,203.43299865722656,282.28729248046875,4.436999797821045,-0.5250999927520752,0.11389999836683273,0.11389999836683273
25,157.12429809570312,121.03700256347656,31.06439971923828,0.3310999870300293,0.337799996137619,0.0,0.3310999870300293,0.0,157.12429809570312,16.401199340820312,72.04810333251953,1440.962158203125,1.0,72.05979919433594,72.05979919433594,144.11959838867188,72.07150268554688,72.11270141601562,360.5636901855469,72.089599609375,72.14309692382812,432.8586120605469,72.10759735107422,72.15180206298828,505.0625915527344,72.06829833984375,72.11070251464844,721.1071166992188,16.401199340820312,16.401199340820312,32.802398681640625,16.401199340820312,16.401199340820312,82.006103515625,16.401199340820312,16.35770034790039,98.14610290527344,16.401199340820312,16.3257999420166,114.28089904785156,16.270599365234375,16.18280029296875,161.82850646972656,157.25770568847656,157.25770568847656,314.5155029296875,157.39120483398438,157.37350463867188,786.86767578125,157.42010498046875,157.3925018310547,944.355224609375,157.39120483398438,157.3679962158203,1101.5762939453125,157.27760314941406,157.2711944580078,1572.71240234375,0.3343999981880188,0.3343999981880188,0.6689000129699707,0.6621999740600586,0.6901000142097473,3.4502999782562256,0.7073000073432922,0.7003999948501587,4.202600002288818,0.6621999740600586,0.6949999928474426,4.864799976348877,0.6621999740600586,0.6195999979972839,6.195899963378906,0.0,0.0,0.0,0.0,0.0,0.0,0.0,0.0551999993622303,0.3310999870300293,0.0,0.04830000177025795,0.337799996137619,0.0032999999821186066,0.13109999895095825,1.3109999895095825,0.1656000018119812,0.1656000018119812,0.3310999870300293,0.0066999997943639755,0.13379999995231628,0.6689000129699707,0.1688999980688095,0.16670000553131104,1.000100016593933,0.3310999870300293,0.19020000100135803,1.3313000202178955,0.3310999870300293,0.2337999939918518,2.337899923324585,0.6689000129699707,0.6689000129699707,1.3378000259399414,1.0,1.159000039100647,5.7947998046875,1.3727999925613403,1.313099980354309,7.878300189971924,1.3312000036239624,1.315600037574768,9.209500312805176,1.5384000539779663,1.4465999603271484,14.466500282287598,9.901200294494629,0.739300012588501,11.779600143432617,4.5742998123168945,0.7394999861717224,0.7400000095367432,0.7836999893188477,0.8158000111579895,0.9593999981880188,11.656299591064453,11.570899963378906,11.561699867248535,11.59570026397705,11.718799591064453,4.566800117492676,4.526500225067139,4.500199794769287,4.4953999519348145,4.547299861907959,0.13740000128746033,0.09700000286102295,10.232000350952148,9.741399765014648,9.587200164794922,9.584400177001953,9.453399658203125,4.566800117492676,4.526500225067139,4.500199794769287,4.4953999519348145,4.547299861907959,0.7394999861717224,0.7400000095367432,0.7836999893188477,0.8158000111579895,0.9593999981880188,11.656299591064453,11.570899963378906,11.561699867248535,11.59570026397705,11.718799591064453,42.9718017578125,136.1685028076172,171.8874053955078,214.8592071533203,250.5782012939453,3.402600049972534,0.6365000009536743,0.9039000272750854,0.9039000272750854
26,165.87899780273438,132.6840057373047,32.39680099487305,0.3310999870300293,0.337799996137619,0.0066999997943639755,0.4729999899864197,0.3310999870300293,165.87899780273438,19.331100463867188,76.19149780273438,1523.830322265625,1.479699969291687,76.14089965820312,76.14089965820312,152.2816925048828,75.97779846191406,76.0009994506836,380.00518798828125,76.03399658203125,76.02100372314453,456.1261901855469,76.09020233154297,76.05480194091797,532.3837890625,76.03399658203125,75.97679901123047,759.7681884765625,19.168899536132812,19.168899536132812,38.337799072265625,19.00670051574707,19.002899169921875,95.01470184326172,19.009199142456055,19.0044002532959,114.02649688720703,19.01180076599121,19.05150032043457,133.3603973388672,19.01180076599121,19.069799423217773,190.6981964111328,165.73150634765625,165.73150634765625,331.4630126953125,165.29730224609375,165.4626007080078,827.31298828125,165.31820678710938,165.44200134277344,992.652099609375,165.33900451660156,165.42730712890625,1157.9912109375,165.31820678710938,165.3883056640625,1653.8829345703125,0.3343999981880188,0.3343999981880188,0.6689000129699707,0.0,0.13379999995231628,0.6689000129699707,0.0,0.11150000244379044,0.6689000129699707,0.0,0.09560000151395798,0.6689000129699707,0.0,0.06689999997615814,0.6689000129699707,0.3310999870300293,0.3310999870300293,0.6622999906539917,0.3312000036239624,0.35989999771118164,1.7994999885559082,0.3310999870300293,0.3540000021457672,2.1238999366760254,0.3312000036239624,0.3508000075817108,2.4553000926971436,0.3312999904155731,0.37229999899864197,3.7230000495910645,0.1688999980688095,0.1688999980688095,0.337799996137619,0.32440000772476196,0.20000000298023224,1.0,0.1656000018119812,0.16670000553131104,1.0,0.0066999997943639755,0.1429000049829483,1.0,0.3278000056743622,0.21369999647140503,2.137200117111206,1.4740999937057495,1.4740999937057495,2.9481000900268555,1.479699969291687,1.5546000003814697,7.772900104522705,1.4740999937057495,1.4600000381469727,8.759900093078613,1.468400001525879,1.4133000373840332,9.892800331115723,1.5458999872207642,1.6567000150680542,16.56730079650879,9.541199684143066,-3.327199935913086,-9.537400245666504,-5.454500198364258,-3.1649999618530273,-2.9992001056671143,-3.000699996948242,-3.047800064086914,-3.0662999153137207,-9.39169979095459,-9.123700141906738,-9.10319995880127,-9.088500022888184,-9.049699783325195,-5.404600143432617,-5.265200138092041,-5.285200119018555,-5.3190999031066895,-5.241399765014648,0.11490000039339066,0.17630000412464142,9.544300079345703,9.462400436401367,9.557299613952637,9.604299545288086,9.361800193786621,-5.404600143432617,-5.265200138092041,-5.285200119018555,-5.3190999031066895,-5.241399765014648,-3.1649999618530273,-2.9992001056671143,-3.000699996948242,-3.047800064086914,-3.0662999153137207,-9.39169979095459,-9.123700141906738,-9.10319995880127,-9.088500022888184,-9.049699783325195,57.295799255371094,114.59159851074219,143.23939514160156,181.9832000732422,286.4789123535156,4.256899833679199,-0.12280000001192093,0.5217999815940857,0.5217999815940857
27,207.3946075439453,154.42709350585938,41.82780075073242,2.420599937438965,0.32440000772476196,1.9696999788284302,8.448100090026855,0.32440000772476196,207.3946075439453,13.800100326538086,92.7488021850586,1854.9761962890625,13.487099647521973,92.84819793701172,92.84819793701172,185.69650268554688,93.45099639892578,93.54620361328125,467.731201171875,93.19930267333984,93.24919891357422,559.4951782226562,92.94770050048828,92.8196029663086,649.7371826171875,92.84819793701172,92.65450286865234,926.5452270507812,10.565999984741211,10.565999984741211,21.131999969482422,13.037400245666504,10.922499656677246,54.612701416015625,10.184700012207031,10.29800033569336,61.788299560546875,7.331900119781494,9.120200157165527,63.84149932861328,8.667699813842773,9.221599578857422,92.21549987792969,208.65420532226562,208.65420532226562,417.30828857421875,209.9136962890625,208.77310180664062,1043.8653564453125,208.65420532226562,207.73269653320312,1246.39599609375,207.3946075439453,206.6988067626953,1446.8917236328125,206.98080444335938,206.24380493164062,2062.4375,0.32100000977516174,0.32100000977516174,0.6420999765396118,0.32440000772476196,0.5187000036239624,2.593400001525879,0.5324000120162964,0.6103000044822693,3.661600112915039,0.7404000163078308,0.6650000214576721,4.654900074005127,0.5357000231742859,0.6061000227928162,6.060500144958496,1.4900000095367432,1.4900000095367432,2.9798998832702637,2.6554999351501465,2.03439998626709,10.172100067138672,1.7039999961853027,1.8193000555038452,10.915499687194824,0.7523999810218811,1.6066999435424805,11.246600151062012,0.8727999925613403,1.5374000072479248,15.374199867248535,1.3759000301361084,1.3759000301361084,2.751699924468994,2.420599937438965,2.3879001140594482,11.939299583435059,2.7202999591827393,2.4932000637054443,14.959400177001953,2.420599937438965,2.1428000926971436,14.999500274658203,2.3926000595092773,2.4010000228881836,24.009700775146484,13.87559986114502,13.87559986114502,27.75119972229004,13.487099647521973,13.07919979095459,65.39579772949219,13.574000358581543,13.17609977722168,79.05660247802734,13.487099647521973,13.003700256347656,91.0260009765625,13.255200386047363,12.49489974975586,124.94940185546875,-5.927299976348877,4.606400012969971,-28.211000442504883,-11.689399719238281,7.840400218963623,7.484099864959717,8.108799934387207,9.286700248718262,9.185799598693848,-29.46809959411621,-29.58169937133789,-28.541400909423828,-27.50819969177246,-27.05620002746582,-11.7878999710083,-12.483799934387207,-12.186699867248535,-11.757399559020996,-11.593600273132324,0.7742000222206116,0.23600000143051147,-6.315800189971924,-5.519899845123291,-5.616600036621094,-5.44379997253418,-4.937600135803223,-11.7878999710083,-12.483799934387207,-12.186699867248535,-11.757399559020996,-11.593600273132324,7.840400218963623,7.484099864959717,8.108799934387207,9.286700248718262,9.185799598693848,-29.46809959411621,-29.58169937133789,-28.541400909423828,-27.50819969177246,-27.05620002746582,45.46860122680664,145.26620483398438,173.90460205078125,188.70799255371094,252.6103973388672,1.5458999872207642,2.365999937057495,0.9909999966621399,0.9909999966621399
28,215.92869567871094,168.4783935546875,32.19329833984375,3.5810000896453857,0.4683000147342682,4.696700096130371,4.346799850463867,5.1697001457214355,215.92869567871094,17.69179916381836,94.28269958496094,1885.654052734375,18.262500762939453,93.8301010131836,93.8301010131836,187.66009521484375,92.67400360107422,92.83599853515625,464.17999267578125,92.4406967163086,92.56659698486328,555.3992919921875,92.2073974609375,92.28299713134766,645.9813232421875,91.42890167236328,91.53179931640625,915.31787109375,17.70199966430664,17.70199966430664,35.40409851074219,17.941499710083008,18.12299919128418,90.61470031738281,18.19029998779297,18.175600051879883,109.05380249023438,18.010900497436523,18.152099609375,127.0647964477539,17.87299919128418,18.047800064086914,180.4781951904297,214.2646026611328,214.2646026611328,428.5292053222656,210.55039978027344,211.0081024169922,1055.0404052734375,209.65199279785156,210.18629455566406,1261.11767578125,208.7534942626953,209.406494140625,1465.8455810546875,206.64230346679688,207.55149841308594,2075.514892578125,0.5685999989509583,0.5685999989509583,1.1371999979019165,0.6621999740600586,0.5612000226974487,2.805999994277954,0.5651999711990356,0.5228999853134155,3.137200117111206,0.4683000147342682,0.49549999833106995,3.4683001041412354,0.337799996137619,0.44679999351501465,4.468299865722656,3.7934999465942383,3.7934999465942383,7.586999893188477,1.9306999444961548,2.3333001136779785,11.66670036315918,1.5669000148773193,2.101300001144409,12.60789966583252,1.2030999660491943,1.8687000274658203,13.080900192260742,0.9435999989509583,1.4081000089645386,14.080900192260742,2.765000104904175,2.765000104904175,5.53000020980835,1.9456000328063965,2.2314999103546143,11.157500267028809,1.9117000102996826,2.135499954223633,12.812999725341797,1.8776999711990356,1.982100009918213,13.874799728393555,1.7297999858856201,1.687600016593933,16.87579917907715,14.15719985961914,14.15719985961914,28.31439971923828,8.090499877929688,9.303500175476074,46.517398834228516,6.668900012969971,8.430899620056152,50.58509826660156,5.247399806976318,7.646999835968018,53.529300689697266,4.466400146484375,6.067399978637695,60.67409896850586,-5.42140007019043,-0.12530000507831573,-20.02589988708496,-5.957499980926514,-0.1354999989271164,-0.5561000108718872,-0.6086000204086304,-0.5849000215530396,-0.48019999265670776,-18.359899520874023,-15.098699569702148,-14.27560043334961,-13.49470043182373,-11.638299942016602,-5.504000186920166,-4.507900238037109,-4.237800121307373,-3.953700065612793,-3.20169997215271,0.7265999913215637,0.8909000158309937,-1.3163000345230103,3.543600082397461,4.4191999435424805,5.2058000564575195,6.792600154876709,-5.504000186920166,-4.507900238037109,-4.237800121307373,-3.953700065612793,-3.20169997215271,-0.1354999989271164,-0.5561000108718872,-0.6086000204086304,-0.5849000215530396,-0.48019999265670776,-18.359899520874023,-15.098699569702148,-14.27560043334961,-13.49470043182373,-11.638299942016602,63.84629821777344,153.10040283203125,185.84219360351562,210.33470153808594,238.98260498046875,3.9175000190734863,0.1826000064611435,0.7616999745368958,0.7616999745368958
29,176.12759399414062,128.6569061279297,27.087299346923828,0.33169999718666077,0.0,0.3310999870300293,0.4683000147342682,0.0,176.12759399414062,16.763099670410156,77.3479995727539,1546.9598388671875,1.131100058555603,77.35050201416016,77.35050201416016,154.70089721679688,77.59619903564453,77.54779815673828,387.7388000488281,77.6417007446289,77.6332015991211,465.7992858886719,77.68730163574219,77.71520233154297,544.0062866210938,77.74079895019531,77.8019027709961,778.019287109375,16.656999588012695,16.656999588012695,33.31399917602539,16.551000595092773,16.580299377441406,82.90139770507812,16.656999588012695,16.614999771118164,99.68990325927734,16.763099670410156,16.682600021362305,116.77790069580078,16.770700454711914,16.73979949951172,167.398193359375,176.22000122070312,176.22000122070312,352.4400939941406,177.05450439453125,176.8885040283203,884.4426879882812,177.2198028564453,177.10479736328125,1062.6290283203125,177.38499450683594,177.2841033935547,1240.98876953125,177.7042999267578,177.56109619140625,1775.61083984375,0.23409999907016754,0.23409999907016754,0.4683000147342682,0.4683000147342682,0.45899999141693115,2.295099973678589,0.39969998598098755,0.3824999928474426,2.295099973678589,0.3310999870300293,0.3278999924659729,2.295099973678589,0.3310999870300293,0.2964000105857849,2.9639999866485596,0.1688999980688095,0.1688999980688095,0.337799996137619,0.4683000147342682,0.4047999978065491,2.0241000652313232,0.40299999713897705,0.33739998936653137,2.0241000652313232,0.337799996137619,0.33649998903274536,2.3552000522613525,0.3343999981880188,0.30239999294281006,3.0241000652313232,0.6625000238418579,0.6625000238418579,1.3250999450683594,0.7373999953269958,0.7348999977111816,3.6745998859405518,0.7064999938011169,0.6686999797821045,4.012400150299072,0.675599992275238,0.6205000281333923,4.343500137329102,0.7064999938011169,0.6822999715805054,6.822700023651123,1.9651999473571777,1.9651999473571777,3.930500030517578,2.9493000507354736,2.8968000411987305,14.484100341796875,2.874300003051758,2.5255000591278076,15.152999877929688,2.799299955368042,2.3066000938415527,16.146299362182617,2.8141000270843506,2.386699914932251,23.866600036621094,10.242600440979004,-2.437999963760376,-19.659500122070312,-7.098199844360352,-2.331899881362915,-2.2548000812530518,-2.289299964904785,-2.356800079345703,-2.4135000705718994,-19.75149917602539,-20.42099952697754,-20.638200759887695,-20.81839942932129,-21.095699310302734,-7.100299835205078,-7.297399997711182,-7.3831000328063965,-7.465199947357178,-7.551599979400635,0.15039999783039093,0.04450000077486038,9.408300399780273,8.481100082397461,8.853599548339844,9.0733003616333,8.994600296020508,-7.100299835205078,-7.297399997711182,-7.3831000328063965,-7.465199947357178,-7.551599979400635,-2.331899881362915,-2.2548000812530518,-2.289299964904785,-2.356800079345703,-2.4135000705718994,-19.75149917602539,-20.42099952697754,-20.638200759887695,-20.81839942932129,-21.095699310302734,85.39219665527344,157.01190185546875,157.01190185546875,157.01190185546875,157.01190185546875,4.625199794769287,-0.8770999908447266,0.053300000727176666,0.053300000727176666
30,188.80360412597656,156.3719940185547,30.360300064086914,0.337799996137619,0.337799996137619,0.0,0.47769999504089355,0.0,188.80360412597656,17.492900848388672,83.25509643554688,1665.101318359375,1.1532000303268433,83.23870086669922,83.23870086669922,166.477294921875,82.98210144042969,82.99079895019531,414.9540100097656,82.8749008178711,82.95079803466797,497.7047119140625,82.88960266113281,82.94200134277344,580.5941772460938,82.93579864501953,82.98919677734375,829.8920288085938,17.492900848388672,17.492900848388672,34.98569869995117,17.492900848388672,17.52739906311035,87.63690185546875,17.492900848388672,17.58049964904785,105.48310089111328,17.492900848388672,17.644399642944336,123.51090240478516,17.666099548339844,17.73310089111328,177.33079528808594,188.61740112304688,188.61740112304688,377.23480224609375,187.73719787597656,187.9550018310547,939.7747802734375,187.57260131835938,187.86380004882812,1127.182861328125,187.73060607910156,187.8448028564453,1314.9134521484375,187.73390197753906,188.02349853515625,1880.2352294921875,0.40299999713897705,0.40299999713897705,0.8059999942779541,0.337799996137619,0.2962999939918518,1.481600046157837,0.337799996137619,0.3021000027656555,1.8127000331878662,0.337799996137619,0.2590000033378601,1.8127000331878662,0.3343999981880188,0.31439998745918274,3.1438000202178955,0.0,0.0,0.0,0.0,0.13379999995231628,0.6689000129699707,0.1656000018119812,0.16670000553131104,1.0,0.0,0.1429000049829483,1.0,0.3310999870300293,0.24140000343322754,2.4142000675201416,0.3343999981880188,0.3343999981880188,0.6689000129699707,0.3310999870300293,0.20000000298023224,1.0,0.1688999980688095,0.16779999434947968,1.006700038909912,0.3310999870300293,0.19110000133514404,1.3379000425338745,0.3310999870300293,0.3880000114440918,3.8798000812530518,1.1418999433517456,1.1418999433517456,2.2836999893188477,1.1304999589920044,0.9919000267982483,4.9593000411987305,1.068600058555603,0.9943000078201294,5.96589994430542,1.006700038909912,0.9469000101089478,6.628200054168701,1.1418999433517456,1.191499948501587,11.915499687194824,6.406599998474121,0.9136000275611877,-9.619999885559082,-2.19569993019104,0.9136000275611877,0.8792999982833862,0.8263000249862671,0.762499988079071,0.6743000149726868,-9.431400299072266,-8.76360034942627,-8.672499656677246,-8.65410041809082,-8.836000442504883,-2.178299903869629,-1.9283000230789185,-1.8882999420166016,-1.8797999620437622,-1.9283000230789185,0.27970001101493835,0.10689999908208847,6.417900085449219,6.567500114440918,6.565199851989746,6.61299991607666,6.365799903869629,-2.178299903869629,-1.9283000230789185,-1.8882999420166016,-1.8797999620437622,-1.9283000230789185,0.9136000275611877,0.8792999982833862,0.8263000249862671,0.762499988079071,0.6743000149726868,-9.431400299072266,-8.76360034942627,-8.672499656677246,-8.65410041809082,-8.836000442504883,42.9718017578125,143.23939514160156,171.8874053955078,200.5352020263672,286.4789123535156,4.219900131225586,-0.30790001153945923,0.3165999948978424,0.3165999948978424
31,130.14219665527344,105.1094970703125,25.27549934387207,0.0,0.4683000147342682,0.3310999870300293,0.4683000147342682,0.3310999870300293,130.14219665527344,16.124500274658203,59.484798431396484,1189.6961669921875,1.5987999439239502,59.59130096435547,59.59130096435547,119.18260192871094,59.83689880371094,59.76459884643555,298.8230895996094,59.8484001159668,59.78960037231445,358.73748779296875,59.86000061035156,59.813499450683594,418.6944885253906,59.92900085449219,59.89289855957031,598.9293823242188,16.105600357055664,16.105600357055664,32.211299896240234,16.055299758911133,15.999699592590332,79.99859619140625,16.04330062866211,15.893699645996094,95.36229705810547,16.031200408935547,15.774499893188477,110.42120361328125,15.53219985961914,15.5826997756958,155.82659912109375,130.36489868164062,130.36489868164062,260.72979736328125,130.8916015625,130.82699584960938,654.1351928710938,131.03770446777344,130.98599243164062,785.9158935546875,131.18380737304688,131.1634979248047,918.1444091796875,131.55540466308594,131.49769592285156,1314.9765625,0.40310001373291016,0.40310001373291016,0.8061000108718872,0.3312000036239624,0.2937000095844269,1.468400001525879,0.3310999870300293,0.24469999969005585,1.468400001525879,0.3310999870300293,0.20980000495910645,1.468400001525879,0.0,0.1467999964952469,1.468400001525879,0.3343999981880188,0.3343999981880188,0.6689000129699707,0.3310999870300293,0.20000000298023224,1.0,0.3310999870300293,0.22190000116825104,1.3310999870300293,0.3310999870300293,0.19110000133514404,1.3378000259399414,0.1688999980688095,0.16820000112056732,1.6822999715805054,0.0,0.0,0.0,0.0,0.1607999950647354,0.804099977016449,0.1656000018119812,0.21289999783039093,1.2770999670028687,0.3310999870300293,0.2296999990940094,1.608199954032898,0.3310999870300293,0.2409999966621399,2.409600019454956,1.3760000467300415,1.3760000467300415,2.7520999908447266,1.3310999870300293,1.3372999429702759,6.686699867248535,1.2422000169754028,1.3036999702453613,7.822000026702881,1.1533000469207764,1.2130000591278076,8.490900039672852,1.1476000547409058,1.1305999755859375,11.305500030517578,9.422200202941895,-0.12060000002384186,26.199399948120117,11.25220012664795,-0.10180000215768814,0.004000000189989805,0.10999999940395355,0.22920000553131104,0.42089998722076416,25.974899291992188,25.511899948120117,25.3528995513916,25.17530059814453,24.840900421142578,11.145000457763672,10.971199989318848,10.946200370788574,10.922200202941895,10.842499732971191,0.03999999910593033,0.23729999363422394,9.64229965209961,9.679699897766113,9.713600158691406,9.804499626159668,9.887999534606934,11.145000457763672,10.971199989318848,10.946200370788574,10.922200202941895,10.842499732971191,-0.10180000215768814,0.004000000189989805,0.10999999940395355,0.22920000553131104,0.42089998722076416,25.974899291992188,25.511899948120117,25.3528995513916,25.17530059814453,24.840900421142578,0.0,78.69080352783203,93.10590362548828,107.52069854736328,171.88729858398438,4.123899936676025,0.010099999606609344,0.6412000060081482,0.6412000060081482
32,158.88780212402344,133.44459533691406,24.982799530029297,0.0,0.3312000036239624,0.0,0.3310999870300293,0.337799996137619,158.88780212402344,14.881699562072754,70.23470306396484,1404.694580078125,1.000100016593933,70.31580352783203,70.31580352783203,140.63169860839844,70.43289947509766,70.40299987792969,352.0148010253906,70.41490173339844,70.3646011352539,422.18780517578125,70.39700317382812,70.30280303955078,492.1192932128906,70.20379638671875,70.07620239257812,700.76171875,15.022199630737305,15.022199630737305,30.04439926147461,15.625300407409668,15.574700355529785,77.87329864501953,15.781100273132324,15.635100364685059,93.810302734375,15.625300407409668,15.610600471496582,109.27400207519531,15.542099952697754,15.550600051879883,155.506103515625,159.05299377441406,159.05299377441406,318.10589599609375,158.8874053955078,158.7635955810547,793.8178100585938,158.7279052734375,158.6239013671875,951.7432861328125,158.56820678710938,158.4759063720703,1109.3316650390625,158.09080505371094,158.08990478515625,1580.8992919921875,0.39969998598098755,0.39969998598098755,0.7994999885559082,0.3312000036239624,0.35989999771118164,1.7994999885559082,0.3345000147819519,0.3562000095844269,2.137200117111206,0.3312000036239624,0.35260000824928284,2.4683001041412354,0.3310999870300293,0.3467999994754791,3.4683001041412354,0.3343999981880188,0.3343999981880188,0.6689000129699707,0.337799996137619,0.3612000048160553,1.805999994277954,0.337799996137619,0.3573000133037567,2.1438000202178955,0.337799996137619,0.373199999332428,2.6120998859405518,0.3343999981880188,0.2957000136375427,2.9565999507904053,0.1656000018119812,0.1656000018119812,0.3310999870300293,0.3310999870300293,0.20000000298023224,1.0,0.1656000018119812,0.16670000553131104,1.0,0.3310999870300293,0.19020000100135803,1.3310999870300293,0.3310999870300293,0.31369999051094055,3.137200117111206,1.3997000455856323,1.3997000455856323,2.799499988555908,1.3312000036239624,1.4156999588012695,7.07859992980957,1.3378000259399414,1.4038000106811523,8.42300033569336,1.3444000482559204,1.4594000577926636,10.215700149536133,1.7340999841690063,1.6172000169754028,16.172300338745117,10.373600006103516,-0.5565999746322632,-2.4196999073028564,0.01510000042617321,-0.6970999836921692,-1.2491999864578247,-1.309399962425232,-1.2848000526428223,-1.2243000268936157,-2.584399938583374,-2.296099901199341,-2.1572000980377197,-2.010200023651123,-1.6246000528335571,-0.06560000032186508,-0.1527000069618225,-0.1145000010728836,-0.052799999713897705,0.17419999837875366,0.02669999934732914,0.22010000050067902,9.973799705505371,9.962200164794922,9.975299835205078,9.920499801635742,9.763999938964844,-0.06560000032186508,-0.1527000069618225,-0.1145000010728836,-0.052799999713897705,0.17419999837875366,-0.6970999836921692,-1.2491999864578247,-1.309399962425232,-1.2848000526428223,-1.2243000268936157,-2.584399938583374,-2.296099901199341,-2.1572000980377197,-2.010200023651123,-1.6246000528335571,0.0,0.0,0.0,0.0,109.2155990600586,3.756700038909912,-0.00860000029206276,0.5791000127792358,0.5791000127792358
33,165.37130737304688,133.76019287109375,30.083200454711914,0.0,0.743399977684021,0.3310999870300293,0.3310999870300293,0.0,165.37130737304688,16.604400634765625,75.38739776611328,1507.7474365234375,1.4055999517440796,75.42630004882812,75.42630004882812,150.85260009765625,75.46009826660156,75.4645004272461,377.3222961425781,75.46009826660156,75.4229965209961,452.5379943847656,75.45999908447266,75.35669708251953,527.4967041015625,75.30149841308594,75.20040130615234,752.00390625,16.441600799560547,16.441600799560547,32.883201599121094,16.278799057006836,16.310400009155273,81.552001953125,16.249900817871094,16.279399871826172,97.67649841308594,16.221099853515625,16.257299423217773,113.8010025024414,16.19499969482422,16.231599807739258,162.3155059814453,165.46409606933594,165.46409606933594,330.9281921386719,165.59779357910156,165.60040283203125,828.002197265625,165.577392578125,165.48060607910156,992.8836059570312,165.5570068359375,165.30059814453125,1157.10400390625,165.12640380859375,164.92210388183594,1649.220947265625,0.6082000136375427,0.6082000136375427,1.2164000272750854,0.4729999899864197,0.44190001487731934,2.209700107574463,0.5676000118255615,0.48089998960494995,2.8852999210357666,0.6621999740600586,0.5067999958992004,3.547499895095825,0.47530001401901245,0.49619999527931213,4.961699962615967,0.0,0.0,0.0,0.3310999870300293,0.20000000298023224,1.0,0.1656000018119812,0.16670000553131104,1.0,0.0,0.1429000049829483,1.0,0.0,0.10000000149011612,1.0,0.0,0.0,0.0,0.3310999870300293,0.20000000298023224,1.0,0.1656000018119812,0.16670000553131104,1.0,0.0,0.1429000049829483,1.0,0.3310999870300293,0.20000000298023224,2.0,0.939300000667572,0.939300000667572,1.878600001335144,1.4249000549316406,1.3672000169754028,6.835899829864502,1.4153000116348267,1.2518999576568604,7.511499881744385,1.4055999517440796,1.1685999631881714,8.180399894714355,1.2793999910354614,1.1938999891281128,11.93910026550293,7.103499889373779,1.408400058746338,13.445199966430664,5.387499809265137,1.5714000463485718,1.7032999992370605,1.7345999479293823,1.757099986076355,1.7838000059127808,13.353400230407715,13.219900131225586,13.340100288391113,13.520400047302246,13.898799896240234,5.349100112915039,5.311200141906738,5.352499961853027,5.418499946594238,5.573500156402588,0.066600002348423,0.12349999696016312,7.568399906158447,7.1371002197265625,7.2519001960754395,7.334799766540527,7.307799816131592,5.349100112915039,5.311200141906738,5.352499961853027,5.418499946594238,5.573500156402588,1.5714000463485718,1.7032999992370605,1.7345999479293823,1.757099986076355,1.7838000059127808,13.353400230407715,13.219900131225586,13.340100288391113,13.520400047302246,13.898799896240234,57.295799255371094,100.2676010131836,128.91549682617188,157.5634002685547,257.83099365234375,4.029699802398682,0.04479999840259552,0.6455000042915344,0.6455000042915344
34,185.18780517578125,150.01820373535156,26.172500610351562,2.1259000301361084,1.4048000574111938,0.9412000179290771,0.9933000206947327,0.4683000147342682,185.18780517578125,16.502300262451172,81.15070343017578,1623.0130615234375,5.9334001541137695,80.94309997558594,80.94309997558594,161.88609313964844,80.41079711914062,80.52159881591797,402.6077880859375,80.29080200195312,80.44730377197266,482.6839904785156,80.23290252685547,80.41670227050781,562.9168090820312,80.3218994140625,80.41429901123047,804.142578125,16.503299713134766,16.503299713134766,33.00669860839844,16.502300262451172,16.417800903320312,82.08869934082031,16.503299713134766,16.477800369262695,98.86669921875,16.5044002532959,16.55660057067871,115.89610290527344,16.52440071105957,16.622800827026367,166.2279052734375,184.96670532226562,184.96670532226562,369.93341064453125,184.3612060546875,184.3350067138672,921.6746826171875,184.0272979736328,184.1728057861328,1105.037109375,183.6934051513672,184.1033935546875,1288.7237548828125,184.0301055908203,184.15170288085938,1841.516845703125,1.0401999950408936,1.0401999950408936,2.080399990081787,0.675599992275238,0.6809999942779541,3.4047999382019043,0.5,0.5685999989509583,3.411400079727173,0.4683000147342682,0.5541999936103821,3.879699945449829,0.5551999807357788,0.5723999738693237,5.724100112915039,0.23409999907016754,0.23409999907016754,0.4683000147342682,0.0,0.09369999915361404,0.4683000147342682,0.0,0.07800000160932541,0.4683000147342682,0.0,0.06689999997615814,0.4683000147342682,0.0,0.046799998730421066,0.4683000147342682,2.0738000869750977,2.0738000869750977,4.147600173950195,0.4683000147342682,0.9232000112533569,4.615799903869629,0.39969998598098755,0.8245000243186951,4.946899890899658,0.337799996137619,0.7549999952316284,5.2846999168396,0.3310999870300293,0.5953999757766724,5.95359992980957,4.649799823760986,4.649799823760986,9.299599647521973,1.7927000522613525,2.4184999465942383,12.092300415039062,1.2308000326156616,2.1268999576568604,12.761199951171875,0.8059999942779541,1.9381999969482422,13.56719970703125,1.3617000579833984,1.774899959564209,17.749500274658203,1.6263999938964844,1.9041999578475952,-6.0040998458862305,-0.09130000323057175,1.9031000137329102,1.9888999462127686,1.9290000200271606,1.8503999710083008,1.784600019454956,-5.780700206756592,-5.143599987030029,-4.981500148773193,-4.912700176239014,-4.964099884033203,0.11729999631643295,0.5408999919891357,0.6151000261306763,0.6456000208854675,0.6466000080108643,0.7459999918937683,0.532800018787384,2.909899950027466,5.1407999992370605,5.432600021362305,5.621699810028076,5.782400131225586,0.11729999631643295,0.5408999919891357,0.6151000261306763,0.6456000208854675,0.6466000080108643,1.9031000137329102,1.9888999462127686,1.9290000200271606,1.8503999710083008,1.784600019454956,-5.780700206756592,-5.143599987030029,-4.981500148773193,-4.912700176239014,-4.964099884033203,62.92179870605469,156.02769470214844,184.67559814453125,220.39480590820312,284.9432067871094,3.8069000244140625,0.10509999841451645,0.6984000205993652,0.6984000205993652
35,93.97470092773438,73.22530364990234,30.7322998046875,0.0,1.104200005531311,0.337799996137619,0.0,0.0,93.97470092773438,16.5757999420166,49.33729934692383,986.7462158203125,1.4419000148773193,49.11109924316406,49.11109924316406,98.22209930419922,49.33729934692383,52.21160125732422,261.0580139160156,53.0713005065918,53.058101654052734,318.34869384765625,56.805301666259766,54.841800689697266,383.8926086425781,57.093299865722656,58.05839920043945,580.583984375,16.621599197387695,16.621599197387695,33.243099212646484,16.763099670410156,16.750900268554688,83.75460052490234,16.763099670410156,16.829500198364258,100.97699737548828,16.763099670410156,16.87420082092285,118.11910247802734,16.763099670410156,16.784099578857422,167.84060668945312,93.44670104980469,93.44670104980469,186.89340209960938,93.97470092773438,102.40889739990234,512.0446166992188,104.82640075683594,104.79199981689453,628.7517700195312,115.6781005859375,109.1144027709961,763.8009033203125,116.2396011352539,116.8958969116211,1168.9588623046875,0.9847000241279602,0.9847000241279602,1.9693000316619873,1.104200005531311,5.604100227355957,28.02050018310547,1.1306999921798706,8.866700172424316,53.20000076293945,1.104200005531311,7.706200122833252,53.94329833984375,0.8043000102043152,5.4274001121521,54.27439880371094,0.0,0.0,0.0,0.0,0.1891999989748001,0.945900022983551,0.23409999907016754,0.23569999635219574,1.414199948310852,0.0,0.20200000703334808,1.414199948310852,0.1656000018119812,0.20829999446868896,2.0831000804901123,0.0,0.0,0.0,0.0,0.06620000302791595,0.3310999870300293,0.0,0.1340000033378601,0.804099977016449,0.0,0.18240000307559967,1.2770999670028687,0.3310999870300293,0.22769999504089355,2.277100086212158,1.319100022315979,1.319100022315979,2.638200044631958,1.4419000148773193,6.154099941253662,30.770599365234375,1.940500020980835,9.592300415039062,57.5536003112793,1.5607999563217163,8.444899559020996,59.11439895629883,1.4147000312805176,6.211400032043457,62.11439895629883,10.795000076293945,-2.930999994277954,94.11139678955078,41.854400634765625,-2.976599931716919,-3.105799913406372,-3.184299945831299,-3.2288999557495117,-3.138400077819824,94.63500213623047,85.66680145263672,83.28240203857422,78.95909881591797,71.17569732666016,42.07889938354492,38.976200103759766,38.12929916381836,36.34550094604492,33.12889862060547,0.11259999871253967,0.07530000060796738,10.915599822998047,6.081099987030029,2.6433000564575195,3.7909998893737793,6.028299808502197,42.07889938354492,38.976200103759766,38.12929916381836,36.34550094604492,33.12889862060547,-2.976599931716919,-3.105799913406372,-3.184299945831299,-3.2288999557495117,-3.138400077819824,94.63500213623047,85.66680145263672,83.28240203857422,78.95909881591797,71.17569732666016,0.0,0.0,42.9718017578125,78.69100189208984,167.69569396972656,3.4788999557495117,-0.16179999709129333,0.5655999779701233,0.5655999779701233
36,175.5926055908203,121.87830352783203,38.7504997253418,1.8871999979019165,0.0,0.3310999870300293,0.47769999504089355,0.337799996137619,175.5926055908203,23.75320053100586,80.1094970703125,1602.1905517578125,3.033799886703491,79.92169952392578,79.92169952392578,159.84339904785156,79.56179809570312,79.52570343017578,397.62860107421875,79.39559936523438,79.41729736328125,476.5038146972656,79.22930145263672,79.36720275878906,555.5706176757812,79.05280303955078,79.17559814453125,791.7559204101562,23.600299835205078,23.600299835205078,47.20050048828125,23.624399185180664,23.6156005859375,118.07779693603516,23.57379913330078,23.59119987487793,141.54690551757812,23.5231990814209,23.537200927734375,164.7606964111328,23.458200454711914,23.19409942626953,231.9409942626953,175.1132049560547,175.1132049560547,350.22650146484375,174.41619873046875,174.4447021484375,872.2235717773438,174.18519592285156,174.293701171875,1045.762451171875,174.35989379882812,174.30320739746094,1220.122314453125,174.38800048828125,174.2928009033203,1742.9278564453125,0.0,0.0,0.0,0.4683000147342682,0.28279998898506165,1.414199948310852,0.4683000147342682,0.31369999051094055,1.8825000524520874,0.4683000147342682,0.3172000050544739,2.2202999591827393,0.40070000290870667,0.30149999260902405,3.015000104904175,0.5,0.5,1.0,0.6621999740600586,0.6675999760627747,3.3378000259399414,0.5,0.6126000285148621,3.675600051879883,0.337799996137619,0.5250999927520752,3.675600051879883,0.337799996137619,0.6000000238418579,6.000100135803223,1.8425999879837036,1.8425999879837036,3.6851999759674072,1.0534000396728516,1.080199956893921,5.4008002281188965,0.7631999850273132,0.9789999723434448,5.873799800872803,0.4729999899864197,0.8863999843597412,6.204899787902832,0.7013000249862671,0.8360000252723694,8.35990047454834,3.646699905395508,3.646699905395508,7.293399810791016,3.8022000789642334,3.5027999877929688,17.513999938964844,3.4179999828338623,3.3345999717712402,20.007699966430664,3.033799886703491,3.061000108718872,21.426799774169922,3.3961000442504883,3.1879000663757324,31.878599166870117,4.526000022888184,-5.346799850463867,3.591099977493286,0.9498999714851379,-5.19379997253418,-5.208899974822998,-5.184299945831299,-5.130300045013428,-4.7866997718811035,4.072800159454346,4.746600151062012,4.897600173950195,4.887499809265137,4.894800186157227,1.1385999917984009,1.5367000102996826,1.6452000141143799,1.6950000524520874,1.8853000402450562,0.7163000106811523,0.48100000619888306,3.913100004196167,4.05649995803833,4.224899768829346,4.498899936676025,4.369500160217285,1.1385999917984009,1.5367000102996826,1.6452000141143799,1.6950000524520874,1.8853000402450562,-5.19379997253418,-5.208899974822998,-5.184299945831299,-5.130300045013428,-4.7866997718811035,4.072800159454346,4.746600151062012,4.897600173950195,4.887499809265137,4.894800186157227,64.51860046386719,157.62440490722656,179.11019897460938,207.7581024169922,279.3778076171875,3.7548999786376953,0.15710000693798065,0.7336000204086304,0.7336000204086304
37,206.5355987548828,153.27220153808594,31.320899963378906,0.6621999740600586,0.0066999997943639755,0.3310999870300293,0.0,0.3310999870300293,206.5355987548828,18.43910026550293,91.84619903564453,1836.925048828125,1.3310999870300293,91.70800018310547,91.70800018310547,183.41600036621094,91.2770004272461,91.40650177001953,457.03240966796875,91.29630279541016,91.39129638671875,548.347900390625,91.31549835205078,91.42949676513672,640.006591796875,91.61419677734375,91.6052017211914,916.0515747070312,18.447399139404297,18.447399139404297,36.89469909667969,18.549699783325195,18.673999786376953,93.37000274658203,18.62070083618164,18.677000045776367,112.06169891357422,18.549699783325195,18.64299964904785,130.50079345703125,18.447399139404297,18.51759910583496,185.1761932373047,206.2205047607422,206.2205047607422,412.4410095214844,204.85220336914062,205.01759338378906,1025.0880126953125,204.48049926757812,204.8477020263672,1229.086181640625,204.85220336914062,204.86099243164062,1434.0274658203125,205.41619873046875,205.29510498046875,2052.951171875,0.0066999997943639755,0.0066999997943639755,0.013399999588727951,0.0066999997943639755,0.06889999657869339,0.34450000524520874,0.0032999999821186066,0.05739999935030937,0.34450000524520874,0.0,0.04919999837875366,0.34450000524520874,0.0,0.06759999692440033,0.675599992275238,0.40209999680519104,0.40209999680519104,0.804099977016449,0.4683000147342682,0.41659998893737793,2.0831000804901123,0.40299999713897705,0.4023999869823456,2.414299964904785,0.337799996137619,0.3449000120162964,2.414299964904785,0.3310999870300293,0.2745000123977661,2.7453999519348145,0.8610000014305115,0.8610000014305115,1.7218999862670898,0.6621999740600586,0.715399980545044,3.5768001079559326,0.8310999870300293,0.7627999782562256,4.5767998695373535,1.0,0.7975999712944031,5.583499908447266,0.8310999870300293,1.0020999908447266,10.020899772644043,1.769700050354004,1.769700050354004,3.539400100708008,1.7405999898910522,1.7238999605178833,8.619400024414062,1.7014000415802002,1.7136000394821167,10.281599998474121,1.6621999740600586,1.6598999500274658,11.619400024414062,1.5,1.886299967765808,18.86280059814453,11.510000228881836,-0.8726000189781189,-10.632800102233887,-3.5209999084472656,-0.8808000087738037,-1.107100009918213,-1.1098999977111816,-1.0757999420166016,-0.949999988079071,-10.315799713134766,-9.108200073242188,-8.937100410461426,-8.949199676513672,-9.3818998336792,-3.381999969482422,-3.078399896621704,-3.0625998973846436,-3.1001999378204346,-3.275099992752075,0.3160000145435333,0.25679999589920044,11.071200370788574,11.123200416564941,11.13640022277832,11.192899703979492,10.973799705505371,-3.381999969482422,-3.078399896621704,-3.0625998973846436,-3.1001999378204346,-3.275099992752075,-0.8808000087738037,-1.107100009918213,-1.1098999977111816,-1.0757999420166016,-0.949999988079071,-10.315799713134766,-9.108200073242188,-8.937100410461426,-8.949199676513672,-9.3818998336792,46.41669845581055,133.1558074951172,161.779296875,189.6811065673828,302.8291015625,4.445700168609619,-0.3456000089645386,0.3626999855041504,0.3626999855041504
38,105.84609985351562,103.61990356445312,29.683000564575195,0.4683000147342682,2.3875999450683594,0.743399977684021,0.4683000147342682,0.0,120.36119842529297,14.608499526977539,57.255401611328125,1145.1080322265625,4.067500114440918,57.231201171875,57.231201171875,114.46240234375,57.08209991455078,56.960899353027344,284.8044128417969,56.91849899291992,56.83649826049805,341.01910400390625,56.75490188598633,56.711299896240234,396.9790954589844,56.49720001220703,56.535301208496094,565.352783203125,14.976900100708008,14.976900100708008,29.953899383544922,15.811400413513184,15.53339958190918,77.66690063476562,15.581199645996094,15.503000259399414,93.0177993774414,15.350899696350098,15.414199829101562,107.89939880371094,15.488100051879883,15.468400001525879,154.6842041015625,120.1187973022461,120.1187973022461,240.2375946044922,119.37220001220703,119.33319854736328,596.6661987304688,118.9738998413086,119.16819763183594,715.0093994140625,118.57559967041016,118.9927978515625,832.9494018554688,118.55680084228516,118.88999938964844,1188.9005126953125,2.3649001121520996,2.3649001121520996,4.729800224304199,1.3243999481201172,1.3720999956130981,6.860300064086914,1.1952999830245972,1.3210999965667725,7.926400184631348,1.066100001335144,1.2741999626159668,8.919699668884277,0.8310999870300293,1.058899998664856,10.588600158691406,0.1656000018119812,0.1656000018119812,0.3310999870300293,0.743399977684021,0.5527999997138977,2.7639000415802,0.5371999740600586,0.5157999992370605,3.0950000286102295,0.3310999870300293,0.4893999993801117,3.426100015640259,0.3310999870300293,0.40950000286102295,4.09499979019165,0.40299999713897705,0.40299999713897705,0.8061000108718872,0.3312000036239624,0.35989999771118164,1.7994999885559082,0.3345000147819519,0.3562000095844269,2.1373000144958496,0.337799996137619,0.37220001220703125,2.6054999828338623,0.3345000147819519,0.29499998688697815,2.950000047683716,4.290200233459473,4.290200233459473,8.580400466918945,3.5327000617980957,3.6421000957489014,18.210399627685547,3.296999931335449,3.380500078201294,20.283199310302734,3.061199903488159,3.2009999752044678,22.406999588012695,2.5799999237060547,2.756200075149536,27.562400817871094,6.833700180053711,2.5320000648498535,48.542701721191406,19.367000579833984,2.1637001037597656,1.6079000234603882,1.6384999752044678,1.7273999452590942,1.6739000082015991,48.79520034790039,49.61119842529297,49.7859992980957,49.97090148925781,50.099998474121094,19.39539909362793,19.678300857543945,19.806800842285156,19.93589973449707,20.122699737548828,0.27869999408721924,0.09700000286102295,6.6107001304626465,7.258299827575684,7.519700050354004,7.699100017547607,8.143799781799316,19.39539909362793,19.678300857543945,19.806800842285156,19.93589973449707,20.122699737548828,2.1637001037597656,1.6079000234603882,1.6384999752044678,1.7273999452590942,1.6739000082015991,48.79520034790039,49.61119842529297,49.7859992980957,49.97090148925781,50.099998474121094,80.56759643554688,167.65939331054688,171.88729858398438,200.5352020263672,272.1549987792969,3.250200033187866,0.7889000177383423,0.9257000088691711,0.9257000088691711
39,167.19900512695312,103.67259979248047,36.232200622558594,0.3310999870300293,0.47769999504089355,0.337799996137619,0.337799996137619,0.337799996137619,167.19900512695312,21.49449920654297,77.50440216064453,1550.087646484375,1.822100043296814,77.51349639892578,77.51349639892578,155.02699279785156,77.79750061035156,77.78720092773438,388.9360046386719,77.88099670410156,77.84919738769531,467.0954895019531,77.96440124511719,77.91239929199219,545.3865966796875,78.1532974243164,78.160400390625,781.6038818359375,21.272199630737305,21.272199630737305,42.544498443603516,21.04990005493164,21.074199676513672,105.37090301513672,21.076200485229492,21.080299377441406,126.48200225830078,21.102399826049805,21.084699630737305,147.59300231933594,21.111099243164062,21.316200256347656,213.16189575195312,167.32339477539062,167.32339477539062,334.64678955078125,168.19900512695312,168.10189819335938,840.509521484375,168.4376983642578,168.30369567871094,1009.8223266601562,168.67630004882812,168.5330047607422,1179.7308349609375,169.14999389648438,169.3415985107422,1693.415771484375,0.609000027179718,0.609000027179718,1.2180999517440796,0.4634999930858612,0.4025999903678894,2.0127999782562256,0.39399999380111694,0.3370000123977661,2.022200107574463,0.4634999930858612,0.39469999074935913,2.7625999450683594,0.4706000089645386,0.6381000280380249,6.380499839782715,0.3343999981880188,0.3343999981880188,0.6689000129699707,0.337799996137619,0.38920000195503235,1.9459999799728394,0.40299999713897705,0.4023999869823456,2.414299964904785,0.337799996137619,0.39309999346733093,2.752000093460083,0.40299999713897705,0.47519999742507935,4.751999855041504,0.40209999680519104,0.40209999680519104,0.804099977016449,0.4729999899864197,0.7013999819755554,3.507200002670288,0.6067000031471252,0.8348000049591064,5.008900165557861,0.7404000163078308,0.9106000065803528,6.374100208282471,1.2661999464035034,1.0405000448226929,10.405200004577637,1.9174000024795532,1.9174000024795532,3.83489990234375,2.0127999782562256,2.288599967956543,11.442999839782715,2.3958001136779785,2.370300054550171,14.221699714660645,2.7788000106811523,2.4869000911712646,17.40850067138672,2.9860000610351562,3.275599956512451,32.75579833984375,6.686999797821045,-3.481800079345703,11.617600440979004,3.2704999446868896,-3.259200096130371,-3.0604000091552734,-3.0662999153137207,-3.0703999996185303,-3.3008999824523926,11.494099617004395,10.718400001525879,10.517000198364258,10.288000106811523,9.479299545288086,3.261899948120117,2.9885001182556152,2.9261999130249023,2.862799882888794,2.6135001182556152,0.24959999322891235,0.47589999437332153,6.590199947357178,6.215700149536133,6.133500099182129,6.016499996185303,5.226200103759766,3.261899948120117,2.9885001182556152,2.9261999130249023,2.862799882888794,2.6135001182556152,-3.259200096130371,-3.0604000091552734,-3.0662999153137207,-3.0703999996185303,-3.3008999824523926,11.494099617004395,10.718400001525879,10.517000198364258,10.288000106811523,9.479299545288086,57.295799255371094,143.23939514160156,164.72540283203125,186.2113037109375,214.8592071533203,4.670400142669678,-0.5960000157356262,0.06960000097751617,0.06960000097751617
40,131.56019592285156,123.3490982055664,30.688400268554688,1.4896999597549438,0.0,0.6689000129699707,1.0555000305175781,0.7523000240325928,141.47279357910156,15.468999862670898,66.52999877929688,1330.6009521484375,3.966399908065796,66.45390319824219,66.45390319824219,132.90780639648438,66.49440002441406,66.5062026977539,332.5310974121094,66.51219940185547,66.62850189208984,399.7712097167969,66.52999877929688,66.91210174560547,468.3843994140625,66.98210144042969,67.80680084228516,678.0679931640625,15.309000015258789,15.309000015258789,30.618099212646484,15.468999862670898,15.608400344848633,78.04180145263672,15.640000343322754,15.873900413513184,95.24340057373047,15.810999870300293,16.26689910888672,113.86859893798828,16.74020004272461,17.20359992980957,172.03590393066406,140.981201171875,140.981201171875,281.96240234375,140.17489624023438,140.49740600585938,702.4869995117188,140.3321990966797,140.55389404296875,843.3233032226562,140.489501953125,140.9268035888672,986.4879150390625,141.15460205078125,142.72940063476562,1427.2939453125,0.0,0.0,0.0,0.0,0.0,0.0,0.0,0.0,0.0,0.0,0.04729999974370003,0.3310999870300293,0.0,0.10000000149011612,1.0,0.7073000073432922,0.7073000073432922,1.4146000146865845,0.6621999740600586,0.4153999984264374,2.0768001079559326,0.6621999740600586,0.6840000152587891,4.104000091552734,0.6621999740600586,0.8779000043869019,6.145500183105469,0.7479000091552734,0.9121999740600586,9.121999740600586,1.1150000095367432,1.1150000095367432,2.23009991645813,0.743399977684021,0.9355999827384949,4.677999973297119,1.05840003490448,1.2371000051498413,7.422900199890137,1.3732999563217163,1.4093999862670898,9.865599632263184,1.43149995803833,1.513800024986267,15.137700080871582,3.288800001144409,3.288800001144409,6.577700138092041,2.611299991607666,2.468600034713745,12.343000411987305,3.177999973297119,3.51990008354187,21.119199752807617,3.744800090789795,4.23859977722168,29.670299530029297,4.201900005340576,4.585999965667725,45.86040115356445,3.593400001525879,2.9375,37.71080017089844,14.52929973602295,3.097399950027466,2.79830002784729,2.532900094985962,2.140000104904175,1.2037999629974365,38.204898834228516,38.69390106201172,38.63740158081055,38.26380157470703,36.45819854736328,14.606399536132812,14.55620002746582,14.433899879455566,14.150199890136719,13.25409984588623,0.6700999736785889,0.6797000169754028,4.270899772644043,5.090700149536133,4.039599895477295,3.3213000297546387,2.971299886703491,14.606399536132812,14.55620002746582,14.433899879455566,14.150199890136719,13.25409984588623,3.097399950027466,2.79830002784729,2.532900094985962,2.140000104904175,1.2037999629974365,38.204898834228516,38.69390106201172,38.63740158081055,38.26380157470703,36.45819854736328,51.564300537109375,131.81719970703125,158.22369384765625,186.92640686035156,280.3143005371094,3.3092000484466553,0.6028000116348267,0.8910999894142151,0.8910999894142151
41,161.33819580078125,127.72599792480469,34.57740020751953,0.9459999799728394,0.9365000128746033,0.6689000129699707,0.4683000147342682,0.0,161.33819580078125,19.142499923706055,74.22949981689453,1484.5892333984375,3.0195999145507812,74.42320251464844,74.42320251464844,148.84649658203125,75.30950164794922,75.33940124511719,376.69720458984375,75.62460327148438,75.59410095214844,453.5647888183594,75.939697265625,75.83619689941406,530.8532104492188,76.7345962524414,76.33380126953125,763.3380126953125,19.188899993896484,19.188899993896484,38.377899169921875,18.96489906311035,18.91189956665039,94.55950164794922,18.82979965209961,18.819499969482422,112.91699981689453,18.694599151611328,18.712400436401367,130.98680114746094,18.439800262451172,18.4325008392334,184.32530212402344,161.87210083007812,161.87210083007812,323.74420166015625,164.2707061767578,164.28489685058594,821.4243774414062,165.0749053955078,164.90550231933594,989.4328002929688,165.87899780273438,165.49949645996094,1158.4964599609375,167.76939392089844,166.87109375,1668.71142578125,1.3034000396728516,1.3034000396728516,2.606800079345703,1.1937999725341797,1.162500023841858,5.812600135803223,1.0651999711990356,1.124899983406067,6.749100208282471,1.1937999725341797,1.1612999439239502,8.128899574279785,1.1002999544143677,1.0635000467300415,10.635000228881836,0.3702000081539154,0.3702000081539154,0.7404000163078308,0.7404000163078308,0.4472000002861023,2.2360999584198,0.5357000231742859,0.4278999865055084,2.567199945449829,0.337799996137619,0.41499999165534973,2.9049999713897705,0.3310999870300293,0.32359999418258667,3.2360999584198,0.6384999752044678,0.6384999752044678,1.2770999670028687,0.3379000127315521,0.4169999957084656,2.085200071334839,0.40070000290870667,0.4724000096321106,2.8345000743865967,0.4634999930858612,0.5116000175476074,3.580899953842163,0.6953999996185303,0.5723999738693237,5.723999977111816,3.907399892807007,3.907399892807007,7.814700126647949,3.812000036239624,3.4711999893188477,17.35580062866211,3.415800094604492,3.2839999198913574,19.703899383544922,3.0195999145507812,3.215100049972534,22.505599975585938,2.910599946975708,2.8824000358581543,28.82379913330078,5.489500045776367,-1.129699945449829,17.4783992767334,6.545400142669678,-1.1758999824523926,-0.8981999754905701,-0.8054999709129333,-0.6980000138282776,-0.4171999990940094,16.94540023803711,14.535400390625,13.915200233459473,13.321499824523926,11.949700355529785,6.352099895477295,5.436299800872803,5.181300163269043,4.939000129699707,4.440100193023682,0.5927000045776367,0.12349999696016312,4.600299835205078,5.033199787139893,5.219799995422363,5.288300037384033,5.6194000244140625,6.352099895477295,5.436299800872803,5.181300163269043,4.939000129699707,4.440100193023682,-1.1758999824523926,-0.8981999754905701,-0.8054999709129333,-0.6980000138282776,-0.4171999990940094,16.94540023803711,14.535400390625,13.915200233459473,13.321499824523926,11.949700355529785,57.2776985168457,141.0926971435547,179.8730010986328,194.19700622558594,289.0885925292969,3.954400062561035,0.1200999990105629,0.6930000185966492,0.6930000185966492
42,145.22979736328125,115.56759643554688,32.69559860229492,0.3310999870300293,0.3310999870300293,0.4683000147342682,0.3310999870300293,0.0,145.22979736328125,17.69179916381836,67.09290313720703,1341.8583984375,1.4615999460220337,66.95809936523438,66.95809936523438,133.9163055419922,66.80059814453125,66.83570098876953,334.17840576171875,66.81199645996094,66.83999633789062,401.0401916503906,66.8104019165039,66.83580017089844,467.8504943847656,66.81690216064453,66.87059783935547,668.7059936523438,17.570899963378906,17.570899963378906,35.14179992675781,17.3439998626709,17.308900833129883,86.54460144042969,17.18670082092285,17.262300491333008,103.57389831542969,17.029399871826172,17.220600128173828,120.54450225830078,17.029399871826172,17.145599365234375,171.45620727539062,145.03729248046875,145.03729248046875,290.0744934082031,144.84469604492188,144.960205078125,724.801025390625,144.94090270996094,145.00579833984375,870.0347290039062,145.03700256347656,145.02760314941406,1015.193115234375,144.96090698242188,145.04649353027344,1450.4654541015625,0.1656000018119812,0.1656000018119812,0.3310999870300293,0.0,0.06620000302791595,0.3310999870300293,0.0,0.1103999987244606,0.6621999740600586,0.0,0.1429000049829483,1.0,0.1656000018119812,0.2337999939918518,2.3378000259399414,0.0,0.0,0.0,0.0,0.0,0.0,0.0,0.0,0.0,0.0,0.0,0.0,0.0,0.0,0.0,0.1656000018119812,0.1656000018119812,0.3310999870300293,0.3310999870300293,0.20000000298023224,1.0,0.3310999870300293,0.22190000116825104,1.3310999870300293,0.3310999870300293,0.19020000100135803,1.3310999870300293,0.3310999870300293,0.22769999504089355,2.277100086212158,0.9729999899864197,0.9729999899864197,1.9459999799728394,0.4844000041484833,0.6855000257492065,3.4275999069213867,0.5799999833106995,0.7368000149726868,4.420899868011475,0.6689000129699707,0.7271000146865845,5.089799880981445,0.6722000241279602,0.8041999936103821,8.042400360107422,9.439599990844727,-0.5512999892234802,23.674100875854492,9.529500007629395,-0.4302000105381012,-0.16769999265670776,-0.120899997651577,-0.07900000363588333,-0.0032999999821186066,23.876699447631836,23.98419952392578,23.948400497436523,23.936100006103516,23.943500518798828,9.668499946594238,9.803600311279297,9.803199768066406,9.811400413513184,9.787400245666504,0.1265999972820282,0.09700000286102295,9.927900314331055,10.214900016784668,10.163399696350098,10.17300033569336,10.095800399780273,9.668499946594238,9.803600311279297,9.803199768066406,9.811400413513184,9.787400245666504,-0.4302000105381012,-0.16769999265670776,-0.120899997651577,-0.07900000363588333,-0.0032999999821186066,23.876699447631836,23.98419952392578,23.948400497436523,23.936100006103516,23.943500518798828,28.647899627685547,128.91549682617188,128.91549682617188,128.91549682617188,153.80270385742188,4.537899971008301,-0.49880000948905945,0.14480000734329224,0.14480000734329224
43,159.91639709472656,132.51339721679688,25.565099716186523,1.6621999740600586,0.3310999870300293,3.3541998863220215,1.4926999807357788,1.655500054359436,159.91639709472656,15.267800331115723,74.3895034790039,1487.790283203125,8.495800018310547,74.10990142822266,74.10990142822266,148.2198028564453,73.82350158691406,73.84649658203125,369.2326965332031,73.82689666748047,73.88159942626953,443.289794921875,73.8302993774414,73.90059661865234,517.3040161132812,73.72049713134766,73.59390258789062,735.939208984375,15.011500358581543,15.011500358581543,30.023099899291992,15.092599868774414,15.022899627685547,75.1144027709961,15.075799942016602,15.028900146484375,90.17340087890625,15.092599868774414,15.076700210571289,105.53710174560547,15.076000213623047,15.028400421142578,150.2845001220703,159.826904296875,159.826904296875,319.65380859375,160.27090454101562,160.62489318847656,803.12451171875,160.7176055908203,160.914794921875,965.4891967773438,161.16439819335938,161.06869506835938,1127.481201171875,160.697998046875,160.63580322265625,1606.3582763671875,0.6621999740600586,0.6621999740600586,1.3243999481201172,0.9933000206947327,0.7986999750137329,3.993299961090088,0.8345000147819519,0.7781000137329102,4.668900012969971,0.9933000206947327,0.9035000205039978,6.324399948120117,0.9933000206947327,1.0408999919891357,10.408900260925293,1.6655000448226929,1.6655000448226929,3.3310999870300293,1.655500054359436,1.226099967956543,6.130499839782715,1.6621999740600586,1.3203999996185303,7.9222002029418945,1.6689000129699707,1.5717999935150146,11.002400398254395,1.6721999645233154,1.6440000534057617,16.43950080871582,1.3609999418258667,1.3609999418258667,2.7219998836517334,1.0597000122070312,1.1224000453948975,5.611800193786621,1.0027999877929688,1.0132999420166016,6.080100059509277,0.945900022983551,0.9641000032424927,6.749000072479248,1.128600001335144,1.1811000108718872,11.810999870300293,8.546799659729004,8.546799659729004,17.0935001373291,7.326499938964844,6.353899955749512,31.769500732421875,6.804100036621094,6.341899871826172,38.051300048828125,7.326499938964844,7.170100212097168,50.19070053100586,7.911099910736084,7.960000038146973,79.59970092773438,3.7374000549316406,0.0478999987244606,-11.121800422668457,-6.761499881744385,0.3043000102043152,0.29350000619888306,0.28769999742507935,0.23999999463558197,0.2888999879360199,-11.03030014038086,-11.824899673461914,-12.115300178527832,-12.269800186157227,-11.839599609375,-6.480999946594238,-6.216100215911865,-6.251200199127197,-6.270299911499023,-5.964399814605713,0.5213000178337097,0.625,3.686300039291382,5.877399921417236,5.889400005340576,5.061399936676025,4.272600173950195,-6.480999946594238,-6.216100215911865,-6.251200199127197,-6.270299911499023,-5.964399814605713,0.3043000102043152,0.29350000619888306,0.28769999742507935,0.23999999463558197,0.2888999879360199,-11.03030014038086,-11.824899673461914,-12.115300178527832,-12.269800186157227,-11.839599609375,51.16669845581055,135.13229370117188,163.18179321289062,191.845703125,283.9660949707031,4.589200019836426,-0.4674000144004822,0.13279999792575836,0.13279999792575836
44,147.45269775390625,117.9490966796875,27.08690071105957,5.731500148773193,0.0,0.9553999900817871,0.337799996137619,1.0,147.45269775390625,14.309900283813477,66.49040222167969,1329.8079833984375,8.024800300598145,66.7051010131836,66.7051010131836,133.4102020263672,67.72570037841797,67.52899932861328,337.6449890136719,67.93150329589844,67.63040161132812,405.7821960449219,68.06549835205078,67.69249725341797,473.8476867675781,68.13909912109375,68.01599884033203,680.1600952148438,14.613100051879883,14.613100051879883,29.226200103759766,15.366900444030762,15.180700302124023,75.90380096435547,15.494400024414062,15.290900230407715,91.74510192871094,15.621800422668457,15.416299819946289,107.91400146484375,15.467599868774414,15.299099922180176,152.99090576171875,148.60760498046875,148.60760498046875,297.215087890625,152.07940673828125,151.26719665527344,756.3361206054688,152.32069396972656,151.48300170898438,908.8983154296875,152.07940673828125,151.53199768066406,1060.7237548828125,152.3363037109375,152.28509521484375,1522.8505859375,0.1656000018119812,0.1656000018119812,0.3310999870300293,0.3310999870300293,0.3986999988555908,1.993299961090088,0.3343999981880188,0.6169000267982483,3.7012999057769775,0.337799996137619,0.8651999831199646,6.056700229644775,0.5406000018119812,0.8468999862670898,8.468999862670898,0.6656000018119812,0.6656000018119812,1.3312000036239624,0.3312000036239624,0.46619999408721924,2.331199884414673,0.3345000147819519,0.4666000008583069,2.7994000911712646,0.337799996137619,0.5343999862670898,3.7407000064849854,0.7046999931335449,1.1928999423980713,11.928799629211426,4.870299816131592,4.870299816131592,9.740599632263184,1.3243999481201172,2.490000009536743,12.449799537658691,1.3717000484466553,2.311500072479248,13.868800163269043,1.4190000295639038,2.3880999088287354,16.71660041809082,1.9229999780654907,2.3489999771118164,23.489500045776367,7.110499858856201,7.110499858856201,14.220999717712402,4.35260009765625,4.568699836730957,22.843700408935547,4.678599834442139,4.64139986038208,27.84819984436035,5.004499912261963,5.305300235748291,37.137001037597656,7.110499858856201,7.08519983291626,70.85179901123047,3.3489999771118164,0.015200000256299973,9.015399932861328,3.759399890899658,-0.2879999876022339,-0.8553000092506409,-0.9652000069618225,-1.090499997138977,-0.9728000164031982,7.861000061035156,5.200300216674805,4.98360013961792,4.933800220489502,4.180300235748291,3.545099973678589,2.721299886703491,2.619800090789795,2.557499885559082,2.2344000339508057,0.8619999885559082,0.46549999713897705,4.263000011444092,6.809100151062012,6.73769998550415,6.0746002197265625,4.29610013961792,3.545099973678589,2.721299886703491,2.619800090789795,2.557499885559082,2.2344000339508057,-0.2879999876022339,-0.8553000092506409,-0.9652000069618225,-1.090499997138977,-0.9728000164031982,7.861000061035156,5.200300216674805,4.98360013961792,4.933800220489502,4.180300235748291,51.65340042114258,152.3979034423828,185.50680541992188,211.79730224609375,289.2630920410156,4.308800220489502,-0.560699999332428,0.2328999936580658,0.2328999936580658
45,147.02630615234375,122.31069946289062,24.987300872802734,1.3652000427246094,1.0597000122070312,0.337799996137619,0.7493000030517578,0.4683000147342682,147.02630615234375,13.918299674987793,65.58219909667969,1311.64501953125,3.980299949645996,65.82109832763672,65.82109832763672,131.64219665527344,66.68250274658203,67.05259704589844,335.2629089355469,67.25240325927734,67.66239929199219,405.9742126464844,67.82240295410156,68.41560363769531,478.90899658203125,69.91349792480469,70.83679962158203,708.3677978515625,14.0802001953125,14.0802001953125,28.160400390625,13.7475004196167,13.815699577331543,69.07830047607422,13.702699661254883,13.741100311279297,82.44640350341797,13.657999992370605,13.63759994506836,95.46320343017578,13.455300331115723,13.48330020904541,134.83340454101562,147.59860229492188,147.59860229492188,295.1971130371094,150.18870544433594,151.28480529785156,756.4240112304688,151.85389709472656,152.9803009033203,917.8817749023438,153.51919555664062,155.04200744628906,1085.2943115234375,159.48849487304688,161.48849487304688,1614.8853759765625,1.1313999891281128,1.1313999891281128,2.2627999782562256,0.746399998664856,0.7900999784469604,3.9504001140594482,0.902999997138977,0.9399999976158142,5.640100002288818,1.0597000122070312,1.1908999681472778,8.336099624633789,1.4464000463485718,2.3276000022888184,23.275699615478516,1.2854000329971313,1.2854000329971313,2.5708000659942627,3.086699962615967,2.6005001068115234,13.002300262451172,2.8777999877929688,2.6119000911712646,15.671199798583984,2.6689000129699707,2.4289000034332275,17.002300262451172,2.361599922180176,2.2771999835968018,22.772499084472656,2.0615999698638916,2.0615999698638916,4.1230998039245605,4.445000171661377,3.6396000385284424,18.197900772094727,4.609899997711182,4.0991997718811035,24.595300674438477,4.748700141906738,4.191999912261963,29.3439998626709,4.033599853515625,3.9611001014709473,39.61140060424805,7.1774001121521,7.1774001121521,14.354900360107422,14.727499961853027,12.92710018157959,64.6355972290039,15.746500015258789,13.767499923706055,82.60479736328125,14.727499961853027,13.582200050354004,95.07540130615234,15.043399810791016,13.706000328063965,137.06019592285156,8.252900123596191,1.3974000215530396,1.7683000564575195,2.0457000732421875,1.2355999946594238,1.5006999969482422,1.5755000114440918,1.6792000532150269,1.8341000080108643,1.198099970817566,-2.484800100326538,-4.180699825286865,-6.243100166320801,-12.692399978637695,1.8077000379562378,0.5778999924659729,-0.03189999982714653,-0.7853000164031982,-3.2072999477386475,0.482699990272522,0.3546000123023987,5.055600166320801,-0.6958000063896179,-1.5362000465393066,-1.350600004196167,-1.4735000133514404,1.8077000379562378,0.5778999924659729,-0.03189999982714653,-0.7853000164031982,-3.2072999477386475,1.2355999946594238,1.5006999969482422,1.5755000114440918,1.6792000532150269,1.8341000080108643,1.198099970817566,-2.484800100326538,-4.180699825286865,-6.243100166320801,-12.692399978637695,53.54650115966797,139.92970275878906,168.19520568847656,207.69720458984375,286.4483947753906,4.0278000831604,0.09390000253915787,0.6901000142097473,0.6901000142097473
46,145.36160278320312,113.0531005859375,31.739900588989258,0.4683000147342682,0.0,0.3312000036239624,0.0,0.0,145.36160278320312,17.067899703979492,68.20369720458984,1364.073486328125,0.7993999719619751,68.3333969116211,68.3333969116211,136.6667938232422,68.5604019165039,68.50920104980469,342.54620361328125,68.58399963378906,68.54679870605469,411.2810974121094,68.5604019165039,68.53880310058594,479.7713928222656,68.47669982910156,68.30339813232422,683.034423828125,17.228900909423828,17.228900909423828,34.45790100097656,17.391399383544922,17.41819953918457,87.09110260009766,17.427799224853516,17.473400115966797,104.84030151367188,17.46419906616211,17.511899948120117,122.58319854736328,17.39069938659668,17.377399444580078,173.77450561523438,145.58489990234375,145.58489990234375,291.1697998046875,146.1240997314453,145.99620056152344,729.9810180664062,146.1999053955078,146.06329345703125,876.380126953125,146.1240997314453,145.96180725097656,1021.7322998046875,145.58489990234375,144.93310546875,1449.33056640625,0.23409999907016754,0.23409999907016754,0.4683000147342682,0.4683000147342682,0.47200000286102295,2.3601999282836914,0.4729999899864197,0.5935999751091003,3.561500072479248,0.47769999504089355,0.6150000095367432,4.304900169372559,0.4683000147342682,0.4636000096797943,4.636000156402588,0.0,0.0,0.0,0.0,0.0,0.0,0.0,0.1234000027179718,0.7404000163078308,0.0,0.21369999647140503,1.4957000017166138,0.0,0.22360000014305115,2.2360999584198,0.4729999899864197,0.4729999899864197,0.9459999799728394,0.47769999504089355,0.5230000019073486,2.6149001121520996,0.5733000040054321,0.717199981212616,4.303199768066406,0.6689000129699707,0.8560000061988831,5.992099761962891,1.039199948310852,1.156000018119812,11.560400009155273,0.8759999871253967,0.8759999871253967,1.7520999908447266,1.1398999691009521,1.4774999618530273,7.387400150299072,1.469599962234497,2.160599946975708,12.963600158691406,1.799399971961975,2.565700054168701,17.959800720214844,3.046099901199341,3.1728999614715576,31.728900909423828,10.101799964904785,0.07259999960660934,23.542200088500977,8.418700218200684,-0.08829999715089798,-0.2770000100135803,-0.3319999873638153,-0.3702999949455261,-0.23520000278949738,23.329099655151367,22.948200225830078,22.890899658203125,23.00200080871582,24.05699920654297,8.29319953918457,8.130000114440918,8.096400260925293,8.108400344848633,8.354599952697754,0.27869999408721924,0.09700000286102295,10.024800300598145,9.422900199890137,8.73960018157959,8.334400177001953,7.727200031280518,8.29319953918457,8.130000114440918,8.096400260925293,8.108400344848633,8.354599952697754,-0.08829999715089798,-0.2770000100135803,-0.3319999873638153,-0.3702999949455261,-0.23520000278949738,23.329099655151367,22.948200225830078,22.890899658203125,23.00200080871582,24.05699920654297,42.9718017578125,140.68099975585938,164.2238006591797,195.90440368652344,277.8110046386719,4.617499828338623,-0.5784000158309937,0.08070000261068344,0.08070000261068344
47,145.78610229492188,113.86959838867188,25.77389907836914,7.917900085449219,11.720100402832031,7.017899990081787,9.726400375366211,9.01099967956543,145.78610229492188,13.882100105285645,64.81809997558594,1296.3612060546875,45.39339828491211,65.78140258789062,65.78140258789062,131.5626983642578,67.78780364990234,67.3750991821289,336.87530517578125,67.32340240478516,67.28900146484375,403.73419189453125,66.85890197753906,67.08350372314453,469.5848083496094,66.29759979248047,66.24600219726562,662.4595947265625,13.902799606323242,13.902799606323242,27.805700302124023,14.173500061035156,14.365900039672852,71.82939910888672,14.054100036621094,14.293999671936035,85.76409912109375,14.173500061035156,14.347100257873535,100.42949676513672,14.774499893188477,14.596099853515625,145.96119689941406,147.82420349121094,147.82420349121094,295.6484069824219,151.74249267578125,151.3914031982422,756.9570922851562,150.80239868164062,150.95950317382812,905.757080078125,149.86219787597656,150.21420288085938,1051.4991455078125,147.29299926757812,148.11790466308594,1481.178955078125,12.139300346374512,12.139300346374512,24.278600692749023,8.492899894714355,8.351200103759766,41.75579833984375,6.50629997253418,7.348899841308594,44.09349822998047,4.519800186157227,6.584799766540527,46.09349822998047,3.401099920272827,4.742499828338623,47.42470169067383,9.928299903869629,9.928299903869629,19.856700897216797,10.84570026397705,10.30519962310791,51.525901794433594,9.928299903869629,9.928999900817871,59.57400131225586,9.01099967956543,9.513099670410156,66.59200286865234,8.209400177001953,7.907299995422363,79.0730972290039,8.227499961853027,8.227499961853027,16.45490074157715,9.36460018157959,9.42080020904541,47.10380172729492,9.145400047302246,9.338299751281738,56.029998779296875,9.36460018157959,9.899999618530273,69.30020141601562,9.62969970703125,9.689499855041504,96.89459991455078,48.8291015625,48.8291015625,97.6583023071289,49.21160125732422,48.58209991455078,242.91029357910156,47.3025016784668,46.43050003051758,278.5827941894531,45.39339828491211,45.18600082397461,316.30218505859375,39.75310134887695,38.76860046386719,387.6861877441406,-33.160301208496094,1.4335999488830566,3.008500099182129,2.8099000453948975,1.4129999876022339,0.9505000114440918,1.0226000547409058,0.9696999788284302,0.7213000059127808,0.9724000096321106,-2.5915000438690186,-2.159899950027466,-1.4151999950408936,0.6783000230789185,1.847499966621399,0.25540000200271606,0.34139999747276306,0.5467000007629395,1.3834999799728394,0.8690000176429749,0.9550999999046326,-36.596099853515625,-36.350799560546875,-34.19919967651367,-32.954498291015625,-26.536100387573242,1.847499966621399,0.25540000200271606,0.34139999747276306,0.5467000007629395,1.3834999799728394,1.4129999876022339,0.9505000114440918,1.0226000547409058,0.9696999788284302,0.7213000059127808,0.9724000096321106,-2.5915000438690186,-2.159899950027466,-1.4151999950408936,0.6783000230789185,71.11109924316406,157.10409545898438,191.08560180664062,219.73350524902344,309.8688049316406,3.8749001026153564,0.24690000712871552,0.7749000191688538,0.7749000191688538
48,201.0511016845703,153.41900634765625,35.28770065307617,15.36460018157959,2.1110000610351562,10.687600135803223,7.135700225830078,5.9197001457214355,201.05099487304688,17.027000427246094,92.22319793701172,1844.464599609375,41.21849822998047,91.33429718017578,91.33429718017578,182.66859436035156,89.0354995727539,87.78179931640625,438.9092102050781,87.38269805908203,85.61900329589844,513.7139892578125,85.7300033569336,83.70099639892578,585.9072875976562,78.15019989013672,80.72640228271484,807.2636108398438,15.626700401306152,15.626700401306152,31.253400802612305,14.226300239562988,14.755900382995605,73.77950286865234,14.701299667358398,14.930999755859375,89.58599853515625,15.176400184631348,15.13759994506836,105.96309661865234,15.491399765014648,15.628999710083008,156.29049682617188,201.4550018310547,201.4550018310547,402.9100036621094,201.05099487304688,197.01620483398438,985.080810546875,198.30389404296875,191.9676055908203,1151.805419921875,195.5565948486328,187.0688018798828,1309.481689453125,175.42860412597656,178.54319763183594,1785.4322509765625,2.2309000492095947,2.2309000492095947,4.4618000984191895,4.438499927520752,4.982999801635742,24.91510009765625,5.405799865722656,5.214700222015381,31.288299560546875,4.438499927520752,5.04040002822876,35.282501220703125,3.172499895095825,3.8436999320983887,38.437198638916016,8.609299659729004,8.609299659729004,17.2185001373291,13.742400169372559,13.03439998626709,65.17220306396484,12.520600318908691,12.477899551391602,74.86730194091797,11.298800468444824,11.3056001663208,79.13890075683594,7.807400226593018,8.517900466918945,85.1792984008789,17.836000442504883,17.836000442504883,35.672000885009766,20.925600051879883,21.972400665283203,109.86180114746094,20.686800003051758,21.718299865722656,130.3096923828125,20.447900772094727,19.80430030822754,138.6298065185547,17.836000442504883,14.496100425720215,144.96090698242188,50.604400634765625,50.604400634765625,101.20890045166016,68.67389678955078,69.24870300292969,346.243408203125,64.92949676513672,67.90480041503906,407.4284973144531,61.18519973754883,62.18560028076172,435.2991943359375,50.604400634765625,46.36970138549805,463.69659423828125,-30.197599411010742,-1.0231000185012817,-44.70949935913086,-21.4862003326416,0.37720000743865967,1.2479000091552734,1.072700023651123,0.866100013256073,0.37450000643730164,-45.11520004272461,-40.67720031738281,-35.628700256347656,-30.729999542236328,-22.204700469970703,-20.597999572753906,-17.04599952697754,-14.883199691772461,-12.965299606323242,-9.990900039672852,0.9735999703407288,0.9266999959945679,-39.58610153198242,-58.23160171508789,-56.88750076293945,-51.16809844970703,-35.35110092163086,-20.597999572753906,-17.04599952697754,-14.883199691772461,-12.965299606323242,-9.990900039672852,0.37720000743865967,1.2479000091552734,1.072700023651123,0.866100013256073,0.37450000643730164,-45.11520004272461,-40.67720031738281,-35.628700256347656,-30.729999542236328,-22.204700469970703,50.46849822998047,140.9958953857422,174.9635009765625,207.2888946533203,269.9114074707031,3.521899938583374,0.6121000051498413,0.8883000016212463,0.8883000016212463
49,130.67160034179688,88.86509704589844,27.617700576782227,0.4729999899864197,0.3310999870300293,0.337799996137619,0.4729999899864197,0.3310999870300293,130.67160034179688,15.090800285339355,59.83470153808594,1196.6943359375,1.9459999799728394,59.757198333740234,59.757198333740234,119.5145034790039,59.83470153808594,59.88869857788086,299.44329833984375,59.85309982299805,60.012699127197266,360.0762939453125,59.871498107910156,60.1427001953125,420.9988098144531,60.45790100097656,60.41910171508789,604.1909790039062,15.20740032196045,15.20740032196045,30.4148006439209,15.324000358581543,15.332200050354004,76.66089630126953,15.324000358581543,15.291899681091309,91.75160217285156,15.324000358581543,15.263199806213379,106.84239959716797,15.093099594116211,15.189499855041504,151.8946990966797,130.460693359375,130.460693359375,260.9212951660156,130.67160034179688,130.79010009765625,653.9505004882812,130.72500610351562,131.1186981201172,786.71240234375,130.77850341796875,131.48919677734375,920.42431640625,132.26260375976562,132.37899780273438,1323.790283203125,0.3343999981880188,0.3343999981880188,0.6689000129699707,0.337799996137619,0.4675999879837036,2.3378000259399414,0.5,0.5130000114440918,3.078200101852417,0.4729999899864197,0.5073000192642212,3.5511999130249023,0.40540000796318054,0.40310001373291016,4.030799865722656,0.3343999981880188,0.3343999981880188,0.6689000129699707,0.3310999870300293,0.26759999990463257,1.3378000259399414,0.3310999870300293,0.22300000488758087,1.3378000259399414,0.3310999870300293,0.19110000133514404,1.3378000259399414,0.1656000018119812,0.16689999401569366,1.6689000129699707,0.4706000089645386,0.4706000089645386,0.9412000179290771,0.337799996137619,0.3882000148296356,1.9412000179290771,0.337799996137619,0.3797999918460846,2.2790000438690186,0.337799996137619,0.37290000915527344,2.610100030899048,0.337799996137619,0.388700008392334,3.8873000144958496,1.9469000101089478,1.9469000101089478,3.893899917602539,1.6756000518798828,1.5152000188827515,7.576200008392334,1.545799970626831,1.4987000226974487,8.99209976196289,1.4158999919891357,1.447700023651123,10.133999824523926,1.30840003490448,1.3028000593185425,13.027999877929688,10.287199974060059,0.2249000072479248,18.12299919128418,7.793300151824951,0.10849999636411667,-0.015799999237060547,0.02459999918937683,0.053599998354911804,0.12790000438690186,18.335899353027344,18.009899139404297,17.68090057373047,17.309799194335938,16.41710090637207,7.871600151062012,7.741799831390381,7.617700099945068,7.487599849700928,7.210400104522705,0.2685999870300293,0.24269999563694,10.286100387573242,10.715999603271484,10.732600212097168,10.78380012512207,10.929800033569336,7.871600151062012,7.741799831390381,7.617700099945068,7.487599849700928,7.210400104522705,0.10849999636411667,-0.015799999237060547,0.02459999918937683,0.053599998354911804,0.12790000438690186,18.335899353027344,18.009899139404297,17.68090057373047,17.309799194335938,16.41710090637207,64.54889678955078,150.49249267578125,169.0446014404297,190.5666961669922,262.16839599609375,4.103600025177002,0.018200000748038292,0.635200023651123,0.635200023651123
50,171.2104949951172,135.2006072998047,30.995500564575195,7.314000129699707,2.6844000816345215,7.77810001373291,6.349999904632568,7.741300106048584,171.2104949951172,17.700899124145508,76.48670196533203,1529.734375,31.867799758911133,76.35130310058594,76.35130310058594,152.70269775390625,75.22010040283203,75.53820037841797,377.6910095214844,75.71800231933594,75.86650085449219,455.1991882324219,76.21600341796875,76.63469696044922,536.4428100585938,76.99739837646484,78.32150268554688,783.2152099609375,17.944599151611328,17.944599151611328,35.889198303222656,17.245800018310547,17.283100128173828,86.41560363769531,17.090599060058594,17.069900512695312,102.41929626464844,16.93549919128418,16.917600631713867,118.42289733886719,16.179100036621094,16.18280029296875,161.82749938964844,171.0576934814453,171.0576934814453,342.1153869628906,169.96839904785156,169.9167938232422,849.5841064453125,170.4365997314453,170.87489318847656,1025.2496337890625,170.9049072265625,172.8936004638672,1210.2548828125,173.43800354003906,177.4521026611328,1774.520751953125,2.519399881362915,2.519399881362915,5.038899898529053,3.3475000858306885,5.413599967956543,27.067899703979492,5.33650016784668,6.499199867248535,38.99549865722656,7.325500011444092,6.886300086975098,48.20429992675781,5.501299858093262,6.1280999183654785,61.28139877319336,5.6579999923706055,5.6579999923706055,11.316100120544434,3.0048999786376953,3.613100051879883,18.065500259399414,3.289900064468384,3.6775999069213867,22.065500259399414,3.5748000144958496,4.152200222015381,29.065500259399414,4.515500068664551,4.625400066375732,46.253700256347656,6.124000072479248,6.124000072479248,12.248000144958496,4.934000015258789,4.92519998550415,24.62619972229004,4.272600173950195,4.420499801635742,26.522899627685547,4.934000015258789,5.033299922943115,35.2328987121582,6.244200229644775,9.114100456237793,91.14080047607422,25.811199188232422,25.811199188232422,51.622398376464844,19.754600524902344,22.19029998779297,110.95140075683594,22.054000854492188,22.853200912475586,137.11929321289062,24.3533992767334,25.146699905395508,176.02670288085938,29.017900466918945,32.088199615478516,320.8817138671875,-20.846900939941406,-1.6970000267028809,-14.868900299072266,-5.74970006942749,-1.9407000541687012,-1.2793999910354614,-1.0662000179290771,-0.9139000177383423,-0.17919999361038208,-14.717900276184082,-13.577899932861328,-14.536100387573242,-16.554800033569336,-21.113500595092773,-5.615099906921387,-4.802299976348877,-5.13070011138916,-5.89900016784668,-7.586100101470947,0.8974000215530396,0.9563999772071838,-14.792799949645996,-11.173199653625488,-11.836000442504883,-14.12909984588623,-21.069599151611328,-5.615099906921387,-4.802299976348877,-5.13070011138916,-5.89900016784668,-7.586100101470947,-1.9407000541687012,-1.2793999910354614,-1.0662000179290771,-0.9139000177383423,-0.17919999361038208,-14.717900276184082,-13.577899932861328,-14.536100387573242,-16.554800033569336,-21.113500595092773,54.02259826660156,129.93679809570312,150.5384063720703,174.9221954345703,246.54190063476562,4.003300189971924,0.13079999387264252,0.7222999930381775,0.7222999930381775
51,150.87100219726562,109.74620056152344,36.62990188598633,0.4729999899864197,0.47769999504089355,0.4683000147342682,0.3310999870300293,0.3310999870300293,150.87100219726562,19.313199996948242,70.60359954833984,1412.07275390625,2.0810999870300293,70.55460357666016,70.55460357666016,141.1092071533203,70.5302963256836,70.61650085449219,353.0826110839844,70.56700134277344,70.69390106201172,424.1636962890625,70.60359954833984,70.76219940185547,495.33551025390625,71.03450012207031,71.03079986572266,710.3082275390625,19.409900665283203,19.409900665283203,38.819698333740234,19.713199615478516,19.67650032043457,98.38259887695312,19.819000244140625,19.734899520874023,118.40969848632812,19.92490005493164,19.792299270629883,138.5460968017578,19.92490005493164,19.879199981689453,198.79200744628906,150.8679962158203,150.8679962158203,301.73590087890625,150.87100219726562,151.22740173339844,756.1370849609375,151.0198974609375,151.47019958496094,908.8211059570312,151.16879272460938,151.68359375,1061.78564453125,152.522705078125,152.45579528808594,1524.5576171875,0.4729999899864197,0.4729999899864197,0.945900022983551,0.3310999870300293,0.25540000200271606,1.2770999670028687,0.3343999981880188,0.26910001039505005,1.614799976348877,0.3310999870300293,0.27799999713897705,1.9458999633789062,0.3310999870300293,0.2946000099182129,2.9458999633789062,0.3343999981880188,0.3343999981880188,0.6689000129699707,0.3310999870300293,0.20000000298023224,1.0,0.1656000018119812,0.16670000553131104,1.0,0.0,0.1429000049829483,1.0,0.3310999870300293,0.3953999876976013,3.9540998935699463,0.4729999899864197,0.4729999899864197,0.9459999799728394,0.4729999899864197,0.5256999731063843,2.6282999515533447,0.4020000100135803,0.4424999952316284,2.6549999713897705,0.3310999870300293,0.42660000920295715,2.9860999584198,0.4729999899864197,0.7116000056266785,7.115799903869629,1.8489999771118164,1.8489999771118164,3.697999954223633,1.6168999671936035,1.5963000059127808,7.9816999435424805,1.690500020980835,1.6243000030517578,9.74590015411377,1.6168999671936035,1.5815000534057617,11.07040023803711,1.7831000089645386,2.7843000888824463,27.842899322509766,5.478700160980225,-0.9067000150680542,28.312700271606445,10.455699920654297,-1.0033999681472778,-1.2697999477386475,-1.3280999660491943,-1.3853000402450562,-1.4717999696731567,28.318099975585938,27.963899612426758,27.721099853515625,27.506999969482422,26.731800079345703,10.50570011138916,10.446000099182129,10.368499755859375,10.300000190734863,10.029999732971191,0.3709000051021576,0.3465000092983246,5.7108001708984375,5.9629998207092285,5.935200214385986,5.978400230407715,4.773099899291992,10.50570011138916,10.446000099182129,10.368499755859375,10.300000190734863,10.029999732971191,-1.0033999681472778,-1.2697999477386475,-1.3280999660491943,-1.3853000402450562,-1.4717999696731567,28.318099975585938,27.963899612426758,27.721099853515625,27.506999969482422,26.731800079345703,28.647899627685547,114.59159851074219,131.8585968017578,160.04550170898438,233.41090393066406,3.8052000999450684,0.10670000314712524,0.6995000243186951,0.6995000243186951
52,158.2845001220703,122.83470153808594,27.93779945373535,0.3310999870300293,0.3312000036239624,0.32440000772476196,0.3310999870300293,0.0,158.2845001220703,16.6653995513916,70.40840148925781,1408.1676025390625,1.3178000450134277,70.38020324707031,70.38020324707031,140.76040649414062,70.38189697265625,70.4009017944336,352.0043029785156,70.39510345458984,70.40260314941406,422.4158020019531,70.40840148925781,70.43229675292969,493.0260009765625,70.44629669189453,70.58879852294922,705.88818359375,16.62150001525879,16.62150001525879,33.24300003051758,16.5757999420166,16.521900177001953,82.6095962524414,16.563400268554688,16.52680015563965,99.16059875488281,16.551000595092773,16.515399932861328,115.60790252685547,16.499099731445312,16.52589988708496,165.2592010498047,158.2877960205078,158.2877960205078,316.5755920410156,158.29100036621094,158.3166961669922,791.5833129882812,158.2877960205078,158.23959350585938,949.4375,158.29100036621094,158.26649475097656,1107.8656005859375,158.35960388183594,158.68519592285156,1586.8521728515625,0.3312000036239624,0.3312000036239624,0.6624000072479248,0.3310999870300293,0.2662999927997589,1.3313000202178955,0.3310999870300293,0.38850000500679016,2.3313000202178955,0.3312000036239624,0.4844000041484833,3.3910000324249268,0.3312000036239624,0.4943000078201294,4.94320011138916,0.0,0.0,0.0,0.337799996137619,0.2538999915122986,1.2696000337600708,0.3310999870300293,0.26570001244544983,1.593999981880188,0.3312000036239624,0.2750000059604645,1.9251999855041504,0.3310999870300293,0.3059999942779541,3.0604000091552734,0.1656000018119812,0.1656000018119812,0.3310999870300293,0.3310999870300293,0.3756999969482422,1.878600001335144,0.40209999680519104,0.3919000029563904,2.351599931716919,0.4729999899864197,0.44339999556541443,3.1040000915527344,0.4729999899864197,0.5442000031471252,5.441800117492676,0.8277999758720398,0.8277999758720398,1.6556999683380127,1.3178000450134277,1.190500020980835,5.952499866485596,1.4664000272750854,1.292799949645996,7.7565999031066895,1.6150000095367432,1.462499976158142,10.237799644470215,1.7297999858856201,1.573099970817566,15.731200218200684,5.642399787902832,-0.09080000221729279,-8.021499633789062,-1.8901000022888184,-0.04659999907016754,0.05380000174045563,0.04919999837875366,0.06080000102519989,0.051100000739097595,-8.027000427246094,-8.062600135803223,-7.98769998550415,-8.016799926757812,-8.442099571228027,-1.8626999855041504,-1.885699987411499,-1.888200044631958,-1.9185999631881714,-2.0773000717163086,0.18520000576972961,0.10429999977350235,6.132199764251709,5.7692999839782715,5.666999816894531,5.497300148010254,5.3867998123168945,-1.8626999855041504,-1.885699987411499,-1.888200044631958,-1.9185999631881714,-2.0773000717163086,-0.04659999907016754,0.05380000174045563,0.04919999837875366,0.06080000102519989,0.051100000739097595,-8.027000427246094,-8.062600135803223,-7.98769998550415,-8.016799926757812,-8.442099571228027,42.9718017578125,110.14540100097656,136.35629272460938,186.2113037109375,300.80279541015625,4.094799995422363,0.02199999988079071,0.618399977684021,0.618399977684021
53,55.88090133666992,68.72570037841797,27.809799194335938,1.655500054359436,1.9866000413894653,0.3310999870300293,0.4729999899864197,0.4729999899864197,76.15039825439453,15.204500198364258,45.21160125732422,904.2319946289062,4.9191999435424805,45.34349822998047,45.34349822998047,90.68699645996094,45.46099853515625,45.41450119018555,227.07260131835938,45.44200134277344,45.41590118408203,272.49560546875,45.42300033569336,44.962398529052734,314.7369079589844,45.3047981262207,44.391300201416016,443.9128112792969,15.204500198364258,15.204500198364258,30.409000396728516,14.878899574279785,14.881699562072754,74.4083023071289,14.719499588012695,14.828100204467773,88.96849822998047,14.560199737548828,14.789799690246582,103.52870178222656,14.607399940490723,14.750200271606445,147.50160217285156,76.79010009765625,76.79010009765625,153.5802001953125,77.15570068359375,77.05840301513672,385.2922058105469,77.15570068359375,77.07460021972656,462.44781494140625,77.15570068359375,75.6864013671875,529.8049926757812,76.7260971069336,75.77909851074219,757.7913818359375,0.9933000206947327,0.9933000206947327,1.9866000413894653,0.0,0.39730000495910645,1.9866000413894653,0.0,4.541399955749512,27.24839973449707,0.0,7.5742998123168945,53.02040100097656,0.4174000024795532,5.4359002113342285,54.35900115966797,0.40209999680519104,0.40209999680519104,0.804099977016449,0.0,0.1607999950647354,0.804099977016449,0.0,0.1340000033378601,0.804099977016449,0.0,0.11490000039339066,0.804099977016449,0.1656000018119812,0.2134999930858612,2.135200023651123,0.8277999758720398,0.8277999758720398,1.655500054359436,0.0066999997943639755,0.3986999988555908,1.993299961090088,0.1655000001192093,0.3862999975681305,2.317699909210205,0.0066999997943639755,0.3321000039577484,2.324399948120117,0.3278000056743622,0.534500002861023,5.344900131225586,2.8617000579833984,2.8617000579833984,5.723400115966797,0.6689000129699707,1.4785000085830688,7.392300128936768,0.7365000247955322,5.496399879455566,32.97840118408203,0.804099977016449,8.393899917602539,58.75709915161133,1.721500039100647,6.613399982452393,66.13369750976562,7.313899993896484,0.1111999973654747,72.64420318603516,22.416400909423828,0.11140000075101852,0.43470001220703125,0.4884999990463257,0.5270000100135803,0.5672000050544739,72.00650024414062,71.74150085449219,71.7249984741211,73.11250305175781,73.01699829101562,22.285400390625,22.215999603271484,22.214500427246094,22.66790008544922,23.23819923400879,0.5151000022888184,0.3880000114440918,9.371299743652344,10.752799987792969,6.734899997711182,3.8376998901367188,5.619200229644775,22.285400390625,22.215999603271484,22.214500427246094,22.66790008544922,23.23819923400879,0.11140000075101852,0.43470001220703125,0.4884999990463257,0.5270000100135803,0.5672000050544739,72.00650024414062,71.74150085449219,71.7249984741211,73.11250305175781,73.01699829101562,55.353599548339844,125.61219787597656,144.23739624023438,158.5614013671875,230.1811065673828,3.1556999683380127,0.9660999774932861,0.9448999762535095,0.9448999762535095
54,143.30740356445312,108.28269958496094,30.33690071105957,0.337799996137619,0.0,1.674299955368042,0.337799996137619,1.3797999620437622,143.30740356445312,16.349700927734375,65.75070190429688,1315.0135498046875,3.729599952697754,65.85310363769531,65.85310363769531,131.70620727539062,65.75070190429688,65.50330352783203,327.51629638671875,65.54440307617188,65.26820373535156,391.60919189453125,65.33809661865234,65.11180114746094,455.7828063964844,65.24590301513672,65.11080169677734,651.1083984375,16.785999298095703,16.785999298095703,33.57210159301758,17.222400665283203,17.049100875854492,85.24530029296875,16.98349952697754,16.930299758911133,101.58180236816406,16.744699478149414,16.744300842285156,117.21029663085938,16.34709930419922,16.552099227905273,165.5207061767578,143.41990661621094,143.41990661621094,286.8398132324219,143.30740356445312,141.96839904785156,709.8421020507812,142.27670288085938,140.86239624023438,845.1744995117188,141.24600219726562,139.968994140625,979.7825927734375,137.04739379882812,138.6343994140625,1386.34423828125,0.0,0.0,0.0,0.3310999870300293,0.20000000298023224,1.0,0.3310999870300293,0.22190000116825104,1.3310999870300293,0.3310999870300293,0.23839999735355377,1.6689000129699707,0.3310999870300293,0.20000000298023224,2.0,1.0600999593734741,1.0600999593734741,2.1201999187469482,1.3797999620437622,1.205899953842163,6.029399871826172,1.4347000122070312,1.3035000562667847,7.821199893951416,1.3797999620437622,1.2238999605178833,8.567500114440918,0.743399977684021,1.0113999843597412,10.11400032043457,0.40299999713897705,0.40299999713897705,0.8059999942779541,2.4123001098632812,1.8753000497817993,9.376500129699707,1.676800012588501,1.719599962234497,10.317700386047363,0.9412000179290771,1.579699993133545,11.058099746704102,0.8407999873161316,1.277400016784668,12.77400016784668,3.1029000282287598,3.1029000282287598,6.2058000564575195,4.342199802398682,5.46750020980835,27.33769989013672,5.251100063323975,5.583000183105469,33.49769973754883,4.342199802398682,5.384799957275391,37.69369888305664,3.9628000259399414,4.370800018310547,43.708099365234375,6.605000019073486,-0.057100001722574234,24.333499908447266,9.935400009155273,-0.4934999942779541,-0.7562999725341797,-0.637499988079071,-0.4514000117778778,-0.258899986743927,24.21969985961914,25.669200897216797,26.77519989013672,27.668500900268555,28.999900817871094,9.832300186157227,10.181400299072266,10.416500091552734,10.572799682617188,10.572999954223633,0.19709999859333038,0.6809999942779541,7.231599807739258,4.863999843597412,4.747900009155273,4.945499897003174,5.962299823760986,9.832300186157227,10.181400299072266,10.416500091552734,10.572799682617188,10.572999954223633,-0.4934999942779541,-0.7562999725341797,-0.637499988079071,-0.4514000117778778,-0.258899986743927,24.21969985961914,25.669200897216797,26.77519989013672,27.668500900268555,28.999900817871094,54.693199157714844,101.40160369873047,130.04949951171875,158.69740295410156,215.99319458007812,4.491499900817871,-0.4733000099658966,0.11659999936819077,0.11659999936819077
55,155.6663055419922,119.75389862060547,24.938100814819336,0.3310999870300293,0.0,0.0,0.4729999899864197,0.0,155.6663055419922,13.0,68.3844985961914,1367.6893310546875,0.804099977016449,68.39659881591797,68.39659881591797,136.79319763183594,68.38349914550781,68.37059783935547,341.8528137207031,68.38289642333984,68.3667984008789,410.20098876953125,68.38349914550781,68.37550354003906,478.6283874511719,68.39659881591797,68.54830169677734,685.4833984375,13.0,13.0,26.0,13.0,13.0,65.0,13.0,13.000699996948242,78.00420379638672,13.0,13.001199722290039,91.00859832763672,13.002099990844727,13.16819953918457,131.6815948486328,155.54519653320312,155.54519653320312,311.0903015136719,155.17709350585938,155.2729949951172,776.3651123046875,155.16969299316406,155.2530059814453,931.518310546875,155.17709350585938,155.2707061767578,1086.89453125,155.4001007080078,155.5980987548828,1555.981201171875,0.0,0.0,0.0,0.0,0.1607999950647354,0.804099977016449,0.1656000018119812,0.21289999783039093,1.2770999670028687,0.0,0.18240000307559967,1.2770999670028687,0.3310999870300293,0.2946000099182129,2.9460999965667725,0.0,0.0,0.0,0.0,0.06620000302791595,0.3310999870300293,0.0,0.056299999356269836,0.337799996137619,0.0,0.04919999837875366,0.34450000524520874,0.0066999997943639755,0.13439999520778656,1.344499945640564,0.3343999981880188,0.3343999981880188,0.6689000129699707,0.3310999870300293,0.20000000298023224,1.0,0.3310999870300293,0.22190000116825104,1.3310999870300293,0.3310999870300293,0.2856999933719635,2.0,0.3310999870300293,0.40529999136924744,4.053500175476074,0.7365000247955322,0.7365000247955322,1.4730000495910645,0.6689000129699707,0.6541000008583069,3.2704999446868896,0.7365000247955322,0.6812999844551086,4.087900161743164,0.804099977016449,0.7287999987602234,5.10129976272583,0.9154000282287598,1.1816999912261963,11.817099571228027,11.43280029296875,0.6448000073432922,32.4197998046875,22.807300567626953,0.6449000239372253,0.6450999975204468,0.6445000171661377,0.64410001039505,0.47749999165534973,32.536598205566406,32.80270004272461,32.8213996887207,32.802799224853516,32.4734992980957,22.79330062866211,22.81719970703125,22.820600509643555,22.811800003051758,22.638900756835938,0.2786000072956085,0.07530000060796738,11.498200416564941,11.581100463867188,11.554300308227539,11.507200241088867,11.058099746704102,22.79330062866211,22.81719970703125,22.820600509643555,22.811800003051758,22.638900756835938,0.6449000239372253,0.6450999975204468,0.6445000171661377,0.64410001039505,0.47749999165534973,32.536598205566406,32.80270004272461,32.8213996887207,32.802799224853516,32.4734992980957,0.0,71.61969757080078,85.9437026977539,85.9437026977539,85.9437026977539,3.296600103378296,0.020600000396370888,0.6313999891281128,0.6313999891281128
56,161.05859375,131.71119689941406,28.16029930114746,0.3310999870300293,0.0,0.3310999870300293,0.0,0.3310999870300293,161.05859375,16.036300659179688,71.94339752197266,1438.86865234375,0.9933000206947327,71.93550109863281,71.93550109863281,143.87109375,71.7656021118164,71.8125991821289,359.06298828125,71.84660339355469,71.85900115966797,431.15411376953125,71.92759704589844,71.89659881591797,503.2762145996094,71.8843994140625,71.89019775390625,718.9019775390625,16.046600341796875,16.046600341796875,32.09320068359375,15.834500312805176,15.833800315856934,79.1688003540039,15.855400085449219,15.840800285339355,95.04499816894531,15.876299858093262,15.883600234985352,111.18509674072266,15.956299781799316,15.96030044555664,159.60260009765625,161.085205078125,161.085205078125,322.17041015625,160.9022979736328,160.89520263671875,804.4761962890625,160.98049926757812,160.9980010986328,965.9882202148438,161.05859375,161.05740356445312,1127.40185546875,160.9425048828125,160.93679809570312,1609.3681640625,0.1656000018119812,0.1656000018119812,0.3310999870300293,0.3310999870300293,0.2689000070095062,1.344499945640564,0.1688999980688095,0.2240999937057495,1.344499945640564,0.3310999870300293,0.2596000134944916,1.8174999952316284,0.3310999870300293,0.2621999979019165,2.6215999126434326,0.3310999870300293,0.3310999870300293,0.6621999740600586,0.3310999870300293,0.2662000060081482,1.3310999870300293,0.3310999870300293,0.22190000116825104,1.3310999870300293,0.3310999870300293,0.19020000100135803,1.3310999870300293,0.3310999870300293,0.23309999704360962,2.3310999870300293,0.3310999870300293,0.3310999870300293,0.6621999740600586,0.337799996137619,0.4000000059604645,2.0,0.337799996137619,0.44369998574256897,2.6621999740600586,0.337799996137619,0.428600013256073,3.0,0.337799996137619,0.3675999939441681,3.675600051879883,1.395400047302246,1.395400047302246,2.790800094604492,1.6689000129699707,1.5892000198364258,7.946000099182129,1.580899953842163,1.5472999811172485,9.28380012512207,1.4930000305175781,1.5367000102996826,10.756799697875977,1.4696999788284302,1.4182000160217285,14.182499885559082,10.027600288391113,-0.03240000084042549,-4.717100143432617,-1.2064000368118286,-0.04270000010728836,0.17000000178813934,0.16290000081062317,0.1200999990105629,0.043299999088048935,-4.7453999519348145,-4.556300163269043,-4.659200191497803,-4.718599796295166,-4.598299980163574,-1.1993000507354736,-1.07669997215271,-1.1232000589370728,-1.1608999967575073,-1.1548000574111938,0.15860000252723694,0.23729999363422394,9.623000144958496,9.427800178527832,9.469900131225586,9.480799674987793,9.600299835205078,-1.1993000507354736,-1.07669997215271,-1.1232000589370728,-1.1608999967575073,-1.1548000574111938,-0.04270000010728836,0.17000000178813934,0.16290000081062317,0.1200999990105629,0.043299999088048935,-4.7453999519348145,-4.556300163269043,-4.659200191497803,-4.718599796295166,-4.598299980163574,57.295799255371094,128.91549682617188,171.8874053955078,200.5352020263672,257.83099365234375,4.445000171661377,-0.3109999895095825,0.3019999861717224,0.3019999861717224
57,194.0330047607422,154.71389770507812,26.143299102783203,0.7404000163078308,0.4683000147342682,1.9341000318527222,1.2086999416351318,1.6962000131607056,194.0330047607422,15.413999557495117,85.00160217285156,1700.031005859375,6.047500133514404,84.98799896240234,84.98799896240234,169.9759063720703,84.97979736328125,84.98880004882812,424.9440002441406,84.97709655761719,84.91339874267578,509.4801940917969,84.97440338134766,84.8478012084961,593.9349975585938,84.69969940185547,84.32769775390625,843.2766723632812,15.38949966430664,15.38949966430664,30.77899932861328,15.364999771118164,15.35569953918457,76.77850341796875,15.38949966430664,15.437800407409668,92.6270980834961,15.413999557495117,15.49120044708252,108.4384994506836,15.67389965057373,15.600600242614746,156.00599670410156,193.9134063720703,193.9134063720703,387.8266906738281,194.2617950439453,194.131103515625,970.655517578125,194.14739990234375,194.04299926757812,1164.25830078125,194.0330047607422,193.914794921875,1357.4033203125,193.6981964111328,192.5883026123047,1925.882568359375,0.23409999907016754,0.23409999907016754,0.4683000147342682,0.7404000163078308,0.5408999919891357,2.7042999267578125,0.6043000221252441,0.5059000253677368,3.035399913787842,0.4683000147342682,0.48190000653266907,3.373199939727783,0.5651999711990356,0.7028999924659729,7.02869987487793,1.082200050354004,1.082200050354004,2.164400100708008,0.4729999899864197,0.6883000135421753,3.4416000843048096,0.4706000089645386,0.6287999749183655,3.772700071334839,0.4683000147342682,0.5389999747276306,3.772700071334839,0.4729999899864197,0.7789000272750854,7.789400100708008,0.6043000221252441,0.6043000221252441,1.2086000442504883,0.7404000163078308,0.6345000267028809,3.172600030899048,0.743399977684021,0.6953999996185303,4.172599792480469,0.7462999820709229,0.8337000012397766,5.836100101470947,0.8747000098228455,1.1682000160217285,11.681500434875488,3.865600109100342,3.865600109100342,7.731100082397461,2.620300054550171,3.0678000450134277,15.338899612426758,2.482100009918213,2.8334999084472656,17.001100540161133,2.343899965286255,2.761899948120117,19.333599090576172,2.6319000720977783,3.714400053024292,37.14440155029297,4.853700160980225,1.7265000343322754,-25.129199981689453,-8.37909984588623,1.7511999607086182,1.7855000495910645,1.7036000490188599,1.6504000425338745,1.541700005531311,-24.999399185180664,-25.18670082092285,-25.08880043029785,-24.951000213623047,-23.59819984436035,-8.36139965057373,-8.349599838256836,-8.270099639892578,-8.200699806213379,-7.669600009918213,0.38839998841285706,0.6940000057220459,7.035299777984619,7.832600116729736,8.066699981689453,8.138099670410156,7.1855998039245605,-8.36139965057373,-8.349599838256836,-8.270099639892578,-8.200699806213379,-7.669600009918213,1.7511999607086182,1.7855000495910645,1.7036000490188599,1.6504000425338745,1.541700005531311,-24.999399185180664,-25.18670082092285,-25.08880043029785,-24.951000213623047,-23.59819984436035,60.83660125732422,147.693603515625,174.6392059326172,206.35899353027344,295.4801940917969,4.190100193023682,-0.15109999477863312,0.4537999927997589,0.4537999927997589
58,170.4154052734375,140.5435028076172,26.93589973449707,1.4807000160217285,0.7404000163078308,0.9365000128746033,0.4683000147342682,0.4729999899864197,170.4154052734375,17.712299346923828,75.53389739990234,1510.67724609375,4.098800182342529,75.48310089111328,75.48310089111328,150.96629333496094,75.16519927978516,74.63069915771484,373.1532897949219,74.62629699707031,74.18009948730469,445.0804138183594,74.08740234375,73.72509765625,516.0759887695312,72.43080139160156,72.4833984375,724.8341064453125,17.6968994140625,17.6968994140625,35.39390182495117,17.681499481201172,17.45490074157715,87.27439880371094,17.36680030822754,17.378799438476562,104.27279663085938,17.052000045776367,17.292999267578125,121.05120086669922,17.193099975585938,17.29990005493164,172.9989013671875,170.44149780273438,170.44149780273438,340.88299560546875,170.1352996826172,168.7113037109375,843.5567016601562,168.97390747070312,167.5261993408203,1005.1572265625,167.81260681152344,166.29660034179688,1164.0762939453125,163.16319274902344,162.69259643554688,1626.9256591796875,0.7477999925613403,0.7477999925613403,1.4957000017166138,2.9614999294281006,2.303299903869629,11.516500473022461,2.185499906539917,2.1542999744415283,12.925999641418457,1.409500002861023,1.9412000179290771,13.588199615478516,0.7477999925613403,1.3933000564575195,13.932700157165527,0.6097000241279602,0.6097000241279602,1.2194000482559204,1.4867000579833984,1.375499963760376,6.877500057220459,1.4926999807357788,1.8233000040054321,10.93970012664795,1.4987000226974487,2.3278000354766846,16.29439926147461,2.1758999824523926,2.4976999759674072,24.97719955444336,1.4427000284194946,1.4427000284194946,2.885499954223633,3.1665000915527344,2.769700050354004,13.848699569702148,3.1486001014709473,2.829900026321411,16.979400634765625,3.1665000915527344,2.926800012588501,20.487499237060547,3.1486001014709473,2.9509999752044678,29.509700775146484,4.688399791717529,4.688399791717529,9.376799583435059,12.720000267028809,10.462599754333496,52.313201904296875,13.558500289916992,11.561599731445312,69.36949920654297,14.397000312805176,12.663399696350098,88.64360046386719,13.558500289916992,12.311200141906738,123.11209869384766,6.8024001121521,-0.5717999935150146,-1.5115000009536743,1.0886000394821167,-0.5562999844551086,-0.31360000371932983,-0.23739999532699585,-0.15139999985694885,-0.15760000050067902,-1.527500033378601,0.23309999704360962,1.4279999732971191,2.667099952697754,6.297500133514404,1.1434999704360962,2.0085999965667725,2.463200092315674,2.921999931335449,4.174600124359131,0.5532000064849854,0.45170000195503235,6.212500095367432,0.4377000033855438,-0.661300003528595,-1.7632999420166016,-1.4112000465393066,1.1434999704360962,2.0085999965667725,2.463200092315674,2.921999931335449,4.174600124359131,-0.5562999844551086,-0.31360000371932983,-0.23739999532699585,-0.15139999985694885,-0.15760000050067902,-1.527500033378601,0.23309999704360962,1.4279999732971191,2.667099952697754,6.297500133514404,56.24810028076172,120.30020141601562,158.47329711914062,190.18260192871094,261.802490234375,3.6308999061584473,0.4081999957561493,0.8374000191688538,0.8374000191688538
59,150.76840209960938,116.36979675292969,27.95319938659668,1.3243999481201172,1.6648999452590942,2.324399948120117,2.3413000106811523,3.0048999786376953,150.76840209960938,15.132699966430664,68.36199951171875,1367.239501953125,10.659899711608887,68.2489013671875,68.2489013671875,136.49769592285156,67.68579864501953,67.77539825439453,338.8771057128906,67.91079711914062,67.97689819335938,407.86151123046875,68.13580322265625,68.24909973144531,477.7438049316406,68.67320251464844,68.75129699707031,687.513427734375,14.931300163269043,14.931300163269043,29.862499237060547,14.468500137329102,14.42080020904541,72.10399627685547,14.599100112915039,14.607399940490723,87.64420318603516,14.7298002243042,14.729700088500977,103.10790252685547,15.026300430297852,14.843099594116211,148.43069458007812,150.73109436035156,150.73109436035156,301.4621887207031,150.16380310058594,148.9893035888672,744.9462890625,148.99220275878906,148.1365966796875,888.8195190429688,147.8206024169922,147.3795928955078,1031.6568603515625,144.6864013671875,146.1414031982422,1461.4141845703125,1.8070000410079956,1.8070000410079956,3.6138999462127686,1.6648999452590942,1.2984000444412231,6.491799831390381,1.2056000232696533,1.2064000368118286,7.238100051879883,0.7493000030517578,1.1411000490188599,7.987500190734863,0.7448999881744385,0.9259999990463257,9.25979995727539,3.573699951171875,3.573699951171875,7.147500038146973,3.0048999786376953,2.6087000370025635,13.043299674987793,2.332200050354004,2.339400053024292,14.036700248718262,1.7079999446868896,2.2492001056671143,15.744600296020508,1.6811000108718872,1.8722000122070312,18.72170066833496,2.154900074005127,2.154900074005127,4.309800148010254,8.983599662780762,7.038000106811523,35.19020080566406,6.28249979019165,6.461900234222412,38.77159881591797,3.581399917602539,5.841700077056885,40.891700744628906,2.574199914932251,4.517499923706055,45.174800872802734,13.437299728393555,13.437299728393555,26.87470054626465,16.214799880981445,18.169099807739258,90.84539794921875,16.17449951171875,16.60099983215332,99.60590362548828,16.134300231933594,15.558099746704102,108.90650177001953,9.980299949645996,12.399200439453125,123.99220275878906,-3.699700117111206,1.4419000148773193,-0.5054000020027161,0.15629999339580536,1.6437000036239624,2.154900074005127,1.9686000347137451,1.846500039100647,1.7338999509811401,-0.47040000557899475,1.2648999691009521,2.115299940109253,2.8701999187469482,4.1016998291015625,0.2685999870300293,0.739799976348877,0.5375000238418579,0.26460000872612,-0.23980000615119934,0.5892000198364258,0.8881999850273132,-6.47730016708374,-11.20930004119873,-9.641200065612793,-8.598299980163574,-5.439300060272217,0.2685999870300293,0.739799976348877,0.5375000238418579,0.26460000872612,-0.23980000615119934,1.6437000036239624,2.154900074005127,1.9686000347137451,1.846500039100647,1.7338999509811401,-0.47040000557899475,1.2648999691009521,2.115299940109253,2.8701999187469482,4.1016998291015625,0.0,90.92569732666016,133.1436004638672,167.67770385742188,243.50709533691406,4.388500213623047,-0.271699994802475,0.18330000340938568,0.18330000340938568
60,179.4029998779297,142.8708038330078,31.606700897216797,4.588099956512451,0.337799996137619,0.3310999870300293,0.0066999997943639755,0.337799996137619,179.4029998779297,19.2908992767334,80.22730255126953,1604.546142578125,5.601399898529053,80.50959777832031,80.50959777832031,161.01930236816406,81.70490264892578,81.37529754638672,406.8765869140625,81.7947006225586,81.5719985961914,489.43231201171875,81.8844985961914,81.76260375976562,572.337890625,82.41179656982422,82.1781005859375,821.7811889648438,19.2903995513916,19.2903995513916,38.5806999206543,19.23539924621582,19.20009994506836,96.00050354003906,19.197500228881836,19.182899475097656,115.09750366210938,19.159700393676758,19.12019920349121,133.8415985107422,19.060800552368164,18.742000579833984,187.42050170898438,180.68960571289062,180.68960571289062,361.37908935546875,185.1103973388672,183.8470001220703,919.2349243164062,185.53199768066406,184.44309997558594,1106.65869140625,185.95370483398438,184.97439575195312,1294.82080078125,187.10780334472656,186.15199279785156,1861.519775390625,0.5390999913215637,0.5390999913215637,1.0781999826431274,0.337799996137619,0.3675000071525574,1.837399959564209,0.1736000031232834,0.30730000138282776,1.844099998474121,0.009399999864399433,0.26440000534057617,1.8507000207901,0.40299999713897705,0.3537999987602234,3.538300037384033,0.3343999981880188,0.3343999981880188,0.6689000129699707,0.0,0.13379999995231628,0.6689000129699707,0.1656000018119812,0.22179999947547913,1.3310999870300293,0.3310999870300293,0.2867000102996826,2.006700038909912,0.5,0.6011000275611877,6.0106000900268555,4.818699836730957,4.818699836730957,9.637499809265137,0.9506999850273132,2.372499942779541,11.86240005493164,0.9435999989509583,2.1005001068115234,12.602800369262695,0.9365000128746033,1.9078999757766724,13.355199813842773,0.9435999989509583,1.6816999912261963,16.81719970703125,5.864500045776367,5.864500045776367,11.729000091552734,3.3317999839782715,3.890899896621704,19.454299926757812,3.4719998836517334,3.844399929046631,23.066600799560547,3.612299919128418,3.842900037765503,26.900100708007812,3.739799976348877,4.363999843597412,43.63949966430664,1.958400011062622,-0.8845000267028809,-0.21930000185966492,0.832099974155426,-0.883899986743927,-0.79339998960495,-0.7760999798774719,-0.7132999897003174,-0.33469998836517334,-1.503499984741211,-4.655600070953369,-5.251800060272217,-5.783699989318848,-6.964399814605713,0.5507000088691711,-0.31290000677108765,-0.5095999836921692,-0.7002999782562256,-1.117300033569336,0.881600022315979,0.43950000405311584,1.6952999830245972,3.6684000492095947,3.7149999141693115,3.7170000076293945,3.1933999061584473,0.5507000088691711,-0.31290000677108765,-0.5095999836921692,-0.7002999782562256,-1.117300033569336,-0.883899986743927,-0.79339998960495,-0.7760999798774719,-0.7132999897003174,-0.33469998836517334,-1.503499984741211,-4.655600070953369,-5.251800060272217,-5.783699989318848,-6.964399814605713,29.52910041809082,131.84950256347656,143.21189880371094,171.91439819335938,232.11709594726562,2.7713000774383545,1.1406999826431274,0.9516000151634216,0.9516000151634216
61,143.67889404296875,120.8926010131836,26.41360092163086,0.6621999740600586,0.0066999997943639755,0.4634999930858612,0.3310999870300293,1.344499945640564,143.67889404296875,12.273500442504883,64.5271987915039,1290.5445556640625,2.8080999851226807,64.63500213623047,64.63500213623047,129.2698974609375,64.57710266113281,64.60659790039062,323.033203125,64.55220031738281,64.58989715576172,387.5392150878906,64.5271987915039,64.55549621582031,451.8883972167969,64.47720336914062,64.29769897460938,642.9771728515625,12.030099868774414,12.030099868774414,24.060199737548828,11.401800155639648,11.601200103759766,58.00600051879883,11.594200134277344,11.748800277709961,70.4926986694336,11.786700248718262,11.958800315856934,83.71179962158203,12.38010025024414,12.525199890136719,125.25170135498047,143.9949951171875,143.9949951171875,287.989990234375,144.8347930908203,144.8769989013672,724.3851928710938,145.04580688476562,145.24099731445312,871.4459838867188,145.25669860839844,145.4268035888672,1017.9879150390625,144.99429321289062,145.0814971923828,1450.8154296875,0.0066999997943639755,0.0066999997943639755,0.013399999588727951,0.3310999870300293,0.4918999969959259,2.459700107574463,0.3310999870300293,0.4650999903678894,2.7908999919891357,0.3310999870300293,0.5435000061988831,3.80430006980896,0.7477999925613403,0.6292999982833862,6.293300151824951,1.1689000129699707,1.1689000129699707,2.3378000259399414,0.743399977684021,0.6825000047683716,3.4123001098632812,0.8683000206947327,0.7452999949455261,4.4720001220703125,0.9933000206947327,0.8348000049591064,5.843699932098389,0.7389000058174133,0.7731000185012817,7.731400012969971,0.7027999758720398,0.7027999758720398,1.4055999517440796,0.6621999740600586,0.630299985408783,3.1512999534606934,0.6621999740600586,0.6039999723434448,3.624300003051758,0.6621999740600586,0.5853000283241272,4.097300052642822,0.4729999899864197,0.47600001096725464,4.759500026702881,2.649199962615967,2.649199962615967,5.298500061035156,4.23829984664917,4.545899868011475,22.729700088500977,3.882499933242798,4.376100063323975,26.256399154663086,3.526700019836426,4.210700035095215,29.475099563598633,3.5641000270843506,4.188700199127197,41.88740158081055,8.565600395202637,2.051500082015991,12.789199829101562,5.722599983215332,2.2950000762939453,2.724299907684326,2.5768001079559326,2.367000102996826,1.801200032234192,12.473600387573242,11.590399742126465,11.225600242614746,11.038900375366211,11.38379955291748,5.615200042724609,5.643700122833252,5.660299777984619,5.694499969482422,5.952600002288818,0.26190000772476196,0.5458999872207642,8.724300384521484,6.831999778747559,7.0030999183654785,7.1691999435424805,7.192500114440918,5.615200042724609,5.643700122833252,5.660299777984619,5.694499969482422,5.952600002288818,2.2950000762939453,2.724299907684326,2.5768001079559326,2.367000102996826,1.801200032234192,12.473600387573242,11.590399742126465,11.225600242614746,11.038900375366211,11.38379955291748,55.63159942626953,114.59159851074219,141.4593963623047,170.24830627441406,257.83099365234375,2.1833999156951904,1.5647000074386597,0.9575999975204468,0.9575999975204468
62,198.34140014648438,142.6219024658203,33.05379867553711,2.4191999435424805,0.0,0.337799996137619,0.3310999870300293,0.0,198.34140014648438,17.629499435424805,87.79209899902344,1755.841796875,3.088099956512451,87.81580352783203,87.81580352783203,175.63160705566406,87.73970031738281,87.72660064697266,438.6330871582031,87.71019744873047,87.6626968383789,525.9761962890625,87.68060302734375,87.5863037109375,613.1043090820312,87.46209716796875,87.3510971069336,873.5109252929688,17.586299896240234,17.586299896240234,35.17250061035156,17.46419906616211,17.513099670410156,87.56529998779297,17.46419906616211,17.504899978637695,105.02950286865234,17.46419906616211,17.54520034790039,122.81620025634766,17.503599166870117,17.571500778198242,175.71470642089844,198.16160583496094,198.16160583496094,396.3230895996094,197.22579956054688,197.5417938232422,987.709228515625,197.22579956054688,197.36740112304688,1184.2044677734375,197.22579956054688,197.1811065673828,1380.267578125,196.71490478515625,196.7176055908203,1967.176025390625,0.0,0.0,0.0,0.0,0.0,0.0,0.0,0.0,0.0,0.0,0.0,0.0,0.0,0.0,0.0,0.0,0.0,0.0,0.0,0.0,0.0,0.0,0.0551999993622303,0.3310999870300293,0.0,0.04830000177025795,0.337799996137619,0.0,0.06759999692440033,0.675599992275238,2.037400007247925,2.037400007247925,4.074699878692627,1.006700038909912,1.1486999988555908,5.743599891662598,1.0032999515533447,1.123900055885315,6.743599891662598,1.0,1.0579999685287476,7.405799865722656,0.8277999758720398,0.9067999720573425,9.067999839782715,2.706199884414673,2.706199884414673,5.412499904632568,1.006700038909912,1.4824999570846558,7.412499904632568,1.1689000129699707,1.4572999477386475,8.743599891662598,1.1371999979019165,1.4114999771118164,9.880800247192383,1.1452000141143799,1.3502000570297241,13.502300262451172,5.421000003814697,0.3833000063896179,-19.524900436401367,-7.017199993133545,0.42669999599456787,0.5006999969482422,0.5091000199317932,0.4691999852657318,0.4438999891281128,-19.3439998626709,-18.721500396728516,-18.54669952392578,-18.36009979248047,-17.896699905395508,-7.04040002822876,-6.950900077819824,-6.887199878692627,-6.811200141906738,-6.577199935913086,0.7612000107765198,0.12349999696016312,5.801400184631348,7.0218000411987305,7.046500205993652,7.091899871826172,7.151500225067139,-7.04040002822876,-6.950900077819824,-6.887199878692627,-6.811200141906738,-6.577199935913086,0.42669999599456787,0.5006999969482422,0.5091000199317932,0.4691999852657318,0.4438999891281128,-19.3439998626709,-18.721500396728516,-18.54669952392578,-18.36009979248047,-17.896699905395508,55.617000579833984,145.206298828125,177.4969024658203,211.27430725097656,299.23199462890625,4.4054999351501465,-0.3310000002384186,0.3181999921798706,0.3181999921798706
63,164.8986053466797,112.5280990600586,30.202199935913086,1.3243999481201172,2.113100051879883,3.6487998962402344,3.2820000648498535,3.683799982070923,164.8986053466797,18.333999633789062,74.43789672851562,1488.7579345703125,14.052200317382812,75.00039672851562,75.00039672851562,150.00079345703125,76.32879638671875,75.97709655761719,379.885498046875,76.41899871826172,76.29820251464844,457.7892150878906,76.50920104980469,76.59870147705078,536.1909790039062,77.4751968383789,77.3917007446289,773.9171142578125,18.290700912475586,18.290700912475586,36.58140182495117,18.23259925842285,17.84830093383789,89.24150085449219,17.834299087524414,17.779600143432617,106.67749786376953,17.43600082397461,17.65089988708496,123.55619812011719,17.417200088500977,17.541900634765625,175.41929626464844,165.87210083007812,165.87210083007812,331.74420166015625,168.55479431152344,168.61219787597656,843.0609741210938,169.4532928466797,169.5166015625,1017.0994873046875,170.351806640625,170.31520080566406,1192.2061767578125,173.22439575195312,172.4051971435547,1724.0523681640625,1.8876999616622925,1.8876999616622925,3.7753000259399414,1.0534000396728516,1.315600037574768,6.578000068664551,1.0267000198364258,1.174399971961975,7.046299934387207,1.0,1.0539000034332275,7.377399921417236,0.6087999939918518,0.8046000003814697,8.046299934387207,4.039700031280518,4.039700031280518,8.079500198364258,3.397599935531616,3.434499979019165,17.172500610351562,3.5406999588012695,3.5401999950408936,21.241199493408203,3.683799982070923,3.5662999153137207,24.964000701904297,3.3726000785827637,2.832200050354004,28.32229995727539,2.830699920654297,2.830699920654297,5.661499977111816,6.043099880218506,5.04010009765625,25.20039939880371,6.076099872589111,5.531199932098389,33.1870002746582,6.1092000007629395,5.981299877166748,41.869300842285156,6.076099872589111,5.253900051116943,52.539398193359375,16.596399307250977,16.596399307250977,33.192901611328125,18.36400032043457,17.655799865722656,88.27880096435547,18.559600830078125,18.726499557495117,112.35890197753906,18.755199432373047,19.33370018005371,135.335693359375,18.165300369262695,15.829899787902832,158.29859924316406,-1.819100022315979,-3.0183000564575195,-16.104000091552734,-6.809899806976318,-2.974900007247925,-2.531899929046631,-2.4630000591278076,-2.3341000080108643,-2.2244999408721924,-17.07550048828125,-19.81220054626465,-20.716999053955078,-21.516199111938477,-23.609100341796875,-7.371500015258789,-8.346599578857422,-8.667799949645996,-8.968400001525879,-9.762200355529785,0.4713999927043915,0.8134999871253967,-4.363399982452393,-5.424499988555908,-6.495200157165527,-7.102099895477295,-3.5973000526428223,-7.371500015258789,-8.346599578857422,-8.667799949645996,-8.968400001525879,-9.762200355529785,-2.974900007247925,-2.531899929046631,-2.4630000591278076,-2.3341000080108643,-2.2244999408721924,-17.07550048828125,-19.81220054626465,-20.716999053955078,-21.516199111938477,-23.609100341796875,52.23820114135742,135.26319885253906,164.81629943847656,179.14019775390625,250.75999450683594,4.410600185394287,-0.2888000011444092,0.3109000027179718,0.3109000027179718
64,131.90420532226562,95.03679656982422,25.220199584960938,1.2253999710083008,1.1993999481201172,0.3310999870300293,0.4729999899864197,0.6621999740600586,131.90420532226562,15.294899940490723,59.4208984375,1188.417236328125,3.8910999298095703,59.4370002746582,59.4370002746582,118.8740005493164,59.4208984375,59.342098236083984,296.71038818359375,59.285400390625,59.19969940185547,355.19830322265625,59.149898529052734,59.09199905395508,413.64410400390625,58.6963996887207,58.77429962158203,587.7429809570312,15.368599891662598,15.368599891662598,30.73710060119629,15.762399673461914,15.867600440979004,79.33820343017578,15.966899871826172,15.986000061035156,95.91580200195312,16.17140007019043,16.104000091552734,112.72810363769531,16.57670021057129,16.35140037536621,163.51390075683594,131.918701171875,131.918701171875,263.83740234375,131.90420532226562,131.7332000732422,658.666015625,131.63560485839844,131.3542022705078,788.125,131.3668975830078,131.02749633789062,917.1923828125,130.07479858398438,130.07789611816406,1300.77880859375,1.072700023651123,1.072700023651123,2.145400047302246,1.1993999481201172,1.1821000576019287,5.910299777984619,1.0750999450683594,1.1109000444412231,6.665599822998047,0.9506999850273132,1.0579999685287476,7.406000137329102,0.850600004196167,0.8737000226974487,8.737099647521973,0.5676000118255615,0.5676000118255615,1.135200023651123,0.4729999899864197,0.5202999711036682,2.6015000343322754,0.5676000118255615,0.6014000177383423,3.6082000732421875,0.6621999740600586,0.65829998254776,4.6082000732421875,0.7013000249862671,0.7760000228881836,7.76039981842041,1.440500020980835,1.440500020980835,2.8808999061584473,1.344499945640564,1.2515000104904175,6.257699966430664,1.2848999500274658,1.098099946975708,6.588900089263916,1.2253999710083008,0.9886000156402588,6.920100212097168,0.5652999877929688,0.772599995136261,7.72629976272583,3.8138999938964844,3.8138999938964844,7.627799987792969,3.8036999702453613,3.795799970626831,18.97920036315918,3.77020001411438,3.7609000205993652,22.565200805664062,3.8036999702453613,3.822499990463257,26.757200241088867,3.77020001411438,3.7265000343322754,37.26499938964844,8.342100143432617,0.020800000056624413,16.890300750732422,8.207099914550781,-0.05270000174641609,-0.5512999892234802,-0.6693999767303467,-0.7871999740600586,-1.034000039100647,16.877899169921875,17.06679916381836,17.44540023803711,17.771400451660156,18.718299865722656,8.191900253295898,8.288399696350098,8.430700302124023,8.538299560546875,8.855199813842773,0.46709999442100525,0.4250999987125397,8.419099807739258,8.435400009155273,8.470399856567383,8.409099578857422,8.506099700927734,8.191900253295898,8.288399696350098,8.430700302124023,8.538299560546875,8.855199813842773,-0.05270000174641609,-0.5512999892234802,-0.6693999767303467,-0.7871999740600586,-1.034000039100647,16.877899169921875,17.06679916381836,17.44540023803711,17.771400451660156,18.718299865722656,10.215499877929688,103.88200378417969,132.30409240722656,165.2550048828125,227.8426055908203,4.131100177764893,-0.00930000003427267,0.6093999743461609,0.6093999743461609
65,139.89259338378906,111.66490173339844,29.566299438476562,0.9459999799728394,0.7404000163078308,0.6689000129699707,0.4634999930858612,0.3310999870300293,139.89259338378906,15.540300369262695,65.1980972290039,1303.9622802734375,3.149899959564209,65.29000091552734,65.29000091552734,130.58009338378906,65.49320220947266,65.46199798583984,327.30999755859375,65.51470184326172,65.49949645996094,392.9967041015625,65.53620147705078,65.51480102539062,458.6039123535156,65.4375991821289,65.43299865722656,654.3302001953125,15.87090015411377,15.87090015411377,31.74180030822754,16.002199172973633,15.951399803161621,79.75679779052734,15.906800270080566,15.882800102233887,95.2970962524414,15.811400413513184,15.822999954223633,110.76080322265625,15.906800270080566,15.897199630737305,158.97189331054688,140.01930236816406,140.01930236816406,280.0386047363281,140.57569885253906,140.49459838867188,702.4727783203125,140.58250427246094,140.6226043701172,843.7357788085938,140.58929443359375,140.6782989501953,984.7479248046875,140.3607940673828,140.2808074951172,1402.8082275390625,0.5390999913215637,0.5390999913215637,1.0780999660491943,0.3310999870300293,0.34940001368522644,1.7470999956130981,0.3310999870300293,0.3463999927043915,2.078200101852417,0.3312000036239624,0.43140000104904175,3.0195000171661377,0.40299999713897705,0.47049999237060547,4.705399990081787,0.1656000018119812,0.1656000018119812,0.3310999870300293,0.0,0.06620000302791595,0.3310999870300293,0.0,0.1103999987244606,0.6621999740600586,0.0,0.16220000386238098,1.135200023651123,0.3310999870300293,0.24079999327659607,2.407599925994873,0.8432000279426575,0.8432000279426575,1.6863000392913818,0.6621999740600586,0.6319000124931335,3.1593000888824463,0.5676000118255615,0.605400025844574,3.6322999000549316,0.4729999899864197,0.5662000179290771,3.963399887084961,0.4729999899864197,0.5241000056266785,5.240600109100342,2.279599905014038,2.279599905014038,4.559199810028076,1.479699969291687,1.861899971961975,9.309399604797363,1.7129000425338745,1.8759000301361084,11.255399703979492,1.9460999965667725,1.9991999864578247,13.994099617004395,2.00570011138916,2.071899890899658,20.7185001373291,9.0871000289917,-1.8954999446868896,48.193599700927734,25.993600845336914,-2.2260000705718994,-2.3062000274658203,-2.237600088119507,-2.1777000427246094,-2.2516000270843506,48.062400817871094,47.581199645996094,47.45180130004883,47.395198822021484,47.79079818725586,25.899900436401367,25.725799560546875,25.687999725341797,25.672399520874023,25.754199981689453,0.5127000212669373,0.22930000722408295,9.955100059509277,10.373299598693848,10.359700202941895,10.236800193786621,10.167900085449219,25.899900436401367,25.725799560546875,25.687999725341797,25.672399520874023,25.754199981689453,-2.2260000705718994,-2.3062000274658203,-2.237600088119507,-2.1777000427246094,-2.2516000270843506,48.062400817871094,47.581199645996094,47.45180130004883,47.395198822021484,47.79079818725586,64.45790100097656,146.13699340820312,171.8876953125,222.0211944580078,315.1271057128906,4.461599826812744,-1.1445000171661377,0.09239999949932098,0.09239999949932098
66,169.00160217285156,134.10079956054688,26.982500076293945,1.6883000135421753,0.0,1.0555000305175781,1.3378000259399414,1.0,169.00160217285156,16.69860076904297,74.46420288085938,1489.2845458984375,5.081600189208984,74.6343994140625,74.6343994140625,149.26870727539062,75.12909698486328,75.26069641113281,376.3034973144531,75.48519897460938,75.43789672851562,452.6275939941406,75.84140014648438,75.56819915771484,528.9776000976562,76.19419860839844,75.82050323486328,758.2052001953125,16.62579917907715,16.62579917907715,33.25149917602539,16.69860076904297,16.844999313354492,84.22480010986328,16.862499237060547,16.8843994140625,101.30650329589844,17.026399612426758,16.930500030517578,118.51370239257812,17.054100036621094,17.003999710083008,170.039794921875,169.49940490722656,169.49940490722656,338.9988098144531,170.42880249023438,170.52040100097656,852.6019287109375,171.00450134277344,170.72720336914062,1024.3631591796875,171.3533935546875,170.8166961669922,1195.7166748046875,171.21800231933594,170.89669799804688,1708.9671630859375,0.0,0.0,0.0,0.0,0.1891999989748001,0.945900022983551,0.23409999907016754,0.23569999635219574,1.414199948310852,0.0,0.20200000703334808,1.414199948310852,0.4683000147342682,0.28279998898506165,2.828399896621704,0.6656000018119812,0.6656000018119812,1.3310999870300293,0.6621999740600586,0.6661999821662903,3.3310999870300293,0.6621999740600586,0.5551999807357788,3.3310999870300293,0.6621999740600586,0.47589999437332153,3.3310999870300293,0.3343999981880188,0.43309998512268066,4.331099987030029,1.3508000373840332,1.3508000373840332,2.70169997215271,1.8141000270843506,1.8525999784469604,9.262999534606934,1.7511999607086182,1.700700044631958,10.20419979095459,1.6883000135421753,1.5643999576568604,10.950599670410156,0.9772999882698059,1.3186999559402466,13.186699867248535,4.446800231933594,4.446800231933594,8.893699645996094,4.662399768829346,4.613999843597412,23.070100784301758,4.489099979400635,4.301799774169922,25.810699462890625,4.315700054168701,3.9486000537872314,27.640499114990234,3.276400089263916,3.480600118637085,34.806400299072266,5.252999782562256,-0.4059999883174896,-1.360700011253357,1.2217999696731567,-0.33320000767707825,-0.5522000193595886,-0.5916000008583069,-0.6376000046730042,-0.7107999920845032,-1.8597999811172485,-2.8828001022338867,-3.089600086212158,-3.1791999340057373,-3.262399911880493,1.0511000156402588,0.4239000082015991,0.2467000037431717,0.11640000343322754,-0.13670000433921814,0.6146000027656555,0.5835999846458435,5.887599945068359,5.71750020980835,6.029099941253662,6.381700038909912,6.852499961853027,1.0511000156402588,0.4239000082015991,0.2467000037431717,0.11640000343322754,-0.13670000433921814,-0.33320000767707825,-0.5522000193595886,-0.5916000008583069,-0.6376000046730042,-0.7107999920845032,-1.8597999811172485,-2.8828001022338867,-3.089600086212158,-3.1791999340057373,-3.262399911880493,64.50330352783203,179.0948028564453,200.764404296875,229.0482940673828,310.94439697265625,4.343100070953369,-0.32499998807907104,0.2581999897956848,0.2581999897956848
67,109.63939666748047,93.60140228271484,22.236799240112305,1.6962000131607056,3.1605000495910645,0.6689000129699707,2.609999895095825,1.6796000003814697,109.63939666748047,12.041600227355957,52.91780090332031,1058.35595703125,9.815099716186523,53.13199996948242,53.13199996948242,106.26399993896484,53.75680160522461,53.77830123901367,268.8916015625,54.08980178833008,53.9026985168457,323.4162902832031,54.42290115356445,53.9921989440918,377.9450988769531,54.264400482177734,54.06719970703125,540.6718139648438,12.032299995422363,12.032299995422363,24.064599990844727,11.936800003051758,11.891200065612793,59.45589828491211,11.979900360107422,12.001099586486816,72.00659942626953,12.02299976348877,12.201600074768066,85.41130065917969,12.296199798583984,12.61989974975586,126.19889831542969,109.83889770507812,109.83889770507812,219.6779022216797,110.20349884033203,110.4198989868164,552.0993041992188,110.36669921875,110.5811996459961,663.4869995117188,110.52980041503906,110.86730194091797,776.0712280273438,111.23310089111328,110.9917984008789,1109.9183349609375,3.614000082015991,3.614000082015991,7.22790002822876,8.563400268554688,9.515999794006348,47.580101013183594,10.104100227355957,9.870800018310547,59.22480010986328,8.563400268554688,9.12559986114502,63.87919998168945,4.360899925231934,6.561999797821045,65.61959838867188,1.5831999778747559,1.5831999778747559,3.166300058364868,1.6796000003814697,2.51990008354187,12.599699974060059,2.6717000007629395,2.9967000484466553,17.979999542236328,2.819000005722046,2.971299886703491,20.798900604248047,1.5831999778747559,2.4921998977661133,24.922100067138672,1.7395999431610107,1.7395999431610107,3.4791998863220215,3.080199956893921,3.358799934387207,16.79400062561035,4.036099910736084,3.7664999961853027,22.59910011291504,3.080199956893921,3.6396000385284424,25.476900100708008,2.5510001182556152,3.0780999660491943,30.780500411987305,10.315600395202637,10.315600395202637,20.631200790405273,15.461799621582031,20.27389907836914,101.36930084228516,22.714000701904297,22.103300094604492,132.61990356445312,15.461799621582031,21.134300231933594,147.94000244140625,13.067999839782715,16.952800750732422,169.52769470214844,2.421799898147583,1.6031999588012695,78.44670104980469,38.27389907836914,1.6125999689102173,1.753999948501587,1.6440999507904053,1.4436999559402466,1.0256999731063843,78.2427978515625,77.65589904785156,77.49320220947266,77.2061996459961,77.07980346679688,38.057899475097656,37.40950012207031,37.284698486328125,37.195098876953125,37.12009811401367,0.6589000225067139,0.6815000176429749,1.919100046157837,-8.038599967956543,-9.86769962310791,-8.898300170898438,-4.7129998207092285,38.057899475097656,37.40950012207031,37.284698486328125,37.195098876953125,37.12009811401367,1.6125999689102173,1.753999948501587,1.6440999507904053,1.4436999559402466,1.0256999731063843,78.2427978515625,77.65589904785156,77.49320220947266,77.2061996459961,77.07980346679688,60.33489990234375,120.18150329589844,147.92599487304688,176.5738067626953,270.9587097167969,4.271900177001953,-0.9546999931335449,0.19789999723434448,0.19789999723434448
68,207.09559631347656,169.50900268554688,34.30030059814453,17.20599937438965,1.2030999660491943,2.3677000999450684,4.766600131988525,3.061300039291382,207.09559631347656,17.314199447631836,91.21739959716797,1824.348388671875,28.604700088500977,93.63700103759766,93.63700103759766,187.2740020751953,99.89939880371094,98.99259948730469,494.96319580078125,101.61940002441406,99.71710205078125,598.3027954101562,101.0270004272461,99.9041976928711,699.3297729492188,99.2157974243164,99.15409851074219,991.5408935546875,17.332399368286133,17.332399368286133,34.66490173339844,18.003000259399414,18.001699447631836,90.00859832763672,18.3341007232666,18.11370086669922,108.68240356445312,18.003000259399414,18.05430030822754,126.37989807128906,18.496400833129883,18.500900268554688,185.0092010498047,213.3928985595703,213.3928985595703,426.7857971191406,228.77239990234375,226.3979949951172,1131.990234375,233.18649291992188,228.26519775390625,1369.5909423828125,232.3415069580078,228.84750366210938,1601.9324951171875,227.46910095214844,226.73280334472656,2267.32861328125,0.9746999740600586,0.9746999740600586,1.9493999481201172,0.746399998664856,0.8801000118255615,4.400700092315674,0.9746999740600586,1.0571000576019287,6.342800140380859,1.2030999660491943,1.0785000324249268,7.549699783325195,0.9965000152587891,1.0289000272750854,10.288999557495117,2.3780999183654785,2.3780999183654785,4.756199836730957,3.061300039291382,3.2230000495910645,16.115100860595703,3.3951001167297363,3.444200038909912,20.665300369262695,3.728800058364868,3.7629001140594482,26.340299606323242,5.0233001708984375,5.17110013961792,51.711299896240234,15.75469970703125,15.75469970703125,31.50950050354004,12.698599815368652,9.531200408935547,47.65620040893555,10.861499786376953,9.446800231933594,56.680599212646484,9.415599822998047,9.442299842834473,66.09619903564453,9.220000267028809,9.616600036621094,96.16580200195312,25.958499908447266,25.958499908447266,51.91699981689453,20.786100387573242,20.981300354003906,104.90650177001953,22.0492000579834,21.594900131225586,129.56930541992188,23.312299728393555,22.642900466918945,158.50050354003906,26.633699417114258,26.825700759887695,268.2567138671875,-17.583799362182617,-1.3101999759674072,-50.75400161743164,-20.48040008544922,-1.3285000324249268,-1.9980000257492065,-2.109999895095825,-2.050600051879883,-2.4974000453948975,-57.0531005859375,-70.05909729003906,-71.92630004882812,-72.50869750976562,-70.39430236816406,-22.900699615478516,-28.256799697875977,-28.981300354003906,-29.16860008239746,-28.418699264526367,0.9805999994277954,0.8120999932289124,-14.940099716186523,-9.964300155639648,-10.57759952545166,-11.625399589538574,-15.807100296020508,-22.900699615478516,-28.256799697875977,-28.981300354003906,-29.16860008239746,-28.418699264526367,-1.3285000324249268,-1.9980000257492065,-2.109999895095825,-2.050600051879883,-2.4974000453948975,-57.0531005859375,-70.05909729003906,-71.92630004882812,-72.50869750976562,-70.39430236816406,63.671199798583984,157.08279418945312,178.44419860839844,198.076904296875,275.8955993652344,4.136499881744385,-0.002400000113993883,0.6305999755859375,0.6305999755859375
69,161.77499389648438,139.7028045654297,26.988800048828125,1.006700038909912,0.675599992275238,2.594599962234497,1.9398000240325928,1.3717000484466553,161.77499389648438,15.436800003051758,71.8948974609375,1437.89794921875,7.588399887084961,71.5082015991211,71.5082015991211,143.0164031982422,70.31079864501953,70.3678970336914,351.839599609375,69.86699676513672,70.11250305175781,420.6748046875,69.42320251464844,69.87200164794922,489.1037902832031,68.96219635009766,69.02799987792969,690.2802124023438,14.70110034942627,14.70110034942627,29.402099609375,13.434300422668457,13.458100318908691,67.29060363769531,13.027999877929688,13.078499794006348,78.47100067138672,12.621700286865234,12.7701997756958,89.3916015625,11.506400108337402,12.045000076293945,120.44999694824219,161.42120361328125,161.42120361328125,322.8424072265625,159.70440673828125,159.79420471191406,798.9708862304688,159.04220581054688,159.4550018310547,956.7299194335938,158.38009643554688,159.12350463867188,1113.864501953125,157.90150451660156,157.610107421875,1576.10107421875,1.026900053024292,1.026900053024292,2.053800106048584,1.3782000541687012,1.2461999654769897,6.231100082397461,1.430899977684021,1.3157999515533447,7.894599914550781,1.4837000370025635,1.4336999654769897,10.035699844360352,1.5751999616622925,1.8207999467849731,18.20829963684082,1.2136000394821167,1.2136000394821167,2.4272000789642334,1.3378000259399414,1.2273000478744507,6.136600017547607,1.1965999603271484,1.0779999494552612,6.467700004577637,1.0555000305175781,0.9713000059127808,6.798900127410889,0.8343999981880188,0.8468000292778015,8.467700004577637,1.1655000448226929,1.1655000448226929,2.3310999870300293,0.7404000163078308,0.8169999718666077,4.084799766540527,0.7080000042915344,0.7911999821662903,4.747099876403809,0.675599992275238,0.7457000017166138,5.21999979019165,0.6722000241279602,0.6966000199317932,6.966400146484375,7.251200199127197,7.251200199127197,14.502400398254395,6.612199783325195,6.251100063323975,31.255300521850586,6.267499923706055,5.830599784851074,34.983699798583984,5.922900199890137,5.582200050354004,39.075401306152344,5.318999767303467,5.307300090789795,53.072601318359375,3.7853000164031982,-1.111799955368042,-5.3069000244140625,-1.6450999975204468,-0.375900000333786,0.8673999905586243,1.2470999956130981,1.5556000471115112,2.2813000679016113,-4.952700138092041,-3.32669997215271,-2.988300085067749,-2.6577000617980957,-1.144700050354004,-1.2580000162124634,-0.11760000139474869,0.13770000636577606,0.3779999911785126,1.2223000526428223,0.38519999384880066,0.5591999888420105,4.122300148010254,5.126800060272217,5.548500061035156,5.797699928283691,6.073999881744385,-1.2580000162124634,-0.11760000139474869,0.13770000636577606,0.3779999911785126,1.2223000526428223,-0.375900000333786,0.8673999905586243,1.2470999956130981,1.5556000471115112,2.2813000679016113,-4.952700138092041,-3.32669997215271,-2.988300085067749,-2.6577000617980957,-1.144700050354004,28.647899627685547,110.3634033203125,136.1230010986328,166.48309326171875,257.83099365234375,3.6594998836517334,0.08869999647140503,0.6262999773025513,0.6262999773025513
70,181.23379516601562,148.3343963623047,29.78700065612793,1.4189000129699707,0.4683000147342682,1.0597000122070312,0.0,0.4729999899864197,181.23379516601562,17.052000045776367,80.94439697265625,1618.8875732421875,3.4198999404907227,80.92839813232422,80.92839813232422,161.85679626464844,80.87249755859375,80.62409973144531,403.1203918457031,80.63300323486328,80.4541015625,482.724609375,80.39340209960938,80.29920196533203,562.0946044921875,79.81449890136719,80.05069732666016,800.5067749023438,17.231700897216797,17.231700897216797,34.46329879760742,17.488100051879883,17.51099967956543,87.55509948730469,17.44969940185547,17.45240020751953,104.71420288085938,17.411300659179688,17.39940071105957,121.7958984375,17.285200119018555,17.331100463867188,173.3112030029297,180.8574981689453,180.8574981689453,361.71490478515625,179.4429931640625,179.14109802246094,895.705322265625,178.6134033203125,178.62179565429688,1071.73095703125,177.78390502929688,178.2375030517578,1247.6627197265625,177.18350219726562,177.8513946533203,1778.5146484375,0.4729999899864197,0.4729999899864197,0.9459999799728394,0.4683000147342682,0.28279998898506165,1.414199948310852,0.39969998598098755,0.29089999198913574,1.745300054550171,0.337799996137619,0.29760000109672546,2.0831000804901123,0.4683000147342682,0.349700003862381,3.4974000453948975,0.4729999899864197,0.4729999899864197,0.9459999799728394,0.4729999899864197,0.444599986076355,2.223099946975708,0.4706000089645386,0.44859999418258667,2.6912999153137207,0.4729999899864197,0.5353000164031982,3.746799945831299,0.4729999899864197,0.5885000228881836,5.884699821472168,1.544600009918213,1.544600009918213,3.089200019836426,1.4189000129699707,1.3173999786376953,6.587200164794922,1.239300012588501,1.1758999824523926,7.0553998947143555,1.0597000122070312,1.1145000457763672,7.801799774169922,0.9729999899864197,1.0497000217437744,10.497099876403809,3.520400047302246,3.520400047302246,7.040900230407715,3.234600067138672,3.1798999309539795,15.899499893188477,3.1744000911712646,3.1689000129699707,19.013599395751953,3.234600067138672,3.3413000106811523,23.389299392700195,3.3273000717163086,3.456399917602539,34.5635986328125,7.481299877166748,0.0885000005364418,-12.329899787902832,-4.322000026702881,-0.09099999815225601,-0.36980000138282776,-0.3109000027179718,-0.25780001282691956,-0.18889999389648438,-11.943499565124512,-10.196599960327148,-9.66759967803955,-9.273799896240234,-8.86139965057373,-4.301799774169922,-3.984800100326538,-3.810800075531006,-3.652100086212158,-3.392699956893921,0.5504999756813049,0.46309998631477356,7.380499839782715,7.7204999923706055,7.731299877166748,7.558700084686279,7.443699836730957,-4.301799774169922,-3.984800100326538,-3.810800075531006,-3.652100086212158,-3.392699956893921,-0.09099999815225601,-0.36980000138282776,-0.3109000027179718,-0.25780001282691956,-0.18889999389648438,-11.943499565124512,-10.196599960327148,-9.66759967803955,-9.273799896240234,-8.86139965057373,56.443199157714844,137.29730224609375,163.41110229492188,187.92550659179688,253.63929748535156,4.2093000411987305,-0.17020000517368317,0.4372999966144562,0.4372999966144562
71,264.6018981933594,56.927398681640625,242.8446044921875,0.0,0.0,0.0,0.746399998664856,2.317699909210205,264.6018981933594,18.32740020751953,181.50369262695312,3630.074462890625,3.063999891281128,181.7386016845703,181.7386016845703,363.4772033691406,182.80099487304688,183.24490356445312,916.2244262695312,183.6885986328125,183.67840576171875,1102.0703125,184.57620239257812,184.06820678710938,1288.4776611328125,185.60800170898438,184.83450317382812,1848.3448486328125,17.50149917602539,17.50149917602539,35.00299835205078,16.411699295043945,16.547199249267578,82.73590087890625,16.543699264526367,16.634599685668945,99.80750274658203,16.675600051879883,16.80340003967285,117.6238021850586,17.115800857543945,16.976499557495117,169.7646942138672,264.6018981933594,264.6018981933594,529.2037963867188,264.6018981933594,264.2008972167969,1321.0042724609375,264.09051513671875,264.0971984863281,1584.5833740234375,263.5791015625,264.023193359375,1848.162353515625,263.5791015625,263.8900146484375,2638.899658203125,0.1656000018119812,0.1656000018119812,0.3310999870300293,0.0,2.7202000617980957,13.601099967956543,0.0,2.2667999267578125,13.601099967956543,0.0,1.9429999589920044,13.601099967956543,0.0,1.3601000308990479,13.601099967956543,2.3427000045776367,2.3427000045776367,4.685400009155273,2.317699909210205,2.336699962615967,11.683500289916992,2.227799892425537,2.115000009536743,12.690199851989746,2.1379001140594482,1.9075000286102295,13.352399826049805,2.0078001022338867,1.759600043296814,17.59600067138672,0.0,0.0,0.0,0.0,0.0,0.0,0.0,0.0,0.0,0.0,0.0,0.0,0.0,0.0,0.0,3.776099920272827,3.776099920272827,7.552199840545654,4.488100051879883,6.957699775695801,34.78850173950195,4.395400047302246,6.364699840545654,38.18830108642578,4.302599906921387,5.598299980163574,39.18830108642578,3.8512001037597656,4.793600082397461,47.9359016418457,9.172900199890137,-4.682600021362305,-76.51580047607422,-90.31199645996094,-3.856600046157837,-2.9019999504089355,-2.9893999099731445,-3.158099889755249,-3.3308000564575195,-76.52020263671875,-76.1250991821289,-76.02279663085938,-75.94969940185547,-75.81839752197266,-90.54869842529297,-92.05709838867188,-92.49099731445312,-92.88099670410156,-93.64720153808594,0.11259999871253967,0.7501000165939331,8.458600044250488,5.277500152587891,5.8709001541137695,6.637599945068359,7.446199893951416,-90.54869842529297,-92.05709838867188,-92.49099731445312,-92.88099670410156,-93.64720153808594,-3.856600046157837,-2.9019999504089355,-2.9893999099731445,-3.158099889755249,-3.3308000564575195,-76.52020263671875,-76.1250991821289,-76.02279663085938,-75.94969940185547,-75.81839752197266,0.0,0.0,0.0,0.0,0.0,3.4447999000549316,-0.12770000100135803,0.5784000158309937,0.5784000158309937
72,151.02980041503906,125.67019653320312,106.52100372314453,0.0,0.0,0.0,0.337799996137619,0.0,151.02980041503906,14.015999794006348,87.85700225830078,1757.1397705078125,0.337799996137619,87.84929656982422,87.84929656982422,175.69869995117188,87.85700225830078,87.86650085449219,439.3323974609375,87.8739013671875,87.93379974365234,527.6029052734375,87.89089965820312,88.07599639892578,616.5317993164062,88.10820007324219,88.7489013671875,887.4885864257812,14.009900093078613,14.009900093078613,28.019899368286133,14.0,14.003999710083008,70.0198974609375,14.001999855041504,14.003999710083008,84.0238037109375,14.003899574279785,14.00570011138916,98.03980255126953,14.009900093078613,14.033599853515625,140.33639526367188,151.02980041503906,151.02980041503906,302.0596008300781,151.09280395507812,151.11720275878906,755.5858154296875,151.11770629882812,151.156005859375,906.9360961914062,151.14259338378906,151.34669494628906,1059.4268798828125,151.3206024169922,152.047607421875,1520.4764404296875,0.0,0.0,0.0,0.3312000036239624,0.22750000655651093,1.1373000144958496,0.3310999870300293,0.24469999969005585,1.468400001525879,0.3310999870300293,0.257099986076355,1.7994999885559082,0.3345000147819519,0.48750001192092896,4.874599933624268,0.0,0.0,0.0,0.0,0.29910001158714294,1.4957000017166138,0.3702000081539154,0.3727000057697296,2.2360999584198,0.7404000163078308,0.4690000116825104,3.283099889755249,0.7477999925613403,0.9347000122070312,9.34689998626709,0.1656000018119812,0.1656000018119812,0.3310999870300293,0.3310999870300293,0.33239999413490295,1.6621999740600586,0.3343999981880188,0.4537000060081482,2.72189998626709,0.337799996137619,0.6736000180244446,4.7153000831604,0.8610000014305115,1.5432000160217285,15.43239974975586,0.5,0.5,1.0,0.8059999942779541,1.3532999753952026,6.766300201416016,1.4779000282287598,1.6584999561309814,9.950900077819824,2.1496999263763428,2.1909000873565674,15.336400032043457,2.9976000785827637,4.1255998611450195,41.256099700927734,11.899200439453125,-0.37119999527931213,37.056400299072266,3.334700107574463,-0.36500000953674316,-0.3587999939918518,-0.3587999939918518,-0.36039999127388,-0.3880000114440918,37.05189895629883,36.95859909057617,36.918399810791016,36.72679901123047,36.02389907836914,3.34060001373291,3.3213000297546387,3.2535998821258545,3.111299991607666,2.4384000301361084,0.11259999871253967,0.07530000060796738,11.734700202941895,10.881999969482422,10.577099800109863,10.045000076293945,8.1141996383667,3.34060001373291,3.3213000297546387,3.2535998821258545,3.111299991607666,2.4384000301361084,-0.36500000953674316,-0.3587999939918518,-0.3587999939918518,-0.36039999127388,-0.3880000114440918,37.05189895629883,36.95859909057617,36.918399810791016,36.72679901123047,36.02389907836914,28.647899627685547,143.23939514160156,183.3135986328125,209.4832000732422,300.80279541015625,4.128600120544434,-0.8113999962806702,0.29030001163482666,0.29030001163482666
73,153.79750061035156,139.4091033935547,27.73080062866211,3.164400100708008,0.4683000147342682,2.4251999855041504,2.134700059890747,1.666200041770935,154.19239807128906,15.003700256347656,71.38839721679688,1427.7686767578125,9.858699798583984,71.70600128173828,71.70600128173828,143.41209411621094,72.97920227050781,73.0020980834961,365.01031494140625,73.44439697265625,73.39739990234375,440.3846130371094,73.90959930419922,73.86710357666016,517.06982421875,75.04190063476562,75.61139678955078,756.1141967773438,15.001199722290039,15.001199722290039,30.002300262451172,15.003700256347656,15.128399848937988,75.64219665527344,15.001199722290039,15.07229995727539,90.43379974365234,15.003700256347656,15.148900032043457,106.04199981689453,15.333700180053711,15.510600090026855,155.10629272460938,155.0657958984375,155.0657958984375,310.1315002441406,159.10350036621094,158.99920654296875,794.9957885742188,160.3347930908203,160.25840759277344,961.5504760742188,161.56610107421875,161.63429260253906,1131.43994140625,165.37469482421875,166.5402069091797,1665.4022216796875,0.40299999713897705,0.40299999713897705,0.8059999942779541,0.3310999870300293,0.227400004863739,1.1371999979019165,0.1656000018119812,0.18950000405311584,1.1371999979019165,0.0,0.16249999403953552,1.1371999979019165,0.0066999997943639755,0.14820000529289246,1.481600046157837,1.9031000137329102,1.9031000137329102,3.8062000274658203,1.7855000495910645,1.7473000288009644,8.736700057983398,1.8655999898910522,1.7826999425888062,10.696100234985352,1.9456000328063965,1.863800048828125,13.046799659729004,1.9524999856948853,2.0107998847961426,20.107799530029297,3.813800096511841,3.813800096511841,7.627600193023682,3.164400100708008,3.335200071334839,16.676000595092773,3.235100030899048,3.353100061416626,20.11870002746582,3.305799961090088,3.4054999351501465,23.838499069213867,3.5106000900268555,3.746299982070923,37.462799072265625,11.016599655151367,11.016599655151367,22.033100128173828,9.858699798583984,9.13640022277832,45.681800842285156,9.886500358581543,9.352700233459473,56.1161003112793,9.914299964904785,9.835200309753418,68.84619903564453,10.174300193786621,10.622300148010254,106.22270202636719,0.4758000075817108,1.2889000177383423,13.44849967956543,4.297599792480469,1.2913999557495117,1.1642999649047852,1.2204999923706055,1.1440000534057617,0.7825999855995178,12.573800086975098,8.638400077819824,7.379199981689453,6.003200054168701,1.094099998474121,3.9793999195098877,2.6826000213623047,2.2871999740600586,1.8174999952316284,0.07240000367164612,0.7746999859809875,0.7160999774932861,-0.6820999979972839,1.195199966430664,0.9782000184059143,0.4952000081539154,-0.2890999913215637,3.9793999195098877,2.6826000213623047,2.2871999740600586,1.8174999952316284,0.07240000367164612,1.2913999557495117,1.1642999649047852,1.2204999923706055,1.1440000534057617,0.7825999855995178,12.573800086975098,8.638400077819824,7.379199981689453,6.003200054168701,1.094099998474121,25.741300582885742,118.9375991821289,154.65679931640625,168.98069763183594,233.43850708007812,4.267499923706055,-0.2493000030517578,0.33180001378059387,0.33180001378059387
74,163.3636932373047,131.13290405273438,28.35540008544922,0.9412000179290771,0.3310999870300293,1.4896999597549438,1.1993999481201172,1.3717000484466553,163.3636932373047,17.545299530029297,72.90299987792969,1458.060791015625,5.333099842071533,72.73919677734375,72.73919677734375,145.4783935546875,72.42539978027344,72.47709655761719,362.38531494140625,72.37310028076172,72.42379760742188,434.5426940917969,72.42539978027344,72.49960327148438,507.4974060058594,72.73919677734375,73.86740112304688,738.6740112304688,17.414400100708008,17.414400100708008,34.828800201416016,17.029399871826172,17.183399200439453,85.91699981689453,17.029399871826172,17.10919952392578,102.65499877929688,17.029399871826172,17.12339973449707,119.86360168457031,17.246000289916992,17.244600296020508,172.44610595703125,162.94400024414062,162.94400024414062,325.88800048828125,162.57960510253906,162.7480926513672,813.740478515625,162.7675018310547,162.90809631347656,977.4484252929688,162.9553985595703,163.3000030517578,1143.099853515625,163.53579711914062,166.72860717773438,1667.2855224609375,0.5371999740600586,0.5371999740600586,1.0744999647140503,0.743399977684021,0.7321000099182129,3.660599946975708,0.7027999758720398,0.7204999923706055,4.322800159454346,0.6621999740600586,0.6657999753952026,4.660600185394287,0.40540000796318054,0.4991999864578247,4.991700172424316,1.3581000566482544,1.3581000566482544,2.716099977493286,0.9933000206947327,0.8080999851226807,4.040599822998047,0.7332000136375427,0.7523000240325928,4.513599872589111,0.743399977684021,0.7509999871253967,5.256999969482422,1.0233999490737915,0.9714999794960022,9.714500427246094,0.8083999752998352,0.8083999752998352,1.6167999505996704,0.9412000179290771,1.7791999578475952,8.896200180053711,1.6749000549316406,2.3183000087738037,13.909600257873535,2.4086999893188477,2.7827000617980957,19.478700637817383,4.70550012588501,4.131899833679199,41.31909942626953,5.24399995803833,5.24399995803833,10.487899780273438,5.154799938201904,5.475800037384033,27.378799438476562,5.24399995803833,6.1016998291015625,36.609901428222656,5.333099842071533,6.808599948883057,47.660301208496094,8.440299987792969,8.922200202941895,89.22160339355469,6.900100231170654,-2.229599952697754,-14.569100379943848,-5.275100231170654,-2.098599910736084,-1.8669999837875366,-1.7926000356674194,-1.8065999746322632,-1.9271999597549438,-14.14739990234375,-13.948100090026855,-14.108499526977539,-14.50100040435791,-17.93239974975586,-5.110300064086914,-4.84660005569458,-4.793399810791016,-4.86929988861084,-6.2378997802734375,0.3944000005722046,0.5961999893188477,6.989099979400635,6.755499839782715,6.129700183868408,5.422900199890137,3.3104000091552734,-5.110300064086914,-4.84660005569458,-4.793399810791016,-4.86929988861084,-6.2378997802734375,-2.098599910736084,-1.8669999837875366,-1.7926000356674194,-1.8065999746322632,-1.9271999597549438,-14.14739990234375,-13.948100090026855,-14.108499526977539,-14.50100040435791,-17.93239974975586,71.61969757080078,153.9405975341797,179.07220458984375,207.60629272460938,296.57470703125,4.511199951171875,-0.38940000534057617,0.20309999585151672,0.20309999585151672
75,193.7082061767578,151.66090393066406,34.72890090942383,0.7493000030517578,0.337799996137619,1.0681999921798706,0.3310999870300293,0.337799996137619,193.7082061767578,19.01180076599121,85.79949951171875,1715.9892578125,2.8243000507354736,85.70500183105469,85.70500183105469,171.41009521484375,85.5145034790039,85.5105972290039,427.5531921386719,85.5105972290039,85.35050201416016,512.10302734375,85.50659942626953,85.07360076904297,595.5151977539062,84.83589935302734,84.41020202636719,844.1021118164062,19.00589942932129,19.00589942932129,38.01179885864258,19.01180076599121,18.953100204467773,94.7654037475586,19.01569938659668,19.028099060058594,114.16850280761719,19.01959991455078,19.0575008392334,133.40280151367188,19.143800735473633,19.725400924682617,197.25390625,193.25900268554688,193.25900268554688,386.5179138183594,191.7902069091797,192.1230010986328,960.6151123046875,191.7191925048828,191.68490600585938,1150.109375,191.64840698242188,190.94839477539062,1336.6387939453125,190.07650756835938,187.9770050048828,1879.7696533203125,0.40310001373291016,0.40310001373291016,0.8061000108718872,0.0,0.16120000183582306,0.8061000108718872,0.0,0.13439999520778656,0.8061000108718872,0.0,0.1151999980211258,0.8061000108718872,0.0,0.08060000091791153,0.8061000108718872,0.3343999981880188,0.3343999981880188,0.6689000129699707,1.3177000284194946,1.0,5.0,1.1823999881744385,1.0077999830245972,6.047100067138672,1.3177000284194946,1.1411999464035034,7.988100051879883,1.3378000259399414,1.3272000551223755,13.271900177001953,0.7448999881744385,0.7448999881744385,1.4896999597549438,0.7493000030517578,1.004699945449829,5.023499965667725,1.128499984741211,1.3317999839782715,7.991000175476074,1.507699966430664,1.8870999813079834,13.209500312805176,1.5980000495910645,2.2681000232696533,22.681299209594727,3.42549991607666,3.42549991607666,6.851099967956543,5.905099868774414,5.214799880981445,26.07379913330078,5.456399917602539,5.180300235748291,31.081600189208984,5.905099868774414,6.501299858093262,45.50910186767578,6.65880012512207,8.855799674987793,88.55789947509766,10.016799926757812,-1.445199966430664,2.194700002670288,2.525700092315674,-1.4392999410629272,-1.386199951171875,-1.4609999656677246,-1.4903000593185425,-2.1577999591827393,2.645699977874756,3.78629994392395,4.2256999015808105,4.963399887084961,7.936200141906738,2.621000051498413,2.817500114440918,2.9781999588012695,3.25570011138916,3.9198999404907227,0.4041999876499176,0.35679998993873596,9.415300369262695,7.632299900054932,7.6697001457214355,6.351500034332275,4.004300117492676,2.621000051498413,2.817500114440918,2.9781999588012695,3.25570011138916,3.9198999404907227,-1.4392999410629272,-1.386199951171875,-1.4609999656677246,-1.4903000593185425,-2.1577999591827393,2.645699977874756,3.78629994392395,4.2256999015808105,4.963399887084961,7.936200141906738,61.48720169067383,151.73219299316406,176.07879638671875,197.3802032470703,302.9613952636719,3.9000000953674316,0.20010000467300415,0.7700999975204468,0.7700999975204468
76,207.30740356445312,170.5467987060547,29.410900115966797,0.3310999870300293,0.0,0.0,0.0,0.4729999899864197,207.30740356445312,17.545299530029297,90.87660217285156,1817.531982421875,0.804099977016449,90.91349792480469,90.91349792480469,181.826904296875,90.95030212402344,90.93199920654297,454.659912109375,90.95089721679688,90.94419860839844,545.6649780273438,90.95140075683594,90.98320007324219,636.8823852539062,90.99520111083984,91.15670013427734,911.5665283203125,17.309999465942383,17.309999465942383,34.619998931884766,16.605199813842773,16.805500030517578,84.02760314941406,16.50320053100586,16.738100051879883,100.42880249023438,16.605199813842773,16.719100952148438,117.03399658203125,16.83989906311035,16.82740020751953,168.2738037109375,207.44189453125,207.44189453125,414.8837890625,207.8563995361328,207.7960968017578,1038.9805908203125,207.98829650878906,207.89599609375,1247.375732421875,208.1201934814453,208.04429626464844,1456.310302734375,208.25770568847656,208.44810485839844,2084.48095703125,0.1656000018119812,0.1656000018119812,0.3310999870300293,0.3310999870300293,0.20000000298023224,1.0,0.3310999870300293,0.22190000116825104,1.3310999870300293,0.3310999870300293,0.23839999735355377,1.6689000129699707,0.3310999870300293,0.20000000298023224,2.0,0.4729999899864197,0.4729999899864197,0.9459999799728394,0.3310999870300293,0.25540000200271606,1.2770999670028687,0.3310999870300293,0.2680000066757202,1.608199954032898,0.3310999870300293,0.27799999713897705,1.9459999799728394,0.3310999870300293,0.26080000400543213,2.6082000732421875,0.5033000111579895,0.5033000111579895,1.006700038909912,0.337799996137619,0.4675999879837036,2.3378000259399414,0.3343999981880188,0.4447999894618988,2.6689000129699707,0.3310999870300293,0.3813000023365021,2.6689000129699707,0.3310999870300293,0.2669000029563904,2.6689000129699707,1.3073999881744385,1.3073999881744385,2.6149001121520996,1.1304999589920044,1.218000054359436,6.089799880981445,1.2274999618530273,1.235700011253357,7.4141998291015625,1.3243999481201172,1.2503000497817993,8.751999855041504,1.068600058555603,1.0758999586105347,10.758700370788574,9.530500411987305,-1.2526999711990356,-39.666500091552734,-15.190600395202637,-1.0174000263214111,-0.5127999782562256,-0.44530001282691956,-0.4262000024318695,-0.5342000126838684,-39.80229949951172,-40.15850067138672,-40.25830078125,-40.406898498535156,-40.81380081176758,-15.227999687194824,-15.247400283813477,-15.259499549865723,-15.298500061035156,-15.472800254821777,0.08959999680519104,0.387800008058548,9.027000427246094,9.11359977722168,9.095199584960938,9.080100059509277,9.25730037689209,-15.227999687194824,-15.247400283813477,-15.259499549865723,-15.298500061035156,-15.472800254821777,-1.0174000263214111,-0.5127999782562256,-0.44530001282691956,-0.4262000024318695,-0.5342000126838684,-39.80229949951172,-40.15850067138672,-40.25830078125,-40.406898498535156,-40.81380081176758,52.99470138549805,124.70659637451172,160.4239959716797,188.981201171875,282.17779541015625,4.575099945068359,-0.5569999814033508,0.05860000103712082,0.05860000103712082
77,159.5321044921875,135.03689575195312,32.95909881591797,0.0,0.337799996137619,0.0,0.3312000036239624,0.4683000147342682,159.5321044921875,18.814699172973633,74.69450378417969,1493.89013671875,1.1371999979019165,74.6791000366211,74.6791000366211,149.3582000732422,74.55359649658203,74.5927963256836,372.9639892578125,74.60870361328125,74.63999938964844,447.83990478515625,74.6636962890625,74.67659759521484,522.7359008789062,74.78520202636719,74.83619689941406,748.36181640625,18.79520034790039,18.79520034790039,37.59040069580078,18.695600509643555,18.604799270629883,93.0238037109375,18.735700607299805,18.674999237060547,112.05010223388672,18.775699615478516,18.728099822998047,131.09669494628906,18.920499801635742,18.834800720214844,188.34800720214844,159.68170166015625,159.68170166015625,319.3634948730469,159.98500061035156,159.89779663085938,799.489013671875,159.99459838867188,159.9665069580078,959.798828125,160.00430297851562,159.97799682617188,1119.8463134765625,160.09190368652344,160.1356964111328,1601.356689453125,0.1688999980688095,0.1688999980688095,0.337799996137619,0.0066999997943639755,0.13510000705718994,0.6754999756813049,0.1655000001192093,0.16779999434947968,1.006700038909912,0.32440000772476196,0.19110000133514404,1.3378000259399414,0.3310999870300293,0.24819999933242798,2.481600046157837,0.5685999989509583,0.5685999989509583,1.1371999979019165,0.4683000147342682,0.42739999294281006,2.137200117111206,0.39969998598098755,0.3562000095844269,2.137200117111206,0.3310999870300293,0.3052999973297119,2.137200117111206,0.3310999870300293,0.28060001134872437,2.8060998916625977,0.1656000018119812,0.1656000018119812,0.3310999870300293,0.3310999870300293,0.33239999413490295,1.6621999740600586,0.3343999981880188,0.4023999869823456,2.414599895477295,0.337799996137619,0.4510999917984009,3.157900094985962,0.3345000147819519,0.4293000102043152,4.2932000160217285,1.2374999523162842,1.2374999523162842,2.4749999046325684,1.3378000259399414,1.3909000158309937,6.954599857330322,1.344499945640564,1.4500999450683594,8.700300216674805,1.351199984550476,1.444700002670288,10.112600326538086,1.381700038909912,1.5917999744415283,15.917699813842773,6.422599792480469,-0.4081999957561493,19.651599884033203,6.3649001121521,-0.3887999951839447,-0.1981000006198883,-0.26820001006126404,-0.32109999656677246,-0.42739999294281006,19.50429916381836,19.293500900268555,19.22480010986328,19.212600708007812,19.05190086364746,6.381199836730957,6.469699859619141,6.422500133514404,6.385700225830078,6.224699974060059,0.05270000174641609,0.5123999714851379,6.322299957275391,6.168399810791016,6.109399795532227,6.115200042724609,5.96560001373291,6.381199836730957,6.469699859619141,6.422500133514404,6.385700225830078,6.224699974060059,-0.3887999951839447,-0.1981000006198883,-0.26820001006126404,-0.32109999656677246,-0.42739999294281006,19.50429916381836,19.293500900268555,19.22480010986328,19.212600708007812,19.05190086364746,58.79679870605469,157.5634002685547,167.69580078125,200.4445037841797,306.2069091796875,3.9688000679016113,-0.0568000003695488,0.5597000122070312,0.5597000122070312
78,189.06680297851562,145.77220153808594,30.09760093688965,3.1602001190185547,1.670199990272522,2.609100103378296,2.8777999877929688,2.690200090408325,189.06680297851562,16.724899291992188,82.80239868164062,1656.0482177734375,13.007599830627441,82.74949645996094,82.74949645996094,165.49899291992188,82.51399993896484,82.45429992675781,412.2713928222656,82.33989715576172,82.3666000366211,494.19970703125,82.16580200195312,82.3135986328125,576.1951904296875,82.04399871826172,81.53050231933594,815.3048095703125,16.655899047851562,16.655899047851562,33.311798095703125,16.124500274658203,16.24049949645996,81.20249938964844,16.043699264526367,16.142499923706055,96.8550033569336,15.962800025939941,16.052200317382812,112.3656997680664,15.727899551391602,15.849100112915039,158.49119567871094,189.08340454101562,189.08340454101562,378.16680908203125,188.94479370117188,188.50250244140625,942.5125122070312,188.41470336914062,188.2805938720703,1129.6834716796875,187.8845977783203,188.1674041748047,1317.1715087890625,187.502197265625,186.44679260253906,1864.4676513671875,1.3034000396728516,1.3034000396728516,2.6066999435424805,0.337799996137619,0.7214000225067139,3.606800079345703,0.5033000111579895,0.7125999927520752,4.275599956512451,0.6689000129699707,0.7063999772071838,4.944499969482422,0.6689000129699707,1.1815999746322632,11.815600395202637,2.315000057220459,2.315000057220459,4.630000114440918,0.9459999799728394,1.208799958229065,6.0441999435424805,0.707099974155426,1.0853999853134155,6.512499809265137,0.9459999799728394,1.172700047492981,8.208700180053711,1.7409000396728516,1.434399962425232,14.343999862670898,2.480299949645996,2.480299949645996,4.960599899291992,1.4048000574111938,1.516700029373169,7.583499908447266,1.07260000705719,1.3427000045776367,8.056500434875488,1.4048000574111938,1.5324000120162964,10.726699829101562,2.2353999614715576,2.363600015640259,23.636199951171875,10.876799583435059,10.876799583435059,21.753700256347656,4.359899997711182,5.974100112915039,29.87070083618164,3.2214999198913574,5.3256001472473145,31.953800201416016,4.359899997711182,5.728400230407715,40.099098205566406,8.445699691772461,8.014599800109863,80.14600372314453,-0.774399995803833,-1.4091999530792236,-40.27220153808594,-15.174400329589844,-1.3401000499725342,-0.9240999817848206,-0.8259000182151794,-0.7354999780654907,-0.5317000150680542,-40.286800384521484,-39.70249938964844,-39.48099899291992,-39.36840057373047,-37.65060043334961,-15.120699882507324,-14.823800086975098,-14.736200332641602,-14.683300018310547,-13.901000022888184,0.6672999858856201,0.75,1.3561999797821045,6.2571001052856445,6.905700206756592,6.5030999183654785,4.2179999351501465,-15.120699882507324,-14.823800086975098,-14.736200332641602,-14.683300018310547,-13.901000022888184,-1.3401000499725342,-0.9240999817848206,-0.8259000182151794,-0.7354999780654907,-0.5317000150680542,-40.286800384521484,-39.70249938964844,-39.48099899291992,-39.36840057373047,-37.65060043334961,58.44089889526367,165.89340209960938,199.86639404296875,228.5352020263672,307.2959899902344,4.831099987030029,-0.7092999815940857,0.0066999997943639755,0.0066999997943639755
79,179.07730102539062,143.34280395507812,27.400699615478516,0.6689000129699707,0.4729999899864197,0.3310999870300293,0.0,0.3310999870300293,179.07730102539062,15.154199600219727,78.71479797363281,1574.296142578125,1.8041000366210938,78.79840087890625,78.79840087890625,157.59669494628906,78.7322006225586,78.77120208740234,393.8558044433594,78.78379821777344,78.83869934082031,473.0321044921875,78.83540344238281,78.93370056152344,552.5360107421875,79.02909851074219,79.2219009399414,792.219482421875,15.387399673461914,15.387399673461914,30.774700164794922,15.201000213623047,15.26550006866455,76.32730102539062,15.177599906921387,15.239999771118164,91.44000244140625,15.201000213623047,15.251999855041504,106.76399993896484,15.367300033569336,15.39169979095459,153.91659545898438,179.26100158691406,179.26100158691406,358.5220947265625,179.17129516601562,179.2617950439453,896.3087768554688,179.30799865722656,179.41799926757812,1076.5081787109375,179.44479370117188,179.66819763183594,1257.677490234375,179.8376007080078,180.46470642089844,1804.6474609375,0.40209999680519104,0.40209999680519104,0.804099977016449,0.0,0.1607999950647354,0.804099977016449,0.0,0.1340000033378601,0.804099977016449,0.0,0.1817999929189682,1.2724000215530396,0.3310999870300293,0.2549000084400177,2.5494000911712646,0.1656000018119812,0.1656000018119812,0.3310999870300293,0.3310999870300293,0.20000000298023224,1.0,0.3310999870300293,0.22190000116825104,1.3310999870300293,0.3310999870300293,0.19020000100135803,1.3310999870300293,0.3310999870300293,0.2937000095844269,2.936500072479248,0.3343999981880188,0.3343999981880188,0.6689000129699707,0.337799996137619,0.47870001196861267,2.3933000564575195,0.5033000111579895,0.5755000114440918,3.453000068664551,0.6689000129699707,0.6284000277519226,4.39900016784668,0.5676000118255615,0.5864999890327454,5.865300178527832,1.233199954032898,1.233199954032898,2.4663000106811523,1.006700038909912,1.3732999563217163,6.866300106048584,1.405400037765503,1.645300030708313,9.872099876403809,1.8041000366210938,1.8414000272750854,12.889800071716309,2.2448999881744385,1.985700011253357,19.8572998046875,9.569600105285645,-0.829200029373169,-22.60919952392578,-8.46500015258789,-1.0621999502182007,-0.9399999976158142,-0.9143999814987183,-0.9261999726295471,-1.0652999877929688,-22.792499542236328,-22.794300079345703,-22.951400756835938,-23.202499389648438,-23.999399185180664,-8.548199653625488,-8.52079963684082,-8.588500022888184,-8.683699607849121,-8.971599578857422,0.2759000062942505,0.1128000020980835,10.140399932861328,10.004599571228027,9.733799934387207,9.53849983215332,9.395500183105469,-8.548199653625488,-8.52079963684082,-8.588500022888184,-8.683699607849121,-8.971599578857422,-1.0621999502182007,-0.9399999976158142,-0.9143999814987183,-0.9261999726295471,-1.0652999877929688,-22.792499542236328,-22.794300079345703,-22.951400756835938,-23.202499389648438,-23.999399185180664,55.054298400878906,129.0522003173828,159.36700439453125,184.51280212402344,250.7147979736328,3.7112998962402344,0.03680000081658363,0.6011000275611877,0.6011000275611877
