,Mouse_nose_to_tail,Mouse_head_to_tail,Mouse_Ear_distance,Movement_mouse_nose,Movement_mouse_tail_base,Movement_mouse_left_ear,Movement_mouse_right_ear,Movement_mouse_head_base,M1_largest_euclidean_distance_hull,M1_smallest_euclidean_distance_hull,M1_mean_euclidean_distance_hull,M1_sum_euclidean_distance_hull,Total_movement_all_bodyparts_M1,Mouse1_mean_euclid_distances_median_2,Mouse1_mean_euclid_distances_mean_2,Mouse1_mean_euclid_distances_sum_2,Mouse1_mean_euclid_distances_median_5,Mouse1_mean_euclid_distances_mean_5,Mouse1_mean_euclid_distances_sum_5,Mouse1_mean_euclid_distances_median_6,Mouse1_mean_euclid_distances_mean_6,Mouse1_mean_euclid_distances_sum_6,Mouse1_mean_euclid_distances_median_7.5,Mouse1_mean_euclid_distances_mean_7.5,Mouse1_mean_euclid_distances_sum_7.5,Mouse1_mean_euclid_distances_median_10,Mouse1_mean_euclid_distances_mean_10,Mouse1_mean_euclid_distances_sum_10,Mouse1_smallest_euclid_distances_median_2,Mouse1_smallest_euclid_distances_mean_2,Mouse1_smallest_euclid_distances_sum_2,Mouse1_smallest_euclid_distances_median_5,Mouse1_smallest_euclid_distances_mean_5,Mouse1_smallest_euclid_distances_sum_5,Mouse1_smallest_euclid_distances_median_6,Mouse1_smallest_euclid_distances_mean_6,Mouse1_smallest_euclid_distances_sum_6,Mouse1_smallest_euclid_distances_median_7.5,Mouse1_smallest_euclid_distances_mean_7.5,Mouse1_smallest_euclid_distances_sum_7.5,Mouse1_smallest_euclid_distances_median_10,Mouse1_smallest_euclid_distances_mean_10,Mouse1_smallest_euclid_distances_sum_10,Mouse1_largest_euclid_distances_median_2,Mouse1_largest_euclid_distances_mean_2,Mouse1_largest_euclid_distances_sum_2,Mouse1_largest_euclid_distances_median_5,Mouse1_largest_euclid_distances_mean_5,Mouse1_largest_euclid_distances_sum_5,Mouse1_largest_euclid_distances_median_6,Mouse1_largest_euclid_distances_mean_6,Mouse1_largest_euclid_distances_sum_6,Mouse1_largest_euclid_distances_median_7.5,Mouse1_largest_euclid_distances_mean_7.5,Mouse1_largest_euclid_distances_sum_7.5,Mouse1_largest_euclid_distances_median_10,Mouse1_largest_euclid_distances_mean_10,Mouse1_largest_euclid_distances_sum_10,Tail_base_movement_M1_median_2,Tail_base_movement_M1_mean_2,Tail_base_movement_M1_sum_2,Tail_base_movement_M1_median_5,Tail_base_movement_M1_mean_5,Tail_base_movement_M1_sum_5,Tail_base_movement_M1_median_6,Tail_base_movement_M1_mean_6,Tail_base_movement_M1_sum_6,Tail_base_movement_M1_median_7.5,Tail_base_movement_M1_mean_7.5,Tail_base_movement_M1_sum_7.5,Tail_base_movement_M1_median_10,Tail_base_movement_M1_mean_10,Tail_base_movement_M1_sum_10,Head_base_movement_M1_median_2,Head_base_movement_M1_mean_2,Head_base_movement_M1_sum_2,Head_base_movement_M1_median_5,Head_base_movement_M1_mean_5,Head_base_movement_M1_sum_5,Head_base_movement_M1_median_6,Head_base_movement_M1_mean_6,Head_base_movement_M1_sum_6,Head_base_movement_M1_median_7.5,Head_base_movement_M1_mean_7.5,Head_base_movement_M1_sum_7.5,Head_base_movement_M1_median_10,Head_base_movement_M1_mean_10,Head_base_movement_M1_sum_10,Nose_movement_M1_median_2,Nose_movement_M1_mean_2,Nose_movement_M1_sum_2,Nose_movement_M1_median_5,Nose_movement_M1_mean_5,Nose_movement_M1_sum_5,Nose_movement_M1_median_6,Nose_movement_M1_mean_6,Nose_movement_M1_sum_6,Nose_movement_M1_median_7.5,Nose_movement_M1_mean_7.5,Nose_movement_M1_sum_7.5,Nose_movement_M1_median_10,Nose_movement_M1_mean_10,Nose_movement_M1_sum_10,Total_movement_M1_median_2,Total_movement_M1_mean_2,Total_movement_M1_sum_2,Total_movement_M1_median_5,Total_movement_M1_mean_5,Total_movement_M1_sum_5,Total_movement_M1_median_6,Total_movement_M1_mean_6,Total_movement_M1_sum_6,Total_movement_M1_median_7.5,Total_movement_M1_mean_7.5,Total_movement_M1_sum_7.5,Total_movement_M1_median_10,Total_movement_M1_mean_10,Total_movement_M1_sum_10,Total_movement_all_bodyparts_deviation,M1_smallest_euclid_distances_hull_deviation,M1_largest_euclid_distances_hull_deviation,M1_mean_euclid_distances_hull_deviation,Mouse1_smallest_euclid_distances_mean_2_deviation,Mouse1_smallest_euclid_distances_mean_5_deviation,Mouse1_smallest_euclid_distances_mean_6_deviation,Mouse1_smallest_euclid_distances_mean_7.5_deviation,Mouse1_smallest_euclid_distances_mean_10_deviation,Mouse1_largest_euclid_distances_mean_2_deviation,Mouse1_largest_euclid_distances_mean_5_deviation,Mouse1_largest_euclid_distances_mean_6_deviation,Mouse1_largest_euclid_distances_mean_7.5_deviation,Mouse1_largest_euclid_distances_mean_10_deviation,Mouse1_mean_euclid_distances_mean_2_deviation,Mouse1_mean_euclid_distances_mean_5_deviation,Mouse1_mean_euclid_distances_mean_6_deviation,Mouse1_mean_euclid_distances_mean_7.5_deviation,Mouse1_mean_euclid_distances_mean_10_deviation,Movement_mouse_nose_percentile_rank,Movement_mouse_head_base_percentile_rank,Total_movement_M1_mean_2_percentile_rank,Total_movement_M1_mean_5_percentile_rank,Total_movement_M1_mean_6_percentile_rank,Total_movement_M1_mean_7.5_percentile_rank,Total_movement_M1_mean_10_percentile_rank,Mouse1_mean_euclid_distances_mean_2_percentile_rank,Mouse1_mean_euclid_distances_mean_5_percentile_rank,Mouse1_mean_euclid_distances_mean_6_percentile_rank,Mouse1_mean_euclid_distances_mean_7.5_percentile_rank,Mouse1_mean_euclid_distances_mean_10_percentile_rank,Mouse1_smallest_euclid_distances_mean_2_percentile_rank,Mouse1_smallest_euclid_distances_mean_5_percentile_rank,Mouse1_smallest_euclid_distances_mean_6_percentile_rank,Mouse1_smallest_euclid_distances_mean_7.5_percentile_rank,Mouse1_smallest_euclid_distances_mean_10_percentile_rank,Mouse1_largest_euclid_distances_mean_2_percentile_rank,Mouse1_largest_euclid_distances_mean_5_percentile_rank,Mouse1_largest_euclid_distances_mean_6_percentile_rank,Mouse1_largest_euclid_distances_mean_7.5_percentile_rank,Mouse1_largest_euclid_distances_mean_10_percentile_rank,Tortuosity_Mouse1_2,Tortuosity_Mouse1_5,Tortuosity_Mouse1_6,Tortuosity_Mouse1_7.5,Tortuosity_Mouse1_10,Sum_probabilities,Sum_probabilities_deviation,Sum_probabilities_deviation_percentile_rank,Sum_probabilities_percentile_rank
0,171.75860595703125,125.80139923095703,35.35530090332031,0.3310999870300293,0.0,1.0470000505447388,0.3310999870300293,0.6621999740600586,171.75860595703125,17.029399871826172,76.76629638671875,1535.325927734375,2.371500015258789,76.74929809570312,76.74929809570312,153.49859619140625,76.96900177001953,77.00540161132812,385.0271911621094,77.08899688720703,77.04930114746094,462.29559326171875,77.20909881591797,77.07980346679688,539.55859375,77.26570129394531,77.18689727783203,771.8692016601562,16.864099502563477,16.864099502563477,33.72829818725586,16.385299682617188,16.435199737548828,82.1760025024414,16.208499908447266,16.364999771118164,98.19000244140625,16.055299758911133,16.32069969177246,114.24520111083984,16.031600952148438,16.232200622558594,162.32159423828125,171.9080047607422,171.9080047607422,343.8160095214844,173.24510192871094,173.3072052001953,866.5357055664062,173.83639526367188,173.493896484375,1040.96337890625,173.8258056640625,173.5413055419922,1214.7891845703125,173.677001953125,173.5670928955078,1735.671142578125,0.23409999907016754,0.23409999907016754,0.4683000147342682,0.4683000147342682,0.28279998898506165,1.414199948310852,0.23409999907016754,0.23569999635219574,1.414199948310852,0.0,0.20200000703334808,1.414199948310852,0.0,0.14139999449253082,1.414199948310852,0.5033000111579895,0.5033000111579895,1.006700038909912,0.4636000096797943,0.45489999651908875,2.274399995803833,0.40400001406669617,0.4341999888420105,2.6054999828338623,0.34450000524520874,0.373199999332428,2.6122000217437744,0.3310999870300293,0.32739999890327454,3.274399995803833,0.5386999845504761,0.5386999845504761,1.0774999856948853,0.6689000129699707,0.5654000043869019,2.8268001079559326,0.6689000129699707,0.5825999975204468,3.495699882507324,0.6689000129699707,0.5467000007629395,3.8268001079559326,0.3345000147819519,0.4496000111103058,4.495699882507324,2.6649999618530273,2.6649999618530273,5.329899787902832,2.371500015258789,2.2964000701904297,11.481900215148926,2.3810999393463135,2.3120999336242676,13.872699737548828,2.371500015258789,2.2281999588012695,15.597100257873535,1.7302000522613525,1.9142999649047852,19.142799377441406,4.588799953460693,-0.454800009727478,-21.495500564575195,-8.248000144958496,-0.2892000079154968,0.1404999941587448,0.210999995470047,0.2554999887943268,0.3449000120162964,-21.647199630737305,-23.05299949645996,-23.242000579833984,-23.29159927368164,-23.323999404907227,-8.231800079345703,-8.490300178527832,-8.534799575805664,-8.566100120544434,-8.675399780273438,0.1354999989271164,0.5468999743461609,4.295000076293945,4.663400173187256,4.64769983291626,4.7316999435424805,5.045599937438965,-8.231800079345703,-8.490300178527832,-8.534799575805664,-8.566100120544434,-8.675399780273438,-0.2892000079154968,0.1404999941587448,0.210999995470047,0.2554999887943268,0.3449000120162964,-21.647199630737305,-23.05299949645996,-23.242000579833984,-23.29159927368164,-23.323999404907227,35.9010009765625,114.59159851074219,114.59159851074219,143.23939514160156,204.76319885253906,4.257199764251709,-0.1404000073671341,0.3718999922275543,0.3718999922275543
1,171.73179626464844,133.7534942626953,33.707801818847656,0.4634999930858612,0.337799996137619,0.337799996137619,0.3310999870300293,0.337799996137619,171.73179626464844,17.46419906616211,77.59629821777344,1551.9261474609375,1.8079999685287476,77.63860321044922,77.63860321044922,155.27720642089844,77.59349822998047,77.40070343017578,387.00360107421875,77.44390106201172,77.29239654541016,463.7546081542969,77.29429626464844,77.23079681396484,540.6157836914062,77.37419891357422,77.2926025390625,772.9263916015625,17.46419906616211,17.46419906616211,34.92850112915039,17.161399841308594,17.132400512695312,85.66230010986328,17.093900680541992,17.11479949951172,102.6886978149414,17.161399841308594,17.128299713134766,119.89820098876953,17.270599365234375,17.202800750732422,172.02830505371094,171.87210083007812,171.87210083007812,343.74420166015625,171.73179626464844,171.43299865722656,857.1649780273438,171.50340270996094,171.14939880371094,1026.8966064453125,171.27499389648438,170.98849487304688,1196.91943359375,171.50340270996094,171.2528076171875,1712.52783203125,0.3343999981880188,0.3343999981880188,0.6689000129699707,0.337799996137619,0.4675999879837036,2.3378000259399414,0.337799996137619,0.44589999318122864,2.67549991607666,0.337799996137619,0.44909998774528503,3.1438000202178955,0.337799996137619,0.42879998683929443,4.287600040435791,0.3343999981880188,0.3343999981880188,0.6689000129699707,0.3310999870300293,0.2012999951839447,1.006700038909912,0.3278000056743622,0.22190000116825104,1.3310999870300293,0.3244999945163727,0.23649999499320984,1.6555999517440796,0.3278000056743622,0.23240000009536743,2.32450008392334,0.4729999899864197,0.4729999899864197,0.9459999799728394,0.6621999740600586,0.6208000183105469,3.1038999557495117,0.5723000168800354,0.517300009727478,3.1038999557495117,0.6621999740600586,0.5379999876022339,3.7660999298095703,0.6621999740600586,0.5593000054359436,5.5929999351501465,1.9763000011444092,1.9763000011444092,3.9526000022888184,2.006700038909912,1.892300009727478,9.461600303649902,1.9072999954223633,1.7965999841690063,10.779399871826172,1.8079999685287476,1.7487000226974487,12.241000175476074,1.5022000074386597,1.6211999654769897,16.211700439453125,9.093299865722656,-0.3237999975681305,-2.827899932861328,-0.9739000201225281,-0.32359999418258667,0.008799999952316284,0.026599999517202377,0.013299999758601189,-0.060600001364946365,-2.9581000804901123,-2.488600015640259,-2.195199966430664,-2.0248000621795654,-2.2627999782562256,-1.0119999647140503,-0.7615000009536743,-0.6492000222206116,-0.5837000012397766,-0.6345999836921692,0.27149999141693115,0.37549999356269836,8.924599647521973,9.008099555969238,9.103699684143066,9.151300430297852,9.278900146484375,-1.0119999647140503,-0.7615000009536743,-0.6492000222206116,-0.5837000012397766,-0.6345999836921692,-0.32359999418258667,0.008799999952316284,0.026599999517202377,0.013299999758601189,-0.060600001364946365,-2.9581000804901123,-2.488600015640259,-2.195199966430664,-2.0248000621795654,-2.2627999782562256,64.63819885253906,143.23939514160156,179.04930114746094,207.69720458984375,293.6408996582031,3.8461999893188477,0.19290000200271606,0.7261000275611877,0.7261000275611877
2,115.72100067138672,73.54940032958984,30.703500747680664,0.6689000129699707,0.4729999899864197,0.0,0.337799996137619,0.0,115.72100067138672,16.643299102783203,54.877201080322266,1097.5439453125,1.479599952697754,55.0161018371582,55.0161018371582,110.0322036743164,55.33209991455078,55.23210144042969,276.1603088378906,55.33789825439453,55.3213005065918,331.9280090332031,55.34370040893555,55.405799865722656,387.8406066894531,55.46580123901367,55.48509979248047,554.850830078125,16.643299102783203,16.643299102783203,33.286598205566406,16.550199508666992,16.51259994506836,82.56279754638672,16.552099227905273,16.519500732421875,99.11669921875,16.550199508666992,16.484100341796875,115.38899993896484,16.363000869750977,16.33989906311035,163.39939880371094,115.94290161132812,115.94290161132812,231.88580322265625,116.52739715576172,116.3281021118164,581.6406860351562,116.5458984375,116.48560333251953,698.9138793945312,116.56439971923828,116.6854019165039,816.797607421875,116.95980072021484,116.97579956054688,1169.7581787109375,0.23649999499320984,0.23649999499320984,0.4729999899864197,0.3310999870300293,0.22840000689029694,1.1418999433517456,0.1656000018119812,0.19030000269412994,1.1418999433517456,0.0,0.163100004196167,1.1418999433517456,0.0,0.11420000344514847,1.1418999433517456,0.0,0.0,0.0,0.0,0.09369999915361404,0.4683000147342682,0.0,0.13439999520778656,0.8061000108718872,0.0,0.16249999403953552,1.1373000144958496,0.1656000018119812,0.18060000240802765,1.8062000274658203,0.8343999981880188,0.8343999981880188,1.6689000129699707,0.6689000129699707,0.6949999928474426,3.474900007247925,0.6689000129699707,0.6905999779701233,4.143799781799316,0.6689000129699707,0.6589000225067139,4.612100124359131,0.6689000129699707,0.7281000018119812,7.281000137329102,1.405400037765503,1.405400037765503,2.810699939727783,1.4616999626159668,1.579200029373169,7.895899772644043,1.4707000255584717,1.5964000225067139,9.578200340270996,1.4682999849319458,1.5780999660491943,11.046600341796875,1.4739999771118164,1.6330000162124634,16.330299377441406,5.480599880218506,-0.06870000064373016,34.54209899902344,13.64109992980957,-0.06840000301599503,0.06319999694824219,0.05649999901652336,0.09210000187158585,0.2371000051498413,34.317901611328125,33.92599868774414,33.766300201416016,33.564300537109375,33.26729965209961,13.501399993896484,13.283100128173828,13.193099975585938,13.10789966583252,13.026399612426758,0.39169999957084656,0.10429999977350235,5.554599761962891,5.3805999755859375,5.363399982452393,5.381700038909912,5.3267998695373535,13.501399993896484,13.283100128173828,13.193099975585938,13.10789966583252,13.026399612426758,-0.06840000301599503,0.06319999694824219,0.05649999901652336,0.09210000187158585,0.2371000051498413,34.317901611328125,33.92599868774414,33.766300201416016,33.564300537109375,33.26729965209961,81.64219665527344,157.5634002685547,200.5352020263672,229.18310546875,286.4789123535156,4.146500110626221,-0.02969999983906746,0.5436000227928162,0.5436000227928162
3,169.20509338378906,131.24839782714844,30.364500045776367,0.3310999870300293,0.32440000772476196,0.3310999870300293,0.3310999870300293,0.3310999870300293,169.20509338378906,16.056900024414062,75.26959991455078,1505.391845703125,1.648800015449524,75.36609649658203,75.36609649658203,150.73219299316406,75.26959991455078,75.25420379638672,376.27099609375,75.25569915771484,75.16190338134766,450.9714050292969,75.2417984008789,75.09049987792969,525.6331787109375,74.79530334472656,74.86029815673828,748.6033935546875,16.290700912475586,16.290700912475586,32.58140182495117,16.777999877929688,16.63330078125,83.16670227050781,16.667800903320312,16.62070083618164,99.72440338134766,16.55769920349121,16.54520034790039,115.81639862060547,16.30820083618164,16.293399810791016,162.93370056152344,169.40310668945312,169.40310668945312,338.80621337890625,169.20509338378906,168.96189880371094,844.8095703125,168.9691925048828,168.76829528808594,1012.6099853515625,168.73330688476562,168.63009643554688,1180.4105224609375,167.9326934814453,168.28770446777344,1682.8765869140625,0.1656000018119812,0.1656000018119812,0.3310999870300293,0.3310999870300293,0.2935999929904938,1.4681999683380127,0.3278000056743622,0.24469999969005585,1.4681999683380127,0.3310999870300293,0.257099986076355,1.799399971961975,0.3343999981880188,0.29429998993873596,2.94320011138916,0.1656000018119812,0.1656000018119812,0.3310999870300293,0.0,0.1324000060558319,0.6621999740600586,0.1656000018119812,0.16670000553131104,1.0,0.3310999870300293,0.19020000100135803,1.3310999870300293,0.0,0.1331000030040741,1.3310999870300293,0.4966999888420105,0.4966999888420105,0.9933000206947327,0.6621999740600586,0.46619999408721924,2.3310999870300293,0.4966999888420105,0.38850000500679016,2.3310999870300293,0.3310999870300293,0.3330000042915344,2.3310999870300293,0.1656000018119812,0.2662000060081482,2.6621999740600586,1.4966000318527222,1.4966000318527222,2.993299961090088,1.648800015449524,1.5211000442504883,7.605400085449219,1.4966000318527222,1.3779000043869019,8.267600059509277,1.3444000482559204,1.3238999843597412,9.267600059509277,1.0033999681472778,1.174299955368042,11.742500305175781,5.311399936676025,0.5177000164985657,-18.942100524902344,-6.751299858093262,0.2842000126838684,-0.0575999990105629,-0.04479999840259552,0.03099999949336052,0.28369998931884766,-19.14229965209961,-18.707799911499023,-18.516399383544922,-18.380399703979492,-18.04450035095215,-6.848599910736084,-6.738999843597412,-6.64739990234375,-6.5767998695373535,-6.348800182342529,0.1354999989271164,0.26330000162124634,5.463399887084961,5.438700199127197,5.581900119781494,5.635900020599365,5.785600185394287,-6.848599910736084,-6.738999843597412,-6.64739990234375,-6.5767998695373535,-6.348800182342529,0.2842000126838684,-0.0575999990105629,-0.04479999840259552,0.03099999949336052,0.28369998931884766,-19.14229965209961,-18.707799911499023,-18.516399383544922,-18.380399703979492,-18.04450035095215,56.13949966430664,176.0789031982422,219.0507049560547,226.12139892578125,309.2589111328125,4.498899936676025,-0.3822000026702881,0.07159999758005142,0.07159999758005142
4,156.41610717773438,118.75140380859375,26.837099075317383,0.0,0.0,0.0,0.337799996137619,0.0066999997943639755,156.41610717773438,14.383000373840332,69.21260070800781,1384.251953125,0.34450000524520874,69.1718978881836,69.1718978881836,138.34390258789062,69.17259979248047,69.22859954833984,346.1431884765625,69.19259643554688,69.33740234375,416.0244140625,69.21260070800781,69.49600219726562,486.4721984863281,69.72010040283203,70.41609954833984,704.1610107421875,14.380599975585938,14.380599975585938,28.76110076904297,14.383000373840332,14.597100257873535,72.98570251464844,14.432000160217285,14.577799797058105,87.46659851074219,14.383000373840332,14.480999946594238,101.36710357666016,14.432000160217285,14.51200008392334,145.1197967529297,156.41610717773438,156.41610717773438,312.83221435546875,156.41610717773438,156.54739379882812,782.7369995117188,156.41610717773438,156.97239685058594,941.83447265625,156.41610717773438,157.548095703125,1102.8365478515625,158.1750946044922,160.11610412597656,1601.160888671875,0.0,0.0,0.0,0.3310999870300293,0.6000000238418579,3.0,0.6656000018119812,0.7229999899864197,4.337800025939941,0.9933000206947327,0.7616000175476074,5.331099987030029,1.0,1.3076000213623047,13.076000213623047,0.1688999980688095,0.1688999980688095,0.337799996137619,0.3310999870300293,0.7324000000953674,3.6621999740600586,0.5,1.0175000429153442,6.104899883270264,0.6689000129699707,1.3095999956130981,9.166899681091309,1.9151999950408936,1.6345000267028809,16.34480094909668,0.6621999740600586,0.6621999740600586,1.3243999481201172,1.3243999481201172,1.131100058555603,5.6554999351501465,1.3378000259399414,1.2838000059127808,7.702499866485596,1.351199984550476,1.5503000020980835,10.852100372314453,1.7254999876022339,1.701300024986267,17.012699127197266,1.3997000455856323,1.3997000455856323,2.7994000911712646,2.4930999279022217,3.755500078201294,18.777700424194336,2.9830000400543213,5.108699798583984,30.652000427246094,3.4730000495910645,6.35890007019043,44.51250076293945,9.442099571228027,8.060799598693848,80.60800170898438,11.888699531555176,0.932699978351593,-7.621500015258789,-1.5845999717712402,0.9352999925613403,0.7192000150680542,0.7387999892234802,0.8357999920845032,0.805400013923645,-7.619500160217285,-7.747399806976318,-8.172800064086914,-8.749099731445312,-11.319899559020996,-1.5430999994277954,-1.5981999635696411,-1.7070000171661377,-1.8658000230789185,-2.786600112915039,0.0414000004529953,0.1665000021457672,10.83329963684082,8.475700378417969,7.122600078582764,5.872600078582764,4.171800136566162,-1.5430999994277954,-1.5981999635696411,-1.7070000171661377,-1.8658000230789185,-2.786600112915039,0.9352999925613403,0.7192000150680542,0.7387999892234802,0.8357999920845032,0.805400013923645,-7.619500160217285,-7.747399806976318,-8.172800064086914,-8.749099731445312,-11.319899559020996,25.713899612426758,100.87339782714844,128.91549682617188,171.88729858398438,257.83099365234375,4.5278000831604,-0.40610000491142273,0.18719999492168427,0.18719999492168427
5,136.23890686035156,103.16010284423828,30.233400344848633,0.6689000129699707,0.0,0.4683000147342682,0.3310999870300293,0.6689000129699707,136.23890686035156,15.421699523925781,62.8302001953125,1256.603759765625,2.1370999813079834,62.84429931640625,62.84429931640625,125.6885986328125,63.05440139770508,62.99589920043945,314.9794921875,62.99769973754883,62.98680114746094,377.92059326171875,63.014801025390625,62.99079895019531,440.9353942871094,63.07210159301758,63.23540115356445,632.3533935546875,15.608799934387207,15.608799934387207,31.21769905090332,15.894599914550781,15.858699798583984,79.293701171875,15.84529972076416,15.843999862670898,95.06420135498047,15.894599914550781,15.878600120544434,111.15039825439453,16.007400512695312,15.944499969482422,159.44520568847656,136.28469848632812,136.28469848632812,272.56939697265625,136.7530059814453,136.7783966064453,683.8922119140625,136.9302978515625,136.8332977294922,820.9998779296875,137.10760498046875,136.87249755859375,958.1074829101562,137.17050170898438,137.51930236816406,1375.1932373046875,0.0,0.0,0.0,0.0,0.0,0.0,0.0,0.0,0.0,0.0,0.0,0.0,0.0,0.10000000149011612,1.0,0.5,0.5,1.0,0.4683000147342682,0.38920000195503235,1.9459999799728394,0.4729999899864197,0.43470001220703125,2.6082000732421875,0.47769999504089355,0.4408000111579895,3.085900068283081,0.4683000147342682,0.3553999960422516,3.5541000366210938,0.7075999975204468,0.7075999975204468,1.4151999950408936,0.743399977684021,0.7767000198364258,3.8833999633789062,0.7095000147819519,0.6471999883651733,3.8833999633789062,0.743399977684021,0.6976000070571899,4.883399963378906,0.7095000147819519,0.6552000045776367,6.552299976348877,1.9416999816894531,1.9416999816894531,3.883500099182129,1.8532999753952026,1.913599967956543,9.568099975585938,1.7998000383377075,1.8176000118255615,10.905799865722656,1.8532999753952026,1.8832999467849731,13.182900428771973,1.7998000383377075,1.7989000082015991,17.98900032043457,4.8231000900268555,1.152899980545044,14.024200439453125,5.6880998611450195,0.9660999774932861,0.7170000076293945,0.7318999767303467,0.6976000070571899,0.6324999928474426,13.976099967956543,13.475700378417969,13.418600082397461,13.37720012664795,12.723799705505371,5.6732001304626465,5.5192999839782715,5.527699947357178,5.522900104522705,5.276199817657471,0.39169999957084656,0.5655999779701233,5.0183000564575195,5.046199798583984,5.142199993133545,5.076600074768066,5.160999774932861,5.6732001304626465,5.5192999839782715,5.527699947357178,5.522900104522705,5.276199817657471,0.9660999774932861,0.7170000076293945,0.7318999767303467,0.6976000070571899,0.6324999928474426,13.976099967956543,13.475700378417969,13.418600082397461,13.37720012664795,12.723799705505371,0.0,84.42289733886719,113.30500030517578,141.02699279785156,225.7386016845703,4.68209981918335,-0.5652999877929688,0.005400000140070915,0.005400000140070915
6,140.735595703125,110.54350280761719,31.902599334716797,2.129499912261963,0.0,1.7829999923706055,1.3717000484466553,0.9412999749183655,140.735595703125,16.74489974975586,65.13040161132812,1302.6085205078125,6.225500106811523,65.11100006103516,65.11100006103516,130.2220001220703,65.13040161132812,65.14579772949219,325.7287902832031,65.11940002441406,65.11419677734375,390.6853942871094,65.1082992553711,65.08219909667969,455.5755920410156,65.08699798583984,65.04969787597656,650.497314453125,16.713600158691406,16.713600158691406,33.42720031738281,16.672199249267578,16.506099700927734,82.53070068359375,16.508399963378906,16.458599090576172,98.75180053710938,16.344499588012695,16.432899475097656,115.03060150146484,16.278799057006836,16.386699676513672,163.86709594726562,140.6291961669922,140.6291961669922,281.2585144042969,140.45249938964844,139.4259033203125,697.12939453125,139.664306640625,138.5384063720703,831.2305908203125,138.87620544433594,137.79519653320312,964.5659790039062,135.3217010498047,136.44790649414062,1364.47900390625,0.1656000018119812,0.1656000018119812,0.3310999870300293,0.3310999870300293,0.2662000060081482,1.3310999870300293,0.3310999870300293,0.27810001373291016,1.6689000129699707,0.3310999870300293,0.2856999933719635,2.0,0.3310999870300293,0.20000000298023224,2.0,1.0721999406814575,1.0721999406814575,2.144399881362915,1.0,0.9707000255584717,4.853600025177002,0.9706000089645386,0.808899998664856,4.853600025177002,0.9412999749183655,0.6934000253677368,4.853600025177002,0.1656000018119812,0.48539999127388,4.853600025177002,2.596100091934204,2.596100091934204,5.192299842834473,4.200900077819824,4.2241997718811035,21.121200561523438,3.6317999362945557,3.6958000659942627,22.17460060119629,3.0627999305725098,3.2353999614715576,22.647600173950195,1.5915000438690186,2.364799976348877,23.647600173950195,6.845699787139893,6.845699787139893,13.691499710083008,7.466000080108643,8.51509952545166,42.575401306152344,7.2032999992370605,7.507299900054932,45.04399871826172,6.9405999183654785,6.645299911499023,46.516998291015625,4.347099781036377,4.784800052642822,47.84809875488281,6.007699966430664,-1.4292000532150269,8.059000015258789,2.497499942779541,-1.3977999687194824,-1.1898000240325928,-1.1420999765396118,-1.1161999702453613,-1.0693000555038452,8.167400360107422,9.374099731445312,10.261199951171875,11.003800392150879,12.348299980163574,2.5178000926971436,2.4846999645233154,2.516200065612793,2.5480000972747803,2.579699993133545,0.5809000134468079,0.5055000185966492,5.38730001449585,3.716200113296509,4.723999977111816,5.586299896240234,7.447800159454346,2.5178000926971436,2.4846999645233154,2.516200065612793,2.5480000972747803,2.579699993133545,-1.3977999687194824,-1.1898000240325928,-1.1420999765396118,-1.1161999702453613,-1.0693000555038452,8.167400360107422,9.374099731445312,10.261199951171875,11.003800392150879,12.348299980163574,57.91910171508789,133.15069580078125,161.79859924316406,176.1226043701172,262.0661926269531,4.24429988861084,-0.12250000238418579,0.4964999854564667,0.4964999854564667
7,130.3903045654297,107.08820343017578,28.345699310302734,0.4636000096797943,0.0,0.337799996137619,0.4729999899864197,0.4683000147342682,130.3903045654297,16.103300094604492,61.0536994934082,1221.073486328125,1.7425999641418457,61.1244010925293,61.1244010925293,122.2488021850586,61.04629898071289,60.85300064086914,304.2650146484375,60.85919952392578,60.69969940185547,364.19830322265625,60.67210006713867,60.65290069580078,424.57000732421875,60.9379997253418,60.860599517822266,608.606201171875,15.953300476074219,15.953300476074219,31.906600952148438,15.65250015258789,15.452300071716309,77.26170349121094,15.374199867248535,15.281100273132324,91.6864013671875,15.095800399780273,15.203100204467773,106.42160034179688,15.129300117492676,15.186100006103516,151.86129760742188,130.48399353027344,130.48399353027344,260.9679870605469,130.14959716796875,130.03309631347656,650.1657104492188,129.92190551757812,129.86549377441406,779.1928100585938,130.02769470214844,129.8885955810547,909.2205200195312,130.2698974609375,130.62510681152344,1306.2510986328125,0.0,0.0,0.0,0.3310999870300293,0.20000000298023224,1.0,0.3310999870300293,0.22190000116825104,1.3310999870300293,0.3310999870300293,0.19110000133514404,1.3378000259399414,0.1688999980688095,0.16760000586509705,1.6756000518798828,0.39969998598098755,0.39969998598098755,0.7993999719619751,0.4683000147342682,0.44269999861717224,2.213599920272827,0.4706000089645386,0.6161999702453613,3.6974000930786133,0.4729999899864197,0.7436000108718872,5.205100059509277,0.570900022983551,0.8309000134468079,8.308600425720215,0.4683000147342682,0.4683000147342682,0.9366000294685364,0.6621999740600586,0.6535000205039978,3.267699956893921,0.6689000129699707,1.0442999601364136,6.265900135040283,0.675599992275238,1.3321000337600708,9.324799537658691,1.5240000486373901,1.9014999866485596,19.015499114990234,1.4388999938964844,1.4388999938964844,2.8777999877929688,3.273400068283081,2.7451000213623047,13.725500106811523,3.4565000534057617,3.5838000774383545,21.50309944152832,3.6396000385284424,4.220399856567383,29.54290008544922,4.101399898529053,4.872300148010254,48.72249984741211,10.490599632263184,-0.7875999808311462,18.404300689697266,6.5742998123168945,-0.637499988079071,-0.13600000739097595,0.03550000116229057,0.1137000024318695,0.13130000233650208,18.312599182128906,18.766799926757812,18.934099197387695,18.91029930114746,18.171100616455078,6.504499912261963,6.777500152587891,6.930699825286865,6.977399826049805,6.768899917602539,0.23600000143051147,0.36899998784065247,10.794099807739258,9.486200332641602,8.647500038146973,8.011099815368652,7.360300064086914,6.504499912261963,6.777500152587891,6.930699825286865,6.977399826049805,6.768899917602539,-0.637499988079071,-0.13600000739097595,0.03550000116229057,0.1137000024318695,0.13130000233650208,18.312599182128906,18.766799926757812,18.934099197387695,18.91029930114746,18.171100616455078,57.87260055541992,145.11019897460938,173.7581024169922,202.406005859375,288.3497009277344,4.317999839782715,-0.19629999995231628,0.41769999265670776,0.41769999265670776
8,164.68299865722656,115.4092025756836,30.999500274658203,1.0470999479293823,0.0,0.3310999870300293,1.0681999921798706,0.337799996137619,164.68299865722656,17.864099502563477,73.36650085449219,1467.32958984375,2.7841999530792236,73.33080291748047,73.33080291748047,146.66160583496094,73.29519653320312,73.3114013671875,366.5567932128906,73.29519653320312,73.26100158691406,439.5657958984375,73.29519653320312,73.18710327148438,512.3096923828125,73.10430145263672,73.0864028930664,730.8638916015625,17.74679946899414,17.74679946899414,35.49359893798828,17.629499435424805,17.623199462890625,88.11599731445312,17.586299896240234,17.514400482177734,105.08660125732422,17.542999267578125,17.404800415039062,121.83329772949219,17.36669921875,17.292400360107422,172.92410278320312,164.7279052734375,164.7279052734375,329.455810546875,164.77279663085938,164.76890563964844,823.8442993164062,164.7279052734375,164.6741943359375,988.04541015625,164.68299865722656,164.51409912109375,1151.598876953125,164.40289306640625,164.23489379882812,1642.349365234375,0.0,0.0,0.0,0.0,0.0,0.0,0.0,0.0,0.0,0.0,0.0,0.0,0.0,0.06689999997615814,0.6689000129699707,0.1688999980688095,0.1688999980688095,0.337799996137619,0.3310999870300293,0.26759999990463257,1.3378000259399414,0.3343999981880188,0.301800012588501,1.8107999563217163,0.337799996137619,0.3262999951839447,2.283799886703491,0.3310999870300293,0.2296999990940094,2.297100067138672,0.5268999934196472,0.5268999934196472,1.0536999702453613,1.0470999479293823,0.890999972820282,4.455100059509277,1.0202000141143799,0.8539999723434448,5.124000072479248,0.9933000206947327,0.7989000082015991,5.592299938201904,0.7045999765396118,0.7279000282287598,7.27869987487793,1.7655999660491943,1.7655999660491943,3.5311999320983887,2.0099000930786133,1.881500005722046,9.407500267028809,2.075900077819824,1.9249000549316406,11.549400329589844,2.0099000930786133,1.8798999786376953,13.159500122070312,1.7080999612808228,1.7203999757766724,17.20400047302246,5.724999904632568,0.14869999885559082,14.133600234985352,7.408400058746338,0.2662000060081482,0.390500009059906,0.49959999322891235,0.6096000075340271,0.7228999733924866,14.089699745178223,14.05150032043457,14.146499633789062,14.30679988861084,14.586000442504883,7.4446001052856445,7.464300155639648,7.514500141143799,7.588099956512451,7.6875,0.6237000226974487,0.47589999437332153,6.742099761962891,6.622799873352051,6.57889986038208,6.623499870300293,6.781400203704834,7.4446001052856445,7.464300155639648,7.514500141143799,7.588099956512451,7.6875,0.2662000060081482,0.390500009059906,0.49959999322891235,0.6096000075340271,0.7228999733924866,14.089699745178223,14.05150032043457,14.146499633789062,14.30679988861084,14.586000442504883,42.9718017578125,114.59159851074219,139.0113067626953,157.5634002685547,232.11720275878906,4.111499786376953,-0.03709999844431877,0.5899999737739563,0.5899999737739563
9,192.77769470214844,156.67640686035156,33.592201232910156,0.4729999899864197,0.3312000036239624,0.7404000163078308,0.337799996137619,0.6689000129699707,192.77769470214844,16.752199172973633,86.25679779052734,1725.135009765625,2.551300048828125,86.20539855957031,86.20539855957031,172.41079711914062,86.15399932861328,86.14959716796875,430.747802734375,86.10430145263672,86.11070251464844,516.664306640625,86.05460357666016,86.05169677734375,602.3619995117188,86.0459976196289,86.03730010986328,860.3732299804688,16.583900451660156,16.583900451660156,33.167701721191406,16.68869972229004,16.52090072631836,82.60449981689453,16.690500259399414,16.600200653076172,99.6010971069336,16.68869972229004,16.611900329589844,116.283203125,16.685400009155273,16.663400650024414,166.6342010498047,192.6840057373047,192.6840057373047,385.3680114746094,192.59030151367188,192.5760040283203,962.880126953125,192.5518035888672,192.50430297851562,1155.0257568359375,192.5133056640625,192.40280151367188,1346.819580078125,192.3679962158203,192.3271026611328,1923.271240234375,0.1688999980688095,0.1688999980688095,0.3379000127315521,0.3310999870300293,0.20270000398159027,1.0134999752044678,0.3310999870300293,0.2240999937057495,1.3446999788284302,0.3312000036239624,0.2597000002861023,1.8177000284194946,0.3310999870300293,0.24799999594688416,2.4798998832702637,0.5709999799728394,0.5709999799728394,1.1418999433517456,0.4729999899864197,0.5315999984741211,2.6582000255584717,0.5709999799728394,0.5648999810218811,3.3896000385284424,0.4729999899864197,0.5315999984741211,3.7209999561309814,0.4636000096797943,0.4788999855518341,4.789299964904785,0.40209999680519104,0.40209999680519104,0.804099977016449,0.4729999899864197,0.4284000098705292,2.141900062561035,0.5676000118255615,0.4803999960422516,2.8822999000549316,0.4729999899864197,0.46000000834465027,3.220099925994873,0.40299999713897705,0.435699999332428,4.3572001457214355,1.8532999753952026,1.8532999753952026,3.7065999507904053,1.7575000524520874,1.7201999425888062,8.600799560546875,1.8723000288009644,1.8443000316619873,11.066100120544434,1.9869999885559082,1.8992999792099,13.29539966583252,1.8723000288009644,1.749400019645691,17.494400024414062,5.008500099182129,1.6541999578475952,-13.593999862670898,-5.197400093078613,1.82260000705719,1.8858000040054321,1.8065999746322632,1.7950999736785889,1.743899941444397,-13.497900009155273,-13.384699821472168,-13.312999725341797,-13.2121000289917,-13.139599800109863,-5.145100116729736,-5.087100028991699,-5.048299789428711,-4.989500045776367,-4.976500034332275,0.3709000051021576,0.628000020980835,5.706500053405762,5.839099884033203,5.715099811553955,5.660600185394287,5.8078999519348145,-5.145100116729736,-5.087100028991699,-5.048299789428711,-4.989500045776367,-4.976500034332275,1.82260000705719,1.8858000040054321,1.8065999746322632,1.7950999736785889,1.743899941444397,-13.497900009155273,-13.384699821472168,-13.312999725341797,-13.2121000289917,-13.139599800109863,42.835201263427734,107.3385009765625,135.9864044189453,168.86199951171875,250.57789611816406,4.177000045776367,-0.26499998569488525,0.35429999232292175,0.35429999232292175
10,201.7406005859375,162.55360412597656,27.875699996948242,0.337799996137619,0.4683000147342682,0.3310999870300293,0.0,0.6621999740600586,201.7406005859375,15.181099891662598,88.39959716796875,1767.991455078125,1.799399971961975,88.29740142822266,88.29740142822266,176.5948028564453,87.98100280761719,88.08390045166016,440.4197082519531,87.96520233154297,88.05860137939453,528.351806640625,87.94930267333984,88.01509857177734,616.1054077148438,87.91329956054688,87.80570220947266,878.0568237304688,15.239100456237793,15.239100456237793,30.478099822998047,15.365400314331055,15.491700172424316,77.4583969116211,15.56470012664795,15.550399780273438,93.30269622802734,15.365400314331055,15.50100040435791,108.5072021484375,15.250800132751465,15.31029987335205,153.1024932861328,201.51449584960938,201.51449584960938,403.02899169921875,200.83120727539062,201.04469299316406,1005.2235717773438,200.77020263671875,200.97860717773438,1205.8714599609375,200.70919799804688,200.84710693359375,1405.9295654296875,200.6510009765625,200.27999877929688,2002.800048828125,0.4729999899864197,0.4729999899864197,0.9459999799728394,0.4683000147342682,0.41659998893737793,2.0831000804901123,0.40299999713897705,0.4034999907016754,2.4209001064300537,0.4683000147342682,0.44040000438690186,3.0831000804901123,0.4683000147342682,0.4496999979019165,4.497300148010254,0.3310999870300293,0.3310999870300293,0.6621999740600586,0.3310999870300293,0.33239999413490295,1.6621999740600586,0.3310999870300293,0.2770000100135803,1.6621999740600586,0.3310999870300293,0.2847999930381775,1.993299961090088,0.3345000147819519,0.42289999127388,4.229400157928467,0.3343999981880188,0.3343999981880188,0.6689000129699707,0.337799996137619,0.38920000195503235,1.9459999799728394,0.40540000796318054,0.43470001220703125,2.6082000732421875,0.4729999899864197,0.4681999981403351,3.277100086212158,0.5676000118255615,0.6022999882698059,6.022799968719482,1.469599962234497,1.469599962234497,2.939300060272217,1.799399971961975,1.8366999626159668,9.183699607849121,1.9470000267028809,1.919100046157837,11.514800071716309,2.0945000648498535,2.0650999546051025,14.456000328063965,2.3408000469207764,2.526700019836426,25.267099380493164,11.04170036315918,2.3854000568389893,-5.837800025939941,-0.07440000027418137,2.327500104904175,2.075200080871582,2.0165998935699463,2.066200017929077,2.2574000358581543,-5.609799861907959,-5.13539981842041,-5.06790018081665,-4.935200214385986,-4.366799831390381,0.028699999675154686,0.24420000612735748,0.2700999975204468,0.3142000138759613,0.524399995803833,0.23639999330043793,0.43959999084472656,11.371199607849121,11.01039981842041,10.930899620056152,10.787599563598633,10.33329963684082,0.028699999675154686,0.24420000612735748,0.2700999975204468,0.3142000138759613,0.524399995803833,2.327500104904175,2.075200080871582,2.0165998935699463,2.066200017929077,2.2574000358581543,-5.609799861907959,-5.13539981842041,-5.06790018081665,-4.935200214385986,-4.366799831390381,62.71390151977539,129.00770568847656,157.47300720214844,181.98330688476562,225.02760314941406,4.360099792480469,-0.25999999046325684,0.45739999413490295,0.45739999413490295
11,250.69520568847656,231.41580200195312,8.69159984588623,1.0470999479293823,0.0,0.6621999740600586,1.0534000396728516,1.4867000579833984,250.69520568847656,1.8824000358581543,102.14070129394531,2042.8138427734375,4.249300003051758,102.23509979248047,102.23509979248047,204.47019958496094,102.17240142822266,102.20140075683594,511.0072021484375,102.17070007324219,102.18060302734375,613.0836791992188,102.16899871826172,102.12200164794922,714.8541870117188,102.10859680175781,96.44950103759766,964.4951782226562,1.648300051689148,1.648300051689148,3.2967000007629395,1.2030999660491943,1.3106000423431396,6.553100109100342,1.1282000541687012,1.2589000463485718,7.553100109100342,1.0534000396728516,1.2218999862670898,8.553099632263184,1.0,1.149399995803833,11.494400024414062,250.81649780273438,250.81649780273438,501.63299560546875,250.89869689941406,250.8206024169922,1254.102783203125,250.79690551757812,250.77659606933594,1504.65966796875,250.69520568847656,250.6175994873047,1754.3232421875,250.60940551757812,235.7458038330078,2357.45849609375,0.0,0.0,0.0,0.0,0.0,0.0,0.0,0.0,0.0,0.0,0.0,0.0,0.0,24.970500946044922,249.70550537109375,0.743399977684021,0.743399977684021,1.4867000579833984,0.3310999870300293,0.4311000108718872,2.155600070953369,0.1656000018119812,0.35929998755455017,2.155600070953369,0.0,0.30790001153945923,2.155600070953369,0.0066999997943639755,0.2831000089645386,2.831199884414673,0.6927000284194946,0.6927000284194946,1.3854000568389893,0.6621999740600586,0.6190999746322632,3.0957000255584717,0.8450999855995178,0.7973999977111816,4.7846999168396,1.027999997138977,0.9247000217437744,6.4730000495910645,0.5002999901771545,0.7473000288009644,7.4730000495910645,2.459399938583374,2.459399938583374,4.918799877166748,1.1505000591278076,1.7826000452041626,8.912799835205078,1.496999979019165,1.8221999406814575,10.932900428771973,1.6883000135421753,1.8029999732971191,12.621199607849121,1.9318000078201294,26.606399536132812,266.0635070800781,6.771599769592285,14.121500015258789,-94.35359954833984,-31.40369987487793,14.355600357055664,14.693099975585938,14.74489974975586,14.781800270080566,14.854100227355957,-94.47669982910156,-94.48159790039062,-94.43779754638672,-94.27880096435547,-79.40730285644531,-31.49880027770996,-31.465599060058594,-31.444799423217773,-31.38629913330078,-25.714099884033203,0.4715000092983246,0.6491000056266785,8.559000015258789,9.23449993133545,9.195099830627441,9.214500427246094,-15.587800025939941,-31.49880027770996,-31.465599060058594,-31.444799423217773,-31.38629913330078,-25.714099884033203,14.355600357055664,14.693099975585938,14.74489974975586,14.781800270080566,14.854100227355957,-94.47669982910156,-94.48159790039062,-94.43779754638672,-94.27880096435547,-79.40730285644531,71.61969757080078,143.23939514160156,176.11549377441406,214.8592071533203,315.1268005371094,2.655900001525879,1.4781999588012695,0.96670001745224,0.96670001745224
12,152.02609252929688,121.15029907226562,30.175199508666992,0.3310999870300293,0.337799996137619,0.3310999870300293,0.0,0.0,152.02609252929688,16.763099670410156,68.54440307617188,1370.888427734375,1.0,68.58380126953125,68.58380126953125,137.1676025390625,68.62310028076172,68.57230377197266,342.8616027832031,68.58380126953125,68.4989013671875,410.993408203125,68.54440307617188,68.42009735107422,478.94061279296875,68.45099639892578,68.39820098876953,683.9819946289062,16.763099670410156,16.763099670410156,33.526100158691406,16.763099670410156,16.743900299072266,83.71949768066406,16.763099670410156,16.715900421142578,100.29540252685547,16.763099670410156,16.68400001525879,116.78780364990234,16.739599227905273,16.67329978942871,166.7333984375,152.04200744628906,152.04200744628906,304.0840148925781,152.0579071044922,152.0699005126953,760.3494262695312,152.04200744628906,151.93099975585938,911.5858154296875,152.02609252929688,151.76199340820312,1062.333984375,151.87049865722656,151.73109436035156,1517.3114013671875,0.3343999981880188,0.3343999981880188,0.6689000129699707,0.3310999870300293,0.26759999990463257,1.3378000259399414,0.3310999870300293,0.27810001373291016,1.6689000129699707,0.3310999870300293,0.23839999735355377,1.6689000129699707,0.3310999870300293,0.20000000298023224,2.0,0.0,0.0,0.0,0.0,0.0,0.0,0.0,0.0,0.0,0.0,0.04729999974370003,0.3310999870300293,0.0,0.06759999692440033,0.675599992275238,0.39969998598098755,0.39969998598098755,0.7993999719619751,0.4683000147342682,0.47099998593330383,2.3552000522613525,0.40299999713897705,0.44769999384880066,2.686300039291382,0.4683000147342682,0.47839999198913574,3.3485000133514404,0.4729999899864197,0.4771000146865845,4.771200180053711,0.8996999859809875,0.8996999859809875,1.799399971961975,1.0,0.9386000037193298,4.692999839782715,1.006700038909912,1.0029000043869019,6.017499923706055,1.0132999420166016,1.069100022315979,7.483799934387207,1.233199954032898,1.1663000583648682,11.663200378417969,9.334500312805176,-0.47049999237060547,15.614800453186035,7.141600131988525,-0.47049999237060547,-0.4510999917984009,-0.42309999465942383,-0.3910999894142151,-0.38019999861717224,15.59749984741211,15.567700386047363,15.706700325012207,15.875499725341797,15.903200149536133,7.1016998291015625,7.112299919128418,7.185800075531006,7.264599800109863,7.285600185394287,0.14149999618530273,0.0681999996304512,9.434800148010254,9.392999649047852,9.32800006866455,9.261199951171875,9.166799545288086,7.1016998291015625,7.112299919128418,7.185800075531006,7.264599800109863,7.285600185394287,-0.47049999237060547,-0.4510999917984009,-0.42309999465942383,-0.3910999894142151,-0.38019999861717224,15.59749984741211,15.567700386047363,15.706700325012207,15.875499725341797,15.903200149536133,28.647899627685547,128.91549682617188,157.5634002685547,200.5352020263672,293.6408996582031,4.093100070953369,-0.07490000128746033,0.5109999775886536,0.5109999775886536
13,175.73280334472656,123.7572021484375,30.016700744628906,0.3310999870300293,0.0,0.337799996137619,0.337799996137619,0.337799996137619,175.73280334472656,18.11079978942871,79.01329803466797,1580.2657470703125,1.3444000482559204,78.98149871826172,78.98149871826172,157.96299743652344,79.13130187988281,79.25,396.2499084472656,79.2864990234375,79.36219787597656,476.17340087890625,79.44159698486328,79.49810028076172,556.486572265625,79.81880187988281,79.89019775390625,798.902099609375,18.11079978942871,18.11079978942871,36.221500396728516,18.150299072265625,18.163400650024414,90.81690216064453,18.173599243164062,18.23200035095215,109.39189910888672,18.196800231933594,18.290000915527344,128.02969360351562,18.308500289916992,18.340099334716797,183.40109252929688,175.57330322265625,175.57330322265625,351.1466064453125,175.73280334472656,176.05580139160156,880.2791137695312,176.0550994873047,176.2700958251953,1057.62060546875,176.3773956298828,176.5269012451172,1235.6883544921875,177.18179321289062,177.14480590820312,1771.4476318359375,0.0,0.0,0.0,0.0,0.0,0.0,0.0,0.0551999993622303,0.3310999870300293,0.0,0.04830000177025795,0.337799996137619,0.0032999999821186066,0.1137000024318695,1.1371999979019165,0.40299999713897705,0.40299999713897705,0.8059999942779541,0.337799996137619,0.3774000108242035,1.8871999979019165,0.40299999713897705,0.4912000000476837,2.946899890899658,0.4683000147342682,0.5715000033378601,4.00029993057251,0.4683000147342682,0.5273000001907349,5.27269983291626,0.3310999870300293,0.3310999870300293,0.6621999740600586,0.3310999870300293,0.46619999408721924,2.3310999870300293,0.4966999888420105,0.49889999628067017,2.993299961090088,0.6621999740600586,0.5627999901771545,3.939300060272217,0.6689000129699707,1.003499984741211,10.035400390625,1.402999997138977,1.402999997138977,2.805999994277954,1.3444000482559204,1.499500036239624,7.497399806976318,1.402999997138977,1.9672000408172607,11.803199768066406,1.4615999460220337,2.3215999603271484,16.250900268554688,2.7792000770568848,3.0859999656677246,30.859899520874023,9.67650032043457,-2.106800079345703,-19.391199111938477,-8.276300430297852,-2.1068999767303467,-2.159600019454956,-2.228300094604492,-2.28629994392395,-2.3366000652313232,-19.23349952697754,-19.716899871826172,-19.93120002746582,-20.188100814819336,-20.80620002746582,-8.245200157165527,-8.514100074768066,-8.626500129699707,-8.762399673461914,-9.154800415039062,0.11490000039339066,0.31279999017715454,9.615400314331055,9.517600059509277,9.050000190734863,8.696000099182129,7.932600021362305,-8.245200157165527,-8.514100074768066,-8.626500129699707,-8.762399673461914,-9.154800415039062,-2.1068999767303467,-2.159600019454956,-2.228300094604492,-2.28629994392395,-2.3366000652313232,-19.23349952697754,-19.716899871826172,-19.93120002746582,-20.188100814819336,-20.80620002746582,57.204498291015625,121.66239929199219,121.66239929199219,121.66239929199219,221.92999267578125,4.353300094604492,-0.219200000166893,0.4106000065803528,0.4106000065803528
14,165.5572967529297,143.70860290527344,25.4906005859375,1.2050000429153442,0.0,1.9536000490188599,0.9365000128746033,0.7404000163078308,165.5572967529297,12.004400253295898,73.15899658203125,1463.1796875,4.8354997634887695,73.39360046386719,73.39360046386719,146.78729248046875,74.1864013671875,74.05239868164062,370.2619934082031,74.3822021484375,74.15409851074219,444.9245910644531,74.56929779052734,74.2134017944336,519.493896484375,74.44409942626953,74.26860046386719,742.6864013671875,12.22439956665039,12.22439956665039,24.44879913330078,11.79520034790039,11.452899932861328,57.264400482177734,11.396599769592285,11.269499778747559,67.61669921875,11.005200386047363,11.23169994354248,78.62190246582031,11.181300163269043,11.266599655151367,112.66549682617188,165.5823974609375,165.5823974609375,331.164794921875,166.87060546875,167.13319396972656,835.6661987304688,167.5164031982422,167.49620056152344,1004.9769287109375,168.16209411621094,167.69639587402344,1173.874755859375,168.15469360351562,167.9188995361328,1679.189208984375,0.3310999870300293,0.3310999870300293,0.6621999740600586,0.6621999740600586,0.48019999265670776,2.40120005607605,0.4932999908924103,0.40130001306533813,2.407900094985962,0.3310999870300293,0.3912999927997589,2.739000082015991,0.1656000018119812,0.27390000224113464,2.739000082015991,1.2045999765396118,1.2045999765396118,2.4093000888824463,1.0470000505447388,1.121000051498413,5.604899883270264,1.1232000589370728,1.1339999437332153,6.804299831390381,1.0618000030517578,1.1237000226974487,7.866099834442139,0.8937000036239624,0.8999999761581421,8.999500274658203,1.1291999816894531,1.1291999816894531,2.2583999633789062,1.006700038909912,0.801800012588501,4.009099960327148,0.8734999895095825,0.7915999889373779,4.749499797821045,0.7404000163078308,0.7749999761581421,5.425099849700928,0.870199978351593,0.7432000041007996,7.431700229644775,5.14870023727417,5.14870023727417,10.29740047454834,4.8354997634887695,4.4994001388549805,22.497100830078125,4.537399768829346,4.375699996948242,26.2544002532959,4.239299774169922,4.3491997718811035,30.444400787353516,3.973599910736084,3.680999994277954,36.80970001220703,6.5381999015808105,2.32069993019104,-9.089200019836426,-2.90910005569458,2.1006999015808105,2.8726000785827637,3.0562000274658203,3.094099998474121,3.059799909591675,-9.113900184631348,-10.66569995880127,-11.029500007629395,-11.230600357055664,-11.45359992980957,-3.143399953842163,-3.8020999431610107,-3.903899908065796,-3.963399887084961,-4.0183000564575195,0.4348999857902527,0.3849000036716461,6.224899768829346,6.878499984741211,7.003399848937988,7.030700206756592,7.700300216674805,-3.143399953842163,-3.8020999431610107,-3.903899908065796,-3.963399887084961,-4.0183000564575195,2.1006999015808105,2.8726000785827637,3.0562000274658203,3.094099998474121,3.059799909591675,-9.113900184631348,-10.66569995880127,-11.029500007629395,-11.230600357055664,-11.45359992980957,42.935298919677734,121.89739990234375,155.30369567871094,181.9105987548828,249.0924072265625,3.3773000240325928,0.3707999885082245,0.7531999945640564,0.7531999945640564
15,208.09910583496094,155.38059997558594,34.36040115356445,0.3310999870300293,0.3310999870300293,0.4683000147342682,0.3312000036239624,0.0,208.09910583496094,19.69770050048828,92.54930114746094,1850.98583984375,1.4616999626159668,92.58930206298828,92.58930206298828,185.17849731445312,92.54100036621094,92.36029815673828,461.8013916015625,92.39810180664062,92.24030303955078,553.4420166015625,92.25520324707031,92.14800262451172,645.0361938476562,92.00559997558594,92.06729888916016,920.6735229492188,19.616100311279297,19.616100311279297,39.232200622558594,19.378299713134766,19.36280059814453,96.81379699707031,19.45639991760254,19.39459991455078,116.3677978515625,19.534500122070312,19.52079963684082,136.6457061767578,19.62579917907715,19.93320083618164,199.3321990966797,208.21890258789062,208.21890258789062,416.43780517578125,208.09910583496094,207.58120727539062,1037.90625,207.6154022216797,207.2646942138672,1243.5880126953125,207.13180541992188,207.01710510253906,1449.119873046875,206.4232940673828,206.74920654296875,2067.491943359375,0.39969998598098755,0.39969998598098755,0.7993999719619751,0.4683000147342682,0.3490999937057495,1.745300054550171,0.39969998598098755,0.29089999198913574,1.745300054550171,0.3310999870300293,0.2493000030517578,1.745300054550171,0.3310999870300293,0.24169999361038208,2.417099952697754,0.0,0.0,0.0,0.0,0.21549999713897705,1.0774999856948853,0.1656000018119812,0.304500013589859,1.826799988746643,0.3310999870300293,0.40290001034736633,2.8201000690460205,0.7075999975204468,0.5817999839782715,5.81790018081665,0.1656000018119812,0.1656000018119812,0.3310999870300293,0.675599992275238,0.49810001254081726,2.490499973297119,0.7080000042915344,0.5394999980926514,3.236799955368042,0.675599992275238,0.4634000062942505,3.243499994277954,0.5723000168800354,0.48570001125335693,4.856500148773193,1.207200050354004,1.207200050354004,2.414299964904785,2.143899917602539,1.8392000198364258,9.196000099182129,2.1480000019073486,1.9616999626159668,11.76990032196045,2.152100086212158,1.9982999563217163,13.98799991607666,2.2532999515533447,2.238600015640259,22.385900497436523,7.047500133514404,-1.6849000453948975,-29.282499313354492,-11.774399757385254,-1.6030999422073364,-1.3489999771118164,-1.3805999755859375,-1.506500005722046,-1.9178999662399292,-29.40130043029785,-28.760900497436523,-28.444000244140625,-28.196199417114258,-27.928300857543945,-11.813899993896484,-11.584600448608398,-11.464900016784668,-11.372900009155273,-11.293399810791016,0.18299999833106995,0.12349999696016312,7.30049991607666,6.66510009765625,6.542099952697754,6.505099773406982,6.263199806213379,-11.813899993896484,-11.584600448608398,-11.464900016784668,-11.372900009155273,-11.293399810791016,-1.6030999422073364,-1.3489999771118164,-1.3805999755859375,-1.506500005722046,-1.9178999662399292,-29.40130043029785,-28.760900497436523,-28.444000244140625,-28.196199417114258,-27.928300857543945,35.9010009765625,64.54889678955078,64.54889678955078,64.54889678955078,64.54889678955078,3.862299919128418,0.21220000088214874,0.744700014591217,0.744700014591217
16,165.59390258789062,133.54400634765625,30.81529998779297,0.4729999899864197,0.0,0.337799996137619,0.0,0.0,165.59390258789062,17.593000411987305,75.41670227050781,1508.3343505859375,0.8108000159263611,75.45580291748047,75.45580291748047,150.9116973876953,75.5551986694336,75.52140045166016,377.6072082519531,75.52510070800781,75.51080322265625,453.0646057128906,75.49500274658203,75.48310089111328,528.381591796875,75.43710327148438,75.39019775390625,753.9022216796875,17.442899703979492,17.442899703979492,34.88589859008789,17.161500930786133,17.241100311279297,86.20570373535156,17.159900665283203,17.2273006439209,103.36399841308594,17.158300399780273,17.17300033569336,120.21070098876953,17.079200744628906,17.00119972229004,170.01229858398438,165.72140502929688,165.72140502929688,331.44268798828125,166.17160034179688,165.9915008544922,829.95751953125,166.01019287109375,165.9676971435547,995.8062744140625,165.8488006591797,165.90370178222656,1161.325927734375,165.72140502929688,165.6990966796875,1656.990966796875,0.0,0.0,0.0,0.0,0.0,0.0,0.0,0.0,0.0,0.0,0.0,0.0,0.0,0.0,0.0,0.0,0.0,0.0,0.0,0.13379999995231628,0.6689000129699707,0.1656000018119812,0.16670000553131104,1.0,0.0,0.1429000049829483,1.0,0.0,0.10000000149011612,1.0,0.40209999680519104,0.40209999680519104,0.804099977016449,0.3310999870300293,0.22699999809265137,1.135200023651123,0.3310999870300293,0.24549999833106995,1.4730000495910645,0.3310999870300293,0.25769999623298645,1.8041000366210938,0.3310999870300293,0.24729999899864197,2.4730000495910645,0.7365000247955322,0.7365000247955322,1.4730000495910645,0.8108000159263611,0.8284000158309937,4.141900062561035,0.9053999781608582,0.9121999740600586,5.4730000495910645,0.8108000159263611,0.8773999810218811,6.141900062561035,0.737500011920929,0.7609999775886536,7.610099792480469,10.090499877929688,-0.45249998569488525,3.309999942779541,1.2057000398635864,-0.30230000615119934,-0.09989999979734421,-0.08590000122785568,-0.031300000846385956,0.14100000262260437,3.1926000118255615,2.952899932861328,2.9865000247955322,3.059999942779541,3.2908999919891357,1.170799970626831,1.117799997329712,1.1325000524520874,1.1641000509262085,1.267799973487854,0.31369999051094055,0.09700000286102295,10.164400100708008,10.071999549865723,9.988100051879883,10.022700309753418,10.138999938964844,1.170799970626831,1.117799997329712,1.1325000524520874,1.1641000509262085,1.267799973487854,-0.30230000615119934,-0.09989999979734421,-0.08590000122785568,-0.031300000846385956,0.14100000262260437,3.1926000118255615,2.952899932861328,2.9865000247955322,3.059999942779541,3.2908999919891357,21.57659912109375,86.0344009399414,107.52030181884766,150.49209594726562,250.75970458984375,4.633900165557861,-0.5947999954223633,0.06930000334978104,0.06930000334978104
17,239.4868927001953,190.41690063476562,37.87160110473633,0.6621999740600586,0.0066999997943639755,0.3310999870300293,0.3310999870300293,0.3312000036239624,239.4868927001953,20.693099975585938,105.42990112304688,2108.59814453125,1.6622999906539917,105.51820373535156,105.51820373535156,211.0364990234375,105.42990112304688,105.40760040283203,527.0380249023438,105.40360260009766,105.26029968261719,631.5617065429688,105.3772964477539,105.12909698486328,735.90380859375,105.17369842529297,105.09719848632812,1050.9722900390625,20.689699172973633,20.689699172973633,41.37950134277344,20.693099975585938,20.755199432373047,103.7761001586914,20.689699172973633,20.684999465942383,124.10980224609375,20.686399459838867,20.587099075317383,144.10980224609375,20.689699172973633,20.650999069213867,206.50970458984375,239.7563934326172,239.7563934326172,479.5126953125,240.0124969482422,239.85400390625,1199.270263671875,239.74969482421875,239.5782012939453,1437.4693603515625,239.4868927001953,239.3433074951172,1675.4031982421875,239.48170471191406,239.35670471191406,2393.567138671875,0.0066999997943639755,0.0066999997943639755,0.013399999588727951,0.0066999997943639755,0.07020000368356705,0.35120001435279846,0.0066999997943639755,0.13740000128746033,0.8241999745368958,0.0066999997943639755,0.18459999561309814,1.2925000190734863,0.1688999980688095,0.19609999656677246,1.961400032043457,0.5034000277519226,0.5034000277519226,1.0068000555038452,0.337799996137619,0.4832000136375427,2.4159998893737793,0.40299999713897705,0.48069998621940613,2.8842999935150146,0.4683000147342682,0.5548999905586243,3.8842999935150146,0.7080000042915344,0.9585999846458435,9.585800170898438,0.6621999740600586,0.6621999740600586,1.3243999481201172,1.201300024986267,1.079200029373169,5.396100044250488,0.9318000078201294,0.9556000232696533,5.73390007019043,0.743399977684021,0.9253000020980835,6.47730016708374,0.743399977684021,0.8687000274658203,8.687000274658203,2.3742001056671143,2.3742001056671143,4.748499870300293,3.16759991645813,3.000999927520752,15.005200386047363,3.1268999576568604,2.837899923324585,17.027599334716797,3.16759991645813,2.996999979019165,20.978900909423828,3.5445001125335693,3.8715999126434326,38.71649932861328,11.178799629211426,-3.1266000270843506,-43.58409881591797,-17.104700088500977,-3.123199939727783,-3.1882998943328857,-3.1178998947143555,-3.01990008354187,-3.0833001136779785,-43.85169982910156,-43.944698333740234,-43.667598724365234,-43.43149948120117,-43.44350051879883,-17.19219970703125,-17.079500198364258,-16.931499481201172,-16.799800872802734,-16.767200469970703,0.32919999957084656,0.30649998784065247,10.46660041809082,9.846099853515625,10.012100219726562,9.855799674987793,8.98840045928955,-17.19219970703125,-17.079500198364258,-16.931499481201172,-16.799800872802734,-16.767200469970703,-3.123199939727783,-3.1882998943328857,-3.1178998947143555,-3.01990008354187,-3.0833001136779785,-43.85169982910156,-43.944698333740234,-43.667598724365234,-43.43149948120117,-43.44350051879883,28.647899627685547,136.07769775390625,186.02810668945312,219.12319946289062,300.80279541015625,3.53439998626709,0.5656999945640564,0.8727999925613403,0.8727999925613403
18,202.47450256347656,159.5511932373047,36.87860107421875,0.0,0.0066999997943639755,0.6621999740600586,0.9933000206947327,0.9933000206947327,202.47450256347656,20.002700805664062,91.46920013427734,1829.3846435546875,2.6554999351501465,91.42489624023438,91.42489624023438,182.84979248046875,91.38059997558594,91.38980102539062,456.94879150390625,91.37899780273438,91.345703125,548.07421875,91.37750244140625,91.33619689941406,639.3533935546875,91.37899780273438,91.36199951171875,913.619873046875,20.001399993896484,20.001399993896484,40.00270080566406,20.002700805664062,20.142000198364258,100.70999908447266,20.16830062866211,20.173999786376953,121.0438003540039,20.002899169921875,20.149499893188477,141.0467071533203,20.33799934387207,20.2106990814209,202.10690307617188,202.47520446777344,202.47520446777344,404.9504089355469,202.47450256347656,202.381103515625,1011.9055786132812,202.43679809570312,202.3094940185547,1213.857177734375,202.3990020751953,202.2928009033203,1416.0496826171875,202.3936004638672,202.2646026611328,2022.64599609375,0.0066999997943639755,0.0066999997943639755,0.013399999588727951,0.3310999870300293,0.23010000586509705,1.1505000591278076,0.3310999870300293,0.24690000712871552,1.481600046157837,0.3310999870300293,0.2599000036716461,1.8193999528884888,0.3310999870300293,0.2151000052690506,2.1505000591278076,0.6621999740600586,0.6621999740600586,1.3243999481201172,0.4683000147342682,0.5748000144958496,2.873800039291382,0.6057999730110168,0.6043999791145325,3.626199960708618,0.7404000163078308,0.6237999796867371,4.366499900817871,0.4683000147342682,0.5509999990463257,5.51039981842041,0.0,0.0,0.0,0.0,0.26489999890327454,1.3245999813079834,0.17239999771118164,0.2782000005245209,1.6692999601364136,0.34470000863075256,0.34380000829696655,2.4066998958587646,0.4065000116825104,0.3644999861717224,3.6452999114990234,1.6621999740600586,1.6621999740600586,3.324399948120117,2.279099941253662,1.9225000143051147,9.612700462341309,2.019200086593628,1.895300030708313,11.371899604797363,2.15339994430542,1.9321999549865723,13.525300025939941,1.7792999744415283,1.7569999694824219,17.569900512695312,8.245699882507324,-2.8622000217437744,-33.57059860229492,-14.846799850463867,-2.8606998920440674,-3.0007998943328857,-3.032599925994873,-3.0078999996185303,-3.0683999061584473,-33.56119918823242,-33.43669891357422,-33.35530090332031,-33.3291015625,-33.274600982666016,-14.798299789428711,-14.750499725341797,-14.702400207519531,-14.689000129699707,-14.704000473022461,0.04749999940395355,0.580299973487854,9.238699913024902,8.977899551391602,9.004899978637695,8.967900276184082,9.143099784851074,-14.798299789428711,-14.750499725341797,-14.702400207519531,-14.689000129699707,-14.704000473022461,-2.8606998920440674,-3.0007998943328857,-3.032599925994873,-3.0078999996185303,-3.0683999061584473,-33.56119918823242,-33.43669891357422,-33.35530090332031,-33.3291015625,-33.274600982666016,57.295799255371094,118.8196029663086,147.46749877929688,176.1154022216797,233.5028076171875,3.968100070953369,0.07100000232458115,0.6395000219345093,0.6395000219345093
19,140.39210510253906,120.94300079345703,28.03190040588379,1.0,0.0,1.0,0.9506999850273132,0.47769999504089355,140.39210510253906,14.758099555969238,66.27850341796875,1325.56982421875,3.4284000396728516,66.33450317382812,66.33450317382812,132.66900634765625,66.39839935302734,66.43599700927734,332.1798095703125,66.44629669189453,66.4717025756836,398.8299865722656,66.42379760742188,66.46479797363281,465.25390625,66.47879791259766,66.52079772949219,665.2080078125,14.537500381469727,14.537500381469727,29.075000762939453,14.758099555969238,14.699799537658691,73.4990005493164,14.728500366210938,14.699600219726562,88.19779968261719,14.69890022277832,14.686599731445312,102.8062973022461,14.783699989318848,14.923100471496582,149.23129272460938,140.68179321289062,140.68179321289062,281.36358642578125,141.08770751953125,141.039306640625,705.1964111328125,141.14849853515625,141.1999969482422,847.1998901367188,141.2093048095703,141.32659912109375,989.285888671875,141.7696075439453,141.65330505371094,1416.5325927734375,0.0,0.0,0.0,0.3310999870300293,0.25540000200271606,1.2770999670028687,0.39969998598098755,0.29089999198913574,1.7453999519348145,0.337799996137619,0.29760000109672546,2.0831000804901123,0.3310999870300293,0.24140000343322754,2.414299964904785,0.707099974155426,0.707099974155426,1.414199948310852,0.47769999504089355,0.5382999777793884,2.6912999153137207,0.4729999899864197,0.504800021648407,3.0290000438690186,0.47769999504089355,0.5273000001907349,3.6912999153137207,0.4729999899864197,0.4968000054359436,4.968400001525879,0.8747000098228455,0.8747000098228455,1.7493000030517578,0.7493000030517578,0.8515999913215637,4.257999897003174,0.8747000098228455,0.9395999908447266,5.637700080871582,0.7493000030517578,0.9111999869346619,6.3780999183654785,0.7080000042915344,0.8378000259399414,8.378100395202637,3.2618000507354736,3.2618000507354736,6.523499965667725,3.095099925994873,2.920799970626831,14.603799819946289,3.182499885559082,2.9790000915527344,17.873699188232422,3.095099925994873,2.964200019836426,20.749300003051758,2.6677000522613525,2.6689000129699707,26.688800811767578,6.906199932098389,1.534500002861023,27.24880027770996,9.407500267028809,1.7551000118255615,1.593000054359436,1.5931999683380127,1.6062999963760376,1.3700000047683716,26.957799911499023,26.59830093383789,26.437700271606445,26.31089973449707,25.98110008239746,9.35099983215332,9.248700141906738,9.213000297546387,9.219799995422363,9.163000106811523,0.4553999900817871,0.42289999127388,7.072700023651123,7.410799980163574,7.351900100708008,7.366199970245361,7.664299964904785,9.35099983215332,9.248700141906738,9.213000297546387,9.219799995422363,9.163000106811523,1.7551000118255615,1.593000054359436,1.5931999683380127,1.6062999963760376,1.3700000047683716,26.957799911499023,26.59830093383789,26.437700271606445,26.31089973449707,25.98110008239746,57.295799255371094,146.2097930908203,189.1815948486328,226.70700073242188,289.4493103027344,4.541399955749512,-0.5232999920845032,0.07989999651908875,0.07989999651908875
20,182.90969848632812,145.6999969482422,34.499000549316406,0.6621999740600586,0.3310999870300293,0.47769999504089355,0.3310999870300293,0.3310999870300293,182.90969848632812,19.14459991455078,82.71730041503906,1654.345947265625,2.1333000659942627,82.63099670410156,82.63099670410156,165.26199340820312,82.34359741210938,82.36859893798828,411.8428955078125,82.23979949951172,82.31079864501953,493.8651123046875,82.13610076904297,82.28569793701172,575.9995727539062,82.26920318603516,82.29399871826172,822.9398193359375,19.20560073852539,19.20560073852539,38.41130065917969,19.214599609375,19.16670036315918,95.83370208740234,19.17959976196289,18.966899871826172,113.80159759521484,19.14459991455078,18.788299560546875,131.51829528808594,18.941699981689453,18.698400497436523,186.98370361328125,182.62399291992188,182.62399291992188,365.2478942871094,182.33819580078125,182.32589721679688,911.6295166015625,182.42579650878906,182.3997039794922,1094.3980712890625,182.51339721679688,182.47689819335938,1277.3382568359375,182.64100646972656,182.54550170898438,1825.4552001953125,0.1656000018119812,0.1656000018119812,0.3310999870300293,0.3310999870300293,0.20000000298023224,1.0,0.3310999870300293,0.22190000116825104,1.3310999870300293,0.3310999870300293,0.19020000100135803,1.3310999870300293,0.0,0.1331000030040741,1.3310999870300293,0.3310999870300293,0.3310999870300293,0.6621999740600586,0.337799996137619,0.38830000162124634,1.9413000345230103,0.40299999713897705,0.4023999869823456,2.4142000675201416,0.337799996137619,0.3921999931335449,2.7453999519348145,0.3343999981880188,0.37450000643730164,3.7453999519348145,0.5676000118255615,0.5676000118255615,1.135200023651123,0.4729999899864197,0.42969998717308044,2.1486001014709473,0.4706999957561493,0.43619999289512634,2.6168999671936035,0.4683000147342682,0.4212000072002411,2.9481000900268555,0.4706999957561493,0.4645000100135803,4.644599914550781,1.7028000354766846,1.7028000354766846,3.405600070953369,1.8890000581741333,1.6890000104904175,8.445099830627441,1.7496000528335571,1.6758999824523926,10.055299758911133,1.610200047492981,1.6256999969482422,11.379799842834473,1.8075000047683716,1.7664999961853027,17.66469955444336,5.426499843597412,-0.738099992275238,-3.7260000705718994,-1.6578999757766724,-0.7991999983787537,-0.7601000070571899,-0.5601000189781189,-0.3813999891281128,-0.29100000858306885,-3.4379000663757324,-3.1345999240875244,-3.208400011062622,-3.2862000465393066,-3.3580000400543213,-1.5707000494003296,-1.3061000108718872,-1.2483999729156494,-1.2233999967575073,-1.2331000566482544,0.4334000051021576,0.2639000117778778,5.856900215148926,5.870299816131592,5.883600234985352,5.934199810028076,5.790900230407715,-1.5707000494003296,-1.3061000108718872,-1.2483999729156494,-1.2233999967575073,-1.2331000566482544,-0.7991999983787537,-0.7601000070571899,-0.5601000189781189,-0.3813999891281128,-0.29100000858306885,-3.4379000663757324,-3.1345999240875244,-3.208400011062622,-3.2862000465393066,-3.3580000400543213,42.9718017578125,85.9437026977539,114.59159851074219,114.59159851074219,214.8592071533203,4.602499961853027,-0.690500020980835,0.02280000038444996,0.02280000038444996
21,163.93499755859375,142.7812957763672,33.78409957885742,0.743399977684021,0.675599992275238,0.7404000163078308,1.4048000574111938,1.0470999479293823,163.93499755859375,19.23539924621582,76.0625,1521.2508544921875,4.611199855804443,75.8302993774414,75.8302993774414,151.66070556640625,74.95069885253906,75.12319946289062,375.61590576171875,74.9822006225586,75.10489654541016,450.6296081542969,75.01370239257812,75.14109802246094,525.9876098632812,75.47799682617188,75.42169952392578,754.2166137695312,18.944000244140625,18.944000244140625,37.888099670410156,17.74329948425293,17.926000595092773,89.63020324707031,17.668399810791016,17.8705997467041,107.22370147705078,17.608400344848633,17.833200454711914,124.83219909667969,17.60099983215332,17.73590087890625,177.35890197753906,163.7310028076172,163.7310028076172,327.4620056152344,162.7563934326172,162.92250061035156,814.6126098632812,162.5644073486328,162.82960510253906,976.97802734375,162.73570251464844,162.81619262695312,1139.713623046875,163.14169311523438,163.44110107421875,1634.410888671875,0.7080000042915344,0.7080000042915344,1.4160000085830688,0.4729999899864197,0.5386000275611877,2.6930999755859375,0.4729999899864197,0.5040000081062317,3.024199962615967,0.4729999899864197,0.48030000925064087,3.361999988555908,0.3343999981880188,0.3693000078201294,3.6930999755859375,1.1957999467849731,1.1957999467849731,2.3914999961853027,1.1993999481201172,1.141800045967102,5.708899974822998,1.2719000577926636,1.187999963760376,7.127900123596191,1.344499945640564,1.2741999626159668,8.919599533081055,1.1296000480651855,1.1193000078201294,11.192700386047363,1.3853000402450562,1.3853000402450562,2.7706000804901123,1.3243999481201172,1.3152999877929688,6.576700210571289,1.190000057220459,1.2719999551773071,7.632199764251709,1.3243999481201172,1.4092999696731567,9.865300178527832,1.3668999671936035,1.3697999715805054,13.697699546813965,5.797999858856201,5.797999858856201,11.59589958190918,4.982800006866455,5.503900051116943,27.51959991455078,5.083700180053711,5.450699806213379,32.704200744628906,5.184599876403809,5.767000198364258,40.36920166015625,5.031899929046631,5.068699836730957,50.687198638916016,5.723400115966797,-2.9428000450134277,3.705899953842163,-0.3765000104904175,-2.6514999866485596,-1.6332999467849731,-1.5778000354766846,-1.5403000116348267,-1.4427000284194946,3.908600091934204,4.715000152587891,4.808000087738037,4.821199893951416,4.19320011138916,-0.14489999413490295,0.5613999962806702,0.5796999931335449,0.5436000227928162,0.2621999979019165,0.3806000053882599,0.6000999808311462,4.536499977111816,4.827700138092041,4.880199909210205,4.563300132751465,5.264400005340576,-0.14489999413490295,0.5613999962806702,0.5796999931335449,0.5436000227928162,0.2621999979019165,-2.6514999866485596,-1.6332999467849731,-1.5778000354766846,-1.5403000116348267,-1.4427000284194946,3.908600091934204,4.715000152587891,4.808000087738037,4.821199893951416,4.19320011138916,42.9718017578125,140.3052978515625,164.72540283203125,193.37330627441406,300.80279541015625,4.482500076293945,-0.4643999934196472,0.12370000034570694,0.12370000034570694
22,251.45620727539062,207.3524932861328,32.0526008605957,2.0271999835968018,0.4729999899864197,1.6949000358581543,1.7027000188827515,2.0283000469207764,251.45620727539062,16.873600006103516,108.3145980834961,2166.292236328125,7.92609977722168,108.04000091552734,108.04000091552734,216.0800018310547,107.76439666748047,107.79540252685547,538.9769897460938,107.76490020751953,107.79840087890625,646.7902221679688,107.76439666748047,107.77909851074219,754.4534912109375,107.63349914550781,107.64559936523438,1076.456298828125,16.905099868774414,16.905099868774414,33.810298919677734,17.391399383544922,17.47170066833496,87.3584976196289,17.589099884033203,17.730499267578125,106.3832015991211,17.786699295043945,17.971399307250977,125.79969787597656,18.697399139404297,18.48189926147461,184.81939697265625,250.6508026123047,250.6508026123047,501.3016052246094,248.55999755859375,249.09939575195312,1245.4970703125,248.31019592285156,248.77679443359375,1492.6610107421875,248.06039428710938,248.45399475097656,1739.17822265625,247.3695068359375,247.493896484375,2474.93896484375,0.40209999680519104,0.40209999680519104,0.804099977016449,0.3310999870300293,0.2946000099182129,1.4730000495910645,0.3310999870300293,0.24660000205039978,1.479699969291687,0.3310999870300293,0.25870001316070557,1.8108999729156494,0.3345000147819519,0.32839998602867126,3.283900022506714,2.031100034713745,2.031100034713745,4.062099933624268,1.6949000358581543,1.5288000106811523,7.644199848175049,1.3203999996185303,1.3983999490737915,8.390600204467773,1.0,1.3415000438690186,9.390600204467773,1.6785000562667847,1.6758999824523926,16.7593994140625,1.6993999481201172,1.6993999481201172,3.398900032043457,0.9459999799728394,1.1518000364303589,5.759099960327148,0.9435999989509583,1.070199966430664,6.421299934387207,0.9412000179290771,0.9656000137329102,6.759099960327148,1.1588000059127808,1.3984999656677246,13.984999656677246,7.246600151062012,7.246600151062012,14.493300437927246,5.786799907684326,5.598499774932861,27.99250030517578,5.109300136566162,5.080900192260742,30.485200881958008,4.43179988861084,4.830900192260742,33.81639862060547,6.177000045776367,6.520400047302246,65.2041015625,4.914999961853027,0.6930000185966492,-55.55329895019531,-19.98940086364746,0.6614000201225281,0.09520000219345093,-0.16349999606609344,-0.4041999876499176,-0.9143000245094299,-54.74610137939453,-53.190101623535156,-52.8661994934082,-52.542198181152344,-51.5806999206543,-19.714000701904297,-19.467300415039062,-19.469600677490234,-19.449800491333008,-19.31559944152832,0.6085000038146973,0.7073000073432922,5.594200134277344,7.248600006103516,7.769100189208984,8.021900177001953,6.339600086212158,-19.714000701904297,-19.467300415039062,-19.469600677490234,-19.449800491333008,-19.31559944152832,0.6614000201225281,0.09520000219345093,-0.16349999606609344,-0.4041999876499176,-0.9143000245094299,-54.74610137939453,-53.190101623535156,-52.8661994934082,-52.542198181152344,-51.5806999206543,58.957698822021484,126.11589813232422,154.7342071533203,181.9687957763672,242.19859313964844,4.281099796295166,-0.1809999942779541,0.535099983215332,0.535099983215332
23,200.40550231933594,163.8040008544922,33.08380126953125,0.4729999899864197,0.3310999870300293,0.0,0.3310999870300293,0.3310999870300293,200.40550231933594,16.17140007019043,89.24800109863281,1784.9595947265625,1.4663000106811523,89.25700378417969,89.25700378417969,178.51400756835938,89.25659942626953,89.30740356445312,446.5369873046875,89.26139831542969,89.3822021484375,536.293212890625,89.26609802246094,89.44300079345703,626.100830078125,89.58529663085938,89.51190185546875,895.1190795898438,16.373600006103516,16.373600006103516,32.74720001220703,16.25,16.285400390625,81.4269027709961,16.254100799560547,16.333799362182617,98.00270080566406,16.25819969177246,16.381399154663086,114.66999816894531,16.352800369262695,16.39069938659668,163.9066925048828,200.41799926757812,200.41799926757812,400.83599853515625,200.7279052734375,200.81320190429688,1004.065673828125,200.7292938232422,201.05279541015625,1206.31689453125,200.73069763183594,201.24600219726562,1408.7218017578125,201.7299041748047,201.41990661621094,2014.198974609375,0.1688999980688095,0.1688999980688095,0.337799996137619,0.3310999870300293,0.23010000586509705,1.1505000591278076,0.3310999870300293,0.24690000712871552,1.481600046157837,0.3310999870300293,0.21170000731945038,1.481600046157837,0.3310999870300293,0.24819999933242798,2.481600046157837,0.3310999870300293,0.3310999870300293,0.6621999740600586,0.3310999870300293,0.2662000060081482,1.3310999870300293,0.3310999870300293,0.22190000116825104,1.3310999870300293,0.3310999870300293,0.19020000100135803,1.3310999870300293,0.3310999870300293,0.2468000054359436,2.4683001041412354,0.40209999680519104,0.40209999680519104,0.804099977016449,0.4729999899864197,0.3887999951839447,1.944100022315979,0.40540000796318054,0.38029998540878296,2.2820000648498535,0.4729999899864197,0.3935999870300293,2.755000114440918,0.337799996137619,0.3098999857902527,3.099400043487549,1.3075000047683716,1.3075000047683716,2.6149001121520996,1.4663000106811523,1.5964000225067139,7.98199987411499,1.4020999670028687,1.5533000230789185,9.319899559020996,1.3379000425338745,1.4463000297546387,10.12399959564209,1.4088000059127808,1.4743000268936157,14.742799758911133,11.374799728393555,1.3950999975204468,-4.502699851989746,-0.9228000044822693,1.1929999589920044,1.281499981880188,1.233199954032898,1.1857999563217163,1.1770000457763672,-4.513400077819824,-4.903800010681152,-5.142199993133545,-5.334099769592285,-5.506700038909912,-0.9309999942779541,-0.9793000221252441,-1.0535000562667847,-1.113700032234192,-1.1819000244140625,0.2791000008583069,0.25679999589920044,11.53339958190918,11.250699996948242,11.296699523925781,11.406499862670898,11.3858003616333,-0.9309999942779541,-0.9793000221252441,-1.0535000562667847,-1.113700032234192,-1.1819000244140625,1.1929999589920044,1.281499981880188,1.233199954032898,1.1857999563217163,1.1770000457763672,-4.513400077819824,-4.903800010681152,-5.142199993133545,-5.334099769592285,-5.506700038909912,64.54979705810547,168.84390258789062,196.9929962158203,226.85809326171875,307.8736877441406,4.306399822235107,-0.20630000531673431,0.510699987411499,0.510699987411499
24,129.98770141601562,111.21990203857422,30.356399536132812,0.675599992275238,0.0,0.6689000129699707,0.0,0.3310999870300293,129.9875946044922,15.547300338745117,62.9536018371582,1259.07275390625,1.6756000518798828,62.878700256347656,62.878700256347656,125.75740051269531,62.58919906616211,62.65879821777344,313.2940979003906,62.55889892578125,62.62260055541992,375.7358093261719,62.52870178222656,62.5989990234375,438.19329833984375,62.540401458740234,62.63690185546875,626.3690795898438,15.405799865722656,15.405799865722656,30.811599731445312,14.98330020904541,15.151200294494629,75.75599670410156,15.123800277709961,15.170100212097168,91.02040100097656,15.264300346374512,15.183500289916992,106.28469848632812,15.264300346374512,15.34570026397705,153.45660400390625,130.08120727539062,130.08120727539062,260.16229248046875,130.26739501953125,130.2303924560547,651.1517944335938,130.2209930419922,130.2053985595703,781.2326049804688,130.2158966064453,130.20689392089844,911.4484252929688,130.31419372558594,130.60020446777344,1306.001953125,0.0,0.0,0.0,0.0,0.13379999995231628,0.6689000129699707,0.1656000018119812,0.16670000553131104,1.0,0.0,0.1429000049829483,1.0,0.0,0.1331000030040741,1.3310999870300293,0.3310999870300293,0.3310999870300293,0.6621999740600586,0.3310999870300293,0.2662000060081482,1.3310999870300293,0.3310999870300293,0.29989999532699585,1.799399971961975,0.3310999870300293,0.40779998898506165,2.8548998832702637,0.3343999981880188,0.4936000108718872,4.936100006103516,0.6689000129699707,0.6689000129699707,1.3378000259399414,0.3310999870300293,0.33379998803138733,1.6689000129699707,0.40209999680519104,0.3569999933242798,2.141900062561035,0.4729999899864197,0.3736000061035156,2.6149001121520996,0.5676000118255615,0.7290999889373779,7.290500164031982,1.861199975013733,1.861199975013733,3.7223000526428223,1.6756000518798828,1.6437000036239624,8.218700408935547,1.7079999446868896,1.7379000186920166,10.427599906921387,1.740399956703186,1.965499997138977,13.75879955291748,2.1277999877929688,2.5664000511169434,25.664400100708008,8.659000396728516,0.7452999949455261,37.6531982421875,12.732399940490723,0.8867999911308289,1.1414999961853027,1.1227999925613403,1.1094000339508057,0.9474999904632568,37.55839920043945,37.40719985961914,37.43220138549805,37.430599212646484,37.03409957885742,12.80679988861084,13.025799751281738,13.062000274658203,13.085599899291992,13.046899795532227,0.35089999437332153,0.22280000150203705,8.473299980163574,8.687800407409668,8.593000411987305,8.364800453186035,7.76669979095459,12.80679988861084,13.025799751281738,13.062000274658203,13.085599899291992,13.046899795532227,0.8867999911308289,1.1414999961853027,1.1227999925613403,1.1094000339508057,0.9474999904632568,37.55839920043945,37.40719985961914,37.43220138549805,37.430599212646484,37.03409957885742,43.008399963378906,114.5916976928711,143.20339965820312,171.9239044189453,236.29110717773438,4.727799892425537,-0.7095999717712402,0.007499999832361937,0.007499999832361937
25,95.88009643554688,76.05919647216797,30.886899948120117,0.0,0.0,0.0,0.3310999870300293,0.0,95.88009643554688,17.11720085144043,49.12269973754883,982.4542846679688,0.3310999870300293,49.1708984375,49.1708984375,98.341796875,49.31959915161133,49.37379837036133,246.86900329589844,49.43470001220703,49.448299407958984,296.6899108886719,49.54970169067383,49.47370147705078,346.3160095214844,49.56660079956055,49.50299835205078,495.0299072265625,17.281700134277344,17.281700134277344,34.56340026855469,17.44610023498535,17.315900802612305,86.57949829101562,17.281700134277344,17.276899337768555,103.66120147705078,17.11720085144043,17.244699478149414,120.71320343017578,17.09950065612793,17.180099487304688,171.80140686035156,95.88009643554688,95.88009643554688,191.7602996826172,95.88009643554688,96.0354995727539,480.17730712890625,96.03900146484375,96.12359619140625,576.7415161132812,96.1583023071289,96.12850189208984,672.8997802734375,96.1781005859375,96.20059967041016,962.0064697265625,0.0,0.0,0.0,0.3310999870300293,0.31049999594688416,1.552299976348877,0.39730000495910645,0.335999995470047,2.015899896621704,0.3312000036239624,0.3352999985218048,2.3469998836517334,0.39739999175071716,0.3894999921321869,3.8945999145507812,0.1656000018119812,0.1656000018119812,0.3310999870300293,0.3310999870300293,0.20000000298023224,1.0,0.3310999870300293,0.22190000116825104,1.3310999870300293,0.3310999870300293,0.23839999735355377,1.6689000129699707,0.3310999870300293,0.20000000298023224,2.0,0.0,0.0,0.0,0.0,0.0,0.0,0.0,0.0,0.0,0.0,0.0,0.0,0.0,0.0,0.0,0.5,0.5,1.0,0.808899998664856,0.7767000198364258,3.8833999633789062,0.9045000076293945,0.8585000038146973,5.151100158691406,1.0,0.8989999890327454,6.293099880218506,1.0371999740600586,1.017199993133545,10.171799659729004,6.6290998458862305,-0.5425999760627747,54.38290023803711,19.395599365234375,-0.7067999839782715,-0.7401999831199646,-0.7009000182151794,-0.6685000061988831,-0.6031000018119812,54.38059997558594,54.21860122680664,54.128299713134766,54.12120056152344,54.04249954223633,19.346599578857422,19.141399383544922,19.066099166870117,19.040000915527344,19.008499145507812,0.04320000112056732,0.10429999977350235,6.460000038146973,6.18310022354126,6.10129976272583,6.060800075531006,5.942699909210205,19.346599578857422,19.141399383544922,19.066099166870117,19.040000915527344,19.008499145507812,-0.7067999839782715,-0.7401999831199646,-0.7009000182151794,-0.6685000061988831,-0.6031000018119812,54.38059997558594,54.21860122680664,54.128299713134766,54.12120056152344,54.04249954223633,0.0,0.0,0.0,0.0,57.295799255371094,3.8362998962402344,0.28049999475479126,0.8519999980926514,0.8519999980926514
26,191.62660217285156,158.9582061767578,31.57659912109375,3.7945001125335693,1.4807000160217285,2.0271999835968018,3.1665000915527344,2.54010009765625,191.62660217285156,18.076499938964844,86.0927963256836,1721.8568115234375,13.009099960327148,85.60810089111328,85.60810089111328,171.21620178222656,83.64080047607422,83.71399688720703,418.5697937011719,82.96939849853516,83.25990295410156,499.5596008300781,82.2979965209961,82.88020324707031,580.16162109375,81.20230102539062,82.07350158691406,820.7352294921875,17.95240020751953,17.95240020751953,35.90480041503906,17.602399826049805,17.44409942626953,87.22039794921875,17.380300521850586,17.396400451660156,104.37870025634766,17.441999435424805,17.402999877929688,121.8207015991211,17.715299606323242,17.69969940185547,176.99740600585938,190.5384979248047,190.5384979248047,381.0769958496094,186.77310180664062,186.61239624023438,933.06201171875,185.4488067626953,185.306396484375,1111.838623046875,184.12440490722656,184.0384063720703,1288.2691650390625,179.93209838867188,181.24969482421875,1812.4974365234375,1.346500039100647,1.346500039100647,2.6930999755859375,1.1993999481201172,0.8446999788284302,4.223599910736084,0.7652000188827515,0.7591000199317932,4.554699897766113,0.337799996137619,0.6988999843597412,4.892499923706055,0.3310999870300293,0.5554999709129333,5.554699897766113,2.6963000297546387,2.6963000297546387,5.392499923706055,2.54010009765625,2.1875,10.937600135803223,2.124000072479248,1.9010000228881836,11.405900001525879,1.7079999446868896,1.7365000247955322,12.155200004577637,0.8712999820709229,1.3233000040054321,13.23270034790039,3.9344000816345215,3.9344000816345215,7.868800163269043,3.7945001125335693,3.515700101852417,17.57859992980957,3.5432000160217285,3.3499999046325684,20.100200653076172,3.2920000553131104,2.9793999195098877,20.855600357055664,2.447999954223633,2.2402000427246094,22.402000427246094,13.779600143432617,13.779600143432617,27.559200286865234,13.009099960327148,11.334400177001953,56.67210006713867,11.276000022888184,10.345999717712402,62.07619857788086,9.543000221252441,9.344499588012695,65.41130065917969,5.524199962615967,7.171299934387207,71.71320343017578,-0.1679999977350235,-0.5098999738693237,4.276299953460693,2.2323999404907227,-0.38580000400543213,0.12280000001192093,0.17059999704360962,0.16419999301433563,-0.13210000097751617,5.366199970245361,9.296899795532227,10.60420036315918,11.87339973449707,14.66349983215332,2.717900037765503,4.614200115203857,5.06879997253418,5.449100017547607,6.256499767303467,0.7411999702453613,0.7522000074386597,-0.9387000203132629,1.5126999616622925,2.503999948501587,3.5083000659942627,5.688700199127197,2.717900037765503,4.614200115203857,5.06879997253418,5.449100017547607,6.256499767303467,-0.38580000400543213,0.12280000001192093,0.17059999704360962,0.16419999301433563,-0.13210000097751617,5.366199970245361,9.296899795532227,10.60420036315918,11.87339973449707,14.66349983215332,46.582000732421875,134.7115936279297,164.6717987060547,200.32220458984375,282.92718505859375,4.244999885559082,-0.14489999413490295,0.5659000277519226,0.5659000277519226
27,168.02810668945312,134.83169555664062,27.67289924621582,3.013000011444092,0.0,1.0555000305175781,2.8540000915527344,1.666200041770935,168.02810668945312,15.850799560546875,74.62480163574219,1492.494873046875,8.588800430297852,75.11260223388672,75.11260223388672,150.22520446777344,76.45580291748047,76.22480010986328,381.12420654296875,76.77410125732422,76.36940002441406,458.2164001464844,76.9219970703125,76.44840240478516,535.138427734375,76.8302001953125,76.54570007324219,765.4573974609375,15.778300285339355,15.778300285339355,31.55660057067871,15.850799560546875,15.804300308227539,79.02130126953125,15.827099800109863,15.804100036621094,94.82460021972656,15.850799560546875,15.824799537658691,110.77400207519531,15.899999618530273,15.911299705505371,159.1134033203125,169.2584991455078,169.2584991455078,338.51690673828125,172.7624053955078,172.06480407714844,860.32373046875,173.64019775390625,172.47430419921875,1034.845947265625,173.87640380859375,172.6746063232422,1208.722412109375,173.3614959716797,172.86790466308594,1728.67919921875,0.1656000018119812,0.1656000018119812,0.3310999870300293,0.3310999870300293,0.20000000298023224,1.0,0.3310999870300293,0.22190000116825104,1.3310999870300293,0.3310999870300293,0.23839999735355377,1.6689000129699707,0.3310999870300293,0.28040000796318054,2.8041000366210938,2.038100004196167,2.038100004196167,4.076099872589111,1.666200041770935,1.5368000268936157,7.683800220489502,1.3330999612808228,1.4040000438690186,8.424200057983398,1.0,1.2717000246047974,8.901900291442871,1.3330999612808228,1.327299952507019,13.272600173950195,3.028599977493286,3.028599977493286,6.05709981918335,2.3413000106811523,1.749899983406067,8.749600410461426,1.5051000118255615,1.569700002670288,9.418399810791016,0.6689000129699707,1.392799973487854,9.749600410461426,0.3411000072956085,1.0418000221252441,10.418399810791016,9.225799560546875,9.225799560546875,18.45159912109375,7.684599876403809,6.140100002288818,30.700700759887695,5.550300121307373,5.54010009765625,33.240501403808594,3.4159998893737793,4.961599826812744,34.73149871826172,3.6942999362945557,4.572000026702881,45.720401763916016,2.784899950027466,-1.5256999731063843,-11.5600004196167,-4.374899864196777,-1.4531999826431274,-1.4788000583648682,-1.4785000085830688,-1.4990999698638916,-1.5850000381469727,-12.789899826049805,-15.597299575805664,-16.007699966430664,-16.208900451660156,-16.402599334716797,-4.862400054931641,-5.9745001792907715,-6.11929988861084,-6.198400020599365,-6.295400142669678,0.6863999962806702,0.6087999939918518,2.1477999687194824,5.23769998550415,5.839000225067139,6.418300151824951,6.809199810028076,-4.862400054931641,-5.9745001792907715,-6.11929988861084,-6.198400020599365,-6.295400142669678,-1.4531999826431274,-1.4788000583648682,-1.4785000085830688,-1.4990999698638916,-1.5850000381469727,-12.789899826049805,-15.597299575805664,-16.007699966430664,-16.208900451660156,-16.402599334716797,60.04909896850586,133.16189575195312,157.472900390625,183.27749633789062,250.66920471191406,4.071599960327148,-0.32350000739097595,0.3961000144481659,0.3961000144481659
28,374.7210998535156,117.91300201416016,11.036199569702148,0.0,0.337799996137619,0.9933000206947327,0.0,0.0,407.36309814453125,5.0,197.5240936279297,3950.48291015625,1.3310999870300293,197.61990356445312,197.61990356445312,395.23980712890625,198.03390502929688,198.1190948486328,990.5955200195312,198.2288055419922,198.16990661621094,1189.019287109375,198.03390502929688,198.143798828125,1387.0067138671875,197.85159301757812,197.95440673828125,1979.5439453125,5.0,5.0,10.0,5.266900062561035,5.422999858856201,27.11479949951172,5.323699951171875,5.415900230407715,32.495201110839844,5.38040018081665,5.498600006103516,38.49020004272461,5.716100215911865,5.973199844360352,59.732398986816406,407.36309814453125,407.36309814453125,814.7261962890625,407.481201171875,407.43438720703125,2037.1722412109375,407.4222106933594,407.40289306640625,2444.41748046875,407.36309814453125,407.27978515625,2850.95849609375,407.30419921875,406.7323913574219,4067.324462890625,0.40299999713897705,0.40299999713897705,0.8059999942779541,0.337799996137619,0.29499998688697815,1.4749000072479248,0.3343999981880188,0.24580000340938568,1.4749000072479248,0.3310999870300293,0.21070000529289246,1.4749000072479248,0.0,0.14749999344348907,1.4749000072479248,0.9933000206947327,0.9933000206947327,1.9866000413894653,1.9866000413894653,1.6324000358581543,8.162199974060059,1.902899980545044,1.6634999513626099,9.981200218200684,1.9866000413894653,1.725000023841858,12.075300216674805,1.7537000179290771,1.3365000486373901,13.36460018157959,0.0,0.0,0.0,0.0,0.0,0.0,0.0,0.0,0.0,0.0,0.0,0.0,0.0,0.0,0.0,2.59060001373291,2.59060001373291,5.181099891662598,3.594899892807007,3.202399969100952,16.01219940185547,3.722399950027466,3.641900062561035,21.851299285888672,3.8499999046325684,4.3242998123168945,30.269899368286133,3.722399950027466,3.856600046157837,38.565799713134766,10.905900001525879,8.644800186157227,-219.27699279785156,-106.3323974609375,8.64490032196045,8.222200393676758,8.229399681091309,8.146699905395508,7.672399997711182,-219.28140258789062,-219.3585968017578,-219.32850646972656,-219.206298828125,-218.66079711914062,-106.43000030517578,-106.9312973022461,-106.9823989868164,-106.95659637451172,-106.76709747314453,0.11259999871253967,0.07530000060796738,9.644100189208984,9.03279972076416,8.593700408935547,7.9116997718811035,8.383199691772461,-106.43000030517578,-106.9312973022461,-106.9823989868164,-106.95659637451172,-106.76709747314453,8.64490032196045,8.222200393676758,8.229399681091309,8.146699905395508,7.672399997711182,-219.28140258789062,-219.3585968017578,-219.32850646972656,-219.206298828125,-218.66079711914062,0.0,0.0,0.0,0.0,0.0,1.2353999614715576,2.0817999839782715,0.9251000285148621,0.9251000285148621
29,155.6654052734375,124.72640228271484,30.413799285888672,0.6621999740600586,0.337799996137619,0.3310999870300293,0.0,0.3310999870300293,155.6654052734375,18.86370086669922,70.38259887695312,1407.6524658203125,1.6621999740600586,70.310302734375,70.310302734375,140.62049865722656,70.16639709472656,70.15950012207031,350.79730224609375,70.11740112304688,70.11979675292969,420.71868896484375,70.06849670410156,70.0895004272461,490.6263122558594,70.11740112304688,70.2511978149414,702.51220703125,18.872499465942383,18.872499465942383,37.74489974975586,18.86370086669922,18.787700653076172,93.9386978149414,18.872499465942383,18.83690071105957,113.02140045166016,18.881200790405273,18.871999740600586,132.10409545898438,18.881200790405273,18.891199111938477,188.9123992919922,155.50320434570312,155.50320434570312,311.00640869140625,155.33680725097656,155.14340209960938,775.7169799804688,155.1748046875,154.95660400390625,929.739501953125,155.0128936767578,154.8240966796875,1083.768798828125,155.1748046875,155.21690368652344,1552.1690673828125,0.3343999981880188,0.3343999981880188,0.6689000129699707,0.3310999870300293,0.26759999990463257,1.3378000259399414,0.3310999870300293,0.27810001373291016,1.6689000129699707,0.3310999870300293,0.23839999735355377,1.6689000129699707,0.3310999870300293,0.2669000029563904,2.6689000129699707,0.1656000018119812,0.1656000018119812,0.3310999870300293,0.0,0.06620000302791595,0.3310999870300293,0.0,0.0551999993622303,0.3310999870300293,0.0,0.04729999974370003,0.3310999870300293,0.0,0.03310000151395798,0.3310999870300293,0.5676000118255615,0.5676000118255615,1.135200023651123,0.6621999740600586,0.5917999744415283,2.9591000080108643,0.5676000118255615,0.5494999885559082,3.2969000339508057,0.4729999899864197,0.5192000269889832,3.634700059890747,0.7042999863624573,0.9337000250816345,9.336999893188477,1.5676000118255615,1.5676000118255615,3.135200023651123,1.4153000116348267,1.3945000171661377,6.972499847412109,1.3766000270843506,1.2735999822616577,7.64139986038208,1.3378000259399414,1.188099980354309,8.317000389099121,1.444100022315979,1.6349999904632568,16.350400924682617,5.298099994659424,-2.289099931716919,-5.402400016784668,-1.864300012588501,-2.297600030899048,-2.2119998931884766,-2.2609000205993652,-2.295799970626831,-2.314199924468994,-5.242400169372559,-4.8892998695373535,-4.704699993133545,-4.574399948120117,-4.973800182342529,-1.792799949645996,-1.6442999839782715,-1.605299949645996,-1.5757999420166016,-1.7396999597549438,0.3677999973297119,0.26330000162124634,5.392399787902832,5.565299987792969,5.686200141906738,5.771699905395508,5.32480001449585,-1.792799949645996,-1.6442999839782715,-1.605299949645996,-1.5757999420166016,-1.7396999597549438,-2.297600030899048,-2.2119998931884766,-2.2609000205993652,-2.295799970626831,-2.314199924468994,-5.242400169372559,-4.8892998695373535,-4.704699993133545,-4.574399948120117,-4.973800182342529,35.90119934082031,114.59159851074219,114.59159851074219,143.23939514160156,226.94920349121094,3.9447999000549316,0.1720000058412552,0.7842000126838684,0.7842000126838684
30,185.8125,149.33709716796875,32.66619873046875,4.013400077819824,0.9412000179290771,1.2049000263214111,0.7493000030517578,0.6689000129699707,185.8125,18.858699798583984,82.6144027709961,1652.2880859375,7.5777997970581055,81.97570037841797,81.97570037841797,163.95150756835938,79.89230346679688,80.42530059814453,402.12640380859375,79.80729675292969,80.30809783935547,481.8486022949219,79.89230346679688,80.35420227050781,562.4793090820312,80.97689819335938,80.7261962890625,807.2620239257812,18.744400024414062,18.744400024414062,37.488800048828125,18.681499481201172,18.65850067138672,93.29239654541016,18.655799865722656,18.634599685668945,111.80770111083984,18.63010025024414,18.55030059814453,129.85220336914062,18.4778995513916,18.100000381469727,181.0001983642578,184.2032012939453,184.2032012939453,368.4064025878906,178.98240661621094,180.0167999267578,900.083984375,178.61500549316406,179.72189331054688,1078.3316650390625,178.98240661621094,179.93490600585938,1259.5440673828125,181.9031982421875,181.44189453125,1814.4189453125,0.9435999989509583,0.9435999989509583,1.8871999979019165,0.746399998664856,0.5928999781608582,2.9646999835968018,0.5386999845504761,0.5493000149726868,3.295799970626831,0.746399998664856,0.6421999931335449,4.495100021362305,0.9435999989509583,1.0631999969482422,10.631600379943848,0.5001000165939331,0.5001000165939331,1.000100016593933,1.6883000135421753,1.5427000522613525,7.713399887084961,1.854200005531311,1.6907999515533447,10.145000457763672,2.0201001167297363,1.8533999919891357,12.97350025177002,2.1807000637054443,1.99590003490448,19.958499908447266,3.7479000091552734,3.7479000091552734,7.4959001541137695,3.4825000762939453,3.291100025177002,16.455699920654297,3.7479000091552734,3.8036000728607178,22.821399688720703,4.013400077819824,4.082699775695801,28.578899383544922,4.175600051879883,4.036799907684326,40.368099212646484,7.011899948120117,7.011899948120117,14.023799896240234,7.5777997970581055,8.957599639892578,44.78779983520508,8.332799911499023,9.780500411987305,58.68280029296875,9.087800025939941,10.883199691772461,76.18240356445312,13.558600425720215,12.058199882507324,120.58190155029297,3.3234000205993652,-1.7181999683380127,-16.908700942993164,-5.992000102996826,-1.603700041770935,-1.517300009727478,-1.4931999444961548,-1.4086999893188477,-0.9577000141143799,-15.289199829101562,-11.072400093078613,-10.7677001953125,-10.971199989318848,-12.451899528503418,-5.349100112915039,-3.7860000133514404,-3.664799928665161,-3.7070000171661377,-4.06820011138916,0.7583000063896179,0.5199999809265137,3.8889999389648438,1.9428000450134277,1.1197999715805054,0.016899999231100082,-1.1581000089645386,-5.349100112915039,-3.7860000133514404,-3.664799928665161,-3.7070000171661377,-4.06820011138916,-1.603700041770935,-1.517300009727478,-1.4931999444961548,-1.4086999893188477,-0.9577000141143799,-15.289199829101562,-11.072400093078613,-10.7677001953125,-10.971199989318848,-12.451899528503418,35.64910125732422,128.57769775390625,147.5655059814453,157.70899963378906,243.52999877929688,4.6128997802734375,-0.5738000273704529,0.08389999717473984,0.08389999717473984
31,116.75869750976562,111.13960266113281,27.20490074157715,3.6577000617980957,0.0,1.0598000288009644,0.4683000147342682,0.6621999740600586,127.26930236816406,14.389300346374512,60.901798248291016,1218.03564453125,5.8480000495910645,60.69160079956055,60.69160079956055,121.3832015991211,60.48149871826172,60.55929946899414,302.79638671875,60.56560134887695,60.5807991027832,363.4849853515625,60.64970016479492,60.62770080566406,424.3940124511719,60.79520034790039,60.7681999206543,607.6821899414062,14.270999908447266,14.270999908447266,28.54199981689453,14.338700294494629,14.354999542236328,71.77519989013672,14.36400032043457,14.374699592590332,86.2479019165039,14.389300346374512,14.388400077819824,100.71900177001953,14.47189998626709,14.46310043334961,144.63079833984375,127.32260131835938,127.32260131835938,254.64529418945312,127.66329956054688,127.67459869384766,638.3729248046875,127.8042984008789,127.7605972290039,766.5637817382812,127.94529724121094,127.85759735107422,895.0031127929688,128.15499877929688,128.07470703125,1280.7470703125,0.0,0.0,0.0,0.0,0.06620000302791595,0.3310999870300293,0.0,0.11150000244379044,0.6689000129699707,0.0,0.1429000049829483,1.0,0.0,0.1331000030040741,1.3310999870300293,0.337799996137619,0.337799996137619,0.675599992275238,0.6488000154495239,0.4000000059604645,2.0,0.49000000953674316,0.38850000500679016,2.3310999870300293,0.337799996137619,0.3813000023365021,2.6689000129699707,0.40299999713897705,0.3946000039577484,3.9458999633789062,2.55049991607666,2.55049991607666,5.100900173187256,1.4431999921798706,1.9569000005722046,9.784700393676758,1.3569999933242798,1.7561999559402466,10.536999702453613,1.270900011062622,1.6471999883651733,11.530400276184082,0.8727999925613403,1.2674000263214111,12.674200057983398,4.162300109863281,4.162300109863281,8.324600219726562,2.8929998874664307,3.4463000297546387,17.231300354003906,2.716900110244751,3.2888998985290527,19.733699798583984,2.540800094604492,3.1714000701904297,22.200000762939453,2.489500045776367,2.662100076675415,26.620899200439453,5.525700092315674,-0.06419999897480011,29.19879913330078,9.348099708557129,0.054099999368190765,-0.029500000178813934,-0.04899999871850014,-0.06260000169277191,-0.13680000603199005,29.14590072631836,28.79290008544922,28.70599937438965,28.608200073242188,28.390600204467773,9.558600425720215,9.690999984741211,9.669300079345703,9.622300148010254,9.482199668884277,0.7433000206947327,0.32339999079704285,7.21120023727417,7.931600093841553,8.090200424194336,8.208499908447266,8.719200134277344,9.558600425720215,9.690999984741211,9.669300079345703,9.622300148010254,9.482199668884277,0.054099999368190765,-0.029500000178813934,-0.04899999871850014,-0.06260000169277191,-0.13680000603199005,29.14590072631836,28.79290008544922,28.70599937438965,28.608200073242188,28.390600204467773,58.02410125732422,154.89779663085938,159.00880432128906,166.3621063232422,259.4375,3.5699000358581543,0.17829999327659607,0.6679999828338623,0.6679999828338623
32,156.36659240722656,127.2437973022461,31.135099411010742,0.7493000030517578,0.9933000206947327,1.0,0.6689000129699707,0.6689000129699707,156.36659240722656,15.834500312805176,71.37419891357422,1427.48388671875,4.080399990081787,71.25890350341797,71.25890350341797,142.5177001953125,70.89969635009766,70.90489959716797,354.5242919921875,70.78559875488281,70.77200317382812,424.6322021484375,70.67160034179688,70.60910034179688,494.2633972167969,70.27159881591797,70.11470031738281,701.1466064453125,15.727499961853027,15.727499961853027,31.454999923706055,15.834500312805176,15.925100326538086,79.62529754638672,15.935400009155273,15.943599700927734,95.6615982055664,16.013999938964844,15.953700065612793,111.67559814453125,15.834500312805176,15.704000473022461,157.03970336914062,156.22320556640625,156.22320556640625,312.4465026855469,155.481201171875,155.41160583496094,777.0578002929688,155.18380737304688,155.15879821777344,930.9528198242188,154.8863983154297,154.92269897460938,1084.458984375,154.2633056640625,154.53790283203125,1545.3787841796875,1.0297000408172607,1.0297000408172607,2.0594000816345215,0.9933000206947327,0.676800012588501,3.3838999271392822,0.9933000206947327,0.7305999994277954,4.383900165557861,0.9933000206947327,0.7700999975204468,5.390500068664551,0.8277999758720398,0.6053000092506409,6.052700042724609,0.6656000018119812,0.6656000018119812,1.3310999870300293,0.337799996137619,0.46619999408721924,2.3310999870300293,0.5,0.5128999948501587,3.077500104904175,0.6621999740600586,0.5351999998092651,3.7464001178741455,0.5,0.507099986076355,5.070899963378906,0.9733999967575073,0.9733999967575073,1.9469000101089478,0.7493000030517578,0.7935000061988831,3.967400074005127,0.7462999820709229,0.7174999713897705,4.305200099945068,0.743399977684021,0.6622999906539917,4.63640022277832,0.8476999998092651,1.0849000215530396,10.848799705505371,3.8343000411987305,3.8343000411987305,7.668499946594238,2.6082000732421875,2.735100030899048,13.675700187683105,2.849600076675415,2.7943999767303467,16.76650047302246,3.0067999362945557,2.8248000144958496,19.773300170898438,3.217400074005127,3.0782999992370605,30.783199310302734,6.2540998458862305,0.45809999108314514,11.274299621582031,4.311800003051758,0.5651000142097473,0.3677000105381012,0.3492000102996826,0.3393000066280365,0.5892000198364258,11.416299819946289,12.22599983215332,12.478799819946289,12.714699745178223,13.096400260925293,4.426599979400635,4.779799938201904,4.912600040435791,5.0756001472473145,5.569200038909912,0.4050999879837036,0.46459999680519104,6.500199794769287,7.596399784088135,7.536499977111816,7.5055999755859375,7.254799842834473,4.426599979400635,4.779799938201904,4.912600040435791,5.0756001472473145,5.569200038909912,0.5651000142097473,0.3677000105381012,0.3492000102996826,0.3393000066280365,0.5892000198364258,11.416299819946289,12.22599983215332,12.478799819946289,12.714699745178223,13.096400260925293,53.06779861450195,141.94529724121094,173.82119750976562,202.4512939453125,313.8327941894531,4.072299957275391,-0.05420000106096268,0.5311999917030334,0.5311999917030334
33,193.93299865722656,152.314697265625,31.06439971923828,0.0,0.3310999870300293,0.3310999870300293,0.3310999870300293,0.337799996137619,193.93299865722656,17.403200149536133,86.00090026855469,1720.0184326171875,1.3310999870300293,86.01439666748047,86.01439666748047,172.02870178222656,86.10559844970703,86.14320373535156,430.7161865234375,86.17109680175781,86.17960357666016,517.0775756835938,86.23670196533203,86.21009826660156,603.4705810546875,86.3322982788086,86.2677001953125,862.6766967773438,17.401199340820312,17.401199340820312,34.802398681640625,17.475200653076172,17.446699142456055,87.2332992553711,17.439199447631836,17.42020034790039,104.52110290527344,17.475200653076172,17.440900802612305,122.08619689941406,17.4778995513916,17.554500579833984,175.5447998046875,193.9492950439453,193.9492950439453,387.8987121582031,193.99960327148438,193.99310302734375,969.9652709960938,194.0166015625,193.9998016357422,1163.998779296875,194.0334930419922,194.0045928955078,1358.0323486328125,194.0334930419922,194.0133056640625,1940.1328125,0.3343999981880188,0.3343999981880188,0.6689000129699707,0.3310999870300293,0.20000000298023224,1.0,0.1656000018119812,0.16670000553131104,1.0,0.0,0.1429000049829483,1.0,0.0,0.19930000603199005,1.993299961090088,0.3343999981880188,0.3343999981880188,0.6689000129699707,0.3310999870300293,0.33379998803138733,1.6689000129699707,0.3310999870300293,0.33329999446868896,2.0,0.3310999870300293,0.33399999141693115,2.3378000259399414,0.3343999981880188,0.36149999499320984,3.6149001121520996,0.0,0.0,0.0,0.0,0.0,0.0,0.0,0.0,0.0,0.0,0.0,0.0,0.0,0.03310000151395798,0.3310999870300293,1.1655999422073364,1.1655999422073364,2.3310999870300293,1.0,1.0261000394821167,5.130499839782715,1.0651999711990356,1.0462000370025635,6.2769999504089355,1.1304999589920044,1.0592000484466553,7.4141998291015625,1.1338000297546387,1.2979999780654907,12.979599952697754,11.510000228881836,0.16339999437332153,1.9699000120162964,2.3243000507354736,0.16539999842643738,0.12020000070333481,0.1468999981880188,0.12630000710487366,0.013199999928474426,1.955299973487854,1.9163000583648682,1.9107999801635742,1.9071999788284302,1.899899959564209,2.3117001056671143,2.1849000453948975,2.1491000652313232,2.1191999912261963,2.0624001026153564,0.04270000010728836,0.35679998993873596,11.675299644470215,11.821000099182129,11.803799629211426,11.793600082397461,11.562100410461426,2.3117001056671143,2.1849000453948975,2.1491000652313232,2.1191999912261963,2.0624001026153564,0.16539999842643738,0.12020000070333481,0.1468999981880188,0.12630000710487366,0.013199999928474426,1.955299973487854,1.9163000583648682,1.9107999801635742,1.9071999788284302,1.899899959564209,28.647899627685547,128.91549682617188,171.8874053955078,179.04910278320312,250.66920471191406,4.5584001541137695,-0.45829999446868896,0.226500004529953,0.226500004529953
34,142.92860412597656,108.19509887695312,30.697799682617188,0.4683000147342682,0.4729999899864197,0.3310999870300293,0.0,0.0,142.92860412597656,16.46339988708496,65.28890228271484,1305.7786865234375,1.2724000215530396,65.25,65.25,130.5,65.26470184326172,65.24559783935547,326.22821044921875,65.27680206298828,65.25980377197266,391.55859375,65.26470184326172,65.25789642333984,456.8052062988281,65.25559997558594,65.23799896240234,652.3798828125,16.30940055847168,16.30940055847168,32.618900299072266,16.281400680541992,16.294300079345703,81.47139739990234,16.348499298095703,16.31450080871582,97.88710021972656,16.281400680541992,16.309799194335938,114.16840362548828,16.218399047851562,16.263500213623047,162.63490295410156,142.89599609375,142.89599609375,285.7919921875,142.8634033203125,142.8415069580078,714.2075805664062,142.89599609375,142.868896484375,857.2131958007812,142.8634033203125,142.85409545898438,999.9783935546875,142.82839965820312,142.82699584960938,1428.26953125,0.40209999680519104,0.40209999680519104,0.8041999936103821,0.4634999930858612,0.4691999852657318,2.3459999561309814,0.40070000290870667,0.447299987077713,2.6837000846862793,0.337799996137619,0.43070000410079956,3.0148000717163086,0.337799996137619,0.4424000084400177,4.424099922180176,0.0,0.0,0.0,0.3310999870300293,0.20000000298023224,1.0,0.1656000018119812,0.16670000553131104,1.0,0.0,0.1429000049829483,1.0,0.0,0.10000000149011612,1.0,0.4729999899864197,0.4729999899864197,0.945900022983551,0.47769999504089355,0.5504000186920166,2.752000093460083,0.5698999762535095,0.5690000057220459,3.4142000675201416,0.47769999504089355,0.4876999855041504,3.4142000675201416,0.4683000147342682,0.3882000148296356,3.882499933242798,1.0405999422073364,1.0405999422073364,2.081199884414673,1.2724000215530396,1.3519999980926514,6.760200023651123,1.3050999641418457,1.3496999740600586,8.097900390625,1.2724000215530396,1.2515000104904175,8.760199546813965,1.23580002784729,1.0637999773025513,10.637700080871582,10.960800170898438,-1.1476999521255493,5.866000175476074,2.3389999866485596,-0.9936000108718872,-0.9779000282287598,-0.9979000091552734,-0.9929999709129333,-0.9460999965667725,5.900599956512451,5.958399772644043,5.930699825286865,5.944900035858154,5.969200134277344,2.3787999153137207,2.3847999572753906,2.370699882507324,2.3724000453948975,2.3914999961853027,0.25760000944137573,0.07880000025033951,11.192399978637695,10.879199981689453,10.881699562072754,10.98009967803955,11.168800354003906,2.3787999153137207,2.3847999572753906,2.370699882507324,2.3724000453948975,2.3914999961853027,-0.9936000108718872,-0.9779000282287598,-0.9979000091552734,-0.9929999709129333,-0.9460999965667725,5.900599956512451,5.958399772644043,5.930699825286865,5.944900035858154,5.969200134277344,0.0,47.16339874267578,64.50350189208984,90.09919738769531,157.5634002685547,4.479599952697754,-0.3578000068664551,0.2361000031232834,0.2361000031232834
35,189.0872039794922,149.8780975341797,36.999298095703125,0.7404000163078308,0.3310999870300293,0.0,0.337799996137619,0.0,189.0872039794922,19.798999786376953,84.97250366210938,1699.4498291015625,1.4092999696731567,85.1270980834961,85.1270980834961,170.25430297851562,84.97250366210938,84.88480377197266,424.42401123046875,84.84459686279297,84.77619934082031,508.65740966796875,84.7166976928711,84.72969818115234,593.1079711914062,84.5978012084961,84.68599700927734,846.8596801757812,19.798999786376953,19.798999786376953,39.597999572753906,19.798999786376953,19.94179916381836,99.70890045166016,19.91670036315918,19.997699737548828,119.98639678955078,20.034500122070312,20.003000259399414,140.02090454101562,19.798999786376953,19.802400588989258,198.02389526367188,189.37109375,189.37109375,378.7421875,188.99850463867188,188.55909729003906,942.7957153320312,188.49960327148438,188.30850219726562,1129.850830078125,188.00079345703125,188.2239990234375,1317.56787109375,188.49960327148438,188.32749938964844,1883.2750244140625,0.1656000018119812,0.1656000018119812,0.3310999870300293,0.3310999870300293,0.20000000298023224,1.0,0.3310999870300293,0.22300000488758087,1.3378000259399414,0.3310999870300293,0.23839999735355377,1.6689000129699707,0.3310999870300293,0.2337999939918518,2.3378000259399414,0.0,0.0,0.0,0.0,0.06620000302791595,0.3310999870300293,0.0,0.11150000244379044,0.6689000129699707,0.0,0.1429000049829483,1.0,0.0,0.1467999964952469,1.4682999849319458,0.7013000249862671,0.7013000249862671,1.4026000499725342,0.6754999756813049,0.5649999976158142,2.825200080871582,0.6689000129699707,0.5260999798774719,3.156399965286255,0.6621999740600586,0.5184999704360962,3.6294000148773193,0.4706000089645386,0.44290000200271606,4.428800106048584,1.2698999643325806,1.2698999643325806,2.539799928665161,1.4092999696731567,1.4479000568389893,7.239500045776367,1.2698999643325806,1.374400019645691,8.246199607849121,1.4092999696731567,1.3875000476837158,9.712499618530273,1.2698999643325806,1.3454999923706055,13.455100059509277,6.150599956512451,-1.3925000429153442,-9.903599739074707,-3.913100004196167,-1.3926000595092773,-1.535099983215332,-1.59089994430542,-1.5959999561309814,-1.3949999809265137,-10.185099601745605,-9.367799758911133,-9.117199897766113,-9.033300399780273,-9.140000343322754,-4.066800117492676,-3.8222999572753906,-3.7137999534606934,-3.6675000190734863,-3.6250998973846436,0.4812000095844269,0.10689999908208847,6.289899826049805,6.111400127410889,6.185100078582764,6.172399997711182,6.2118000984191895,-4.066800117492676,-3.8222999572753906,-3.7137999534606934,-3.6675000190734863,-3.6250998973846436,-1.3926000595092773,-1.535099983215332,-1.59089994430542,-1.5959999561309814,-1.3949999809265137,-10.185099601745605,-9.367799758911133,-9.117199897766113,-9.033300399780273,-9.140000343322754,38.74420166015625,124.87570190429688,146.15289306640625,171.8876953125,253.6033935546875,4.452400207519531,-0.5404000282287598,0.09950000047683716,0.09950000047683716
36,160.7519989013672,135.66119384765625,13.038399696350098,0.0,0.337799996137619,0.3312000036239624,0.7523000240325928,0.3310999870300293,160.7519989013672,12.368900299072266,69.56400299072266,1391.2802734375,1.7524000406265259,69.57759857177734,69.57759857177734,139.1551055908203,69.46920013427734,69.29989624023438,346.49969482421875,69.28459930419922,69.19730377197266,415.1838073730469,69.0999984741211,69.16570281982422,484.16009521484375,69.497802734375,69.39189910888672,693.919189453125,12.598199844360352,12.598199844360352,25.196399688720703,12.355600357055664,12.118900299072266,60.59469985961914,12.069000244140625,12.062800407409668,72.3770980834961,12.223799705505371,12.085800170898438,84.60079956054688,12.362199783325195,12.291799545288086,122.91840362548828,160.727294921875,160.727294921875,321.4547119140625,160.60780334472656,160.4114990234375,802.0576171875,160.42019653320312,160.24839782714844,961.4901123046875,160.23260498046875,160.17889404296875,1121.2525634765625,160.6551971435547,160.5594940185547,1605.5953369140625,0.3343999981880188,0.3343999981880188,0.6689000129699707,0.0,0.13379999995231628,0.6689000129699707,0.0,0.11150000244379044,0.6689000129699707,0.0,0.09560000151395798,0.6689000129699707,0.0,0.06689999997615814,0.6689000129699707,0.1656000018119812,0.1656000018119812,0.3310999870300293,0.3310999870300293,0.3772999942302704,1.886299967765808,0.3310999870300293,0.36959999799728394,2.2174999713897705,0.3312000036239624,0.38370001316070557,2.685699939727783,0.3310999870300293,0.3686000108718872,3.685699939727783,0.1656000018119812,0.1656000018119812,0.3310999870300293,0.3314000070095062,0.43689998984336853,2.1847000122070312,0.3314000070095062,0.41929998993873596,2.5160999298095703,0.3314000070095062,0.5098999738693237,3.5694000720977783,0.40220001339912415,0.5450000166893005,5.44950008392334,1.7039999961853027,1.7039999961853027,3.407900094985962,2.02810001373291,2.343100070953369,11.715399742126465,1.9824999570846558,2.275399923324585,13.652299880981445,2.02810001373291,2.3689000606536865,16.582500457763672,2.237600088119507,2.4540998935699463,24.541400909423828,10.484600067138672,1.2759000062942505,27.3341007232666,21.627700805664062,1.0467000007629395,1.5262000560760498,1.5823999643325806,1.559499979019165,1.3538000583648682,27.354400634765625,27.664199829101562,27.826099395751953,27.894500732421875,27.511999130249023,21.61240005493164,21.88789939880371,21.990100860595703,22.021499633789062,21.795400619506836,0.11259999871253967,0.22930000722408295,10.530699729919434,9.89210033416748,9.960200309753418,9.866999626159668,9.785599708557129,21.61240005493164,21.88789939880371,21.990100860595703,22.021499633789062,21.795400619506836,1.0467000007629395,1.5262000560760498,1.5823999643325806,1.559499979019165,1.3538000583648682,27.354400634765625,27.664199829101562,27.826099395751953,27.894500732421875,27.511999130249023,42.88199996948242,157.5634002685547,193.2825927734375,233.37440490722656,343.7746887207031,3.2822000980377197,0.03500000014901161,0.6359000205993652,0.6359000205993652
37,172.0321044921875,136.393798828125,25.315099716186523,1.9581999778747559,0.3310999870300293,3.155600070953369,1.486799955368042,2.14520001411438,172.0321044921875,16.412799835205078,75.73690032958984,1514.7371826171875,9.076800346374512,76.36090087890625,76.36090087890625,152.7218017578125,77.87069702148438,77.4749984741211,387.3750915527344,77.42780303955078,77.36799621582031,464.20819091796875,76.98500061035156,77.16459655761719,540.1524047851562,76.38870239257812,76.6178970336914,766.1790161132812,16.741899490356445,16.741899490356445,33.48379898071289,17.65489959716797,17.566999435424805,87.83480072021484,17.66349983215332,17.58449935913086,105.50689697265625,17.65489959716797,17.54829978942871,122.83799743652344,17.201099395751953,17.362300872802734,173.622802734375,172.76910400390625,172.76910400390625,345.5382995605469,173.50619506835938,173.6468048095703,868.2343139648438,173.4998016357422,173.34249877929688,1040.05517578125,173.49330139160156,172.91119384765625,1210.3787841796875,171.92649841308594,171.91619873046875,1719.162353515625,0.3343999981880188,0.3343999981880188,0.6689000129699707,0.3310999870300293,0.33379998803138733,1.6689000129699707,0.3310999870300293,0.33329999446868896,2.0,0.3310999870300293,0.3330000042915344,2.3310999870300293,0.3343999981880188,0.40849998593330383,4.08489990234375,2.252700090408325,2.252700090408325,4.50540018081665,1.6949000358581543,1.6296000480651855,8.148200035095215,1.5130000114440918,1.5799000263214111,9.479299545288086,1.3310999870300293,1.402500033378601,9.81719970703125,0.9739999771118164,1.061900019645691,10.618499755859375,1.68149995803833,1.68149995803833,3.3629000186920166,1.9581999778747559,1.7970999479293823,8.985699653625488,1.993299961090088,1.8708000183105469,11.224699974060059,1.9581999778747559,1.774899959564209,12.424099922180176,1.3020999431610107,1.2755000591278076,12.755200386047363,8.498299598693848,8.498299598693848,16.996599197387695,7.687900066375732,7.167099952697754,35.835601806640625,7.331999778747559,7.135300159454346,42.81169891357422,6.976099967956543,6.595699787139893,46.1697998046875,5.575500011444092,5.119100093841553,51.191200256347656,1.257699966430664,-0.12020000070333481,-4.391200065612793,-0.05079999938607216,-0.44929999113082886,-1.2741999626159668,-1.291599988937378,-1.2553999423980713,-1.069100022315979,-5.1296000480651855,-6.009300231933594,-5.704899787902832,-5.273799896240234,-4.281899929046631,-0.6754000186920166,-1.7904000282287598,-1.68340003490448,-1.4800000190734863,-0.9340999722480774,0.6509000062942505,0.7858999967575073,1.8361999988555908,3.1644999980926514,3.1956000328063965,3.7346999645233154,5.214000225067139,-0.6754000186920166,-1.7904000282287598,-1.68340003490448,-1.4800000190734863,-0.9340999722480774,-0.44929999113082886,-1.2741999626159668,-1.291599988937378,-1.2553999423980713,-1.069100022315979,-5.1296000480651855,-6.009300231933594,-5.704899787902832,-5.273799896240234,-4.281899929046631,62.19150161743164,133.8112030029297,162.4591064453125,191.10699462890625,234.07879638671875,3.7934000492095947,0.2248000055551529,0.7742000222206116,0.7742000222206116
38,160.67649841308594,131.77879333496094,25.723899841308594,0.337799996137619,0.47769999504089355,0.0,0.3310999870300293,0.337799996137619,160.67649841308594,15.365400314331055,71.14920043945312,1422.9842529296875,1.4843000173568726,71.16120147705078,71.16120147705078,142.32249450683594,71.29620361328125,71.3270034790039,356.635009765625,71.3093032836914,71.44270324707031,428.65618896484375,71.32240295410156,71.58910369873047,501.1239929199219,71.85749816894531,71.82669830322266,718.26708984375,15.403800010681152,15.403800010681152,30.807600021362305,15.612799644470215,15.651200294494629,78.25599670410156,15.661299705505371,15.731399536132812,94.38819885253906,15.709799766540527,15.847599983215332,110.93289947509766,16.128999710083008,16.04199981689453,160.42050170898438,160.72109985351562,160.72109985351562,321.44219970703125,160.9427947998047,161.05419921875,805.2708129882812,160.9884033203125,161.31080627441406,967.8648071289062,161.0341033935547,161.6112060546875,1131.278076171875,162.22279357910156,162.1027069091797,1621.0267333984375,0.4729999899864197,0.4729999899864197,0.945900022983551,0.4683000147342682,0.3499999940395355,1.750100016593933,0.4706000089645386,0.37049999833106995,2.223099946975708,0.4683000147342682,0.36489999294281006,2.5541999340057373,0.4729999899864197,0.7652999758720398,7.653200149536133,0.3343999981880188,0.3343999981880188,0.6689000129699707,0.337799996137619,0.4433000087738037,2.216399908065796,0.40540000796318054,0.448199987411499,2.6893999576568604,0.337799996137619,0.43149998784065247,3.0204999446868896,0.40540000796318054,0.42980000376701355,4.297599792480469,0.40299999713897705,0.40299999713897705,0.8061000108718872,0.4683000147342682,0.7103999853134155,3.5518999099731445,0.8309999704360962,0.8269000053405762,4.961400032043457,1.1937999725341797,0.8988999724388123,6.292500019073486,1.0968999862670898,0.9099000096321106,9.09850025177002,1.541599988937378,1.541599988937378,3.0831000804901123,1.5987999439239502,2.4179000854492188,12.089500427246094,2.505500078201294,2.688499927520752,16.130800247192383,3.0715999603271484,2.7432000637054443,19.20240020751953,3.355299949645996,3.1384999752044678,31.384599685668945,8.850199699401855,0.9272000193595886,6.964399814605713,4.536799907684326,0.8888000249862671,0.6414999961853027,0.5615000128746033,0.4453999996185303,0.25110000371932983,6.918399810791016,6.583399772644043,6.3267998695373535,6.026299953460693,5.531599998474121,4.524199962615967,4.357600212097168,4.242000102996826,4.0954999923706055,3.857100009918213,0.21819999814033508,0.3082999885082245,8.792900085449219,7.913700103759766,7.642399787902832,7.587200164794922,7.194699764251709,4.524199962615967,4.357600212097168,4.242000102996826,4.0954999923706055,3.857100009918213,0.8888000249862671,0.6414999961853027,0.5615000128746033,0.4453999996185303,0.25110000371932983,6.918399810791016,6.583399772644043,6.3267998695373535,6.026299953460693,5.531599998474121,42.9718017578125,100.2676010131836,135.98660278320312,164.81649780273438,265.0838928222656,3.9414000511169434,0.07670000195503235,0.6559000015258789,0.6559000015258789
39,158.84030151367188,120.92659759521484,35.93090057373047,0.009499999694526196,0.337799996137619,0.6689000129699707,1.3717000484466553,0.3310999870300293,158.84030151367188,20.748899459838867,75.14109802246094,1502.8218994140625,2.718899965286255,75.00520324707031,75.00520324707031,150.01040649414062,74.6084976196289,74.69049835205078,373.4526062011719,74.5177993774414,74.64620208740234,447.877197265625,74.44349670410156,74.61730194091797,522.32080078125,74.5469970703125,74.62999725341797,746.3004150390625,20.51180076599121,20.51180076599121,41.02360153198242,19.837299346923828,19.92919921875,99.64600372314453,19.69729995727539,19.86720085144043,119.20330047607422,19.723100662231445,19.846599578857422,138.92640686035156,19.640199661254883,19.741300582885742,197.4134063720703,158.75320434570312,158.75320434570312,317.5065002441406,158.4813995361328,158.3699951171875,791.8497924804688,158.25079345703125,158.2819061279297,949.6915283203125,158.02020263671875,158.218994140625,1107.533203125,158.39019775390625,158.50210571289062,1585.0206298828125,0.3343999981880188,0.3343999981880188,0.6689000129699707,0.0,0.13379999995231628,0.6689000129699707,0.0,0.11150000244379044,0.6689000129699707,0.0,0.09560000151395798,0.6689000129699707,0.1656000018119812,0.19460000097751617,1.9459999799728394,0.1656000018119812,0.1656000018119812,0.3310999870300293,0.0,0.06620000302791595,0.3310999870300293,0.0,0.0551999993622303,0.3310999870300293,0.0,0.04729999974370003,0.3310999870300293,0.0,0.03310000151395798,0.3310999870300293,0.008100000210106373,0.008100000210106373,0.016200000420212746,0.009499999694526196,0.16410000622272491,0.8202999830245972,0.008100000210106373,0.13670000433921814,0.8202999830245972,0.009499999694526196,0.18410000205039978,1.2884999513626099,0.3343999981880188,0.28439998626708984,2.844399929046631,2.428999900817871,2.428999900817871,4.858099937438965,1.479699969291687,1.5338000059127808,7.668900012969971,1.0743000507354736,1.3896000385284424,8.337800025939941,0.9365000128746033,1.3249000310897827,9.274299621582031,1.0414999723434448,1.2776000499725342,12.776100158691406,5.790200233459473,-2.7362000942230225,19.976299285888672,5.633800029754639,-2.498800039291382,-1.9155000448226929,-1.8531999588012695,-1.8322999477386475,-1.7259999513626099,20.064300537109375,20.45039939880371,20.538799285888672,20.601900100708008,20.31879997253418,5.770199775695801,6.08519983291626,6.129199981689453,6.157899856567383,6.143899917602539,0.15780000388622284,0.2939000129699707,6.07859992980957,6.9704999923706055,7.114200115203857,7.178500175476074,7.224100112915039,5.770199775695801,6.08519983291626,6.129199981689453,6.157899856567383,6.143899917602539,-2.498800039291382,-1.9155000448226929,-1.8531999588012695,-1.8322999477386475,-1.7259999513626099,20.064300537109375,20.45039939880371,20.538799285888672,20.601900100708008,20.31879997253418,64.36640167236328,128.82420349121094,150.3101043701172,178.95799255371094,264.9017028808594,4.2129998207092285,-0.13850000500679016,0.5094000101089478,0.5094000101089478
40,144.12710571289062,109.02249908447266,30.734100341796875,2.1357998847961426,0.47769999504089355,2.3620998859405518,0.743399977684021,1.6883000135421753,144.12710571289062,16.856300354003906,65.33670043945312,1306.734619140625,7.407199859619141,65.43589782714844,65.43589782714844,130.8717041015625,66.1593017578125,66.23930358886719,331.1965026855469,66.44930267333984,66.53099822998047,399.1863098144531,66.73930358886719,66.8333969116211,467.8341979980469,67.70800018310547,67.47720336914062,674.7716064453125,16.708599090576172,16.708599090576172,33.417301177978516,16.345600128173828,16.217300415039062,81.08650207519531,16.234699249267578,16.20170021057129,97.21029663085938,16.12380027770996,16.164199829101562,113.14959716796875,15.981900215148926,16.069700241088867,160.69720458984375,144.9346923828125,144.9346923828125,289.869384765625,147.80740356445312,147.79400634765625,738.97021484375,148.85479736328125,148.64480590820312,891.8687744140625,149.902099609375,149.4727020263672,1046.308837890625,152.1448974609375,151.23129272460938,1512.312744140625,0.4729999899864197,0.4729999899864197,0.945900022983551,0.337799996137619,0.3230000138282776,1.614799976348877,0.3343999981880188,0.32429999113082886,1.9458999633789062,0.3310999870300293,0.325300008058548,2.277100086212158,0.3343999981880188,0.3553999960422516,3.5541999340057373,1.5405000448226929,1.5405000448226929,3.0810999870300293,1.392799973487854,1.5601999759674072,7.800899982452393,1.378999948501587,1.3797999620437622,8.278599739074707,1.3652000427246094,1.2884000539779663,9.019000053405762,0.8769000172615051,1.0687999725341797,10.687899589538574,2.4121999740600586,2.4121999740600586,4.824399948120117,2.347899913787842,2.411900043487549,12.059499740600586,2.518199920654297,2.5380001068115234,15.22819995880127,2.4251999855041504,2.521899938583374,17.65329933166504,2.24180006980896,1.9707000255584717,19.70669937133789,7.827099800109863,7.827099800109863,15.65429973602295,7.542300224304199,7.7393999099731445,38.69710159301758,7.474800109863281,7.522600173950195,45.135799407958984,7.407199859619141,7.1219000816345215,49.85350036621094,6.900000095367432,5.999000072479248,59.9901008605957,3.9665000438690186,-2.5313000679016113,12.340999603271484,4.913099765777588,-2.383500099182129,-1.891800045967102,-1.876099944114685,-1.8384000062942505,-1.743399977684021,11.53380012512207,8.673500061035156,7.821800231933594,6.993000030517578,5.234099864959717,4.814300060272217,4.011000156402588,3.719099998474121,3.4165000915527344,2.773200035095215,0.5929999947547913,0.6219000220298767,3.5464000701904297,3.6384999752044678,3.8564999103546143,4.257999897003174,5.382299900054932,4.814300060272217,4.011000156402588,3.719099998474121,3.4165000915527344,2.773200035095215,-2.383500099182129,-1.891800045967102,-1.876099944114685,-1.8384000062942505,-1.743399977684021,11.53380012512207,8.673500061035156,7.821800231933594,6.993000030517578,5.234099864959717,61.53300094604492,136.08670043945312,161.80059814453125,183.2864990234375,240.58230590820312,4.465199947357178,-0.7170000076293945,0.12970000505447388,0.12970000505447388
41,191.77020263671875,149.2368927001953,31.757699966430664,1.0,0.0066999997943639755,0.4683000147342682,0.0066999997943639755,0.3310999870300293,191.77020263671875,20.33370018005371,85.21299743652344,1704.2591552734375,1.8128000497817993,85.0927963256836,85.0927963256836,170.1855010986328,84.52110290527344,84.67870330810547,423.3934020996094,84.44920349121094,84.62850189208984,507.77069091796875,84.49440002441406,84.60929870605469,592.2650756835938,84.50399780273438,84.55709838867188,845.5712280273438,20.30459976196289,20.30459976196289,40.60919952392578,20.33370018005371,20.322900772094727,101.6146011352539,20.33370018005371,20.335100173950195,122.0105972290039,20.33370018005371,20.343799591064453,142.4066925048828,20.30459976196289,20.216699600219727,202.16690063476562,191.5240020751953,191.5240020751953,383.0480041503906,190.37139892578125,190.62559509277344,953.1278076171875,190.14520263671875,190.4862060546875,1142.9171142578125,190.07899475097656,190.42799377441406,1332.9962158203125,190.22520446777344,190.38009643554688,1903.80078125,0.23749999701976776,0.23749999701976776,0.4749000072479248,0.4683000147342682,0.35040000081062317,1.7520999908447266,0.39969998598098755,0.3472000062465668,2.083199977874756,0.337799996137619,0.3458000123500824,2.4209001064300537,0.40299999713897705,0.38940000534057617,3.8940000534057617,0.1688999980688095,0.1688999980688095,0.337799996137619,0.0066999997943639755,0.13510000705718994,0.675599992275238,0.0066999997943639755,0.11259999871253967,0.675599992275238,0.0066999997943639755,0.14380000531673431,1.006700038909912,0.3310999870300293,0.3343999981880188,3.3445000648498535,1.0298999547958374,1.0298999547958374,2.0597000122070312,0.6621999740600586,0.6119999885559082,3.059799909591675,0.4966999888420105,0.5099999904632568,3.059799909591675,0.3310999870300293,0.43709999322891235,3.059799909591675,0.4966999888420105,0.5652999877929688,5.652900218963623,1.8459999561309814,1.8459999561309814,3.691999912261963,1.479699969291687,1.489799976348877,7.448800086975098,1.3818000555038452,1.2967000007629395,7.779900074005127,1.2838000059127808,1.2542999982833862,8.779899597167969,1.6461999416351318,1.8551000356674194,18.55069923400879,6.696400165557861,-2.321000099182129,-12.95359992980957,-4.4380998611450195,-2.291599988937378,-2.3092000484466553,-2.3210999965667725,-2.3294999599456787,-2.2014000415802,-12.706500053405762,-11.80519962310791,-11.665499687194824,-11.607099533081055,-11.559200286865234,-4.317399978637695,-3.9030001163482666,-3.8529999256134033,-3.8341000080108643,-3.7832000255584717,0.6089000105857849,0.37549999356269836,6.6616997718811035,7.014599800109863,7.207099914550781,7.249100208282471,6.646699905395508,-4.317399978637695,-3.9030001163482666,-3.8529999256134033,-3.8341000080108643,-3.7832000255584717,-2.291599988937378,-2.3092000484466553,-2.3210999965667725,-2.3294999599456787,-2.2014000415802,-12.706500053405762,-11.80519962310791,-11.665499687194824,-11.607099533081055,-11.559200286865234,64.45780181884766,121.75350189208984,150.40139770507812,193.37330627441406,236.3450927734375,4.591300010681152,-0.5167999863624573,0.13819999992847443,0.13819999992847443
42,202.3253936767578,167.91600036621094,29.154800415039062,0.6621999740600586,1.486799955368042,0.337799996137619,0.337799996137619,0.0,202.3253936767578,17.158300399780273,88.28990173339844,1765.797607421875,2.82450008392334,88.15480041503906,88.15480041503906,176.3094940185547,87.57510375976562,87.50080108642578,437.5038146972656,87.28450012207031,87.35859680175781,524.1517944335938,87.07679748535156,87.31839752197266,611.228515625,87.03399658203125,87.1448974609375,871.448974609375,17.241600036621094,17.241600036621094,34.48310089111328,17.324800491333008,17.350200653076172,86.75080108642578,17.324800491333008,17.34269905090332,104.05599975585938,17.324800491333008,17.340599060058594,121.38400268554688,17.324800491333008,17.270299911499023,172.7032012939453,201.95069885253906,201.95069885253906,403.9013977050781,200.4951934814453,200.37649536132812,1001.8826904296875,199.85499572753906,200.04119873046875,1200.247314453125,199.22059631347656,199.9239959716797,1399.468017578125,199.21189880371094,199.3719024658203,1993.7186279296875,1.1151000261306763,1.1151000261306763,2.23009991645813,0.3310999870300293,0.578499972820282,2.892400026321411,0.5,0.593500018119812,3.561300039291382,0.6689000129699707,0.6431999802589417,4.502500057220459,0.7479000091552734,0.7301999926567078,7.301599979400635,0.0,0.0,0.0,0.0,0.13109999895095825,0.6554999947547913,0.16220000386238098,0.18889999389648438,1.1332999467849731,0.32440000772476196,0.2964000105857849,2.0745999813079834,0.40450000762939453,0.6848999857902527,6.848700046539307,0.6621999740600586,0.6621999740600586,1.3243999481201172,0.7404000163078308,0.8360000252723694,4.179999828338623,0.8978999853134155,0.9185000061988831,5.511099815368652,1.0555000305175781,1.0261000394821167,7.182700157165527,1.1953999996185303,1.454800009727478,14.54800033569336,2.514699935913086,2.514699935913086,5.029399871826172,2.464099884033203,2.405900001525879,12.029600143432617,2.4702000617980957,2.6731998920440674,16.038999557495117,2.476300001144409,3.045300006866455,21.31719970703125,3.4170000553131104,4.468999862670898,44.690101623535156,8.076700210571289,-0.017799999564886093,-33.421600341796875,-11.667499542236328,-0.10090000182390213,-0.20890000462532043,-0.2011999934911728,-0.1988999992609024,-0.12809999287128448,-33.03670120239258,-31.432100296020508,-31.086999893188477,-30.96030044555664,-30.381799697875977,-11.52810001373291,-10.861499786376953,-10.715399742126465,-10.671199798583984,-10.486900329589844,0.3433000147342682,0.09700000286102295,8.386199951171875,8.494500160217285,8.227100372314453,7.854800224304199,6.431000232696533,-11.52810001373291,-10.861499786376953,-10.715399742126465,-10.671199798583984,-10.486900329589844,-0.10090000182390213,-0.20890000462532043,-0.2011999934911728,-0.1988999992609024,-0.12809999287128448,-33.03670120239258,-31.432100296020508,-31.086999893188477,-30.96030044555664,-30.381799697875977,71.69249725341797,167.8231964111328,200.497802734375,225.21200561523438,313.8689880371094,3.943000078201294,0.09610000252723694,0.6577000021934509,0.6577000021934509
43,152.00509643554688,120.68479919433594,30.51569938659668,0.0066999997943639755,0.3310999870300293,0.0,0.4729999899864197,0.3310999870300293,152.00509643554688,16.415700912475586,68.53009796142578,1370.601806640625,1.1418999433517456,68.61799621582031,68.61799621582031,137.23599243164062,68.70600128173828,68.68270111083984,343.41351318359375,68.70600128173828,68.68659973144531,412.1195068359375,68.70600128173828,68.67569732666016,480.7300109863281,68.658203125,68.6332015991211,686.3316040039062,16.48430061340332,16.48430061340332,32.96860122680664,16.415700912475586,16.402299880981445,82.01129913330078,16.415700912475586,16.427000045776367,98.56220245361328,16.415700912475586,16.475000381469727,115.32530212402344,16.552000045776367,16.561399459838867,165.61439514160156,152.1260986328125,152.1260986328125,304.2521057128906,152.28250122070312,152.27310180664062,761.3656005859375,152.29400634765625,152.27850341796875,913.6713256835938,152.28250122070312,152.2469940185547,1065.7291259765625,152.2368927001953,152.19869995117188,1521.9871826171875,0.40209999680519104,0.40209999680519104,0.804099977016449,0.3310999870300293,0.3215999901294708,1.608199954032898,0.3310999870300293,0.323199987411499,1.9392999410629272,0.3310999870300293,0.34459999203681946,2.4123001098632812,0.3310999870300293,0.3215999901294708,3.216399908065796,0.1656000018119812,0.1656000018119812,0.3310999870300293,0.3310999870300293,0.20000000298023224,1.0,0.3310999870300293,0.22190000116825104,1.3310999870300293,0.3310999870300293,0.19020000100135803,1.3310999870300293,0.0,0.1331000030040741,1.3310999870300293,0.0066999997943639755,0.0066999997943639755,0.013399999588727951,0.0066999997943639755,0.06889999657869339,0.34450000524520874,0.0032999999821186066,0.05739999935030937,0.34450000524520874,0.0,0.04919999837875366,0.34450000524520874,0.0,0.03440000116825104,0.34450000524520874,1.1418999433517456,1.1418999433517456,2.283799886703491,1.1418999433517456,1.1399999856948853,5.699999809265137,1.1418999433517456,1.195199966430664,7.171000003814697,1.1418999433517456,1.1589000225067139,8.112299919128418,1.136199951171875,0.8916000127792358,8.916399955749512,9.19260025024414,-0.12309999763965607,15.6358003616333,7.155900001525879,-0.19169999659061432,-0.10949999839067459,-0.13420000672340393,-0.18209999799728394,-0.26829999685287476,15.513500213623047,15.364399909973145,15.359100341796875,15.390399932861328,15.435600280761719,7.067399978637695,7.0019001960754395,6.9980998039245605,7.008900165557861,7.0507001876831055,0.07440000027418137,0.22280000150203705,9.192500114440918,9.19159984588623,9.135700225830078,9.171500205993652,9.441499710083008,7.067399978637695,7.0019001960754395,6.9980998039245605,7.008900165557861,7.0507001876831055,-0.19169999659061432,-0.10949999839067459,-0.13420000672340393,-0.18209999799728394,-0.26829999685287476,15.513500213623047,15.364399909973145,15.359100341796875,15.390399932861328,15.435600280761719,53.06760025024414,114.59140014648438,146.1732940673828,174.82119750976562,210.63099670410156,3.982599973678589,0.035599999129772186,0.6187000274658203,0.6187000274658203
44,190.3094940185547,160.52720642089844,31.01609992980957,1.1993999481201172,0.0,0.3310999870300293,0.0,0.3310999870300293,190.3094940185547,16.415300369262695,85.80509948730469,1716.1014404296875,1.8616000413894653,85.7490005493164,85.7490005493164,171.4980010986328,85.69300079345703,85.70929718017578,428.54638671875,85.68800354003906,85.70349884033203,514.2210083007812,85.68309783935547,85.68199920654297,599.7739868164062,85.660400390625,85.54720306396484,855.4719848632812,16.453800201416016,16.453800201416016,32.90769958496094,16.813800811767578,16.8656005859375,84.3279037475586,16.97800064086914,16.96540069580078,101.79209899902344,17.142099380493164,17.03660011291504,119.25640106201172,17.292999267578125,17.12339973449707,171.23370361328125,190.39559936523438,190.39559936523438,380.79119873046875,190.88389587402344,190.80360412597656,954.0180053710938,190.97579956054688,190.8802947998047,1145.2816162109375,191.00259399414062,190.897705078125,1336.2841796875,190.7001953125,190.66650390625,1906.6650390625,0.0,0.0,0.0,0.0,0.06620000302791595,0.3310999870300293,0.0,0.11150000244379044,0.6689000129699707,0.0,0.1429000049829483,1.0,0.0,0.10000000149011612,1.0,0.1656000018119812,0.1656000018119812,0.3310999870300293,0.0,0.06620000302791595,0.3310999870300293,0.0,0.0551999993622303,0.3310999870300293,0.0,0.04729999974370003,0.3310999870300293,0.0,0.03310000151395798,0.3310999870300293,1.347499966621399,1.347499966621399,2.6951000690460205,1.1993999481201172,0.9952999949455261,4.97629976272583,0.9699000120162964,0.9074000120162964,5.4446001052856445,0.7404000163078308,0.8260999917984009,5.782400131225586,0.4683000147342682,0.7056999802589417,7.056700229644775,2.0130999088287354,2.0130999088287354,4.026199817657471,1.8616000413894653,1.5276999473571777,7.638500213623047,1.499400019645691,1.4625999927520752,8.775699615478516,1.3378000259399414,1.4448000192642212,10.113499641418457,1.2071000337600708,1.3665000200271606,13.664799690246582,10.979499816894531,1.1512999534606934,5.593400001525879,2.5201001167297363,1.1126999855041504,0.7013000249862671,0.6017000079154968,0.5306000113487244,0.44429999589920044,5.509099960327148,5.1057000160217285,5.030399799346924,5.014100074768066,5.246699810028076,2.5769999027252197,2.6189000606536865,2.625200033187866,2.6473000049591064,2.782900094985962,0.489300012588501,0.25679999589920044,10.827799797058105,11.3193998336792,11.387399673461914,11.407999992370605,11.493599891662598,2.5769999027252197,2.6189000606536865,2.625200033187866,2.6473000049591064,2.782900094985962,1.1126999855041504,0.7013000249862671,0.6017000079154968,0.5306000113487244,0.44429999589920044,5.509099960327148,5.1057000160217285,5.030399799346924,5.014100074768066,5.246699810028076,81.6613998413086,168.86279296875,221.93040466308594,236.25439453125,307.8741149902344,4.411799907684326,-0.3116999864578247,0.4018000066280365,0.4018000066280365
45,160.2220001220703,137.0865020751953,31.729000091552734,0.755299985408783,0.7523000240325928,0.0,0.337799996137619,0.0,160.2220001220703,16.124500274658203,76.1531982421875,1523.0648193359375,1.8454999923706055,75.93560028076172,75.93560028076172,151.87109375,75.71790313720703,75.74250030517578,378.7121887207031,75.8427963256836,75.87699890136719,455.2619934082031,75.96769714355469,76.03079986572266,532.2158203125,76.27799987792969,76.19290161132812,761.9285888671875,16.124500274658203,16.124500274658203,32.249000549316406,16.124500274658203,16.15530014038086,80.77639770507812,16.124500274658203,16.199899673461914,97.19920349121094,16.124500274658203,16.23080062866211,113.61530303955078,16.22949981689453,16.23189926147461,162.3188018798828,159.47950744628906,159.47950744628906,318.9590148925781,158.0635986328125,158.21910095214844,791.0953979492188,158.40029907226562,158.4940948486328,950.9647827148438,158.73699951171875,158.8137969970703,1111.696533203125,158.63009643554688,158.8177947998047,1588.1783447265625,0.8468000292778015,0.8468000292778015,1.693600058555603,0.9365000128746033,0.8722000122070312,4.360799789428711,0.9388999938964844,0.8934999704360962,5.360799789428711,0.9365000128746033,0.8130999803543091,5.691999912261963,0.7106000185012817,0.6353999972343445,6.3541998863220215,0.0,0.0,0.0,0.0,0.13379999995231628,0.6689000129699707,0.1656000018119812,0.16670000553131104,1.0,0.3310999870300293,0.19020000100135803,1.3310999870300293,0.3310999870300293,0.30000001192092896,3.0,0.9746000170707703,0.9746000170707703,1.9491000175476074,0.755299985408783,0.7027000188827515,3.5132999420166016,0.6165000200271606,0.6406999826431274,3.844399929046631,0.755299985408783,0.701200008392334,4.908400058746338,0.7508000135421753,0.7493000030517578,7.493100166320801,2.3213999271392822,2.3213999271392822,4.6427001953125,1.8454999923706055,2.0708000659942627,10.353799819946289,1.922700047492981,2.059000015258789,12.353799819946289,2.0,2.145900011062622,15.021300315856934,2.25,2.2764999866485596,22.76460075378418,10.995599746704102,1.4420000314712524,35.68080139160156,12.17199993133545,1.4421000480651855,1.4115999937057495,1.3672000169754028,1.336400032043457,1.335800051689148,36.425201416015625,37.69029998779297,37.416500091552734,37.09809875488281,37.095401763916016,12.39050006866455,12.585700035095215,12.451700210571289,12.298500061035156,12.137200355529785,0.41190001368522644,0.08749999850988388,10.519499778747559,10.776300430297852,10.791000366210938,10.706899642944336,10.583600044250488,12.39050006866455,12.585700035095215,12.451700210571289,12.298500061035156,12.137200355529785,1.4421000480651855,1.4115999937057495,1.3672000169754028,1.336400032043457,1.335800051689148,36.425201416015625,37.69029998779297,37.416500091552734,37.09809875488281,37.095401763916016,67.3916015625,67.3916015625,81.71549987792969,110.30290222167969,199.25909423828125,4.198500156402588,-0.09839999675750732,0.6007999777793884,0.6007999777793884
46,156.08009338378906,130.4691925048828,28.1466007232666,0.337799996137619,0.337799996137619,0.0,0.4683000147342682,0.0,156.08009338378906,15.132699966430664,69.98650360107422,1399.7301025390625,1.1438000202178955,70.06400299072266,70.06400299072266,140.1280059814453,70.20919799804688,70.21589660644531,351.0793151855469,70.29000091552734,70.25409698486328,421.52459716796875,70.37069702148438,70.27649688720703,491.93560791015625,70.39119720458984,70.381103515625,703.8106079101562,15.132699966430664,15.132699966430664,30.265499114990234,15.132699966430664,15.132699966430664,75.6636962890625,15.132699966430664,15.132699966430664,90.79650115966797,15.132699966430664,15.132699966430664,105.92919921875,15.132699966430664,15.165599822998047,151.65570068359375,156.08009338378906,156.08009338378906,312.1601867675781,156.09109497070312,156.22760009765625,781.1380004882812,156.2624969482422,156.3170928955078,937.9027709960938,156.43389892578125,156.3802947998047,1094.662353515625,156.606201171875,156.6201934814453,1566.2020263671875,0.40299999713897705,0.40299999713897705,0.8059999942779541,0.337799996137619,0.29499998688697815,1.4749000072479248,0.3343999981880188,0.24580000340938568,1.4749000072479248,0.3310999870300293,0.21070000529289246,1.4749000072479248,0.3310999870300293,0.2475000023841858,2.474900007247925,0.0,0.0,0.0,0.0,0.0,0.0,0.0,0.0,0.0,0.0,0.0,0.0,0.0,0.0803999975323677,0.804099977016449,0.3343999981880188,0.3343999981880188,0.6689000129699707,0.3310999870300293,0.2939999997615814,1.4701999425888062,0.3343999981880188,0.3012999892234802,1.8080999851226807,0.337799996137619,0.32519999146461487,2.2762999534606934,0.3343999981880188,0.2944999933242798,2.945199966430664,1.1404999494552612,1.1404999494552612,2.2809998989105225,1.0,0.8165000081062317,4.082300186157227,0.7318000197410583,0.7366999983787537,4.420100212097168,0.4683000147342682,0.6983000040054321,4.888400077819824,0.8310999870300293,0.8360999822616577,8.36139965057373,9.877099990844727,0.8712000250816345,0.2615000009536743,0.7505000233650208,0.8711000084877014,0.8709999918937683,0.8709999918937683,0.8708999752998352,0.8378999829292297,0.2597000002861023,0.11129999905824661,0.021700000390410423,-0.041600000113248825,-0.2816999852657318,0.6722999811172485,0.5199999809265137,0.48170000314712524,0.459199994802475,0.35429999232292175,0.21570000052452087,0.07450000196695328,9.877900123596191,10.200599670410156,10.280500411987305,10.319199562072754,10.18239974975586,0.6722999811172485,0.5199999809265137,0.48170000314712524,0.459199994802475,0.35429999232292175,0.8711000084877014,0.8709999918937683,0.8709999918937683,0.8708999752998352,0.8378999829292297,0.2597000002861023,0.11129999905824661,0.021700000390410423,-0.041600000113248825,-0.2816999852657318,14.32390022277832,78.78170013427734,107.33889770507812,139.0478057861328,202.80140686035156,4.55019998550415,-0.41609999537467957,0.1868000030517578,0.1868000030517578
47,166.53880310058594,139.3455047607422,30.87070083618164,0.3310999870300293,0.3310999870300293,0.0,0.4683000147342682,0.3310999870300293,166.53880310058594,17.013200759887695,75.08399963378906,1501.6800537109375,1.4615999460220337,75.14640045166016,75.14640045166016,150.2928009033203,74.7238998413086,74.65019989013672,373.2510986328125,74.51920318603516,74.5386962890625,447.2320861816406,74.3145980834961,74.45819854736328,521.2078247070312,74.01809692382812,74.32340240478516,743.2335205078125,17.021299362182617,17.021299362182617,34.04249954223633,16.880199432373047,16.82469940185547,84.12329864501953,16.852800369262695,16.824800491333008,100.94869995117188,16.831100463867188,16.825700759887695,117.77980041503906,16.946699142456055,16.91320037841797,169.13160705566406,166.86819458007812,166.86819458007812,333.73638916015625,165.735595703125,165.16940307617188,825.846923828125,164.99349975585938,164.6531982421875,987.9190063476562,164.25140380859375,164.2322998046875,1149.626220703125,162.09779357910156,163.43359375,1634.3360595703125,0.3343999981880188,0.3343999981880188,0.6689000129699707,0.3310999870300293,0.33379998803138733,1.6689000129699707,0.3343999981880188,0.3562000095844269,2.1370999813079834,0.337799996137619,0.37290000915527344,2.6101999282836914,0.3343999981880188,0.34139999747276306,3.414299964904785,0.3310999870300293,0.3310999870300293,0.6621999740600586,0.4683000147342682,0.4936999976634979,2.4683001041412354,0.40299999713897705,0.4677000045776367,2.8060998916625977,0.337799996137619,0.448199987411499,3.137200117111206,0.3310999870300293,0.31369999051094055,3.137200117111206,1.4586000442504883,1.4586000442504883,2.917099952697754,2.5859999656677246,1.6821000576019287,8.410300254821777,1.4586000442504883,1.4027999639511108,8.416999816894531,0.3310999870300293,1.2496999502182007,8.748100280761719,0.3310999870300293,0.9078999757766724,9.07919979095459,3.7137999534606934,3.7137999534606934,7.427499771118164,5.96589994430542,4.381100177764893,21.905500411987305,3.789099931716919,3.919600009918213,23.5177001953125,1.8041000366210938,3.6173999309539795,25.321800231933594,1.5503000020980835,2.744999885559082,27.450300216674805,5.498700141906738,-0.43849998712539673,-16.275800704956055,-6.565700054168701,-0.446399986743927,-0.24889999628067017,-0.24879999458789825,-0.24950000643730164,-0.3361000120639801,-16.60740089416504,-14.915300369262695,-14.401300430297852,-13.982600212097168,-13.190500259399414,-6.628900051116943,-6.135000228881836,-6.024199962615967,-5.944499969482422,-5.811800003051758,0.18520000576972961,0.336899995803833,3.2462000846862793,2.578700065612793,3.0401999950408936,3.342400074005127,4.214799880981445,-6.628900051116943,-6.135000228881836,-6.024199962615967,-5.944499969482422,-5.811800003051758,-0.446399986743927,-0.24889999628067017,-0.24879999458789825,-0.24950000643730164,-0.3361000120639801,-16.60740089416504,-14.915300369262695,-14.401300430297852,-13.982600212097168,-13.190500259399414,57.295799255371094,143.2758026123047,171.9604034423828,200.5352020263672,267.9635009765625,4.822800159454346,-0.7059999704360962,0.00139999995008111,0.00139999995008111
48,181.01930236816406,139.29649353027344,37.64310073852539,0.3310999870300293,0.0,0.0,0.0,0.4683000147342682,181.01930236816406,19.528600692749023,81.73100280761719,1634.6202392578125,0.7993999719619751,81.68699645996094,81.68699645996094,163.37399291992188,81.49729919433594,81.50039672851562,407.5021057128906,81.42659759521484,81.47630310058594,488.8580017089844,81.4021987915039,81.4656982421875,570.2601928710938,81.49579620361328,81.48400115966797,814.8397827148438,19.305700302124023,19.305700302124023,38.61130142211914,18.93160057067871,19.02389907836914,95.11959838867188,18.93160057067871,19.008499145507812,114.05120086669922,18.93160057067871,18.99799919128418,132.9857940673828,19.008699417114258,19.133699417114258,191.33689880371094,180.90240478515625,180.90240478515625,361.8046875,180.5469970703125,180.59849548339844,902.9923706054688,180.44259643554688,180.5550994873047,1083.330810546875,180.3383026123047,180.49130249023438,1263.4390869140625,180.32040405273438,180.20730590820312,1802.072998046875,0.0,0.0,0.0,0.4683000147342682,0.28279998898506165,1.414199948310852,0.4683000147342682,0.31369999051094055,1.8825000524520874,0.4683000147342682,0.33719998598098755,2.3601999282836914,0.4683000147342682,0.37689998745918274,3.769399881362915,0.40299999713897705,0.40299999713897705,0.8061000108718872,0.3310999870300293,0.227400004863739,1.1371999979019165,0.1656000018119812,0.18950000405311584,1.1371999979019165,0.0,0.16249999403953552,1.1371999979019165,0.0,0.1467999964952469,1.4682999849319458,0.3343999981880188,0.3343999981880188,0.6689000129699707,0.337799996137619,0.38920000195503235,1.9459999799728394,0.40299999713897705,0.44769999384880066,2.686300039291382,0.337799996137619,0.4320000112056732,3.0241000652313232,0.337799996137619,0.4023999869823456,4.024099826812744,0.902999997138977,0.902999997138977,1.8061000108718872,1.2770999670028687,1.1656999588012695,5.828400135040283,1.2770999670028687,1.229099988937378,7.374899864196777,1.2770999670028687,1.312000036239624,9.183699607849121,1.3997000455856323,1.4470000267028809,14.470399856567383,6.760499954223633,-1.1222000122070312,-1.8357000350952148,-0.6715999841690063,-0.8992000222206116,-0.6172000169754028,-0.6017000079154968,-0.5910000205039978,-0.7263000011444092,-1.7163000106811523,-1.4071999788284302,-1.363800048828125,-1.3006000518798828,-1.0197999477386475,-0.6266999840736389,-0.43799999356269836,-0.4138999879360199,-0.4034999907016754,-0.42309999465942383,0.1542000025510788,0.5123999714851379,6.656700134277344,6.393599987030029,6.3302998542785645,6.247900009155273,6.110300064086914,-0.6266999840736389,-0.43799999356269836,-0.4138999879360199,-0.4034999907016754,-0.42309999465942383,-0.8992000222206116,-0.6172000169754028,-0.6017000079154968,-0.5910000205039978,-0.7263000011444092,-1.7163000106811523,-1.4071999788284302,-1.363800048828125,-1.3006000518798828,-1.0197999477386475,57.295799255371094,85.9437026977539,85.9437026977539,85.9437026977539,85.9437026977539,4.070700168609619,-0.15870000422000885,0.4674000144004822,0.4674000144004822
49,164.65469360351562,126.58989715576172,24.358299255371094,0.3310999870300293,0.0,0.4729999899864197,0.0,0.0,164.65469360351562,13.121100425720215,72.01260375976562,1440.25244140625,0.804099977016449,71.96600341796875,71.96600341796875,143.93209838867188,71.34220123291016,71.32659912109375,356.6332092285156,71.10189819335938,71.19149780273438,427.14910888671875,70.86170196533203,71.09220123291016,497.6452941894531,70.82640075683594,70.99330139160156,709.9328002929688,12.895600318908691,12.895600318908691,25.791200637817383,12.529999732971191,12.613499641418457,63.06769943237305,12.452400207519531,12.573800086975098,75.44249725341797,12.374799728393555,12.523799896240234,87.66629791259766,12.373299598693848,12.391500473022461,123.91539764404297,164.6696014404297,164.6696014404297,329.33929443359375,163.36570739746094,163.0670928955078,815.3353881835938,162.67779541015625,162.6529998779297,975.918212890625,161.99000549316406,162.3531951904297,1136.47265625,161.18080139160156,161.9691925048828,1619.6915283203125,0.0,0.0,0.0,0.0,0.06620000302791595,0.3310999870300293,0.0,0.11150000244379044,0.6689000129699707,0.0,0.1429000049829483,1.0,0.1656000018119812,0.19460000097751617,1.9458999633789062,0.0,0.0,0.0,0.0,0.06620000302791595,0.3310999870300293,0.0,0.11150000244379044,0.6689000129699707,0.0,0.16249999403953552,1.1371999979019165,0.3310999870300293,0.24140000343322754,2.414299964904785,0.8277999758720398,0.8277999758720398,1.655500054359436,1.3243999481201172,1.0307999849319458,5.153900146484375,1.0324000120162964,0.9386000037193298,5.6315999031066895,0.7404000163078308,0.9103000164031982,6.3719000816345215,0.609000027179718,0.7372000217437744,7.3719000816345215,1.233199954032898,1.233199954032898,2.466399908065796,1.7289999723434448,1.6200000047683716,8.100000381469727,1.6956000328063965,1.542199969291687,9.253299713134766,1.7289999723434448,1.6365000009536743,11.4552001953125,1.7314000129699707,1.6955000162124634,16.955400466918945,10.569600105285645,1.2039999961853027,-8.186599731445312,-1.7627999782562256,1.4294999837875366,1.711899995803833,1.7518999576568604,1.8020000457763672,1.9348000288009644,-8.20110034942627,-6.599599838256836,-6.186399936676025,-5.887499809265137,-5.503799915313721,-1.7158000469207764,-1.076300024986267,-0.9413999915122986,-0.842199981212616,-0.742900013923645,0.1128000020980835,0.04450000077486038,10.140399932861328,9.75790023803711,9.836899757385254,9.743499755859375,9.685700416564941,-1.7158000469207764,-1.076300024986267,-0.9413999915122986,-0.842199981212616,-0.742900013923645,1.4294999837875366,1.711899995803833,1.7518999576568604,1.8020000457763672,1.9348000288009644,-8.20110034942627,-6.599599838256836,-6.186399936676025,-5.887499809265137,-5.503799915313721,50.13399887084961,125.41400146484375,152.24330139160156,179.0491943359375,243.50709533691406,4.5335001945495605,-0.7853999733924866,0.09480000287294388,0.09480000287294388
50,150.98800659179688,120.72260284423828,29.504499435424805,0.4729999899864197,0.0,0.337799996137619,0.3310999870300293,0.3310999870300293,150.98800659179688,17.599599838256836,70.09339904785156,1401.867919921875,1.4730000495910645,69.97029876708984,69.97029876708984,139.9405975341797,69.6624984741211,69.7593994140625,348.7970886230469,69.6897964477539,69.75240325927734,418.5141906738281,69.71710205078125,69.7615966796875,488.3312072753906,69.83209991455078,69.84100341796875,698.4102783203125,17.38050079345703,17.38050079345703,34.76100158691406,16.993799209594727,17.029800415039062,85.14900207519531,16.846200942993164,16.97410011291504,101.8447036743164,16.84670066833496,16.955900192260742,118.69139862060547,16.99690055847168,16.99839973449707,169.9842071533203,150.7559051513672,150.7559051513672,301.5118103027344,150.3363037109375,150.4152069091797,752.076171875,150.293701171875,150.3592987060547,902.1555786132812,150.3363037109375,150.3592071533203,1052.5142822265625,150.44119262695312,150.54429626464844,1505.4432373046875,0.0,0.0,0.0,0.0066999997943639755,0.1324000060558319,0.6621999740600586,0.1655000001192093,0.16439999639987946,0.9865999817848206,0.0066999997943639755,0.14190000295639038,0.9933000206947327,0.32440000772476196,0.19930000603199005,1.993299961090088,0.3310999870300293,0.3310999870300293,0.6621999740600586,0.3310999870300293,0.2012999951839447,1.006700038909912,0.3310999870300293,0.22300000488758087,1.3378000259399414,0.3310999870300293,0.2393999993801117,1.6756000518798828,0.3310999870300293,0.20069999992847443,2.006700038909912,0.40209999680519104,0.40209999680519104,0.804099977016449,0.337799996137619,0.38830000162124634,1.9413000345230103,0.40299999713897705,0.4023999869823456,2.4142000675201416,0.4683000147342682,0.4124999940395355,2.8873000144958496,0.4683000147342682,0.43560001254081726,4.355500221252441,1.4019999504089355,1.4019999504089355,2.8041000366210938,1.3310999870300293,1.121999979019165,5.610099792480469,1.3930000066757202,1.257099986076355,7.542799949645996,1.4549000263214111,1.3100999593734741,9.170999526977539,1.4638999700546265,1.3437000513076782,13.436699867248535,5.487299919128418,-1.024899959564209,-0.7250000238418579,-1.5750999450683594,-0.8055999875068665,-0.45410001277923584,-0.39809998869895935,-0.3797000050544739,-0.4214000105857849,-0.4950999915599823,-0.16110000014305115,-0.10740000009536743,-0.10949999839067459,-0.3012000024318695,-1.4528000354766846,-1.2441999912261963,-1.2379000186920166,-1.2479000091552734,-1.3294999599456787,0.32109999656677246,0.26330000162124634,5.558000087738037,5.837800025939941,5.702700138092041,5.649700164794922,5.616199970245361,-1.4528000354766846,-1.2441999912261963,-1.2379000186920166,-1.2479000091552734,-1.3294999599456787,-0.8055999875068665,-0.45410001277923584,-0.39809998869895935,-0.3797000050544739,-0.4214000105857849,-0.4950999915599823,-0.16110000014305115,-0.10740000009536743,-0.10949999839067459,-0.3012000024318695,57.38690185546875,143.33059692382812,171.9783935546875,193.4644012451172,222.11219787597656,4.204400062561035,-0.08760000020265579,0.4521999955177307,0.4521999955177307
51,173.65899658203125,134.87139892578125,38.11439895629883,0.3310999870300293,0.0,0.9412000179290771,0.3310999870300293,0.337799996137619,173.65899658203125,17.00309944152832,78.72720336914062,1574.5438232421875,1.9412000179290771,78.86689758300781,78.86689758300781,157.73379516601562,79.53199768066406,79.46510314941406,397.3251953125,79.73619842529297,79.60600280761719,477.6361999511719,79.94039916992188,79.72530364990234,558.077392578125,80.21499633789062,79.92919921875,799.2916259765625,17.30769920349121,17.30769920349121,34.61539840698242,17.612300872802734,17.38279914855957,86.91390228271484,17.315200805664062,17.262500762939453,103.57479858398438,17.01810073852539,17.055700302124023,119.38999938964844,16.832000732421875,16.501399993896484,165.01390075683594,173.78590393066406,173.78590393066406,347.5718078613281,174.8188934326172,174.8791046142578,874.3956298828125,175.24929809570312,175.30780029296875,1051.8468017578125,175.67970275878906,175.7852020263672,1230.49609375,176.88819885253906,176.96499633789062,1769.6494140625,0.3343999981880188,0.3343999981880188,0.6689000129699707,0.6621999740600586,0.4675999879837036,2.3378000259399414,0.5,0.38960000872612,2.3378000259399414,0.337799996137619,0.3822000026702881,2.67549991607666,0.3343999981880188,0.33379998803138733,3.3378000259399414,0.5390999913215637,0.5390999913215637,1.0781999826431274,1.2030999660491943,0.9710000157356262,4.855100154876709,0.9717000126838684,0.9218000173568726,5.530700206756592,1.0470999479293823,0.9397000074386597,6.577700138092041,0.7477999925613403,0.840499997138977,8.404500007629395,0.4043999910354614,0.4043999910354614,0.8087999820709229,0.47769999504089355,0.5716000199317932,2.858099937438965,0.5699999928474426,0.6775000095367432,4.064899921417236,0.6621999740600586,0.7311999797821045,5.118299961090088,0.7042999863624573,0.7387999892234802,7.388400077819824,2.885699987411499,2.885699987411499,5.771299839019775,4.563300132751465,4.019100189208984,20.095300674438477,4.235899925231934,4.0005998611450195,24.003799438476562,4.139599800109863,4.020500183105469,28.143400192260742,3.88100004196167,3.6498000621795654,36.49760055541992,10.295700073242188,-3.358299970626831,14.42710018157959,12.464500427246094,-3.6628000736236572,-3.737600088119507,-3.6171998977661133,-3.410399913787842,-2.855799913406372,14.29580020904541,13.196599960327148,12.766599655151367,12.288299560546875,11.106599807739258,12.322999954223633,11.722700119018555,11.581399917602539,11.461899757385254,11.258099555969238,0.2786000072956085,0.3070000112056732,9.348999977111816,8.21619987487793,8.23490047454834,8.215499877929688,8.59000015258789,12.322999954223633,11.722700119018555,11.581399917602539,11.461899757385254,11.258099555969238,-3.6628000736236572,-3.737600088119507,-3.6171998977661133,-3.410399913787842,-2.855799913406372,14.29580020904541,13.196599960327148,12.766599655151367,12.288299560546875,11.106599807739258,74.87010192871094,133.14999389648438,156.7303924560547,181.9459991455078,267.88970947265625,3.140000104904175,0.17710000276565552,0.6723999977111816,0.6723999977111816
52,203.62559509277344,160.595703125,34.683799743652344,11.064800262451172,4.273600101470947,7.7804999351501465,8.006699562072754,6.4039998054504395,203.62559509277344,19.109500885009766,90.62799835205078,1812.5595703125,37.529598236083984,90.6084976196289,90.6084976196289,181.21710205078125,90.62799835205078,90.44940185546875,452.2471923828125,90.6084976196289,89.52850341796875,537.1710205078125,90.58910369873047,88.3019027709961,618.1134033203125,86.92160034179688,85.39749908447266,853.9752807617188,18.37299919128418,18.37299919128418,36.74589920043945,18.442800521850586,18.42530059814453,92.12650299072266,18.776199340820312,18.808000564575195,112.847900390625,19.109500885009766,19.044200897216797,133.3096923828125,19.555599212646484,19.243000030517578,192.43020629882812,203.44549560546875,203.44549560546875,406.8909912109375,203.62559509277344,203.12510681152344,1015.6254272460938,203.44549560546875,200.53759765625,1203.2254638671875,203.26539611816406,197.1728973388672,1380.2105712890625,193.18789672851562,189.48699951171875,1894.870361328125,3.9395999908447266,3.9395999908447266,7.879199981689453,2.134700059890747,2.339099884033203,11.695500373840332,1.5379999876022339,2.028899908065796,12.173199653625488,0.9412000179290771,1.8447999954223633,12.913599967956543,1.6318000555038452,1.8575999736785889,18.576000213623047,5.262800216674805,5.262800216674805,10.525500297546387,6.4039998054504395,7.2846999168396,36.423301696777344,7.327600002288818,7.445700168609619,44.674400329589844,6.4039998054504395,6.657899856567383,46.605098724365234,4.603700160980225,4.907400131225586,49.07440185546875,8.527099609375,8.527099609375,17.05419921875,8.211999893188477,7.822500228881836,39.11249923706055,9.638400077819824,8.365799903869629,50.19459915161133,8.211999893188477,7.740200042724609,54.18159866333008,4.9882001876831055,5.696100234985352,56.96120071411133,30.274200439453125,30.274200439453125,60.548301696777344,37.529598236083984,32.35459899902344,161.77279663085938,37.5786018371582,33.2333984375,199.40049743652344,37.529598236083984,30.074199676513672,210.51919555664062,20.49049949645996,22.65519905090332,226.5522003173828,-24.688499450683594,-1.5429999828338623,-7.722799777984619,-2.302799940109253,-0.8064000010490417,-0.8583999872207642,-1.2409000396728516,-1.4771000146865845,-1.6754000186920166,-7.540800094604492,-7.215700149536133,-4.6269001960754395,-1.2611000537872314,6.42609977722168,-2.2825000286102295,-2.121299982070923,-1.1998000144958496,0.027400000020861626,2.932499885559082,0.9433000087738037,0.9246000051498413,-17.433300018310547,-19.50749969482422,-20.383399963378906,-17.221399307250977,-9.79520034790039,-2.2825000286102295,-2.121299982070923,-1.1998000144958496,0.027400000020861626,2.932499885559082,-0.8064000010490417,-0.8583999872207642,-1.2409000396728516,-1.4771000146865845,-1.6754000186920166,-7.540800094604492,-7.215700149536133,-4.6269001960754395,-1.2611000537872314,6.42609977722168,52.88679885864258,133.8007049560547,183.69979858398438,212.40530395507812,310.4372863769531,4.235499858856201,-0.13539999723434448,0.5730000138282776,0.5730000138282776
53,223.18150329589844,199.29429626464844,30.016700744628906,0.3310999870300293,0.337799996137619,0.0,0.0,0.0,223.18150329589844,17.492900848388672,98.27639770507812,1965.529052734375,0.6689000129699707,98.2428970336914,98.2428970336914,196.4857940673828,98.13020324707031,98.1498031616211,490.74920654296875,98.1697998046875,98.20359802246094,589.2218017578125,98.20939636230469,98.3219985961914,688.2537231445312,98.37460327148438,98.70010375976562,987.001220703125,17.492900848388672,17.492900848388672,34.98569869995117,17.324800491333008,17.143699645996094,85.71859741210938,17.098899841308594,17.098600387573242,102.59149932861328,17.324800491333008,17.13089942932129,119.91639709472656,17.22559928894043,17.13680076599121,171.36749267578125,223.03660583496094,223.03660583496094,446.0732116699219,222.7487030029297,222.86390686035156,1114.3193359375,222.82020568847656,222.9680938720703,1337.808349609375,222.8916015625,223.1929931640625,1562.351318359375,223.33529663085938,224.01229858398438,2240.122802734375,0.3343999981880188,0.3343999981880188,0.6689000129699707,0.3310999870300293,0.227400004863739,1.1370999813079834,0.3343999981880188,0.31439998745918274,1.8865000009536743,0.337799996137619,0.40400001406669617,2.827699899673462,0.40299999713897705,0.4300999939441681,4.3007001876831055,0.0,0.0,0.0,0.0,0.29910001158714294,1.4957000017166138,0.3702000081539154,0.3727000057697296,2.2360999584198,0.0,0.31940001249313354,2.2360999584198,0.40209999680519104,0.3513000011444092,3.513200044631958,0.1656000018119812,0.1656000018119812,0.3310999870300293,0.0,0.1324000060558319,0.6621999740600586,0.1656000018119812,0.16670000553131104,1.0,0.3310999870300293,0.19020000100135803,1.3310999870300293,0.3310999870300293,0.2669000029563904,2.6689000129699707,0.6656000018119812,0.6656000018119812,1.3310999870300293,0.746399998664856,1.417199969291687,7.0858001708984375,1.4881999492645264,1.6641000509262085,9.984800338745117,1.6101000308990479,1.6563999652862549,11.595000267028809,2.0137999057769775,1.8344999551773071,18.34510040283203,12.172200202941895,0.07370000332593918,-27.27869987487793,-9.951199531555176,0.07370000332593918,0.42320001125335693,0.4684999883174896,0.43630000948905945,0.4309000074863434,-27.131900787353516,-26.954500198364258,-27.05739974975586,-27.281200408935547,-28.09910011291504,-9.916899681091309,-9.821700096130371,-9.874899864196777,-9.99269962310791,-10.370100021362305,0.15520000457763672,0.08749999850988388,12.175299644470215,11.429900169372559,11.18589973449707,11.196399688720703,11.025500297546387,-9.916899681091309,-9.821700096130371,-9.874899864196777,-9.99269962310791,-10.370100021362305,0.07370000332593918,0.42320001125335693,0.4684999883174896,0.43630000948905945,0.4309000074863434,-27.131900787353516,-26.954500198364258,-27.05739974975586,-27.281200408935547,-28.09910011291504,0.0,32.91210174560547,61.48740005493164,85.9437026977539,181.9833984375,4.4054999351501465,-0.305400013923645,0.40860000252723694,0.40860000252723694
54,149.22500610351562,115.98660278320312,29.245500564575195,1.1937999725341797,0.337799996137619,0.6621999740600586,0.4683000147342682,0.7404000163078308,149.22500610351562,16.415300369262695,67.19650268554688,1343.92919921875,3.402400016784668,67.21080017089844,67.21080017089844,134.4217071533203,67.106201171875,67.1250991821289,335.6253967285156,67.14630126953125,67.13529968261719,402.8117980957031,67.1864013671875,67.18009948730469,470.260986328125,67.21080017089844,67.43479919433594,674.3480224609375,16.57670021057129,16.57670021057129,33.15340042114258,17.140499114990234,17.148399353027344,85.7417984008789,17.385000228881836,17.25469970703125,103.52850341796875,17.629499435424805,17.330699920654297,121.31520080566406,17.786699295043945,17.592599868774414,175.92640686035156,149.01199340820312,149.01199340820312,298.02410888671875,148.05490112304688,148.20779418945312,741.0390014648438,147.98880004882812,148.16029357910156,888.961669921875,148.05490112304688,148.22979736328125,1037.6087646484375,148.7230987548828,148.72669982910156,1487.267333984375,0.3343999981880188,0.3343999981880188,0.6689000129699707,0.0,0.13379999995231628,0.6689000129699707,0.1656000018119812,0.16670000553131104,1.0,0.3310999870300293,0.19110000133514404,1.3378000259399414,0.3310999870300293,0.2475000023841858,2.4749999046325684,0.609000027179718,0.609000027179718,1.2180999517440796,0.4683000147342682,0.33730000257492065,1.6863000392913818,0.23409999907016754,0.28110000491142273,1.6863000392913818,0.0,0.24089999496936798,1.6863000392913818,0.0,0.20170000195503235,2.0174999237060547,1.103600025177002,1.103600025177002,2.207200050354004,1.0133999586105347,0.784600019454956,3.9231998920440674,1.0032999515533447,0.8194000124931335,4.916600227355957,1.0133999586105347,0.8540999889373779,5.978400230407715,1.0032999515533447,0.8097000122070312,8.096699714660645,3.1821999549865723,3.1821999549865723,6.364500045776367,2.9619998931884766,2.338599920272827,11.69279956817627,2.379699945449829,2.2483999729156494,13.49020004272461,2.06850004196167,2.2227001190185547,15.558699607849121,1.9329999685287476,2.061199903488159,20.6117000579834,6.93209981918335,-0.12269999831914902,18.416000366210938,8.48960018157959,-0.2840999960899353,-0.8555999994277954,-0.961899995803833,-1.0377999544143677,-1.2994999885559082,18.627500534057617,19.429800033569336,19.4773006439209,19.40760040283203,18.90760040283203,8.474599838256836,8.559499740600586,8.549400329589844,8.504500389099121,8.24899959564209,0.5060999989509583,0.5030999779701233,7.152200222015381,7.993000030517578,8.082500457763672,8.10770034790039,8.272000312805176,8.474599838256836,8.559499740600586,8.549400329589844,8.504500389099121,8.24899959564209,-0.2840999960899353,-0.8555999994277954,-0.961899995803833,-1.0377999544143677,-1.2994999885559082,18.627500534057617,19.429800033569336,19.4773006439209,19.40760040283203,18.90760040283203,35.99810028076172,149.48159790039062,186.2113037109375,207.7884979248047,315.1268005371094,3.876499891281128,0.14159999787807465,0.7111999988555908,0.7111999988555908
55,180.7989044189453,144.55450439453125,28.295799255371094,0.4683000147342682,0.0,0.32440000772476196,0.3310999870300293,0.0,180.7989044189453,17.452800750732422,80.29460144042969,1605.8914794921875,1.1238000392913818,80.44339752197266,80.44339752197266,160.88670349121094,80.62680053710938,80.6500015258789,403.2500915527344,80.74479675292969,80.70449829101562,484.226806640625,80.77400207519531,80.71440124511719,565.0007934570312,80.78060150146484,80.74079895019531,807.4083862304688,17.61389923095703,17.61389923095703,35.22779846191406,17.781700134277344,17.951400756835938,89.75679779052734,17.904800415039062,17.964099884033203,107.78459930419922,18.027799606323242,17.97319984436035,125.81230163574219,17.904800415039062,17.839000701904297,178.38999938964844,181.00990295410156,181.00990295410156,362.0198059082031,181.22079467773438,181.30340576171875,906.5172119140625,181.37710571289062,181.410400390625,1088.462646484375,181.5247039794922,181.4268035888672,1269.9873046875,181.5247039794922,181.46629333496094,1814.6629638671875,0.0,0.0,0.0,0.0,0.13379999995231628,0.6689000129699707,0.1656000018119812,0.16670000553131104,1.0,0.0,0.1429000049829483,1.0,0.0,0.1331000030040741,1.3310999870300293,0.1656000018119812,0.1656000018119812,0.3310999870300293,0.3310999870300293,0.3215999901294708,1.608199954032898,0.3310999870300293,0.2680000066757202,1.608199954032898,0.3310999870300293,0.2770000100135803,1.9392999410629272,0.3343999981880188,0.3082999885082245,3.0831000804901123,0.23409999907016754,0.23409999907016754,0.4683000147342682,0.3310999870300293,0.2937000095844269,1.4682999849319458,0.3310999870300293,0.29989999532699585,1.799399971961975,0.3310999870300293,0.257999986410141,1.8061000108718872,0.3310999870300293,0.2621999979019165,2.621500015258789,1.058500051498413,1.058500051498413,2.1171000003814697,1.3243999481201172,1.2734999656677246,6.367400169372559,1.2240999937057495,1.2257000207901,7.354000091552734,1.1238000392913818,1.1934000253677368,8.354100227355957,1.1418999433517456,1.1792999505996704,11.793100357055664,7.385300159454346,0.5600000023841858,-1.982300043106079,0.48030000925064087,0.39910000562667847,0.06239999830722809,0.04989999905228615,0.041200000792741776,0.17630000412464142,-2.1923000812530518,-2.483099937438965,-2.5896999835968018,-2.605799913406372,-2.645400047302246,0.3319999873638153,0.1256999969482422,0.07100000232458115,0.06080000102519989,0.03310000151395798,0.4146000146865845,0.12349999696016312,7.449100017547607,7.230800151824951,7.27810001373291,7.309999942779541,7.322500228881836,0.3319999873638153,0.1256999969482422,0.07100000232458115,0.06080000102519989,0.03310000151395798,0.39910000562667847,0.06239999830722809,0.04989999905228615,0.041200000792741776,0.17630000412464142,-2.1923000812530518,-2.483099937438965,-2.5896999835968018,-2.605799913406372,-2.645400047302246,64.45780181884766,146.10049438476562,171.97799682617188,207.69720458984375,264.9930114746094,4.583199977874756,-0.5087000131607056,0.14489999413490295,0.14489999413490295
56,160.9069061279297,127.37470245361328,28.81410026550293,1.4808000326156616,0.4683000147342682,0.6689000129699707,0.3310999870300293,0.4683000147342682,160.9069061279297,17.359899520874023,74.39630126953125,1487.9256591796875,3.41729998588562,74.37010192871094,74.37010192871094,148.74020385742188,73.63690185546875,73.31610107421875,366.5805969238281,73.1227035522461,72.9136962890625,437.4822082519531,72.6083984375,72.55909729003906,507.9137878417969,71.24839782714844,71.77140045166016,717.713623046875,17.539499282836914,17.539499282836914,35.07889938354492,17.396299362182617,17.45800018310547,87.29019927978516,17.37809944152832,17.396400451660156,104.3781967163086,17.359899520874023,17.29960060119629,121.09700012207031,17.13680076599121,17.079200744628906,170.7924041748047,160.57080078125,160.57080078125,321.1416015625,158.0115966796875,157.3179931640625,786.590087890625,156.5341033935547,156.2675018310547,937.60498046875,155.0565948486328,155.41830444335938,1087.927978515625,151.69760131835938,153.56460571289062,1535.6461181640625,0.5651999711990356,0.5651999711990356,1.1304999589920044,1.0,1.027400016784668,5.1371002197265625,0.8310999870300293,0.9114000201225281,5.468299865722656,0.6621999740600586,0.7811999917030334,5.468299865722656,0.7117000222206116,0.7555000185966492,7.554599761962891,0.4729999899864197,0.4729999899864197,0.9459999799728394,0.337799996137619,0.3230000138282776,1.614799976348877,0.337799996137619,0.3253999948501587,1.9526000022888184,0.337799996137619,0.326200008392334,2.2836999893188477,0.3343999981880188,0.2953000068664551,2.9526000022888184,1.5917999744415283,1.5917999744415283,3.183500051498413,1.6756000518798828,1.5789999961853027,7.894899845123291,1.6892000436782837,1.652500033378601,9.914999961853027,1.6756000518798828,1.6539000272750854,11.577199935913086,1.6892000436782837,1.5807000398635864,15.80679988861084,3.630000114440918,3.630000114440918,7.259900093078613,4.269199848175049,4.0543999671936035,20.271799087524414,4.0559000968933105,4.007500171661377,24.045000076293945,3.8427000045776367,3.8143999576568604,26.70050048828125,3.8078999519348145,3.690000057220459,36.899898529052734,8.819700241088867,-3.715100049972534,27.17930030822754,16.795400619506836,-3.8945000171661377,-3.8129000663757324,-3.751199960708618,-3.6542999744415283,-3.4335999488830566,27.510900497436523,30.75779914855957,31.806900024414062,32.65520095825195,34.50699996948242,16.819799423217773,17.871700286865234,18.273700714111328,18.62809944152832,19.4158992767334,0.6265000104904175,0.3458999991416931,8.604700088500977,8.180800437927246,8.228099822998047,8.421600341796875,8.549799919128418,16.819799423217773,17.871700286865234,18.273700714111328,18.62809944152832,19.4158992767334,-3.8945000171661377,-3.8129000663757324,-3.751199960708618,-3.6542999744415283,-3.4335999488830566,27.510900497436523,30.75779914855957,31.806900024414062,32.65520095825195,34.50699996948242,68.92389678955078,147.43089294433594,169.00750732421875,219.14129638671875,326.57080078125,4.301700115203857,-0.984499990940094,0.17839999496936798,0.17839999496936798
57,204.25270080566406,169.24330139160156,30.88759994506836,5.280099868774414,1.3717000484466553,5.519499778747559,4.344799995422363,4.530099868774414,204.25270080566406,17.334199905395508,90.41899871826172,1808.37939453125,21.046100616455078,89.75240325927734,89.75240325927734,179.5048065185547,88.22560119628906,88.13919830322266,440.69580078125,87.68699645996094,87.44660186767578,524.6798095703125,87.14830017089844,86.76860046386719,607.3798217773438,84.90059661865234,85.62030029296875,856.2033081054688,17.126699447631836,17.126699447631836,34.25339889526367,16.46310043334961,16.627199172973633,83.13590240478516,16.380599975585938,16.51420021057129,99.08519744873047,16.398799896240234,16.497699737548828,115.48400115966797,16.691200256347656,16.750099182128906,167.50050354003906,202.29620361328125,202.29620361328125,404.5924987792969,197.28579711914062,196.84759521484375,984.2379150390625,195.31640625,194.70950317382812,1168.2569580078125,193.34689331054688,192.66650390625,1348.6656494140625,186.8737030029297,189.3697052001953,1893.6971435546875,1.1825000047683716,1.1825000047683716,2.365000009536743,0.9933000206947327,0.8743000030517578,4.371699810028076,0.9933000206947327,0.9627000093460083,5.776400089263916,0.9933000206947327,1.1454999446868896,8.018500328063965,1.388200044631958,1.708799958229065,17.088499069213867,4.85129976272583,4.85129976272583,9.702500343322754,4.979899883270264,4.483399868011475,22.416900634765625,4.755000114440918,4.1392998695373535,24.835599899291992,4.530099868774414,4.035799980163574,28.25040054321289,5.005499839782715,5.1707000732421875,51.707000732421875,4.540200233459473,4.540200233459473,9.080499649047852,5.208199977874756,4.871799945831299,24.35919952392578,4.764400005340576,4.726600170135498,28.359500885009766,4.320700168609619,4.566999912261963,31.968799591064453,5.244100093841553,7.316800117492676,73.16829681396484,20.961700439453125,20.961700439453125,41.92340087890625,20.830299377441406,19.592899322509766,97.96440124511719,20.621599197387695,18.247400283813477,109.4843978881836,20.412900924682617,17.898099899291992,125.28700256347656,20.85379981994629,25.11280059814453,251.1280059814453,-10.711600303649902,-1.041599988937378,-36.61180114746094,-14.73289966583252,-0.8341000080108643,-0.3343999981880188,-0.22139999270439148,-0.20479999482631683,-0.4569000005722046,-34.656700134277344,-29.209999084472656,-27.0718994140625,-25.02910041809082,-21.73539924621582,-14.066900253295898,-12.454500198364258,-11.76200008392334,-11.083900451660156,-9.93649959564209,0.867900013923645,0.9074000120162964,-10.62720012664795,-9.261300086975098,-7.916500091552734,-7.567800045013428,-14.77970027923584,-14.066900253295898,-12.454500198364258,-11.76200008392334,-11.083900451660156,-9.93649959564209,-0.8341000080108643,-0.3343999981880188,-0.22139999270439148,-0.20479999482631683,-0.4569000005722046,-34.656700134277344,-29.209999084472656,-27.0718994140625,-25.02910041809082,-21.73539924621582,58.30220031738281,123.12210083007812,163.12330627441406,204.56430053710938,289.8734130859375,4.328000068664551,-0.30979999899864197,0.27160000801086426,0.27160000801086426
58,147.29910278320312,122.61260223388672,26.607999801635742,3.3276000022888184,0.337799996137619,1.655500054359436,1.3732999563217163,1.0470999479293823,147.29910278320312,13.182999610900879,65.63800048828125,1312.7591552734375,7.741199970245361,65.31420135498047,65.31420135498047,130.6284942626953,64.49819946289062,64.6614990234375,323.3074035644531,64.36139678955078,64.48249816894531,386.8948059082031,64.22460174560547,64.31099700927734,450.1769104003906,63.77180099487305,63.70880126953125,637.0880126953125,13.597599983215332,13.597599983215332,27.195100784301758,15.069499969482422,14.600799560546875,73.00389862060547,15.118000030517578,14.694999694824219,88.17030334472656,15.166399955749512,14.841500282287598,103.8905029296875,15.216300010681152,14.97189998626709,149.71910095214844,146.29110717773438,146.29110717773438,292.58209228515625,143.46299743652344,143.83680725097656,719.1840209960938,142.6992950439453,143.17430114746094,859.0458984375,141.9355010986328,142.31390380859375,996.1973876953125,140.5325927734375,139.7819061279297,1397.8193359375,0.3343999981880188,0.3343999981880188,0.6689000129699707,0.3310999870300293,0.33379998803138733,1.6689000129699707,0.3310999870300293,0.27810001373291016,1.6689000129699707,0.3310999870300293,0.23839999735355377,1.6689000129699707,0.1656000018119812,0.16689999401569366,1.6689000129699707,0.6923999786376953,0.6923999786376953,1.3848999738693237,0.337799996137619,0.5049999952316284,2.524899959564209,0.40779998898506165,0.5442000031471252,3.2653000354766846,0.47769999504089355,0.6093000173568726,4.2652997970581055,0.609000027179718,0.6786999702453613,6.787300109863281,3.5183000564575195,3.5183000564575195,7.036600112915039,3.3276000022888184,2.8303000926971436,14.151300430297852,3.4881999492645264,3.1105000972747803,18.66320037841797,3.6487998962402344,3.308500051498413,23.159299850463867,3.6789000034332275,3.6898999214172363,36.89910125732422,6.598700046539307,6.598700046539307,13.197400093078613,5.311200141906738,5.051300048828125,25.25629997253418,5.383699893951416,5.333499908447266,32.00120162963867,5.456200122833252,5.835700035095215,40.85020065307617,6.100599765777588,6.4517998695373535,64.51830291748047,2.593400001525879,3.109499931335449,20.341800689697266,10.048100471496582,2.694999933242798,1.6920000314712524,1.5978000164031982,1.4514000415802002,1.3213000297546387,21.348499298095703,23.800800323486328,24.463300704956055,25.32360076904297,27.852399826049805,10.371199607849121,11.023200035095215,11.202199935913086,11.373700141906738,11.975000381469727,0.7817999720573425,0.6000999808311462,3.73580002784729,5.280300140380859,4.997399806976318,4.49459981918335,3.8812999725341797,10.371199607849121,11.023200035095215,11.202199935913086,11.373700141906738,11.975000381469727,2.694999933242798,1.6920000314712524,1.5978000164031982,1.4514000415802002,1.3213000297546387,21.348499298095703,23.800800323486328,24.463300704956055,25.32360076904297,27.852399826049805,28.647899627685547,110.86039733886719,143.23939514160156,171.8874053955078,283.5448913574219,3.894200086593628,0.12389999628067017,0.6963000297546387,0.6963000297546387
59,256.5184020996094,211.8719024658203,34.26350021362305,0.0,0.3310999870300293,0.4729999899864197,0.3310999870300293,0.3310999870300293,256.5184020996094,17.747499465942383,111.21499633789062,2224.299072265625,1.4663000106811523,111.14839935302734,111.14839935302734,222.2967987060547,110.71690368652344,110.61920166015625,553.0960083007812,110.47219848632812,110.51529693603516,663.0919189453125,110.26229858398438,110.47920227050781,773.3541870117188,110.63259887695312,110.57859802246094,1105.7864990234375,17.733200073242188,17.733200073242188,35.46649932861328,17.359899520874023,17.368600845336914,86.8427963256836,17.186500549316406,17.307100296020508,103.8427963256836,17.334299087524414,17.31100082397461,121.1771011352539,17.528600692749023,17.5,175.00050354003906,256.3568115234375,256.3568115234375,512.713623046875,255.54910278320312,255.28419494628906,1276.421142578125,255.05799865722656,255.05599975585938,1530.3355712890625,254.64649963378906,254.99740600585938,1784.982177734375,255.33360290527344,255.16799926757812,2551.679443359375,0.6656000018119812,0.6656000018119812,1.3310999870300293,0.6621999740600586,0.7324000000953674,3.6621999740600586,0.6689000129699707,0.7229999899864197,4.337800025939941,0.6621999740600586,0.7142999768257141,5.0,0.6621999740600586,0.6000000238418579,6.0,0.1656000018119812,0.1656000018119812,0.3310999870300293,0.0,0.06620000302791595,0.3310999870300293,0.0,0.1103999987244606,0.6621999740600586,0.0,0.16220000386238098,1.135200023651123,0.1688999980688095,0.18039999902248383,1.8042000532150269,0.1688999980688095,0.1688999980688095,0.337799996137619,0.3310999870300293,0.2012999951839447,1.006700038909912,0.3310999870300293,0.22300000488758087,1.3378000259399414,0.3310999870300293,0.2976999878883362,2.084199905395508,0.3310999870300293,0.3084000051021576,3.0843000411987305,1.8774000406265259,1.8774000406265259,3.7548000812530518,1.4663000106811523,1.6720000505447388,8.360199928283691,1.5676000118255615,1.6714999675750732,10.029199600219727,1.6689000129699707,1.8555999994277954,12.988900184631348,1.7079999446868896,1.8485000133514404,18.484699249267578,11.374699592590332,-0.1809999942779541,-60.615501403808594,-22.889799118041992,-0.16670000553131104,0.19830000400543213,0.2599000036716461,0.25619998574256897,0.06759999692440033,-60.45209884643555,-59.374900817871094,-59.145301818847656,-59.085601806640625,-59.25469970703125,-22.822399139404297,-22.291099548339844,-22.186599731445312,-22.149900436401367,-22.248600006103516,0.04270000010728836,0.25679999589920044,10.963500022888184,11.175000190734863,11.178500175476074,10.997200012207031,11.01159954071045,-22.822399139404297,-22.291099548339844,-22.186599731445312,-22.149900436401367,-22.248600006103516,-0.16670000553131104,0.19830000400543213,0.2599000036716461,0.25619998574256897,0.06759999692440033,-60.45209884643555,-59.374900817871094,-59.145301818847656,-59.085601806640625,-59.25469970703125,71.61969757080078,157.5634002685547,186.2113037109375,214.8592071533203,315.1268005371094,4.458799839019775,-0.3587000072002411,0.34769999980926514,0.34769999980926514
60,171.61549377441406,118.53839874267578,35.45830154418945,1.0470000505447388,0.9933000206947327,3.3310999870300293,2.6868999004364014,3.34089994430542,171.61549377441406,19.563100814819336,77.33910369873047,1546.7823486328125,11.399200439453125,77.3052978515625,77.3052978515625,154.61050415039062,76.97709655761719,76.84110260009766,384.2052001953125,76.7384033203125,76.72200012207031,460.3320007324219,76.49980163574219,76.64540100097656,536.5173950195312,76.57879638671875,76.63700103759766,766.3701782226562,19.64310073852539,19.64310073852539,39.28620147705078,19.045499801635742,19.016199111938477,95.08100128173828,18.861799240112305,18.85700035095215,113.1417007446289,18.67799949645996,18.766799926757812,131.36790466308594,18.779600143432617,18.80030059814453,188.00320434570312,171.89430236816406,171.89430236816406,343.7886047363281,171.81210327148438,171.76820373535156,858.8411865234375,171.71380615234375,171.5426025390625,1029.2554931640625,171.61549377441406,171.356201171875,1199.49365234375,170.90859985351562,171.14439392089844,1711.444580078125,0.6654999852180481,0.6654999852180481,1.3310999870300293,0.3310999870300293,0.33239999413490295,1.6621999740600586,0.1656000018119812,0.2770000100135803,1.6621999740600586,0.0,0.23749999701976776,1.6621999740600586,0.3310999870300293,0.2939000129699707,2.939300060272217,3.0218000411987305,3.0218000411987305,6.043499946594238,2.23009991645813,2.3157999515533447,11.579000473022461,2.466399908065796,2.3903000354766846,14.34179973602295,2.5392000675201416,2.411600112915039,16.881000518798828,2.3143999576568604,2.121999979019165,21.219499588012695,2.0234999656677246,2.0234999656677246,4.046999931335449,6.003900051116943,4.691699981689453,23.45840072631836,4.8471999168396,4.524799823760986,27.148799896240234,4.668900012969971,4.545400142669678,31.817699432373047,3.3577001094818115,3.7987000942230225,37.98720169067383,12.235199928283691,12.235199928283691,24.470399856567383,12.960800170898438,12.788200378417969,63.94089889526367,13.015999794006348,12.840200424194336,77.04109954833984,12.976900100708008,12.859700202941895,90.01799774169922,12.180000305175781,11.208700180053711,112.08679962158203,-4.439000129699707,-2.9885001182556152,-21.352399826049805,-8.820799827575684,-3.06820011138916,-2.440500020980835,-2.2809998989105225,-2.1905999183654785,-2.223299980163574,-21.633499145507812,-21.51409912109375,-21.290700912475586,-21.10650062561035,-20.90130043029785,-8.787799835205078,-8.325900077819824,-8.207500457763672,-8.131600379943848,-8.125499725341797,0.5376999974250793,0.9031999707221985,-5.275199890136719,-5.828400135040283,-5.88040018081665,-5.899899959564209,-4.248799800872803,-8.787799835205078,-8.325900077819824,-8.207500457763672,-8.131600379943848,-8.125499725341797,-3.06820011138916,-2.440500020980835,-2.2809998989105225,-2.1905999183654785,-2.223299980163574,-21.633499145507812,-21.51409912109375,-21.290700912475586,-21.10650062561035,-20.90130043029785,57.43259811401367,131.21910095214844,155.8874053955078,185.5402069091797,292.7261962890625,3.967400074005127,0.149399995803833,0.7656000256538391,0.7656000256538391
61,125.69059753417969,101.36039733886719,28.341999053955078,10.991800308227539,8.668899536132812,9.831600189208984,13.36340045928955,13.10770034790039,125.69059753417969,15.803999900817871,60.911399841308594,1218.2288818359375,55.96329879760742,59.97639846801758,59.97639846801758,119.9529037475586,58.47489929199219,58.450801849365234,292.25421142578125,58.758201599121094,59.000099182128906,354.0003967285156,59.04140090942383,60.027400970458984,420.19140625,61.328800201416016,62.11360168457031,621.1358032226562,16.41469955444336,16.41469955444336,32.829498291015625,17.02549934387207,16.908599853515625,84.54280090332031,17.263200759887695,17.007299423217773,102.043701171875,17.500900268554688,17.095800399780273,119.6708984375,16.5762996673584,16.738399505615234,167.3843994140625,121.42729949951172,121.42729949951172,242.85459899902344,117.16400146484375,116.94999694824219,584.7498779296875,118.20790100097656,118.86019897460938,713.1610107421875,119.25180053710938,122.09390258789062,854.6571044921875,127.05079650878906,130.31430053710938,1303.142822265625,8.19320011138916,8.19320011138916,16.38629913330078,5.258500099182129,5.133200168609619,25.6658992767334,3.809299945831299,4.445400238037109,26.67259979248047,2.3601999282836914,3.9049999713897705,27.334800720214844,1.333799958229065,2.8334999084472656,28.334800720214844,15.679200172424316,15.679200172424316,31.358400344848633,16.979999542236328,17.142799377441406,85.71399688720703,16.841999053955078,16.88640022277832,101.31819915771484,16.70400047302246,16.07080078125,112.49549865722656,14.355899810791016,12.72089958190918,127.20880126953125,17.218700408935547,17.218700408935547,34.4375,27.277700424194336,23.678499221801758,118.3927001953125,27.7814998626709,25.074800491333008,150.4488983154297,28.285200119018555,25.857999801635742,181.006103515625,25.3617000579834,22.217199325561523,222.17239379882812,70.23310089111328,70.23310089111328,140.46609497070312,85.268798828125,81.64559936523438,408.2279052734375,86.3738021850586,83.26239776611328,499.5745849609375,85.268798828125,82.11519622802734,574.806396484375,79.86730194091797,67.5656967163086,675.6569213867188,-44.94240188598633,0.20000000298023224,30.651100158691406,9.825599670410156,-0.4108000099658966,-0.9047999978065491,-1.003600001335144,-1.0922000408172607,-0.7348999977111816,34.912498474121094,39.388999938964844,37.47869873046875,34.24489974975586,26.02429962158203,10.75979995727539,12.28499984741211,11.735699653625488,10.708399772644043,8.621800422668457,0.9476000070571899,0.9890999794006348,-59.214698791503906,-70.62860107421875,-72.24520111083984,-71.09770202636719,-56.54710006713867,10.75979995727539,12.28499984741211,11.735699653625488,10.708399772644043,8.621800422668457,-0.4108000099658966,-0.9047999978065491,-1.003600001335144,-1.0922000408172607,-0.7348999977111816,34.912498474121094,39.388999938964844,37.47869873046875,34.24489974975586,26.02429962158203,50.4911003112793,137.02479553222656,165.49440002441406,194.75100708007812,282.9190979003906,4.397500038146973,-0.26339998841285706,0.3582000136375427,0.3582000136375427
62,180.15109252929688,155.61810302734375,22.234699249267578,0.337799996137619,0.0,0.0,0.6621999740600586,0.0,180.15109252929688,10.197999954223633,78.42150115966797,1568.42919921875,1.0,78.32890319824219,78.32890319824219,156.65780639648438,78.10299682617188,78.00080108642578,390.00421142578125,78.00189971923828,77.69339752197266,466.16009521484375,77.90070343017578,77.34860229492188,541.4400024414062,76.74919891357422,76.43080139160156,764.3084106445312,10.197999954223633,10.197999954223633,20.396099090576172,10.268099784851074,10.27280044555664,51.364200592041016,10.309100151062012,10.300399780273438,61.8026008605957,10.350000381469727,10.350600242614746,72.45439910888672,10.344599723815918,10.336799621582031,103.3678970336914,180.01739501953125,180.01739501953125,360.0347900390625,179.41920471191406,179.09759521484375,895.4879150390625,179.0540008544922,178.3822021484375,1070.29345703125,178.68870544433594,177.61480712890625,1243.303466796875,176.0753936767578,175.56280517578125,1755.62841796875,0.0,0.0,0.0,0.0,0.0,0.0,0.0,0.0551999993622303,0.3310999870300293,0.0,0.09560000151395798,0.6689000129699707,0.1656000018119812,0.16689999401569366,1.6689000129699707,0.1656000018119812,0.1656000018119812,0.3310999870300293,0.746399998664856,0.6442000269889832,3.220900058746338,0.8460999727249146,0.7134000062942505,4.280700206756592,0.945900022983551,0.7544000148773193,5.280700206756592,0.743399977684021,0.7437000274658203,7.436999797821045,0.40299999713897705,0.40299999713897705,0.8059999942779541,0.743399977684021,1.2864999771118164,6.432499885559082,1.1151000261306763,1.631700038909912,9.790399551391602,1.486799955368042,1.8243000507354736,12.770299911499023,1.0298999547958374,1.5154000520706177,15.154500007629395,1.136199951171875,1.136199951171875,2.27239990234375,2.430999994277954,2.9518001079559326,14.758999824523926,3.1389999389648438,3.4407999515533447,20.644800186157227,3.84689998626709,3.766400098800659,26.365100860595703,3.8282999992370605,3.6178998947143555,36.17890167236328,10.373700141906738,4.126999855041504,-23.683000564575195,-8.171600341796875,4.127099990844727,4.052599906921387,4.025199890136719,3.9751999378204346,3.989500045776367,-23.548799514770508,-22.63010025024414,-21.915599822998047,-21.14900016784668,-19.09749984741211,-8.078700065612793,-7.750500202178955,-7.44320011138916,-7.098599910736084,-6.180500030517578,0.1632000058889389,0.04450000077486038,10.23740005493164,8.42609977722168,7.938300132751465,7.613500118255615,7.763400077819824,-8.078700065612793,-7.750500202178955,-7.44320011138916,-7.098599910736084,-6.180500030517578,4.127099990844727,4.052599906921387,4.025199890136719,3.9751999378204346,3.989500045776367,-23.548799514770508,-22.63010025024414,-21.915599822998047,-21.14900016784668,-19.09749984741211,71.61969757080078,128.91549682617188,155.5821990966797,184.20460510253906,256.0657043457031,3.225600004196167,0.522599995136261,0.8037999868392944,0.8037999868392944
63,152.84019470214844,122.53119659423828,30.364500045776367,3.1791999340057373,0.0,3.6621999740600586,1.4987000226974487,2.0206000804901123,152.84019470214844,16.86479949951172,69.36139678955078,1387.2286376953125,10.360799789428711,69.61840057373047,69.61840057373047,139.2366943359375,70.94390106201172,71.09719848632812,355.4859924316406,71.54129791259766,71.58429718017578,429.5057067871094,72.13860321044922,71.908203125,503.3575134277344,71.54129791259766,71.15249633789062,711.5252075195312,17.013099670410156,17.013099670410156,34.02619934082031,17.161399841308594,17.152999877929688,85.76490020751953,17.17919921875,17.2721004486084,103.63249969482422,17.161399841308594,17.231300354003906,120.61930084228516,16.93090057373047,16.875099182128906,168.75070190429688,154.27980041503906,154.27980041503906,308.5596923828125,158.6929931640625,158.372802734375,791.864013671875,160.031005859375,159.49989318847656,956.9992065429688,161.36900329589844,160.30239868164062,1122.11669921875,160.031005859375,158.54820251464844,1585.482421875,0.0,0.0,0.0,0.0,0.13379999995231628,0.6689000129699707,0.1656000018119812,0.28600001335144043,1.71589994430542,0.3310999870300293,0.48840001225471497,3.4186999797821045,0.6370999813079834,0.7504000067710876,7.504300117492676,2.219899892807007,2.219899892807007,4.439799785614014,2.0206000804901123,1.930999994277954,9.655200004577637,1.7537000179290771,1.719599962234497,10.317500114440918,1.4896999597549438,1.6866999864578247,11.80720043182373,2.219899892807007,3.4971001148223877,34.970699310302734,3.0862998962402344,3.0862998962402344,6.172500133514404,2.8285000324249268,2.858599901199341,14.293100357055664,2.910900115966797,3.157900094985962,18.947599411010742,2.993299961090088,3.449399948120117,24.14590072631836,3.916800022125244,5.752600193023682,57.5265007019043,10.548800468444824,10.548800468444824,21.09749984741211,9.532699584960938,8.784700393676758,43.923301696777344,9.896100044250488,9.030400276184082,54.182701110839844,10.259400367736816,9.978699684143066,69.85079956054688,10.548800468444824,18.34709930419922,183.47120666503906,0.5404999852180481,0.27570000290870667,16.063600540161133,7.261000156402588,0.12759999930858612,-0.011699999682605267,-0.1307000070810318,-0.08969999849796295,0.2671999931335449,14.634099960327148,10.571599960327148,9.454400062561035,8.661299705505371,10.441800117492676,7.008299827575684,5.541999816894531,5.059000015258789,4.738999843597412,5.505499839782715,0.7117999792098999,0.7200000286102295,0.3521000146865845,2.1157000064849854,1.8697999715805054,0.9214000105857849,-7.4471001625061035,7.008299827575684,5.541999816894531,5.059000015258789,4.738999843597412,5.505499839782715,0.12759999930858612,-0.011699999682605267,-0.1307000070810318,-0.08969999849796295,0.2671999931335449,14.634099960327148,10.571599960327148,9.454400062561035,8.661299705505371,10.441800117492676,95.97869873046875,207.6175994873047,224.94000244140625,263.593994140625,346.98040771484375,4.14109992980957,-0.10199999809265137,0.49720001220703125,0.49720001220703125
64,145.36160278320312,111.41639709472656,32.54059982299805,0.3310999870300293,0.337799996137619,0.47780001163482666,0.0066999997943639755,0.4729999899864197,145.36160278320312,19.104999542236328,66.71720123291016,1334.3433837890625,1.6262999773025513,66.71179962158203,66.71179962158203,133.42349243164062,66.6406021118164,66.50749969482422,332.53729248046875,66.52059936523438,66.44640350341797,398.6785888671875,66.53199768066406,66.45870208740234,465.210693359375,66.67350006103516,66.80139923095703,668.0139770507812,18.959400177001953,18.959400177001953,37.91889953613281,18.8080997467041,18.39109992980957,91.95559692382812,18.477500915527344,18.192699432373047,109.15640258789062,18.146900177001953,18.098100662231445,126.68669891357422,18.069299697875977,18.060699462890625,180.60699462890625,145.360107421875,145.360107421875,290.72021484375,145.21240234375,145.20840454101562,726.0421752929688,145.2093048095703,145.18280029296875,871.0966796875,145.21240234375,145.3126983642578,1017.1890869140625,145.360107421875,146.39759826660156,1463.9759521484375,0.40299999713897705,0.40299999713897705,0.8059999942779541,0.337799996137619,0.29499998688697815,1.4749000072479248,0.3343999981880188,0.3009999990463257,1.805999994277954,0.337799996137619,0.30630001425743103,2.1438000202178955,0.3310999870300293,0.2475000023841858,2.474900007247925,0.23980000615119934,0.23980000615119934,0.4796999990940094,0.3310999870300293,0.23029999434947968,1.1513999700546265,0.17030000686645508,0.19189999997615814,1.1513999700546265,0.3310999870300293,0.2117999941110611,1.4824999570846558,0.3310999870300293,0.3483000099658966,3.4825000762939453,0.3312000036239624,0.3312000036239624,0.6625000238418579,0.3314000070095062,0.41440001130104065,2.072000026702881,0.33469998836517334,0.5730999708175659,3.438800096511841,0.33799999952316284,0.7361999750137329,5.153299808502197,0.5392000079154968,0.853600025177002,8.535599708557129,1.3818999528884888,1.3818999528884888,2.7639000415802,1.6262999773025513,1.7137999534606934,8.569199562072754,1.8214000463485718,1.770799994468689,10.625,2.016400098800659,2.0297000408172607,14.208200454711914,2.2363998889923096,2.377500057220459,23.774900436401367,8.708200454711914,-2.8124001026153564,22.279300689697266,8.968899726867676,-2.666800022125244,-2.098400115966797,-1.899899959564209,-1.8051999807357788,-1.7675000429153442,22.279499053955078,22.429100036621094,22.45479965209961,22.32469940185547,21.2367000579834,8.973699569702148,9.177200317382812,9.238200187683105,9.22599983215332,8.882399559020996,0.08959999680519104,0.40209999680519104,8.952500343322754,8.61769962310791,8.560099601745605,8.300600051879883,7.955599784851074,8.973699569702148,9.177200317382812,9.238200187683105,9.22599983215332,8.882399559020996,-2.666800022125244,-2.098400115966797,-1.899899959564209,-1.8051999807357788,-1.7675000429153442,22.279499053955078,22.429100036621094,22.45479965209961,22.32469940185547,21.2367000579834,42.9718017578125,116.8147964477539,141.03750610351562,168.89840698242188,229.18310546875,3.933300018310547,0.08479999750852585,0.6633999943733215,0.6633999943733215
65,419.4414978027344,123.40049743652344,23.364099502563477,0.0,0.4683000147342682,4.207200050354004,2.347899913787842,2.42330002784729,419.4414978027344,11.920700073242188,175.80799865722656,3516.15966796875,9.446700096130371,175.66070556640625,175.66070556640625,351.3215026855469,175.408203125,175.48049926757812,877.4024047851562,175.40679931640625,175.41200256347656,1052.4720458984375,175.4053955078125,175.31959533691406,1227.2374267578125,175.1685028076172,175.13360595703125,1751.3365478515625,11.718899726867676,11.718899726867676,23.43779945373535,11.493300437927246,11.451299667358398,57.25640106201172,11.368800163269043,11.379400253295898,68.27629852294922,11.24429988861084,11.325900077819824,79.28130340576172,11.41469955444336,11.41450023651123,114.14530181884766,419.4912109375,419.4912109375,838.982421875,419.6427917480469,419.7196044921875,2098.598388671875,419.755615234375,419.744384765625,2518.466552734375,419.6427917480469,419.71160888671875,2937.98095703125,419.527587890625,419.5906066894531,4195.90576171875,0.4729999899864197,0.4729999899864197,0.945900022983551,0.7404000163078308,0.6363999843597412,3.1821000576019287,0.7013000249862671,0.6406999826431274,3.8443000316619873,0.6621999740600586,0.5964999794960022,4.1753997802734375,0.7013000249862671,0.6333000063896179,6.333399772644043,1.8142000436782837,1.8142000436782837,3.6282999515533447,1.0534000396728516,1.1246000528335571,5.623000144958496,1.0267000198364258,1.1038000583648682,6.623000144958496,1.0534000396728516,1.1430000066757202,8.001099586486816,1.2842999696731567,1.3395999670028687,13.39579963684082,0.0,0.0,0.0,0.0,0.0,0.0,0.0,0.0,0.0,0.0,0.0,0.0,0.0,0.0,0.0,6.706999778747559,6.706999778747559,13.41409969329834,3.8197999000549316,4.455599784851074,22.278099060058594,3.8935999870300293,4.478400230407715,26.870100021362305,3.967400074005127,4.447999954223633,31.136199951171875,4.362800121307373,4.659299850463867,46.593101501464844,2.790299892425537,1.7240999937057495,-231.3553924560547,-84.61620330810547,1.9259999990463257,2.1939001083374023,2.2657999992370605,2.3194000720977783,2.231100082397461,-231.40939331054688,-231.64390563964844,-231.6699981689453,-231.6381072998047,-231.5189971923828,-84.4708023071289,-84.2927017211914,-84.22460174560547,-84.13240051269531,-83.94640350341797,0.11259999871253967,0.7703999876976013,5.527599811553955,7.779600143432617,7.757199764251709,7.787899971008301,7.58050012588501,-84.4708023071289,-84.2927017211914,-84.22460174560547,-84.13240051269531,-83.94640350341797,1.9259999990463257,2.1939001083374023,2.2657999992370605,2.3194000720977783,2.231100082397461,-231.40939331054688,-231.64390563964844,-231.6699981689453,-231.6381072998047,-231.5189971923828,0.0,0.0,0.0,0.0,0.0,4.195499897003174,-0.8783000111579895,0.24869999289512634,0.24869999289512634
66,168.73109436035156,126.38639831542969,27.658599853515625,0.3312000036239624,0.746399998664856,0.0,0.0,0.0,168.73109436035156,16.278799057006836,74.40390014648438,1488.077880859375,1.0774999856948853,74.34459686279297,74.34459686279297,148.68930053710938,74.15440368652344,74.21910095214844,371.095703125,74.14350128173828,74.18450164794922,445.1068115234375,74.13259887695312,74.10679626464844,518.7476196289062,74.10310363769531,74.0186996459961,740.1871948242188,16.278799057006836,16.278799057006836,32.55759811401367,16.278799057006836,16.278799057006836,81.39409637451172,16.278799057006836,16.3164005279541,97.89849853515625,16.278799057006836,16.343900680541992,114.40740203857422,16.391599655151367,16.392499923706055,163.9250946044922,168.59750366210938,168.59750366210938,337.1950988769531,168.1376953125,168.29629516601562,841.4816284179688,168.10609436035156,168.2052001953125,1009.2310180664062,168.07440185546875,167.9998016357422,1175.998779296875,168.01199340820312,167.7675018310547,1677.6748046875,0.5386999845504761,0.5386999845504761,1.0774999856948853,0.3310999870300293,0.34929999709129333,1.746399998664856,0.3343999981880188,0.41449999809265137,2.4867000579833984,0.3310999870300293,0.40059998631477356,2.8043999671936035,0.3343999981880188,0.414900004863739,4.148900032043457,0.0,0.0,0.0,0.0,0.06620000302791595,0.3310999870300293,0.0,0.056299999356269836,0.337799996137619,0.0,0.04919999837875366,0.34450000524520874,0.0032999999821186066,0.10130000114440918,1.0133999586105347,0.1688999980688095,0.1688999980688095,0.3379000127315521,0.3310999870300293,0.2946000099182129,1.473099946975708,0.3310999870300293,0.32429999113082886,1.9460999965667725,0.3312000036239624,0.3449000120162964,2.414299964904785,0.3310999870300293,0.2752000093460083,2.7520999908447266,0.7077000141143799,0.7077000141143799,1.4153000116348267,0.6621999740600586,0.710099995136261,3.55049991607666,0.8698999881744385,0.7950999736785889,4.770599842071533,0.7926999926567078,0.7947999835014343,5.563300132751465,0.737500011920929,0.8920999765396118,8.921099662780762,5.882699966430664,0.29580000042915344,-18.46809959411621,-5.8856000900268555,0.296099990606308,0.2969000041484833,0.2596000134944916,0.23229999840259552,0.18449999392032623,-18.33679962158203,-18.042200088500977,-17.95330047607422,-17.750099182128906,-17.52429962158203,-5.827199935913086,-5.703999996185303,-5.670000076293945,-5.593100070953369,-5.507199764251709,0.21070000529289246,0.10429999977350235,6.252399921417236,6.24970006942749,6.164700031280518,6.16510009765625,6.067800045013428,-5.827199935913086,-5.703999996185303,-5.670000076293945,-5.593100070953369,-5.507199764251709,0.296099990606308,0.2969000041484833,0.2596000134944916,0.23229999840259552,0.18449999392032623,-18.33679962158203,-18.042200088500977,-17.95330047607422,-17.750099182128906,-17.52429962158203,50.22489929199219,152.72650146484375,193.4644012451172,193.4644012451172,250.76019287109375,4.567299842834473,-0.4505000114440918,0.032600000500679016,0.032600000500679016
67,209.8917999267578,174.19729614257812,28.213300704956055,0.746399998664856,0.4683000147342682,0.3310999870300293,0.6689000129699707,0.3310999870300293,209.8917999267578,16.412799835205078,91.77290344238281,1835.4571533203125,2.545799970626831,91.72329711914062,91.72329711914062,183.44650268554688,91.92680358886719,91.90470123291016,459.5234069824219,91.96880340576172,91.95760345458984,551.74560546875,92.01080322265625,92.02580261230469,644.180419921875,92.18070220947266,92.247802734375,922.4777221679688,16.412799835205078,16.412799835205078,32.82569885253906,17.44849967956543,17.509599685668945,87.54820251464844,17.89539909362793,17.722700119018555,106.3364028930664,18.342300415039062,17.89539909362793,125.26809692382812,18.059900283813477,17.90999984741211,179.10040283203125,209.6844940185547,209.6844940185547,419.3689880371094,209.57899475097656,209.6248016357422,1048.1241455078125,209.60699462890625,209.6511993408203,1257.9072265625,209.63510131835938,209.76510620117188,1468.3555908203125,209.83740234375,210.4508056640625,2104.50830078125,0.39980000257492065,0.39980000257492065,0.7994999885559082,0.3310999870300293,0.22609999775886536,1.1305999755859375,0.3310999870300293,0.243599995970726,1.4616999626159668,0.3310999870300293,0.257099986076355,1.7994999885559082,0.3345000147819519,0.32679998874664307,3.2678000926971436,0.6362000107765198,0.6362000107765198,1.2723000049591064,0.7404000163078308,0.5927000045776367,2.963399887084961,0.6043000221252441,0.5719000101089478,3.4316999912261963,0.47769999504089355,0.5584999918937683,3.90939998626709,0.8407999873161316,0.8032000064849854,8.032500267028809,0.7075999975204468,0.7075999975204468,1.4153000116348267,0.755299985408783,0.8529000282287598,4.264699935913086,0.8776999711990356,0.8773999810218811,5.264699935913086,1.0,0.8959000110626221,6.271399974822998,0.972000002861023,0.9157000184059143,9.156599998474121,2.808799982070923,2.808799982070923,5.617599964141846,3.072999954223633,3.3420000076293945,16.710100173950195,3.1017000675201416,3.30679988861084,19.840499877929688,3.130500078201294,3.3803999423980713,23.662700653076172,3.7829999923706055,4.149400234222412,41.493900299072266,8.355400085449219,0.7276999950408936,-40.98789978027344,-15.150400161743164,0.7278000116348267,-0.3684000074863434,-0.5813000202178955,-0.7537999749183655,-0.767799973487854,-40.77050018310547,-40.68040084838867,-40.696998596191406,-40.80139923095703,-41.46080017089844,-15.096699714660645,-15.265399932861328,-15.314299583435059,-15.378600120544434,-15.589799880981445,0.421099990606308,0.2272000014781952,8.092100143432617,7.5584001541137695,7.593500137329102,7.519700050354004,6.750699996948242,-15.096699714660645,-15.265399932861328,-15.314299583435059,-15.378600120544434,-15.589799880981445,0.7278000116348267,-0.3684000074863434,-0.5813000202178955,-0.7537999749183655,-0.767799973487854,-40.77050018310547,-40.68040084838867,-40.696998596191406,-40.80139923095703,-41.46080017089844,50.59550094604492,125.90740203857422,154.5550994873047,183.20339965820312,254.82269287109375,3.4486000537872314,0.590499997138977,0.8934000134468079,0.8934000134468079
68,119.96959686279297,92.51409912109375,30.51300048828125,1.666200041770935,0.3310999870300293,1.6689000129699707,1.2030999660491943,1.2030999660491943,119.96959686279297,16.265199661254883,57.069698333740234,1141.393798828125,6.072400093078613,57.342201232910156,57.342201232910156,114.68440246582031,58.644798278808594,58.594200134277344,292.9707946777344,59.0177001953125,58.97060012817383,353.8236999511719,59.39059829711914,59.302799224853516,415.1195983886719,60.551998138427734,60.15729904174805,601.5728149414062,16.27199935913086,16.27199935913086,32.54399871826172,16.029300689697266,15.82759952545166,79.13790130615234,15.69849967956543,15.619199752807617,93.71540069580078,15.367600440979004,15.28380012512207,106.98650360107422,14.887200355529785,14.604299545288086,146.0428924560547,120.55249786376953,120.55249786376953,241.10499572753906,123.6769027709961,123.71410369873047,618.5704956054688,124.69490051269531,124.70539855957031,748.232421875,125.71299743652344,125.6322021484375,879.4254760742188,128.86880493164062,128.56910705566406,1285.690673828125,0.3343999981880188,0.3343999981880188,0.6689000129699707,0.4729999899864197,0.4553999900817871,2.277100086212158,0.40540000796318054,0.43470001220703125,2.6082000732421875,0.4683000147342682,0.43950000405311584,3.0764999389648438,0.4706000089645386,0.4902999997138977,4.903299808502197,1.3085999488830566,1.3085999488830566,2.617300033569336,2.23009991645813,2.104599952697754,10.52280044555664,2.415299892425537,2.1872000694274902,13.12339973449707,2.23009991645813,2.1531999111175537,15.072400093078613,1.6815999746322632,1.6603000164031982,16.6028995513916,2.206399917602539,2.206399917602539,4.412799835205078,2.6108999252319336,2.4535000324249268,12.26729965209961,2.6786999702453613,2.55649995803833,15.338800430297852,2.7465999126434326,2.8303000926971436,19.811800003051758,2.79010009765625,3.0329999923706055,30.33009910583496,7.452700138092041,7.452700138092041,14.905400276184082,10.91670036315918,9.674300193786621,48.371700286865234,10.537799835205078,9.75510025024414,58.530601501464844,10.91670036315918,9.954899787902832,69.68460083007812,10.349699974060059,9.2431001663208,92.43099975585938,6.160799980163574,-0.9495000243186951,28.825000762939453,10.558300018310547,-0.9562000036239624,-0.5112000107765198,-0.302700012922287,0.032999999821186066,0.713100016117096,28.24410057067871,25.085899353027344,24.094200134277344,23.16670036315918,20.227100372314453,10.286600112915039,9.036299705505371,8.659799575805664,8.327500343322754,7.4721999168396,0.5231000185012817,0.5685999989509583,4.780300140380859,2.5569000244140625,2.4762001037597656,2.276599884033203,2.989500045776367,10.286600112915039,9.036299705505371,8.659799575805664,8.327500343322754,7.4721999168396,-0.9562000036239624,-0.5112000107765198,-0.302700012922287,0.032999999821186066,0.713100016117096,28.24410057067871,25.085899353027344,24.094200134277344,23.16670036315918,20.227100372314453,47.27299880981445,137.11459350585938,166.50759887695312,195.5753936767578,278.24200439453125,3.620500087738037,0.5012000203132629,0.8665000200271606,0.8665000200271606
69,152.82510375976562,125.13269805908203,27.237300872802734,4.5355000495910645,1.0555000305175781,5.379499912261963,6.029200077056885,5.348100185394287,152.82510375976562,15.907400131225586,70.78209686279297,1415.6412353515625,22.347700119018555,70.75579833984375,70.75579833984375,141.5115966796875,70.08399963378906,69.79029846191406,348.95159912109375,69.62079620361328,69.49490356445312,416.96929931640625,69.15750122070312,69.310302734375,485.1723937988281,68.30249786376953,68.98210144042969,689.8206176757812,15.816699981689453,15.816699981689453,31.63330078125,15.95110034942627,15.940600395202637,79.7029037475586,15.929300308227539,15.895899772644043,95.37539672851562,15.95110034942627,15.980799674987793,111.86540222167969,16.059200286865234,16.50279998779297,165.02780151367188,152.3708953857422,152.3708953857422,304.7417907714844,150.62930297851562,150.54310607910156,752.7153930664062,150.01339721679688,150.0063934326172,900.038330078125,149.3975067138672,149.53909301757812,1046.77392578125,147.63479614257812,148.27740478515625,1482.77392578125,0.761900007724762,0.761900007724762,1.523800015449524,0.337799996137619,0.43849998712539673,2.192699909210205,0.40299999713897705,0.4758000075817108,2.8548998832702637,0.337799996137619,0.4560999870300293,3.192699909210205,0.4683000147342682,0.48030000925064087,4.802800178527832,5.506800174713135,5.506800174713135,11.013699531555176,5.0243000984191895,4.959400177001953,24.797000885009766,4.866600036621094,4.734399795532227,28.406299591064453,4.709000110626221,4.402100086212158,30.81439971923828,3.829699993133545,3.350399971008301,33.50400161743164,6.018799781799316,6.018799781799316,12.037599563598633,7.502099990844727,6.602200031280518,33.010799407958984,6.273799896240234,6.002900123596191,36.01750183105469,5.045400142669678,5.357800006866455,37.50429916381836,3.7711000442504883,3.991300106048584,39.91279983520508,23.872400283813477,23.872400283813477,47.74480056762695,22.347700119018555,21.83099937438965,109.15519714355469,21.940799713134766,20.552799224853516,123.31680297851562,21.533899307250977,18.872800827026367,132.10989379882812,15.844499588012695,14.53279972076416,145.3280029296875,-11.326800346374512,0.09650000184774399,3.5164999961853027,-0.04500000178813934,0.18719999492168427,0.06319999694824219,0.10779999941587448,0.02290000021457672,-0.4993000030517578,3.968899965286255,5.795899868011475,6.332499980926514,6.799600124359131,8.061200141906738,-0.019500000402331352,0.9455000162124634,1.2409000396728516,1.4254000186920166,1.7533999681472778,0.8141000270843506,0.911899983882904,-12.854000091552734,-10.814000129699707,-9.535599708557129,-7.855299949645996,-3.51419997215271,-0.019500000402331352,0.9455000162124634,1.2409000396728516,1.4254000186920166,1.7533999681472778,0.18719999492168427,0.06319999694824219,0.10779999941587448,0.02290000021457672,-0.4993000030517578,3.968899965286255,5.795899868011475,6.332499980926514,6.799600124359131,8.061200141906738,57.295799255371094,128.91549682617188,128.91549682617188,157.5634002685547,214.8592071533203,4.425099849700928,-0.29109999537467957,0.3255999982357025,0.3255999982357025
70,156.73219299316406,128.3159942626953,27.9773006439209,0.6621999740600586,0.3310999870300293,0.337799996137619,0.0,0.0,156.73219299316406,16.035499572753906,70.15840148925781,1403.1678466796875,1.3310999870300293,70.33219909667969,70.33219909667969,140.66439819335938,70.74030303955078,70.63690185546875,353.18438720703125,70.76940155029297,70.66380310058594,423.98291015625,70.74030303955078,70.66069793701172,494.6252136230469,70.65350341796875,70.63980102539062,706.398193359375,15.977299690246582,15.977299690246582,31.954700469970703,15.91919994354248,15.940699577331543,79.70330047607422,15.977299690246582,16.025100708007812,96.15059661865234,16.035499572753906,16.085399627685547,112.597900390625,15.977299690246582,16.034700393676758,160.34649658203125,157.19509887695312,157.19509887695312,314.39019775390625,158.28799438476562,157.97569274902344,789.8786010742188,158.1304931640625,157.97520446777344,947.8515014648438,157.972900390625,157.93080139160156,1105.5157470703125,157.94009399414062,157.95440673828125,1579.543701171875,0.1688999980688095,0.1688999980688095,0.337799996137619,0.0066999997943639755,0.13650000095367432,0.6822999715805054,0.1688999980688095,0.1688999980688095,1.0133999586105347,0.0066999997943639755,0.14480000734329224,1.0133999586105347,0.0032999999821186066,0.10130000114440918,1.0133999586105347,0.0,0.0,0.0,0.0,0.13379999995231628,0.6689000129699707,0.1656000018119812,0.16670000553131104,1.0,0.0,0.1429000049829483,1.0,0.0,0.10000000149011612,1.0,0.6689000129699707,0.6689000129699707,1.3378000259399414,0.6621999740600586,0.6675999760627747,3.3378000259399414,0.6621999740600586,0.666700005531311,4.0,0.6621999740600586,0.6187000274658203,4.331099987030029,0.6621999740600586,0.5468000173568726,5.468299865722656,1.1721999645233154,1.1721999645233154,2.3445000648498535,1.3243999481201172,1.205299973487854,6.026700019836426,1.3278000354766846,1.3583999872207642,8.150500297546387,1.3243999481201172,1.2609000205993652,8.82610034942627,1.0032999515533447,1.062600016593933,10.625499725341797,5.6290998458862305,0.5392000079154968,-6.469200134277344,-1.6401000022888184,0.597599983215332,0.6351000070571899,0.5508999824523926,0.49079999327659607,0.5424000024795532,-6.934299945831299,-7.72160005569458,-7.723299980163574,-7.681099891662598,-7.71120023727417,-1.8147000074386597,-2.1217000484466553,-2.149399995803833,-2.1470000743865967,-2.1282999515533447,0.3677999973297119,0.10429999977350235,5.787799835205078,5.754499912261963,5.601399898529053,5.698999881744385,5.897299766540527,-1.8147000074386597,-2.1217000484466553,-2.149399995803833,-2.1470000743865967,-2.1282999515533447,0.597599983215332,0.6351000070571899,0.5508999824523926,0.49079999327659607,0.5424000024795532,-6.934299945831299,-7.72160005569458,-7.723299980163574,-7.681099891662598,-7.71120023727417,14.32390022277832,71.61969757080078,114.59159851074219,157.5634002685547,257.83099365234375,4.178599834442139,-0.061799999326467514,0.49399998784065247,0.49399998784065247
71,165.54100036621094,126.50689697265625,28.94379997253418,0.9933000206947327,0.0,0.3310999870300293,0.3310999870300293,0.3310999870300293,165.54100036621094,17.28700065612793,73.38349914550781,1467.6697998046875,1.9866000413894653,73.56189727783203,73.56189727783203,147.12379455566406,73.38480377197266,73.46260070800781,367.3131103515625,73.38410186767578,73.40489959716797,440.4296875,73.38349914550781,73.35209655761719,513.4647827148438,73.14399719238281,73.2240982055664,732.2407836914062,17.184200286865234,17.184200286865234,34.36830139160156,16.976999282836914,16.825700759887695,84.12860107421875,16.740699768066406,16.697599411010742,100.18550109863281,16.5044002532959,16.641000747680664,116.48699951171875,16.769899368286133,16.710899353027344,167.1085968017578,165.93960571289062,165.93960571289062,331.87908935546875,165.54100036621094,165.70950317382812,828.547607421875,165.5050048828125,165.5924072265625,993.5546264648438,165.46890258789062,165.47189331054688,1158.302978515625,165.0699005126953,165.1396026611328,1651.3961181640625,0.0,0.0,0.0,0.0,0.06620000302791595,0.3310999870300293,0.0,0.1340000033378601,0.804099977016449,0.0,0.18240000307559967,1.2770999670028687,0.1656000018119812,3.3901000022888184,33.90060043334961,0.3343999981880188,0.3343999981880188,0.6689000129699707,0.3310999870300293,0.2662000060081482,1.3310999870300293,0.3310999870300293,0.30070000886917114,1.8041000366210938,0.3310999870300293,0.325300008058548,2.277100086212158,0.3310999870300293,0.2939000129699707,2.939300060272217,0.6654999852180481,0.6654999852180481,1.3310999870300293,0.755299985408783,0.7748000025749207,3.873800039291382,0.7479000091552734,0.7008000016212463,4.204899787902832,0.7404000163078308,0.6489999890327454,4.542699813842773,0.4706000089645386,0.5814999938011169,5.815100193023682,1.8743000030517578,1.8743000030517578,3.7486000061035156,1.7619999647140503,1.738800048828125,8.693900108337402,1.8743000030517578,1.7950999736785889,10.770400047302246,1.9866000413894653,1.8385000228881836,12.86970043182373,1.9581999778747559,4.888899803161621,48.889400482177734,6.522500038146973,0.7257999777793884,13.27560043334961,7.39139986038208,0.8288000226020813,1.187999963760376,1.316499948501587,1.3733999729156494,1.3044999837875366,12.878000259399414,13.110799789428711,13.228300094604492,13.349100112915039,13.681300163269043,7.213500022888184,7.3130998611450195,7.370500087738037,7.422999858856201,7.549799919128418,0.597100019454956,0.37549999356269836,6.633399963378906,6.765500068664551,6.708700180053711,6.664899826049805,3.612799882888794,7.213500022888184,7.3130998611450195,7.370500087738037,7.422999858856201,7.549799919128418,0.8288000226020813,1.187999963760376,1.316499948501587,1.3733999729156494,1.3044999837875366,12.878000259399414,13.110799789428711,13.228300094604492,13.349100112915039,13.681300163269043,28.647899627685547,71.61969757080078,100.8561019897461,129.69410705566406,228.0491943359375,3.8224000930786133,0.25209999084472656,0.7663000226020813,0.7663000226020813
72,166.59750366210938,129.4481964111328,31.390499114990234,3.818000078201294,0.746399998664856,4.081900119781494,2.56030011177063,2.7578999996185303,166.59750366210938,17.116500854492188,74.41899871826172,1488.380859375,13.964500427246094,74.34339904785156,74.34339904785156,148.68679809570312,73.52079772949219,73.39990234375,366.99969482421875,73.12689971923828,73.28880310058594,439.73260498046875,73.52079772949219,73.41639709472656,513.9146118164062,74.02680206298828,73.72679901123047,737.268310546875,17.200300216674805,17.200300216674805,34.4005012512207,16.365800857543945,16.534500122070312,82.67259979248047,16.273099899291992,16.465200424194336,98.79139709472656,16.180400848388672,16.42289924621582,114.96029663085938,16.168899536132812,16.337799072265625,163.37820434570312,166.2178955078125,166.2178955078125,332.4359130859375,164.35400390625,164.24220275878906,821.2109985351562,163.89280700683594,164.1071014404297,984.6425170898438,164.35400390625,164.5290069580078,1151.702880859375,165.5738983154297,165.28799438476562,1652.879638671875,0.6072999835014343,0.6072999835014343,1.2145999670028687,0.746399998664856,1.624899983406067,8.124600410461426,1.420199990272522,2.3894999027252197,14.3371000289917,2.094099998474121,2.7225000858306885,19.05739974975586,1.420199990272522,2.161600112915039,21.6156005859375,2.5562000274658203,2.5562000274658203,5.112400054931641,2.3545000553131104,2.396199941635132,11.980799674987793,2.378499984741211,2.397200107574463,14.383199691772461,2.4024999141693115,2.634000062942505,18.437700271606445,2.54259991645813,2.6084001064300537,26.08449935913086,3.5487000942230225,3.5487000942230225,7.097300052642822,2.6819000244140625,2.809999942779541,14.049799919128418,2.4135000705718994,2.697200059890747,16.183500289916992,2.6819000244140625,2.779900074005127,19.459400177001953,2.682300090789795,2.660599946975708,26.606399536132812,13.112700462341309,13.112700462341309,26.225299835205078,12.2608003616333,11.896599769592285,59.48320007324219,13.112700462341309,12.528900146484375,75.17330169677734,13.964500427246094,13.506500244140625,94.54560089111328,13.112700462341309,12.71660041809082,127.16570281982422,-2.9435999393463135,-1.1124999523162842,-10.255900382995605,-3.681999921798706,-1.1964000463485718,-0.5307999849319458,-0.46149998903274536,-0.41920000314712524,-0.3343000113964081,-9.878199577331543,-7.903299808502197,-7.768199920654297,-8.190199851989746,-8.949399948120117,-3.607100009918213,-2.664099931716919,-2.552999973297119,-2.6807000637054443,-2.9914000034332275,0.7785999774932861,0.7906000018119812,-2.0943000316619873,-0.8795999884605408,-1.5117000341415405,-2.489000082015991,-1.6979999542236328,-3.607100009918213,-2.664099931716919,-2.552999973297119,-2.6807000637054443,-2.9914000034332275,-1.1964000463485718,-0.5307999849319458,-0.46149998903274536,-0.41920000314712524,-0.3343000113964081,-9.878199577331543,-7.903299808502197,-7.768199920654297,-8.190199851989746,-8.949399948120117,61.78879928588867,140.34730529785156,165.18359375,165.18359375,238.57879638671875,4.751500129699707,-0.6173999905586243,0.03420000150799751,0.03420000150799751
73,190.90310668945312,158.33250427246094,27.79789924621582,2.341599941253662,0.3310999870300293,1.2030999660491943,1.0470999479293823,0.9459999799728394,190.90310668945312,16.528900146484375,83.8395004272461,1676.79052734375,5.868800163269043,83.47380065917969,83.47380065917969,166.94760131835938,82.43550109863281,82.71420288085938,413.57080078125,82.27290344238281,82.60900115966797,495.65399169921875,82.17289733886719,82.54669952392578,577.8267822265625,82.0967025756836,82.39420318603516,823.9417114257812,16.41990089416504,16.41990089416504,32.83980178833008,15.266200065612793,15.116900444030762,75.58460235595703,14.664199829101562,14.833000183105469,88.99800109863281,14.062199592590332,14.631099700927734,102.41739654541016,13.493599891662598,14.281800270080566,142.81790161132812,190.19180297851562,190.19180297851562,380.38360595703125,188.4375,189.00979614257812,945.0488891601562,188.44659423828125,188.9174041748047,1133.504638671875,188.45579528808594,188.852294921875,1321.9658203125,188.29029846191406,188.63949584960938,1886.394775390625,0.3310999870300293,0.3310999870300293,0.6621999740600586,0.743399977684021,0.6801999807357788,3.4007999897003174,0.6082000136375427,0.6456000208854675,3.873800039291382,0.4729999899864197,0.6202999949455261,4.342100143432617,0.39969998598098755,0.46860000491142273,4.686500072479248,0.9965000152587891,0.9965000152587891,1.9931000471115112,0.7493000030517578,0.697700023651123,3.4886999130249023,0.7477999925613403,0.6377999782562256,3.8264999389648438,0.746399998664856,0.5939000248908997,4.157599925994873,0.337799996137619,0.482699990272522,4.826499938964844,1.920300006866455,1.920300006866455,3.8406999111175537,1.4990999698638916,1.5882999897003174,7.941500186920166,1.2529000043869019,1.3788000345230103,8.272600173950195,1.006700038909912,1.1818000078201294,8.272600173950195,0.6656000018119812,0.8604000210762024,8.603699684143066,5.542600154876709,5.542600154876709,11.085200309753418,5.127600193023682,4.407899856567383,22.0393009185791,4.445799827575684,3.9728000164031982,23.836700439453125,3.7639000415802,3.520400047302246,24.6427001953125,1.9299999475479126,2.698699951171875,26.987199783325195,5.504899978637695,-2.2037999629974365,-34.435001373291016,-13.589699745178223,-2.0947999954223633,-0.7914000153541565,-0.5073999762535095,-0.3052999973297119,0.04450000077486038,-33.723201751708984,-32.542301177978516,-32.450801849365234,-32.38650131225586,-32.17409896850586,-13.223600387573242,-12.463800430297852,-12.358799934387207,-12.296699523925781,-12.143799781799316,0.6103000044822693,0.43959999084472656,5.830999851226807,6.96999979019165,7.406300067901611,7.859499931335449,8.682499885559082,-13.223600387573242,-12.463800430297852,-12.358799934387207,-12.296699523925781,-12.143799781799316,-2.0947999954223633,-0.7914000153541565,-0.5073999762535095,-0.3052999973297119,0.04450000077486038,-33.723201751708984,-32.542301177978516,-32.450801849365234,-32.38650131225586,-32.17409896850586,59.19419860839844,171.17730712890625,200.1024932861328,228.8511962890625,317.02520751953125,3.655900001525879,0.09229999780654907,0.6276000142097473,0.6276000142097473
74,181.73880004882812,145.66400146484375,27.658599853515625,0.0,0.3310999870300293,0.0,0.0,0.0,181.73880004882812,14.866100311279297,79.37580108642578,1587.515869140625,0.3310999870300293,79.3292007446289,79.3292007446289,158.6584014892578,79.18769836425781,79.18589782714844,395.9292907714844,79.23509979248047,79.30059814453125,475.80340576171875,79.28260040283203,79.52239990234375,556.6571044921875,79.6249008178711,80.48829650878906,804.8829956054688,14.866100311279297,14.866100311279297,29.732099533081055,14.866100311279297,14.912400245666504,74.56189727783203,14.923399925231934,14.923800468444824,89.5426025390625,14.98069953918457,14.931900024414062,104.52330017089844,14.98069953918457,14.98330020904541,149.8332977294922,181.62319946289062,181.62319946289062,363.24639892578125,181.27200317382812,181.32029724121094,906.601318359375,181.38980102539062,181.6652069091797,1089.9915771484375,181.50759887695312,182.28829956054688,1276.01806640625,182.5644989013672,184.85800170898438,1848.57958984375,0.3343999981880188,0.3343999981880188,0.6689000129699707,0.3310999870300293,0.20000000298023224,1.0,0.3310999870300293,0.22190000116825104,1.3310999870300293,0.3310999870300293,0.23839999735355377,1.6689000129699707,0.3310999870300293,0.20000000298023224,2.0,0.0,0.0,0.0,0.0,0.1891999989748001,0.9459999799728394,0.23409999907016754,0.23569999635219574,1.414199948310852,0.0,0.20200000703334808,1.414199948310852,0.3343999981880188,0.2745000123977661,2.745300054550171,0.0,0.0,0.0,0.0,0.47749999165534973,2.3875999450683594,0.0,0.8039000034332275,4.823500156402588,0.0,1.1761000156402588,8.232399940490723,1.4702999591827393,1.4021999835968018,14.021599769592285,0.3343999981880188,0.3343999981880188,0.6689000129699707,0.9933000206947327,1.322100043296814,6.6107001304626465,1.136199951171875,1.7741999626159668,10.645299911499023,1.279099941253662,2.1524999141693115,15.06760025024414,2.4670000076293945,2.464900016784668,24.64940071105957,10.689800262451172,1.1378999948501587,-25.397199630737305,-8.638799667358398,1.1377999782562256,1.0914000272750854,1.0799000263214111,1.0717999935150146,1.0202000141143799,-25.28339958190918,-24.981300354003906,-25.326400756835938,-25.949499130249023,-28.519399642944336,-8.592900276184082,-8.449999809265137,-8.564800262451172,-8.786700248718262,-9.752900123596191,0.03999999910593033,0.07450000196695328,10.683899879455566,9.694899559020996,9.243000030517578,8.864999771118164,8.553600311279297,-8.592900276184082,-8.449999809265137,-8.564800262451172,-8.786700248718262,-9.752900123596191,1.1377999782562256,1.0914000272750854,1.0799000263214111,1.0717999935150146,1.0202000141143799,-25.28339958190918,-24.981300354003906,-25.326400756835938,-25.949499130249023,-28.519399642944336,24.456499099731445,118.78289794921875,157.5634002685547,193.464599609375,300.80279541015625,4.381199836730957,-0.24719999730587006,0.3774999976158142,0.3774999976158142
75,170.66000366210938,147.88580322265625,23.58639907836914,1.6822999715805054,1.0534000396728516,0.4729999899864197,0.6621999740600586,0.6621999740600586,170.66000366210938,14.764800071716309,75.72429656982422,1514.485107421875,4.533100128173828,75.61859893798828,75.61859893798828,151.2373046875,75.80349731445312,75.87110137939453,379.3554992675781,75.87319946289062,75.88310241699219,455.2984924316406,75.9198989868164,75.88829803466797,531.2183227539062,75.76390075683594,75.72820281982422,757.2817993164062,14.73900032043457,14.73900032043457,29.47800064086914,14.909700393676758,14.931500434875488,74.65730285644531,14.837300300598145,14.862799644470215,89.17669677734375,14.764800071716309,14.76710033416748,103.36949920654297,14.616299629211426,14.471099853515625,144.71060180664062,170.32589721679688,170.32589721679688,340.6518859863281,169.99180603027344,169.9864959716797,849.9326171875,170.13189697265625,170.0341033935547,1020.2047119140625,170.27200317382812,170.2415008544922,1191.6903076171875,170.49249267578125,170.72610473632812,1707.2607421875,0.8644999861717224,0.8644999861717224,1.7289999723434448,0.4683000147342682,0.5705999732017517,2.852799892425537,0.40310001373291016,0.5317999720573425,3.1905999183654785,0.4634999930858612,0.5220000147819519,3.6542000770568848,0.3345000147819519,0.3991999924182892,3.992000102996826,0.3310999870300293,0.3310999870300293,0.6621999740600586,0.6621999740600586,0.5554999709129333,2.777400016784668,0.8546000123023987,0.6373999714851379,3.82450008392334,0.6621999740600586,0.5464000105857849,3.82450008392334,0.9918000102043152,0.9265000224113464,9.264800071716309,1.6721999645233154,1.6721999645233154,3.3445000648498535,1.6621999740600586,1.2871999740600586,6.436200141906738,1.6721999645233154,1.552899956703186,9.31719970703125,1.6822999715805054,1.6933000087738037,11.852899551391602,2.316999912261963,2.203200101852417,22.031999588012695,3.906100034713745,3.906100034713745,7.812099933624268,3.443000078201294,3.4735000133514404,17.367599487304688,3.98799991607666,3.8262999057769775,22.95789909362793,3.9925999641418457,3.850100040435791,26.95050048828125,4.59060001373291,5.51140022277832,55.11349868774414,6.368199825286865,2.375699996948242,-1.7561999559402466,0.8981999754905701,2.401700019836426,2.2098000049591064,2.278599977493286,2.3745999336242676,2.6712000370025635,-1.4119999408721924,-1.042099952697754,-1.0799000263214111,-1.2777999639511108,-1.7360999584197998,1.0080000162124634,0.7681000232696533,0.760200023651123,0.7588000297546387,0.9297999739646912,0.5806999802589417,0.4918000102043152,6.994800090789795,7.4268999099731445,7.07390022277832,7.050000190734863,5.388700008392334,1.0080000162124634,0.7681000232696533,0.760200023651123,0.7588000297546387,0.9297999739646912,2.401700019836426,2.2098000049591064,2.278599977493286,2.3745999336242676,2.6712000370025635,-1.4119999408721924,-1.042099952697754,-1.0799000263214111,-1.2777999639511108,-1.7360999584197998,55.06169891357422,130.96429443359375,160.63510131835938,183.97720336914062,255.5970001220703,3.6617000102996826,0.3772999942302704,0.8241999745368958,0.8241999745368958
76,156.177001953125,128.51759338378906,23.648399353027344,3.090399980545044,0.0,0.0,0.743399977684021,0.0066999997943639755,156.177001953125,14.015999794006348,68.84850311279297,1376.9708251953125,3.840399980545044,68.94819641113281,68.94819641113281,137.89639282226562,69.5811996459961,69.62220001220703,348.11090087890625,69.84539794921875,69.77120208740234,418.6274108886719,70.10970306396484,69.82759857177734,488.79290771484375,69.76490020751953,69.78929901123047,697.892822265625,14.015800476074219,14.015800476074219,28.031600952148438,14.335100173950195,14.407899856567383,72.03929901123047,14.501999855041504,14.451399803161621,86.70819854736328,14.335100173950195,14.434200286865234,101.03929901123047,14.173500061035156,14.303899765014648,143.039306640625,155.89410400390625,155.89410400390625,311.7880859375,156.177001953125,156.47869873046875,782.3933715820312,156.56460571289062,156.6551971435547,939.9315185546875,156.88409423828125,156.68789672851562,1096.8155517578125,156.3094940185547,156.53480529785156,1565.3485107421875,0.0,0.0,0.0,0.0,0.13379999995231628,0.6689000129699707,0.1656000018119812,0.16670000553131104,1.0,0.009499999694526196,0.14419999718666077,1.0095000267028809,0.3278000056743622,0.1995999962091446,1.9961999654769897,0.0066999997943639755,0.0066999997943639755,0.013399999588727951,0.0066999997943639755,0.13510000705718994,0.675599992275238,0.1688999980688095,0.19140000641345978,1.1485999822616577,0.3310999870300293,0.27070000767707825,1.8948999643325806,0.3345000147819519,0.3370000123977661,3.3698999881744385,2.8798999786376953,2.8798999786376953,5.759799957275391,1.344499945640564,1.7532999515533447,8.766500473022461,1.3378000259399414,1.5714000463485718,9.42870044708252,1.3310999870300293,1.44350004196167,10.104299545288086,0.8345000147819519,1.1765999794006348,11.766500473022461,3.6579999923706055,3.6579999923706055,7.315999984741211,2.6215999126434326,2.6812000274658203,13.405799865722656,2.58270001411438,2.6582999229431152,15.949600219726562,2.6215999126434326,2.71370005607605,18.995800018310547,2.588900089263916,2.7695000171661377,27.695199966430664,6.494100093841553,2.276599884033203,11.46399974822998,6.837500095367432,2.2767999172210693,1.8848999738693237,1.8415000438690186,1.8587000370025635,1.9891999959945679,11.745499610900879,11.158900260925293,10.982399940490723,10.94950008392334,11.099499702453613,6.737299919128418,6.062399864196777,5.913400173187256,5.857100009918213,5.894599914550781,0.7695000171661377,0.14139999449253082,6.676499843597412,7.650400161743164,7.672599792480469,7.616700172424316,7.563600063323975,6.737299919128418,6.062399864196777,5.913400173187256,5.857100009918213,5.894599914550781,2.2767999172210693,1.8848999738693237,1.8415000438690186,1.8587000370025635,1.9891999959945679,11.745499610900879,11.158900260925293,10.982399940490723,10.94950008392334,11.099499702453613,63.74909973144531,144.38699340820312,180.56390380859375,207.07960510253906,278.6083068847656,3.2980000972747803,0.7202000021934509,0.9355000257492065,0.9355000257492065
77,128.49220275878906,109.68579864501953,25.550899505615234,3.328200101852417,0.0,2.6554999351501465,2.5859999656677246,2.1024999618530273,128.49220275878906,14.809200286865234,59.25669860839844,1185.1348876953125,10.672300338745117,59.327598571777344,59.327598571777344,118.65519714355469,59.93989944458008,60.58169937133789,302.90850830078125,60.55289840698242,61.19710159301758,367.1825866699219,61.16590118408203,61.64820098876953,431.5376892089844,61.28559875488281,61.604698181152344,616.046875,14.933199882507324,14.933199882507324,29.86639976501465,15.364999771118164,15.548800468444824,77.74410247802734,15.73799991607666,15.644800186157227,93.86859893798828,15.364999771118164,15.583700180053711,109.08580017089844,15.137200355529785,15.298999786376953,152.99009704589844,128.16729736328125,128.16729736328125,256.3345947265625,129.20640563964844,131.04359436035156,655.2182006835938,130.6938934326172,132.70289611816406,796.2174072265625,132.181396484375,134.0157928466797,938.1104736328125,133.1851043701172,134.1376953125,1341.37744140625,0.23409999907016754,0.23409999907016754,0.4683000147342682,2.34879994392395,2.437299966812134,12.186699867248535,2.6677000522613525,2.528899908065796,15.173299789428711,2.34879994392395,2.363600015640259,16.54490089416504,1.3756999969482422,1.930899977684021,19.309200286865234,1.5219000577926636,1.5219000577926636,3.043800115585327,0.9412999749183655,1.04830002784729,5.241499900817871,0.995199978351593,1.2763999700546265,7.658400058746338,1.0492000579833984,1.8638999462127686,13.047300338745117,1.5779999494552612,2.322000026702881,23.21980094909668,2.160799980163574,2.160799980163574,4.321499824523926,0.9933000206947327,1.4794000387191772,7.396999835968018,1.3264000415802002,1.6581000089645386,9.94849967956543,1.659500002861023,2.2337000370025635,15.63599967956543,2.1054999828338623,2.718899965286255,27.188800811767578,7.36870002746582,7.36870002746582,14.737299919128418,7.103300094604492,7.394199848175049,36.971099853515625,8.628399848937988,8.543600082397461,51.261600494384766,10.153400421142578,10.404399871826172,72.83080291748047,10.4128999710083,11.542200088500977,115.42220306396484,0.34860000014305115,1.194700002670288,27.84939956665039,11.480299949645996,1.0707000494003296,0.45489999651908875,0.3589000105857849,0.41999998688697815,0.7045000195503235,28.172500610351562,25.295299530029297,23.635900497436523,22.322999954223633,22.2007999420166,11.408699989318848,10.154199600219727,9.538700103759766,9.087499618530273,9.13070011138916,0.7429999709129333,0.7261000275611877,3.6496999263763428,3.62280011177063,2.473599910736084,0.613099992275238,-0.5236999988555908,11.408699989318848,10.154199600219727,9.538700103759766,9.087499618530273,9.13070011138916,1.0707000494003296,0.45489999651908875,0.3589000105857849,0.41999998688697815,0.7045000195503235,28.172500610351562,25.295299530029297,23.635900497436523,22.322999954223633,22.2007999420166,55.472198486328125,128.38600158691406,157.03390502929688,161.26199340820312,242.91619873046875,3.7657999992370605,0.3682999908924103,0.8319000005722046,0.8319000005722046
78,167.7071990966797,133.59219360351562,32.22119903564453,3.605600118637085,1.655500054359436,1.9466999769210815,3.078700065612793,1.7079999446868896,167.7071990966797,17.697200775146484,76.9968032836914,1539.9365234375,11.994500160217285,77.22329711914062,77.22329711914062,154.44650268554688,78.38300323486328,78.37419891357422,391.87078857421875,78.73269653320312,78.65249633789062,471.9150085449219,79.0824966430664,79.01840209960938,553.1290283203125,80.00150299072266,79.97109985351562,799.7105712890625,17.850099563598633,17.850099563598633,35.700199127197266,17.846200942993164,17.90250015258789,89.51239776611328,17.92460060119629,17.97450065612793,107.8468017578125,18.003000259399414,18.033100128173828,126.23190307617188,18.317399978637695,18.157699584960938,181.57699584960938,168.42129516601562,168.42129516601562,336.84259033203125,171.272705078125,170.85519409179688,854.2761840820312,171.98570251464844,171.27670288085938,1027.66015625,172.69859313964844,171.77110290527344,1202.3974609375,173.423095703125,172.9010009765625,1729.01025390625,2.728300094604492,2.728300094604492,5.456500053405762,6.620699882507324,6.615699768066406,33.07849884033203,7.804100036621094,7.011000156402588,42.066001892089844,6.620699882507324,6.752799987792969,47.269500732421875,4.502299785614014,5.013999938964844,50.13949966430664,1.5365999937057495,1.5365999937057495,3.073199987411499,1.7079999446868896,2.950000047683716,14.75,2.6189000606536865,3.9200000762939453,23.520099639892578,3.5297999382019043,4.808300018310547,33.65840148925781,4.934800148010254,5.103600025177002,51.03630065917969,2.8571999073028564,2.8571999073028564,5.714399814605713,3.0627999305725098,3.1981000900268555,15.990699768066406,3.334199905395508,3.640399932861328,21.842300415039062,3.605600118637085,4.27400016784668,29.91819953918457,5.701399803161621,5.751200199127197,57.512298583984375,11.48289966583252,11.48289966583252,22.965900421142578,11.994500160217285,18.81839942932129,94.09200286865234,17.901899337768555,22.385099411010742,134.3105926513672,23.80929946899414,25.104900360107422,175.7342071533203,27.3794002532959,26.377500534057617,263.77490234375,-1.0932999849319458,-0.5566999912261963,1.1966999769210815,-0.37439998984336853,-0.7093999981880188,-0.7613000273704529,-0.8330000042915344,-0.8914999961853027,-1.0154000520706177,0.4927000105381012,-1.9107999801635742,-2.322499990463257,-2.8073999881744385,-3.9110000133514404,-0.5967000126838684,-1.7348999977111816,-2.009200096130371,-2.3712000846862793,-3.312999963760376,0.7371000051498413,0.6970999836921692,-0.5820000171661377,-7.918000221252441,-11.48490047454834,-14.20479965209961,-15.477399826049805,-0.5967000126838684,-1.7348999977111816,-2.009200096130371,-2.3712000846862793,-3.312999963760376,-0.7093999981880188,-0.7613000273704529,-0.8330000042915344,-0.8914999961853027,-1.0154000520706177,0.4927000105381012,-1.9107999801635742,-2.322499990463257,-2.8073999881744385,-3.9110000133514404,52.301700592041016,128.68380737304688,162.6654052734375,194.24740600585938,305.9049072265625,4.464000225067139,-0.42489999532699585,0.2061000019311905,0.2061000019311905
79,185.92860412597656,141.810302734375,32.01539993286133,8.384599685668945,2.1357998847961426,6.474699974060059,4.682300090789795,4.7683000564575195,185.92860412597656,19.285999298095703,83.93379974365234,1678.6761474609375,26.44569969177246,83.8572006225586,83.8572006225586,167.7144012451172,83.93379974365234,83.90350341796875,419.5172119140625,83.98429870605469,83.9613037109375,503.76800537109375,83.93379974365234,83.91220092773438,587.3853759765625,83.6989974975586,83.80709838867188,838.0709838867188,19.428800582885742,19.428800582885742,38.85770034790039,20.282100677490234,20.047199249267578,100.23600006103516,20.284299850463867,20.08930015563965,120.53589630126953,20.282100677490234,20.03230094909668,140.22610473632812,19.97130012512207,19.98590087890625,199.85890197753906,185.7324981689453,185.7324981689453,371.46490478515625,185.92860412597656,186.28599548339844,931.4296875,186.32460021972656,186.3583984375,1118.150390625,185.92860412597656,186.2270965576172,1303.589599609375,185.5778045654297,185.96029663085938,1859.60302734375,2.408799886703491,2.408799886703491,4.817699909210205,2.4061999320983887,2.251300096511841,11.256400108337402,2.2709999084472656,1.9313000440597534,11.587499618530273,2.1357998847961426,1.7027000188827515,11.918600082397461,1.0963000059127808,1.3581000566482544,13.58080005645752,3.759000062942505,3.759000062942505,7.518099784851074,4.7683000564575195,4.292600154876709,21.46299934387207,4.388899803161621,3.9321000576019287,23.592500686645508,4.0096001625061035,3.4769999980926514,24.338899612426758,2.43969988822937,2.5000998973846436,25.001100540161133,9.175600051879883,9.175600051879883,18.351200103759766,6.351200103759766,6.497099876403809,32.48529815673828,5.724400043487549,5.728000164031982,34.367801666259766,5.097700119018555,5.061100006103516,35.4275016784668,2.283900022506714,3.8248000144958496,38.24769973754883,25.790800094604492,25.790800094604492,51.581600189208984,24.538400650024414,23.58810043334961,117.94029998779297,23.976299285888672,20.841100692749023,125.04640197753906,23.414199829101562,18.323999404907227,128.2677001953125,12.756099700927734,13.549699783325195,135.49740600585938,-17.936500549316406,-1.2732000350952148,-7.112100124359131,-3.158900022506714,-1.4158999919891357,-2.0334999561309814,-2.0752999782562256,-2.017899990081787,-1.9706000089645386,-6.914899826049805,-7.46560001373291,-7.537700176239014,-7.406099796295166,-7.139400005340576,-3.0817999839782715,-3.1277999877929688,-3.1858999729156494,-3.13700008392334,-3.0332000255584717,0.9282000064849854,0.9257000088691711,-17.283100128173828,-15.083700180053711,-12.337300300598145,-9.820500373840332,-5.047999858856201,-3.0817999839782715,-3.1277999877929688,-3.1858999729156494,-3.13700008392334,-3.0332000255584717,-1.4158999919891357,-2.0334999561309814,-2.0752999782562256,-2.017899990081787,-1.9706000089645386,-6.914899826049805,-7.46560001373291,-7.537700176239014,-7.406099796295166,-7.139400005340576,61.49919891357422,149.21409606933594,177.5258026123047,205.16529846191406,273.1730041503906,4.223100185394287,-0.14869999885559082,0.5006999969482422,0.5006999969482422
80,182.21420288085938,142.8636016845703,30.413799285888672,0.0,0.0,0.0,0.0,0.0,182.21420288085938,17.888500213623047,80.6395034790039,1612.7900390625,0.0,80.6395034790039,80.6395034790039,161.2790069580078,80.6395034790039,80.62799835205078,403.14019775390625,80.62899780273438,80.62650299072266,483.7587890625,80.61859893798828,80.58329772949219,564.0831909179688,80.58550262451172,80.44750213623047,804.4749755859375,17.888500213623047,17.888500213623047,35.777099609375,17.888500213623047,18.06800079345703,90.34020233154297,18.03689956665039,18.165000915527344,108.98989868164062,18.185300827026367,18.196399688720703,127.37470245361328,17.990100860595703,18.082199096679688,180.82179260253906,182.21420288085938,182.21420288085938,364.4283142089844,182.21420288085938,182.1988983154297,910.9943237304688,182.19520568847656,182.13400268554688,1092.8043212890625,182.17630004882812,182.03970336914062,1274.2779541015625,182.1759033203125,181.89999389648438,1818.9993896484375,0.0,0.0,0.0,0.0066999997943639755,0.1324000060558319,0.6621999740600586,0.0066999997943639755,0.11150000244379044,0.6689000129699707,0.0066999997943639755,0.19020000100135803,1.3310999870300293,0.3278000056743622,0.46560001373291016,4.655700206756592,0.0,0.0,0.0,0.0,0.06620000302791595,0.3310999870300293,0.0,0.11150000244379044,0.6689000129699707,0.0,0.16249999403953552,1.1371999979019165,0.3343999981880188,0.400299996137619,4.003399848937988,0.0,0.0,0.0,0.0,0.06620000302791595,0.3310999870300293,0.0,0.11150000244379044,0.6689000129699707,0.0,0.16249999403953552,1.1371999979019165,0.3343999981880188,0.4189999997615814,4.189599990844727,0.1656000018119812,0.1656000018119812,0.3310999870300293,0.35109999775886536,0.6000000238418579,3.0,0.5099999904632568,0.7386000156402588,4.431600093841553,0.6689000129699707,0.9681000113487244,6.776700019836426,1.5401999950408936,2.006500005722046,20.065399169921875,10.334500312805176,-1.5959999561309814,-14.5733003616333,-4.953499794006348,-1.595900058746338,-1.7753000259399414,-1.8720999956130981,-1.903499960899353,-1.7890000343322754,-14.574600219726562,-14.561300277709961,-14.496399879455566,-14.402199745178223,-14.265600204467773,-4.953999996185303,-4.943399906158447,-4.941800117492676,-4.89870023727417,-4.763700008392334,0.0348999984562397,0.0681999996304512,10.168899536132812,9.731599807739258,9.592300415039062,9.362299919128418,8.326600074768066,-4.953999996185303,-4.943399906158447,-4.941800117492676,-4.89870023727417,-4.763700008392334,-1.595900058746338,-1.7753000259399414,-1.8720999956130981,-1.903499960899353,-1.7890000343322754,-14.574600219726562,-14.561300277709961,-14.496399879455566,-14.402199745178223,-14.265600204467773,54.36159896850586,131.36990356445312,159.4989013671875,186.2113037109375,277.3197021484375,4.015600204467773,0.0024999999441206455,0.5877000093460083,0.5877000093460083
81,150.99789428710938,122.09829711914062,30.413799285888672,0.4683000147342682,0.0,0.0,0.0,0.3310999870300293,150.99789428710938,17.76810073852539,69.0958023071289,1381.916015625,0.7993999719619751,69.15499877929688,69.15499877929688,138.30999755859375,69.11319732666016,69.11380004882812,345.56878662109375,69.10449981689453,69.10430145263672,414.62579345703125,69.0958023071289,69.09290313720703,483.6506042480469,69.11109924316406,69.17289733886719,691.7291870117188,17.616199493408203,17.616199493408203,35.2322998046875,17.02899932861328,17.046199798583984,85.23100280761719,16.872600555419922,16.888599395751953,101.3313980102539,16.716100692749023,16.711999893188477,116.98390197753906,16.177000045776367,16.281200408935547,162.81199645996094,151.1436004638672,151.1436004638672,302.2872009277344,151.62489318847656,151.62640380859375,758.1322021484375,151.8271942138672,151.75669860839844,910.5402221679688,152.02940368652344,151.86289978027344,1063.0404052734375,152.2993927001953,152.2449951171875,1522.4505615234375,0.1656000018119812,0.1656000018119812,0.3310999870300293,0.3310999870300293,0.20000000298023224,1.0,0.1656000018119812,0.16670000553131104,1.0,0.0,0.1429000049829483,1.0,0.3310999870300293,0.20000000298023224,2.0,0.39969998598098755,0.39969998598098755,0.7993999719619751,0.4683000147342682,0.41530001163482666,2.0764000415802,0.4683000147342682,0.4575999975204468,2.745300054550171,0.4683000147342682,0.4876999855041504,3.4142000675201416,0.39969998598098755,0.4075999855995178,4.076399803161621,0.4706000089645386,0.4706000089645386,0.9412000179290771,1.0534000396728516,1.066499948501587,5.332399845123291,0.8611000180244446,1.0002000331878662,6.001299858093262,0.6689000129699707,0.9046000242233276,6.332499980926514,0.9973000288009644,1.1334999799728394,11.335200309753418,1.3669999837875366,1.3669999837875366,2.7339000701904297,2.952399969100952,2.719399929046631,13.597100257873535,2.613300085067749,2.64520001411438,15.871399879455566,2.2743000984191895,2.4574999809265137,17.202600479125977,2.6103999614715576,2.586699962615967,25.86750030517578,6.160900115966797,-1.19350004196167,-0.7348999977111816,-0.5774999856948853,-1.0413000583648682,-0.47049999237060547,-0.3125999867916107,-0.13570000231266022,0.29580000042915344,-0.8827999830245972,-1.3723000288009644,-1.5047999620437622,-1.6131999492645264,-2.0018999576568604,-0.637499988079071,-0.5985999703407288,-0.589900016784668,-0.579200029373169,-0.6614000201225281,0.29670000076293945,0.26330000162124634,5.593100070953369,4.2403998374938965,4.314599990844727,4.502299785614014,4.3730998039245605,-0.637499988079071,-0.5985999703407288,-0.589900016784668,-0.579200029373169,-0.6614000201225281,-1.0413000583648682,-0.47049999237060547,-0.3125999867916107,-0.13570000231266022,0.29580000042915344,-0.8827999830245972,-1.3723000288009644,-1.5047999620437622,-1.6131999492645264,-2.0018999576568604,28.647899627685547,112.77770233154297,141.01620483398438,171.88729858398438,282.9585876464844,4.320799827575684,-0.20399999618530273,0.2797999978065491,0.2797999978065491
82,117.38819885253906,111.48519897460938,21.512800216674805,0.0,0.0,0.0,0.7404000163078308,0.4729999899864197,126.17579650878906,14.062199592590332,58.93920135498047,1178.7833251953125,1.2134000062942505,59.05699920654297,59.05699920654297,118.11399841308594,59.250301361083984,59.20750045776367,296.0375061035156,59.273799896240234,59.24380111694336,355.4630126953125,59.297298431396484,59.279701232910156,414.9578857421875,59.3572998046875,59.31719970703125,593.1724243164062,14.29170036315918,14.29170036315918,28.583499908447266,14.764800071716309,14.616399765014648,73.08219909667969,14.643099784851074,14.592700004577637,87.5562973022461,14.521300315856934,14.55739974975586,101.902099609375,14.610099792480469,14.554699897766113,145.54660034179688,126.2782974243164,126.2782974243164,252.5565948486328,126.26249694824219,126.23999786376953,631.2001953125,126.21920013427734,126.17530059814453,757.0518798828125,126.17579650878906,126.09950256347656,882.6964721679688,125.95279693603516,125.8655014038086,1258.6552734375,0.1656000018119812,0.1656000018119812,0.3310999870300293,0.337799996137619,0.29499998688697815,1.4749000072479248,0.3343999981880188,0.3009999990463257,1.805999994277954,0.3310999870300293,0.257999986410141,1.805999994277954,0.1656000018119812,0.18060000240802765,1.805999994277954,0.40540000796318054,0.40540000796318054,0.8108000159263611,0.337799996137619,0.38920000195503235,1.9459999799728394,0.337799996137619,0.3806000053882599,2.283799886703491,0.337799996137619,0.3736000061035156,2.6149001121520996,0.3310999870300293,0.29589998722076416,2.959399938583374,0.0,0.0,0.0,0.0,0.26759999990463257,1.3378000259399414,0.3310999870300293,0.33329999446868896,2.0,0.0,0.2856999933719635,2.0,0.0,0.20000000298023224,2.0,1.1799999475479126,1.1799999475479126,2.359999895095825,1.2790000438690186,1.4498000144958496,7.249199867248535,1.5358999967575073,1.5641000270843506,9.384400367736816,1.2790000438690186,1.4835000038146973,10.384400367736816,1.1799999475479126,1.1059999465942383,11.0600004196167,5.746799945831299,2.512399911880493,24.087200164794922,9.579099655151367,2.2832000255584717,1.9593000411987305,1.983299970626831,2.0188000202178955,2.02239990234375,23.982500076293945,24.01409912109375,24.07659912109375,24.15019989013672,24.377599716186523,9.46049976348877,9.307700157165527,9.270600318908691,9.234000205993652,9.194299697875977,0.04320000112056732,0.5220999717712402,5.78000020980835,5.510000228881836,5.395699977874756,5.47629976272583,5.853899955749512,9.46049976348877,9.307700157165527,9.270600318908691,9.234000205993652,9.194299697875977,2.2832000255584717,1.9593000411987305,1.983299970626831,2.0188000202178955,2.02239990234375,23.982500076293945,24.01409912109375,24.07659912109375,24.15019989013672,24.377599716186523,61.70819854736328,161.79139709472656,190.43919372558594,226.24929809570312,315.0902099609375,3.876199960708618,0.24060000479221344,0.8299000263214111,0.8299000263214111
83,179.5406951904297,148.10780334472656,28.630800247192383,1.6648999452590942,0.337799996137619,0.4683000147342682,1.3310999870300293,1.0,179.5406951904297,17.08169937133789,79.13990020751953,1582.7974853515625,4.802000045776367,79.42780303955078,79.42780303955078,158.85569763183594,80.39830017089844,80.19979858398438,400.9989013671875,80.53780364990234,80.33360290527344,482.00140380859375,80.67729949951172,80.41729736328125,562.92138671875,80.5022964477539,80.36419677734375,803.6422119140625,17.20330047607422,17.20330047607422,34.40650177001953,17.898000717163086,17.711000442504883,88.55500030517578,17.962900161743164,17.7637996673584,106.58280181884766,17.898000717163086,17.757099151611328,124.29949951171875,17.52079963684082,17.38450050354004,173.84519958496094,180.05999755859375,180.05999755859375,360.1199951171875,182.0377960205078,181.75860595703125,908.7930297851562,182.46670532226562,182.09140014648438,1092.54833984375,182.8957061767578,182.3300018310547,1276.3099365234375,182.74070739746094,182.49049377441406,1824.905029296875,0.6370999813079834,0.6370999813079834,1.2742999792099,0.7404000163078308,0.620199978351593,3.101099967956543,0.5390999913215637,0.5730999708175659,3.4388999938964844,0.337799996137619,0.5386000275611877,3.7699999809265137,0.337799996137619,0.5153999924659729,5.1545000076293945,0.9706000089645386,0.9706000089645386,1.9412000179290771,1.0,1.197700023651123,5.98829984664917,1.0,1.0532000064849854,6.319399833679199,1.0,0.9973999857902527,6.981599807739258,0.8407999873161316,0.8734999895095825,8.735300064086914,1.5348000526428223,1.5348000526428223,3.0696001052856445,1.6648999452590942,1.5329999923706055,7.66510009765625,1.5348000526428223,1.3327000141143799,7.996200084686279,1.4048000574111938,1.2379000186920166,8.66510009765625,1.3039000034332275,1.2414000034332275,12.414299964904785,4.542200088500977,4.542200088500977,9.084500312805176,5.334000110626221,5.555099964141846,27.775400161743164,5.067999839782715,5.07289981842041,30.437700271606445,4.802000045776367,4.740600109100342,33.183998107910156,4.08650016784668,4.30709981918335,43.0713996887207,6.0991997718811035,0.058800000697374344,-10.636899948120117,-2.5174999237060547,-0.06260000169277191,-0.5698000192642212,-0.6223999857902527,-0.6154999732971191,-0.24220000207424164,-11.145999908447266,-12.814200401306152,-13.137200355529785,-13.366299629211426,-13.500499725341797,-2.8011999130249023,-3.560499906539917,-3.6902999877929688,-3.77020001411438,-3.706199884414673,0.5740000009536743,0.590499997138977,6.35860013961792,5.345300197601318,5.827300071716309,6.1595001220703125,6.592899799346924,-2.8011999130249023,-3.560499906539917,-3.6902999877929688,-3.77020001411438,-3.706199884414673,-0.06260000169277191,-0.5698000192642212,-0.6223999857902527,-0.6154999732971191,-0.24220000207424164,-11.145999908447266,-12.814200401306152,-13.137200355529785,-13.366299629211426,-13.500499725341797,57.22679901123047,173.8802947998047,202.618896484375,234.03709411621094,281.3099060058594,4.107100009918213,-0.06800000369548798,0.526199996471405,0.526199996471405
84,151.70509338378906,116.28810119628906,30.71299934387207,1.7079999446868896,1.6689000129699707,1.0470000505447388,0.743399977684021,0.0,151.70509338378906,18.687999725341797,68.91529846191406,1378.306884765625,5.167300224304199,69.1449966430664,69.1449966430664,138.2899932861328,70.27539825439453,70.31819915771484,351.59100341796875,70.72899627685547,70.65779876708984,423.9468994140625,71.18250274658203,70.92040252685547,496.44281005859375,71.22789764404297,71.05819702148438,710.5819702148438,19.210899353027344,19.210899353027344,38.42169952392578,19.230899810791016,19.292299270629883,96.4613037109375,19.418100357055664,19.344499588012695,116.06670379638672,19.60540008544922,19.45949935913086,136.2165985107422,19.511699676513672,19.478900909423828,194.7895050048828,152.17050170898438,152.17050170898438,304.3410949707031,155.27520751953125,155.62710571289062,778.1356201171875,156.85240173339844,156.4582061767578,938.7490234375,158.42950439453125,156.97509765625,1098.8260498046875,158.16490173339844,157.27859497070312,1572.7855224609375,1.5032999515533447,1.5032999515533447,3.006700038909912,0.6621999740600586,0.7337999939918518,3.6689000129699707,0.4966999888420105,0.666700005531311,4.0,0.337799996137619,0.619700014591217,4.337800025939941,0.3310999870300293,0.4668999910354614,4.668900012969971,0.5235000252723694,0.5235000252723694,1.0470999479293823,1.0470999479293823,1.059000015258789,5.295199871063232,1.0202000141143799,1.0480999946594238,6.28849983215332,0.9933000206947327,0.9948999881744385,6.964099884033203,1.0202000141143799,1.0160000324249268,10.160200119018555,2.5248000621795654,2.5248000621795654,5.049499988555908,4.33519983291626,4.5858001708984375,22.928800582885742,4.659999847412109,4.652200222015381,27.91349983215332,4.33519983291626,4.054500102996826,28.381799697875977,2.6844000816345215,3.348400115966797,33.48350143432617,7.020599842071533,7.020599842071533,14.041199684143066,11.268500328063965,10.602499961853027,53.012298583984375,11.021599769592285,10.631199836730957,63.7869987487793,10.774700164794922,9.576800346374512,67.03730010986328,7.251699924468994,8.139800071716309,81.39790344238281,1.7928999662399292,-2.1133999824523926,-1.4420000314712524,-0.3971000015735626,-2.635999917984009,-2.7165000438690186,-2.7685000896453857,-2.8833000659942627,-2.901900053024292,-1.9098000526428223,-5.373000144958496,-6.206299781799316,-6.725399971008301,-7.035399913787842,-0.6274999976158142,-1.8029999732971191,-2.143399953842163,-2.4066998958587646,-2.5467000007629395,0.675000011920929,0.10429999977350235,-0.060600001364946365,-3.642699956893921,-3.6714000701904297,-2.6168999671936035,-1.179900050163269,-0.6274999976158142,-1.8029999732971191,-2.143399953842163,-2.4066998958587646,-2.5467000007629395,-2.635999917984009,-2.7165000438690186,-2.7685000896453857,-2.8833000659942627,-2.901900053024292,-1.9098000526428223,-5.373000144958496,-6.206299781799316,-6.725399971008301,-7.035399913787842,51.386600494384766,116.93560028076172,140.30540466308594,144.5334014892578,226.2490997314453,3.876699924468994,0.24009999632835388,0.8295000195503235,0.8295000195503235
85,136.4210968017578,100.3938980102539,24.51289939880371,12.973299980163574,0.0,10.35319995880127,11.332099914550781,9.22249984741211,136.4210968017578,15.490099906921387,61.10580062866211,1222.11669921875,43.881099700927734,62.913700103759766,62.913700103759766,125.82749938964844,66.9977035522461,65.793701171875,328.968505859375,67.46769714355469,66.22579956054688,397.3550109863281,67.89520263671875,66.46430206298828,465.2502136230469,67.1603012084961,66.4186019897461,664.185791015625,16.6033992767334,16.6033992767334,33.20669937133789,18.77739906311035,18.145999908447266,90.7300033569336,18.29669952392578,18.090999603271484,108.5459976196289,17.939800262451172,18.069400787353516,126.48570251464844,18.092500686645508,18.11949920654297,181.19509887695312,139.55999755859375,139.55999755859375,279.1199951171875,145.6697998046875,144.4510955810547,722.2554931640625,146.8979949951172,145.27259826660156,871.635498046875,147.21670532226562,145.55029296875,1018.8521728515625,145.40960693359375,144.58030700683594,1445.802734375,0.3310999870300293,0.3310999870300293,0.6621999740600586,1.6689000129699707,1.2773000001907349,6.38670015335083,1.364300012588501,1.2410999536514282,7.446400165557861,1.0597000122070312,1.158400058746338,8.108599662780762,0.7477999925613403,0.9934999942779541,9.935400009155273,7.372600078582764,7.372600078582764,14.745200157165527,3.0525999069213867,4.0706000328063965,20.353099822998047,3.4946000576019287,4.048299789428711,24.28969955444336,3.9365999698638916,4.160999774932861,29.127199172973633,3.9827001094818115,4.0980000495910645,40.980201721191406,8.05720043182373,8.05720043182373,16.11440086364746,2.38100004196167,4.122099876403809,20.610599517822266,2.760999917984009,4.1006999015808105,24.604299545288086,3.1410999298095703,3.9951000213623047,27.96579933166504,3.251300096511841,3.8886001110076904,38.88589859008789,32.25450134277344,32.25450134277344,64.50900268554688,12.270700454711914,18.16320037841797,90.81620025634766,14.906999588012695,18.059900283813477,108.3593978881836,16.63920021057129,17.85700035095215,124.99870300292969,16.31209945678711,17.449100494384766,174.49139404296875,-31.647899627685547,-0.17440000176429749,12.373499870300293,6.52209997177124,-1.287500023841858,-2.8296000957489014,-2.774399995803833,-2.7525999546051025,-2.8020999431610107,9.236599922180176,4.348899841308594,3.5269999504089355,3.2486000061035156,4.21589994430542,4.715099811553955,1.8367999792099,1.4046000242233276,1.1660000085830688,1.2108999490737915,0.9473999738693237,0.957099974155426,-20.021499633789062,-5.932000160217285,-5.82859992980957,-5.625400066375732,-5.216599941253662,4.715099811553955,1.8367999792099,1.4046000242233276,1.1660000085830688,1.2108999490737915,-1.287500023841858,-2.8296000957489014,-2.774399995803833,-2.7525999546051025,-2.8020999431610107,9.236599922180176,4.348899841308594,3.5269999504089355,3.2486000061035156,4.21589994430542,53.90119934082031,119.62760162353516,146.53140258789062,174.77749633789062,249.81869506835938,4.045599937438965,0.07620000094175339,0.6782000064849854,0.6782000064849854
86,89.92070007324219,73.79609680175781,29.372900009155273,5.017099857330322,0.0,1.0,2.5576000213623047,0.47769999504089355,89.92070007324219,11.990500450134277,45.30419921875,906.0844116210938,9.052399635314941,45.77180099487305,45.77180099487305,91.5436019897461,46.680301666259766,46.50239944458008,232.51190185546875,46.459800720214844,46.40599822998047,278.4356994628906,46.23939895629883,46.13819885253906,322.96771240234375,45.61399841308594,45.606998443603516,456.07000732421875,13.074000358581543,13.074000358581543,26.147899627685547,16.256500244140625,15.070199966430664,75.3511962890625,15.206999778747559,14.79990005493164,88.79959869384766,14.157500267028809,14.275199890136719,99.92630004882812,13.21030044555664,13.441800117492676,134.41769409179688,90.220703125,90.220703125,180.44140625,90.89730072021484,90.910400390625,454.5519104003906,90.95980072021484,90.92900085449219,545.5740966796875,90.89730072021484,90.87049865722656,636.0933837890625,91.2593994140625,91.51110076904297,915.1113891601562,0.0,0.0,0.0,0.3310999870300293,0.2662000060081482,1.3310999870300293,0.3343999981880188,0.33329999446868896,2.0,0.337799996137619,0.428600013256073,3.0,0.6656000018119812,0.6208999752998352,6.208700180053711,0.4729999899864197,0.4729999899864197,0.945900022983551,0.47769999504089355,0.9020000100135803,4.5100998878479,0.7387999892234802,1.1466000080108643,6.879799842834473,1.0,1.3447999954223633,9.413700103759766,1.6689000129699707,1.4448000192642212,14.447699546813965,3.174099922180176,3.174099922180176,6.348199844360352,1.6608999967575073,2.211199998855591,11.05620002746582,1.5813000202178955,2.0929999351501465,12.55780029296875,1.5017000436782837,1.9651000499725342,13.755399703979492,1.354599952697754,1.5777000188827515,15.777099609375,6.84630012512207,6.84630012512207,13.69260025024414,5.248300075531006,6.68149995803833,33.40769958496094,7.150400161743164,7.562399864196777,45.374298095703125,9.052399635314941,8.019399642944336,56.13600158691406,8.01550006866455,7.8769001960754395,78.76920318603516,3.184499979019165,1.6542999744415283,98.16549682617188,45.88750076293945,0.5709999799728394,-1.4250999689102173,-1.1547000408172607,-0.6298999786376953,0.20389999449253082,97.86100006103516,97.16539764404297,97.14540100097656,97.2030029296875,96.5604019165039,45.41809844970703,44.68539810180664,44.78150177001953,45.04899978637695,45.580299377441406,0.8546000123023987,0.40849998593330383,5.388400077819824,5.553699970245361,4.6732001304626465,4.2164998054504395,4.3628997802734375,45.41809844970703,44.68539810180664,44.78150177001953,45.04899978637695,45.580299377441406,0.5709999799728394,-1.4250999689102173,-1.1547000408172607,-0.6298999786376953,0.20389999449253082,97.86100006103516,97.16539764404297,97.14540100097656,97.2030029296875,96.5604019165039,73.23979949951172,150.93389892578125,173.4893035888672,198.3323974609375,292.25439453125,2.319700002670288,0.9975000023841858,0.7965999841690063,0.7965999841690063
87,184.0045928955078,138.885498046875,33.942501068115234,7.037899971008301,3.0671000480651855,5.815000057220459,5.361599922180176,5.815100193023682,184.0045928955078,18.370100021362305,81.96099853515625,1639.2200927734375,27.09670066833496,81.35060119628906,81.35060119628906,162.7012939453125,79.46910095214844,79.68930053710938,398.44659423828125,79.0863037109375,79.5250015258789,477.1499938964844,78.70339965820312,79.38860321044922,555.7200927734375,78.44969940185547,78.69039916992188,786.9039916992188,18.370100021362305,18.370100021362305,36.74020004272461,17.65489959716797,17.677000045776367,88.38520050048828,17.428199768066406,17.56909942626953,105.41459655761719,17.20159912109375,17.49519920349121,122.46610260009766,17.336999893188477,17.492700576782227,174.9268035888672,182.3896026611328,182.3896026611328,364.77911376953125,177.54530334472656,177.50270080566406,887.5134887695312,175.57730102539062,176.5529022216797,1059.3173828125,173.6092987060547,175.90640258789062,1231.344482421875,171.91549682617188,173.45770263671875,1734.5771484375,2.8715999126434326,2.8715999126434326,5.743199825286865,4.020400047302246,4.804599761962891,24.0231990814209,5.083099842071533,5.307700157165527,31.846099853515625,6.002799987792969,5.4070000648498535,37.848899841308594,3.5436999797821045,4.164700031280518,41.64720153808594,6.856200218200684,6.856200218200684,13.712300300598145,7.776299953460693,7.14709997177124,35.73529815673828,6.7957000732421875,6.524600028991699,39.147499084472656,5.815100193023682,6.237800121307373,43.66469955444336,4.389699935913086,4.929200172424316,49.29199981689453,7.678899765014648,7.678899765014648,15.35770034790039,8.31980037689209,7.960000038146973,39.79990005493164,7.678899765014648,7.257599830627441,43.5458984375,7.037899971008301,6.939899921417236,48.57939910888672,5.172299861907959,5.622799873352051,56.22819900512695,30.75480079650879,30.75480079650879,61.509700775146484,34.41299819946289,34.38650131225586,171.9326934814453,30.75480079650879,32.17319869995117,193.039306640625,27.09670066833496,30.91160011291504,216.3809051513672,25.001100540161133,24.500200271606445,245.00210571289062,-14.255599975585938,-0.803600013256073,11.898300170898438,6.364200115203857,-0.8034999966621399,-0.11010000109672546,-0.002099999925121665,0.07199999690055847,0.07500000298023224,13.51509952545166,18.406600952148438,19.357799530029297,20.00550079345703,22.45549964904785,6.975399971008301,8.638799667358398,8.80370044708252,8.940699577331543,9.639699935913086,0.8709999918937683,0.9107000231742859,-17.913999557495117,-21.539400100708008,-19.323200225830078,-18.058799743652344,-11.640199661254883,6.975399971008301,8.638799667358398,8.80370044708252,8.940699577331543,9.639699935913086,-0.8034999966621399,-0.11010000109672546,-0.002099999925121665,0.07199999690055847,0.07500000298023224,13.51509952545166,18.406600952148438,19.357799530029297,20.00550079345703,22.45549964904785,51.93920135498047,116.37249755859375,143.3820037841797,171.9669952392578,263.04779052734375,3.868499994277954,0.23160000145435333,0.7843999862670898,0.7843999862670898
88,181.63079833984375,145.10659790039062,22.70560073852539,0.3310999870300293,0.3310999870300293,0.337799996137619,0.0,0.337799996137619,181.63079833984375,12.041600227355957,78.78630065917969,1575.7261962890625,1.3378000259399414,78.6583023071289,78.6583023071289,157.3166046142578,78.4530029296875,78.51069641113281,392.5534973144531,78.43730163574219,78.45659637451172,470.7395935058594,78.42160034179688,78.39289855957031,548.75,78.27420043945312,78.25579833984375,782.5576782226562,12.041600227355957,12.041600227355957,24.083200454711914,12.041600227355957,12.107600212097168,60.53799819946289,12.041600227355957,12.152700424194336,72.91619873046875,12.041600227355957,12.184000015258789,85.28780364990234,12.371600151062012,12.301899909973145,123.01920318603516,181.34230041503906,181.34230041503906,362.6846008300781,180.75970458984375,180.8199005126953,904.0994873046875,180.61570739746094,180.61700439453125,1083.701904296875,180.4716033935547,180.38909912109375,1262.7235107421875,179.89300537109375,179.8927001953125,1798.927001953125,0.1656000018119812,0.1656000018119812,0.3310999870300293,0.0,0.1598999947309494,0.7993999719619751,0.1656000018119812,0.21279999613761902,1.2770999670028687,0.3310999870300293,0.2493000030517578,1.745300054550171,0.3310999870300293,0.2745000123977661,2.745300054550171,0.3343999981880188,0.3343999981880188,0.6689000129699707,0.3310999870300293,0.2012999951839447,1.006700038909912,0.1688999980688095,0.1688999980688095,1.0133999586105347,0.0066999997943639755,0.14480000734329224,1.0133999586105347,0.3310999870300293,0.21549999713897705,2.1552999019622803,0.3343999981880188,0.3343999981880188,0.6689000129699707,0.3310999870300293,0.36079999804496765,1.8041000366210938,0.3343999981880188,0.37950000166893005,2.277100086212158,0.337799996137619,0.3921999931335449,2.7453999519348145,0.3343999981880188,0.3806000053882599,3.805799961090088,1.3378000259399414,1.3378000259399414,2.675600051879883,0.9480000138282776,0.9896000027656555,4.947999954223633,0.9527000188827515,0.9842000007629395,5.905300140380859,0.9480000138282776,0.977400004863739,6.841899871826172,0.9422000050544739,1.0706000328063965,10.706500053405762,10.895400047302246,3.2741000652313232,-32.83620071411133,-11.158300399780273,3.2743000984191895,3.2088000774383545,3.1638998985290527,3.1328001022338867,3.015500068664551,-32.54570007324219,-32.019901275634766,-31.817399978637695,-31.590099334716797,-31.096500396728516,-11.029500007629395,-10.880200386047363,-10.826199531555176,-10.76259994506836,-10.626299858093262,0.11140000075101852,0.3361999988555908,10.8951997756958,11.241700172424316,11.247099876403809,11.25409984588623,11.16189956665039,-11.029500007629395,-10.880200386047363,-10.826199531555176,-10.76259994506836,-10.626299858093262,3.2743000984191895,3.2088000774383545,3.1638998985290527,3.1328001022338867,3.015500068664551,-32.54570007324219,-32.019901275634766,-31.817399978637695,-31.590099334716797,-31.096500396728516,55.42499923706055,121.75350189208984,150.40139770507812,170.12969970703125,236.3450927734375,4.402100086212158,-0.28029999136924744,0.3197000026702881,0.3197000026702881
89,187.6186981201172,136.69309997558594,32.54059982299805,0.0,0.3310999870300293,0.0,0.337799996137619,0.3310999870300293,187.6186981201172,19.733699798583984,84.43589782714844,1688.7177734375,1.0,84.45500183105469,84.45500183105469,168.91009521484375,84.39669799804688,84.40840148925781,422.0422058105469,84.41629791259766,84.4166030883789,506.4993896484375,84.43589782714844,84.43470001220703,591.0430908203125,84.4656982421875,84.55670166015625,845.5667114257812,19.69029998779297,19.69029998779297,39.38059997558594,19.646900177001953,19.728300094604492,98.6417007446289,19.69029998779297,19.7810001373291,118.68589782714844,19.71430015563965,19.771499633789062,138.40020751953125,19.646900177001953,19.58300018310547,195.82969665527344,187.7480926513672,187.7480926513672,375.4963073730469,187.87759399414062,187.83920288085938,939.1962280273438,187.904296875,187.86300659179688,1127.177734375,187.9311065673828,187.91050720214844,1315.373779296875,187.9842071533203,188.1663055419922,1881.662841796875,0.3310999870300293,0.3310999870300293,0.6621999740600586,0.337799996137619,0.38830000162124634,1.9413000345230103,0.40299999713897705,0.4023999869823456,2.4142000675201416,0.337799996137619,0.3921999931335449,2.7453999519348145,0.3343999981880188,0.3549000024795532,3.549499988555908,0.1656000018119812,0.1656000018119812,0.3310999870300293,0.0,0.1598999947309494,0.7993999719619751,0.1656000018119812,0.2581000030040741,1.548699975013733,0.3310999870300293,0.3278999924659729,2.295099973678589,0.3310999870300293,0.3093999922275543,3.094399929046631,0.1656000018119812,0.1656000018119812,0.3310999870300293,0.3310999870300293,0.2662000060081482,1.3310999870300293,0.3310999870300293,0.27810001373291016,1.6689000129699707,0.3310999870300293,0.2856999933719635,2.0,0.3345000147819519,0.41620001196861267,4.1616997718811035,0.9966999888420105,0.9966999888420105,1.993299961090088,1.0,1.1481000185012817,5.740600109100342,1.0651999711990356,1.4190000295639038,8.514100074768066,1.1304999589920044,1.533400058746338,10.733599662780762,1.5027999877929688,1.563099980354309,15.631099700927734,6.559800148010254,-1.327299952507019,-8.4350004196167,-3.376499891281128,-1.2839000225067139,-1.3216999769210815,-1.3741999864578247,-1.3645000457763672,-1.1756000518798828,-8.562100410461426,-8.647899627685547,-8.671699523925781,-8.719900131225586,-8.978699684143066,-3.394700050354004,-3.3459999561309814,-3.354099988937378,-3.372499942779541,-3.495800018310547,0.05270000174641609,0.2639000117778778,6.5630998611450195,6.411200046539307,6.140500068664551,6.026500225067139,5.994200229644775,-3.394700050354004,-3.3459999561309814,-3.354099988937378,-3.372499942779541,-3.495800018310547,-1.2839000225067139,-1.3216999769210815,-1.3741999864578247,-1.3645000457763672,-1.1756000518798828,-8.562100410461426,-8.647899627685547,-8.671699523925781,-8.719900131225586,-8.978699684143066,42.9718017578125,157.5634002685547,186.2113037109375,229.36720275878906,286.4789123535156,4.313600063323975,-0.4016000032424927,0.22949999570846558,0.22949999570846558
90,162.30259704589844,131.8231964111328,26.687000274658203,0.6621999740600586,1.2710000276565552,3.4159998893737793,2.690200090408325,3.4823999404907227,162.30259704589844,13.606900215148926,72.21209716796875,1444.241943359375,11.521900177001953,72.08149719238281,72.08149719238281,144.16299438476562,68.89839935302734,68.95880126953125,344.79400634765625,69.20999908447266,69.05259704589844,414.31561279296875,69.52159881591797,69.85469818115234,488.98309326171875,72.08149719238281,70.94889831542969,709.48876953125,13.505399703979492,13.505399703979492,27.010799407958984,14.13860034942627,14.316499710083008,71.5823974609375,14.280400276184082,14.334099769592285,86.00460052490234,14.142399787902832,14.306699752807617,100.14700317382812,14.282299995422363,14.543800354003906,145.43820190429688,162.1300048828125,162.1300048828125,324.2601013183594,152.97970581054688,152.9571075439453,764.7855834960938,154.32269287109375,153.40859985351562,920.451416015625,155.66580200195312,155.7821044921875,1090.4749755859375,162.1300048828125,158.91209411621094,1589.121337890625,6.479899883270264,6.479899883270264,12.959799766540527,13.39229965209961,12.808300018310547,64.04129791259766,13.96660041809082,14.619600296020508,87.71790313720703,13.39229965209961,12.626700401306152,88.38710021972656,6.479899883270264,9.05370044708252,90.53720092773438,4.057799816131592,4.057799816131592,8.115500450134277,3.4823999404907227,3.393199920654297,16.96619987487793,3.2339000701904297,2.8828999996185303,17.297300338745117,2.9853999614715576,2.6054999828338623,18.23859977722168,2.3357999324798584,2.4600000381469727,24.599899291992188,1.4416999816894531,1.4416999816894531,2.8833000659942627,2.4398999214172363,2.6277999877929688,13.139200210571289,2.3304998874664307,2.4367001056671143,14.619999885559082,2.221100091934204,2.1359000205993652,14.95110034942627,2.702199935913086,2.4358999729156494,24.35890007019043,19.2992000579834,19.2992000579834,38.5984992980957,27.452600479125977,25.349700927734375,126.74859619140625,27.26460075378418,25.60919952392578,153.6551971435547,27.07659912109375,22.400800704956055,156.8054962158203,19.21430015563965,18.326499938964844,183.26510620117188,-0.14820000529289246,0.7182000279426575,-5.834499835968018,-1.9622999429702759,0.8197000026702881,0.008999999612569809,-0.008500000461935997,0.019099999219179153,-0.2175000011920929,-5.661499977111816,3.5104000568389893,3.0580999851226807,0.6836000084877014,-2.4467999935150146,-1.8313000202178955,1.2914999723434448,1.19760000705719,0.3953000009059906,-0.6984999775886536,0.25110000371932983,0.828499972820282,-7.9257001876831055,-13.971799850463867,-14.23009967803955,-11.020899772644043,-6.945199966430664,-1.8313000202178955,1.2914999723434448,1.19760000705719,0.3953000009059906,-0.6984999775886536,0.8197000026702881,0.008999999612569809,-0.008500000461935997,0.019099999219179153,-0.2175000011920929,-5.661499977111816,3.5104000568389893,3.0580999851226807,0.6836000084877014,-2.4467999935150146,56.176300048828125,129.99349975585938,148.54539489746094,177.19329833984375,278.0293884277344,2.9976000785827637,0.7505999803543091,0.8551999926567078,0.8551999926567078
91,190.76800537109375,151.3032989501953,33.596500396728516,1.6883000135421753,3.3457999229431152,2.0404000282287598,0.9365000128746033,1.4867000579833984,190.76800537109375,17.629499435424805,84.77079772949219,1695.4166259765625,9.49779987335205,84.6791000366211,84.6791000366211,169.3582000732422,84.31620025634766,84.09700012207031,420.4849853515625,84.00550079345703,83.83380126953125,503.002685546875,83.6948013305664,83.64679718017578,585.5277709960938,83.5177993774414,83.54319763183594,835.4318237304688,17.546899795532227,17.546899795532227,35.09370040893555,17.397899627685547,17.361400604248047,86.80690002441406,17.431100845336914,17.432300567626953,104.59359741210938,17.46419906616211,17.44809913635254,122.1365966796875,17.363500595092773,17.394899368286133,173.9488067626953,190.88429260253906,190.88429260253906,381.7685852050781,190.76800537109375,189.89320373535156,949.4660034179688,190.04739379882812,189.10549926757812,1134.6328125,189.326904296875,188.52679443359375,1319.687744140625,187.90699768066406,188.1363067626953,1881.363037109375,4.172299861907959,4.172299861907959,8.344499588012695,3.3108999729156494,2.7558000087738037,13.779199600219727,2.8538999557495117,2.696000099182129,16.176000595092773,3.3108999729156494,2.914599895477295,20.402299880981445,3.786099910736084,3.7418999671936035,37.4192008972168,1.6441999673843384,1.6441999673843384,3.2883999347686768,2.86299991607666,2.5157999992370605,12.579000473022461,2.967600107192993,2.6085000038146973,15.651200294494629,3.072200059890747,2.908900022506714,20.362199783325195,3.1080000400543213,3.0927000045776367,30.92650032043457,1.9193999767303467,1.9193999767303467,3.83870005607605,2.8477001190185547,2.4846999645233154,12.423500061035156,2.8561999797821045,2.6919000148773193,16.15169906616211,2.8645999431610107,3.020699977874756,21.145000457763672,3.300299882888794,3.8015999794006348,38.015899658203125,11.108699798583984,11.108699798583984,22.217300415039062,12.719499588012695,12.029800415039062,60.14889907836914,12.75059986114502,12.67240047454834,76.03459930419922,12.781599998474121,14.094300270080566,98.66020202636719,14.472100257873535,16.607500076293945,166.07530212402344,-1.937999963760376,0.7770000100135803,-11.58430004119873,-3.711400032043457,0.8596000075340271,1.045300006866455,0.9746000170707703,0.958899974822998,1.0125000476837158,-11.698200225830078,-10.701899528503418,-9.914199829101562,-9.336199760437012,-8.948800086975098,-3.618799924850464,-3.0344998836517334,-2.7713000774383545,-2.5845999717712402,-2.482300043106079,0.6956999897956848,0.7864000201225281,-3.5488998889923096,-4.4704999923706055,-5.1128997802734375,-6.53439998626709,-9.050200462341309,-3.618799924850464,-3.0344998836517334,-2.7713000774383545,-2.5845999717712402,-2.482300043106079,0.8596000075340271,1.045300006866455,0.9746000170707703,0.958899974822998,1.0125000476837158,-11.698200225830078,-10.701899528503418,-9.914199829101562,-9.336199760437012,-8.948800086975098,71.61969757080078,164.81649780273438,200.5352020263672,243.50709533691406,336.4244079589844,4.619200229644775,-0.7071999907493591,0.01850000023841858,0.01850000023841858
92,217.25360107421875,174.06759643554688,33.57109832763672,2.852099895477295,0.9933000206947327,0.743399977684021,2.7448999881744385,1.3667999505996704,217.25369262695312,18.402799606323242,95.39009857177734,1907.8023681640625,8.700499534606934,95.4697036743164,95.4697036743164,190.9394989013672,96.1968002319336,96.4011001586914,482.0057067871094,96.56719970703125,96.68070220947266,580.084228515625,96.9375,96.84040069580078,677.8826904296875,97.46440124511719,97.06050109863281,970.605224609375,18.309999465942383,18.309999465942383,36.62009811401367,18.071300506591797,17.81920051574707,89.09619903564453,17.836599349975586,17.783000946044922,106.6980972290039,18.071300506591797,17.833799362182617,124.83650207519531,18.177900314331055,18.17020034790039,181.702392578125,217.25169372558594,217.25169372558594,434.5033874511719,218.74339294433594,219.75180053710938,1098.7587890625,219.98939514160156,220.556396484375,1323.3380126953125,221.2353973388672,220.97360229492188,1546.8155517578125,222.34030151367188,221.447998046875,2214.480224609375,1.7115000486373901,1.7115000486373901,3.423099994659424,2.690200090408325,2.650599956512451,13.252799987792969,2.559999942779541,2.507999897003174,15.048299789428711,2.429800033569336,2.2558999061584473,15.791600227355957,1.3944000005722046,1.6123000383377075,16.122699737548828,1.0595999956130981,1.0595999956130981,2.1191999912261963,1.3667999505996704,1.6592999696731567,8.296299934387207,1.53410005569458,1.9361000061035156,11.616600036621094,1.7014000415802002,2.041300058364868,14.289400100708008,1.1517000198364258,1.5094000101089478,15.093500137329102,2.1798999309539795,2.1798999309539795,4.359799861907959,1.507699966430664,1.7827999591827393,8.91409969329834,2.0172998905181885,2.0169999599456787,12.101799964904785,2.526900053024292,2.156399965286255,15.095100402832031,1.436400055885315,1.7173000574111938,17.173500061035156,7.714900016784668,7.714900016784668,15.429800033569336,8.700499534606934,10.1072998046875,50.5364990234375,9.630800247192383,11.06190013885498,66.37120056152344,10.561100006103516,11.104599952697754,77.73200225830078,8.167099952697754,8.241900444030762,82.418701171875,4.140500068664551,-0.8363000154495239,-21.350799560546875,-7.064899921417236,-0.7434999942779541,-0.2522999942302704,-0.2160000056028366,-0.26660001277923584,-0.6025999784469604,-21.347000122070312,-23.84239959716797,-24.645700454711914,-25.061800003051758,-25.534799575805664,-7.143700122833252,-8.072999954223633,-8.35200023651123,-8.511099815368652,-8.730500221252441,0.6783000230789185,0.6183000206947327,5.125999927520752,2.739799976348877,1.788100004196167,1.7482000589370728,4.618199825286865,-7.143700122833252,-8.072999954223633,-8.35200023651123,-8.511099815368652,-8.730500221252441,-0.7434999942779541,-0.2522999942302704,-0.2160000056028366,-0.26660001277923584,-0.6025999784469604,-21.347000122070312,-23.84239959716797,-24.645700454711914,-25.061800003051758,-25.534799575805664,59.219398498535156,146.74630737304688,177.08169555664062,207.57069396972656,287.6413879394531,4.372000217437744,-0.2718999981880188,0.44449999928474426,0.44449999928474426
93,141.40159606933594,119.72440338134766,27.294700622558594,5.357900142669678,0.4729999899864197,3.273200035095215,3.728800058364868,1.6689000129699707,141.40159606933594,17.75149917602539,65.78340148925781,1315.667236328125,14.501799583435059,66.13670349121094,66.13670349121094,132.27340698242188,66.86910247802734,66.64420318603516,333.22100830078125,66.908203125,66.8573989868164,401.1444091796875,66.94719696044922,67.1082992553711,469.7583923339844,67.52729797363281,67.66600036621094,676.6597900390625,17.626300811767578,17.626300811767578,35.252601623535156,17.445100784301758,17.195999145507812,85.9800033569336,17.242000579833984,17.1697998046875,103.0188980102539,17.445100784301758,17.23069953918457,120.61499786376953,17.083799362182617,16.955699920654297,169.5572052001953,142.81719970703125,142.81719970703125,285.6343994140625,145.89849853515625,144.98959350585938,724.947998046875,145.9488067626953,145.78700256347656,874.7222290039062,145.99899291992188,146.71780395507812,1027.0247802734375,148.5950927734375,148.81539916992188,1488.154052734375,0.6082000136375427,0.6082000136375427,1.2164000272750854,0.746399998664856,0.7418000102043152,3.7091000080108643,0.746399998664856,0.7426000237464905,4.45550012588501,0.746399998664856,0.7319999933242798,5.124300003051758,0.746399998664856,0.6620000004768372,6.619999885559082,2.175800085067749,2.175800085067749,4.351600170135498,2.6826999187469482,2.4433999061584473,12.216899871826172,2.5539000034332275,2.388700008392334,14.332200050354004,2.4251999855041504,2.3361001014709473,16.352800369262695,2.5539000034332275,2.439500093460083,24.394800186157227,4.679100036621094,4.679100036621094,9.358200073242188,5.357900142669678,4.499100208282471,22.495500564575195,5.416600227355957,4.817500114440918,28.905000686645508,5.357900142669678,4.503499984741211,31.52440071105957,4.674200057983398,4.36899995803833,43.690101623535156,14.215399742126465,14.215399742126465,28.43079948425293,14.501799583435059,14.048199653625488,70.24109649658203,14.781100273132324,14.258399963378906,85.55030059814453,14.501799583435059,13.775199890136719,96.42620086669922,14.215399742126465,13.582300186157227,135.82330322265625,-3.4809000492095947,-1.747499942779541,14.9399995803833,4.953700065612793,-1.6224000453948975,-1.192199945449829,-1.166100025177002,-1.2269999980926514,-0.9521999955177307,13.522600173950195,11.349300384521484,10.551799774169922,9.62090015411377,7.523099899291992,4.599599838256836,4.091700077056885,3.8784000873565674,3.6273999214172363,3.0694000720977783,0.8460999727249146,0.6689000129699707,-3.197000026702881,-3.0311999320983887,-3.2411000728607178,-2.7576000690460205,-2.563800096511841,4.599599838256836,4.091700077056885,3.8784000873565674,3.6273999214172363,3.0694000720977783,-1.6224000453948975,-1.192199945449829,-1.166100025177002,-1.2269999980926514,-0.9521999955177307,13.522600173950195,11.349300384521484,10.551799774169922,9.62090015411377,7.523099899291992,56.7781982421875,158.39930725097656,187.914794921875,217.7169952392578,308.82659912109375,4.146699905395508,-0.012600000016391277,0.6225000023841858,0.6225000023841858
94,191.89959716796875,147.14999389648438,31.838600158691406,2.670300006866455,4.322700023651123,3.2871999740600586,1.9467999935150146,2.5996999740600586,191.89959716796875,16.509199142456055,84.7562026977539,1695.1231689453125,14.826700210571289,84.23200225830078,84.23200225830078,168.46409606933594,84.37909698486328,84.32330322265625,421.6166076660156,84.56759643554688,84.45829772949219,506.7497863769531,84.7562026977539,84.54830169677734,591.8381958007812,85.03199768066406,84.79340362548828,847.9334716796875,16.64109992980957,16.64109992980957,33.282100677490234,15.825400352478027,16.054000854492188,80.2699966430664,15.817299842834473,16.013200759887695,96.07929992675781,15.809300422668457,15.943400382995605,111.60350036621094,15.83489990234375,16.108200073242188,161.0823974609375,190.48089599609375,190.48089599609375,380.9617919921875,189.58749389648438,190.02720642089844,950.13623046875,189.9091033935547,190.0612030029297,1140.366943359375,190.09219360351562,190.0655975341797,1330.4591064453125,189.8397979736328,189.74090576171875,1897.4088134765625,3.283900022506714,3.283900022506714,6.567699909210205,2.134700059890747,1.9950000047683716,9.974800109863281,1.5379999876022339,1.7177000045776367,10.305999755859375,0.9412000179290771,1.5398999452590942,10.779000282287598,1.5703999996185303,1.5871000289916992,15.871100425720215,2.881200075149536,2.881200075149536,5.76230001449585,2.5996999740600586,2.2356998920440674,11.178600311279297,2.19569993019104,2.1617000102996826,12.97029972076416,2.033799886703491,2.143399953842163,15.00409984588623,1.7905000448226929,2.017699956893921,20.177099227905273,4.682700157165527,4.682700157165527,9.365300178527832,6.695000171661377,5.497399806976318,27.48699951171875,4.682700157165527,4.637499809265137,27.824800491333008,2.670300006866455,4.0696001052856445,28.48699951171875,2.2750000953674316,3.283799886703491,32.83769989013672,17.218000411987305,17.218000411987305,34.43600082397461,14.826700210571289,15.197999954223633,75.98999786376953,14.540800094604492,13.522100448608398,81.13249969482422,14.254899978637695,12.380399703979492,86.66259765625,8.805800437927246,11.14780044555664,111.47820281982422,-1.9855999946594238,1.0572999715805054,4.003200054168701,3.569000005722046,0.9254999756813049,1.5128999948501587,1.5537999868392944,1.6238000392913818,1.4594000577926636,5.423799991607666,5.8821001052856445,5.8495001792907715,5.84630012512207,6.172299861907959,4.093999862670898,4.004799842834473,3.8703999519348145,3.7809998989105225,3.5367000102996826,0.6610000133514404,0.7547000050544739,-4.377099990844727,-2.3508999347686768,-0.6721000075340271,0.4724000096321106,1.7122000455856323,4.093999862670898,4.004799842834473,3.8703999519348145,3.7809998989105225,3.5367000102996826,0.9254999756813049,1.5128999948501587,1.5537999868392944,1.6238000392913818,1.4594000577926636,5.423799991607666,5.8821001052856445,5.8495001792907715,5.84630012512207,6.172299861907959,56.81629943847656,138.91380310058594,154.80799865722656,183.45590209960938,283.9342956542969,4.080999851226807,0.019099999219179153,0.6779000163078308,0.6779000163078308
95,136.3979034423828,107.34609985351562,27.453500747680664,3.760200023651123,1.7829999923706055,4.178100109100342,5.212299823760986,4.184000015258789,136.3979034423828,16.98539924621582,62.388099670410156,1247.7625732421875,19.117599487304688,62.63169860839844,62.63169860839844,125.26339721679688,63.143699645996094,63.05540084838867,315.2771911621094,63.009498596191406,62.579898834228516,375.47918701171875,63.143699645996094,63.31529998779297,443.2073059082031,63.435001373291016,67.58930206298828,675.892578125,16.984500885009766,16.984500885009766,33.96889877319336,17.310400009155273,17.533100128173828,87.66570281982422,17.147899627685547,16.306299209594727,97.83760070800781,16.98539924621582,16.1481990814209,113.03759765625,16.091800689697266,14.450300216674805,144.50270080566406,137.1217041015625,137.1217041015625,274.2434997558594,137.93800354003906,137.6466064453125,688.2332153320312,137.8917999267578,136.17630004882812,817.0578002929688,137.84559631347656,134.88040161132812,944.1629028320312,134.29150390625,133.38400268554688,1333.840576171875,1.3948999643325806,1.3948999643325806,2.7897000312805176,1.061900019645691,1.3186999559402466,6.593500137329102,1.0543999671936035,1.1552000045776367,6.931300163269043,1.0470000505447388,1.0959999561309814,7.6717000007629395,1.026900053024292,1.0204999446868896,10.204700469970703,3.423099994659424,3.423099994659424,6.846199989318848,1.3732999563217163,2.0425000190734863,10.212499618530273,1.2101999521255493,1.8698999881744385,11.219200134277344,1.3732999563217163,2.1122000217437744,14.785300254821777,2.017699956893921,2.293100118637085,22.93120002746582,2.2502999305725098,2.2502999305725098,4.5005998611450195,0.7404000163078308,8.410900115966797,42.054500579833984,2.2502999305725098,13.336099624633789,80.01640319824219,3.760200023651123,16.777599334716797,117.44339752197266,2.0199999809265137,12.215200424194336,122.1521987915039,14.279199600219727,14.279199600219727,28.558399200439453,9.440799713134766,16.52359962463379,82.61810302734375,14.279199600219727,21.148300170898438,126.88960266113281,19.117599487304688,25.47010040283203,178.29049682617188,14.117300033569336,21.280899047851562,212.80929565429688,-7.743899822235107,-2.6603000164031982,20.070199966430664,7.861700057983398,-2.65939998626709,-3.20770001411438,-1.9805999994277954,-1.8223999738693237,-0.12389999628067017,19.346799850463867,18.82080078125,20.2903995513916,21.58530044555664,23.081300735473633,7.618500232696533,7.194900035858154,7.670300006866455,6.934700012207031,2.661099910736084,0.7572000026702881,0.8712999820709229,-2.905600070953369,-5.145699977874756,-9.769100189208984,-14.090100288391113,-9.899700164794922,7.618500232696533,7.194900035858154,7.670300006866455,6.934700012207031,2.661099910736084,-2.65939998626709,-3.20770001411438,-1.9805999994277954,-1.8223999738693237,-0.12389999628067017,19.346799850463867,18.82080078125,20.2903995513916,21.58530044555664,23.081300735473633,57.28559875488281,147.42080688476562,168.97999572753906,198.03880310058594,279.306884765625,3.046099901199341,0.7020999789237976,0.8460000157356262,0.8460000157356262
96,125.4574966430664,110.11329650878906,33.70989990234375,1.3652000427246094,0.7404000163078308,1.3243999481201172,0.6621999740600586,0.6621999740600586,129.20779418945312,19.142499923706055,64.04080200195312,1280.816162109375,4.75439977645874,64.11759948730469,64.11759948730469,128.2353057861328,64.04080200195312,63.80870056152344,319.0434875488281,63.81679916381836,63.627601623535156,381.7654113769531,63.59280014038086,63.472801208496094,444.3096008300781,63.49140167236328,63.53850173950195,635.385009765625,19.107799530029297,19.107799530029297,38.215599060058594,19.046600341796875,19.062999725341797,95.3147964477539,19.046600341796875,19.060199737548828,114.36139678955078,19.046600341796875,19.06209945678711,133.4344940185547,19.046600341796875,18.958999633789062,189.59039306640625,128.9936981201172,128.9936981201172,257.9873046875,128.41580200195312,128.50360107421875,642.5181884765625,128.23910522460938,128.3704071044922,770.2222900390625,128.0625,128.22500610351562,897.57470703125,128.0574951171875,128.54989624023438,1285.4993896484375,0.609000027179718,0.609000027179718,1.2180999517440796,0.47769999504089355,0.5372999906539917,2.686300039291382,0.5733000040054321,0.5591999888420105,3.3552000522613525,0.47769999504089355,0.5461999773979187,3.823499917984009,0.47769999504089355,0.5378999710083008,5.379300117492676,0.3310999870300293,0.3310999870300293,0.6621999740600586,0.0,0.22609999775886536,1.1304999589920044,0.23409999907016754,0.2680000066757202,1.608199954032898,0.4683000147342682,0.29660001397132874,2.0764000415802,0.4729999899864197,0.5447999835014343,5.448299884796143,0.689300000667572,0.689300000667572,1.378499984741211,1.3652000427246094,1.0922000408172607,5.460999965667725,1.3447999954223633,1.0335999727249146,6.201399803161621,1.3244999647140503,1.0348999500274658,7.244200229644775,1.3660000562667847,2.5041000843048096,25.041099548339844,2.791599988937378,2.791599988937378,5.583199977874756,2.1238999366760254,2.452899932861328,12.264399528503418,2.339900016784668,2.4700000286102295,14.820300102233887,2.5559000968933105,2.5539000034332275,17.877099990844727,2.946000099182129,5.352099895477295,53.52149963378906,3.754699945449829,-1.129699945449829,49.60879898071289,16.734100341796875,-1.0947999954223633,-1.0492000579833984,-1.0462000370025635,-1.047700047492981,-0.9437000155448914,49.82389831542969,50.31669998168945,50.45029830932617,50.59600067138672,50.270999908447266,16.657800674438477,16.966999053955078,17.147899627685547,17.302400588989258,17.23539924621582,0.6672999858856201,0.6141999959945679,5.716100215911865,6.051400184631348,6.033699989318848,5.94950008392334,3.149600028991699,16.657800674438477,16.966999053955078,17.147899627685547,17.302400588989258,17.23539924621582,-1.0947999954223633,-1.0492000579833984,-1.0462000370025635,-1.047700047492981,-0.9437000155448914,49.82389831542969,50.31669998168945,50.45029830932617,50.59600067138672,50.270999908447266,58.6171989440918,144.72109985351562,172.39059448242188,197.43310546875,255.2490997314453,4.071199893951416,0.0032999999821186066,0.618399977684021,0.618399977684021
97,146.1779022216797,118.49600219726562,38.41699981689453,1.3652000427246094,0.3310999870300293,0.4683000147342682,0.6689000129699707,0.0,146.1779022216797,21.954500198364258,69.22630310058594,1384.5264892578125,2.833400011062622,69.02140045166016,69.02140045166016,138.0428009033203,69.22630310058594,69.19229888916016,345.9617004394531,69.11070251464844,69.07039642333984,414.422607421875,68.99500274658203,68.5530014038086,479.87078857421875,68.63870239257812,66.6167984008789,666.1683959960938,21.666400909423828,21.666400909423828,43.332801818847656,20.757400512695312,20.965900421142578,104.82929992675781,20.663400650024414,20.653900146484375,123.92330169677734,20.569400787353516,20.40570068359375,142.83970642089844,19.631900787353516,19.338499069213867,193.38510131835938,145.4387969970703,145.4387969970703,290.8775939941406,146.1779022216797,146.21449279785156,731.0723876953125,145.7666015625,145.9492950439453,875.6959228515625,145.3553009033203,144.53160095214844,1011.7214965820312,144.66160583496094,138.48849487304688,1384.885009765625,0.1656000018119812,0.1656000018119812,0.3310999870300293,0.3310999870300293,1.7724000215530396,8.862199783325195,0.6901000142097473,3.2929999828338623,19.757699966430664,1.0492000579833984,4.677299976348877,32.74079895019531,2.093600034713745,4.498600006103516,44.98609924316406,0.7024000287055969,0.7024000287055969,1.4048000574111938,3.080899953842163,2.395699977874756,11.978400230407715,3.3394999504089355,2.6285998821258545,15.77180004119873,3.5982000827789307,3.1679999828338623,22.17620086669922,3.8440001010894775,4.079699993133545,40.79750061035156,1.2795000076293945,1.2795000076293945,2.559000015258789,3.147700071334839,2.751800060272217,13.759200096130371,3.2118000984191895,2.839200019836426,17.035200119018555,3.275899887084961,3.0065999031066895,21.046100616455078,3.9056999683380127,3.5896999835968018,35.89720153808594,4.480800151824951,4.480800151824951,8.961600303649902,13.032600402832031,12.438400268554688,62.19179916381836,15.482199668884277,14.758600234985352,88.55139923095703,17.931800842285156,17.7460994720459,124.22270202636719,21.86090087890625,20.697599411010742,206.97569274902344,7.501100063323975,-5.661900043487549,21.46299934387207,6.459700107574463,-5.373799800872803,-4.673099994659424,-4.361100196838379,-4.112800121307373,-3.045300006866455,22.2007999420166,21.423099517822266,21.68829917907715,23.10580062866211,29.14579963684082,6.664100170135498,6.492300033569336,6.614200115203857,7.131700038909912,9.067000389099121,0.5465999841690063,0.0681999996304512,5.853700160980225,-2.106800079345703,-4.427700042724609,-7.4156999588012695,-10.364399909973145,6.664100170135498,6.492300033569336,6.614200115203857,7.131700038909912,9.067000389099121,-5.373799800872803,-4.673099994659424,-4.361100196838379,-4.112800121307373,-3.045300006866455,22.2007999420166,21.423099517822266,21.68829917907715,23.10580062866211,29.14579963684082,60.35609817504883,139.56300354003906,165.29519653320312,188.97520446777344,273.22100830078125,3.915600061416626,0.10249999910593033,0.678600013256073,0.678600013256073
98,168.5570068359375,139.239501953125,25.377899169921875,6.622099876403809,1.3797999620437622,1.6883000135421753,4.635499954223633,0.9933000206947327,168.5570068359375,14.73639965057373,73.8324966430664,1476.650146484375,15.318900108337402,74.4375991821289,74.4375991821289,148.87530517578125,77.07039642333984,77.18060302734375,385.90301513671875,78.15260314941406,77.52300262451172,465.1379089355469,77.07039642333984,77.36109924316406,541.5274047851562,76.3102035522461,76.77290344238281,767.7288818359375,14.605400085449219,14.605400085449219,29.210899353027344,14.253399848937988,14.359399795532227,71.7970962524414,14.322099685668945,14.364700317382812,86.18800354003906,14.253399848937988,14.225799560546875,99.58090209960938,14.166399955749512,13.986700057983398,139.86720275878906,170.639892578125,170.639892578125,341.27978515625,178.23939514160156,177.8719940185547,889.3602905273438,180.2288055419922,178.59640502929688,1071.5784912109375,178.23939514160156,178.1074981689453,1246.75244140625,174.7928009033203,176.27560424804688,1762.75634765625,2.1923000812530518,2.1923000812530518,4.384699821472168,4.226200103759766,5.056099891662598,25.28070068359375,5.2133002281188965,6.218699932098389,37.3120002746582,6.200300216674805,6.758699893951416,47.31100082397461,5.2133002281188965,6.139999866485596,61.4005012512207,0.8345000147819519,0.8345000147819519,1.6689000129699707,3.3766000270843506,5.4145002365112305,27.07229995727539,6.026100158691406,7.5096001625061035,45.057701110839844,8.675600051879883,8.259699821472168,57.81809997558594,7.055500030517578,7.2870001792907715,72.87020111083984,6.689000129699707,6.689000129699707,13.377900123596191,6.755899906158447,9.077699661254883,45.38840103149414,8.841099739074707,11.218500137329102,67.31069946289062,10.926400184631348,11.199399948120117,78.39600372314453,9.933099746704102,10.092599868774414,100.92639923095703,14.397700309753418,14.397700309753418,28.795400619506836,22.33209991455078,31.920700073242188,159.60369873046875,32.904998779296875,41.4718017578125,248.83059692382812,43.47779846191406,44.2671012878418,309.86968994140625,37.572200775146484,39.525001525878906,395.2496032714844,-3.085700035095215,0.5792999863624573,-19.762399673461914,-6.204500198364258,0.7103999853134155,0.9570000171661377,0.9519000053405762,1.09089994430542,1.3307000398635864,-21.843299865722656,-29.072099685668945,-29.79680061340332,-29.3085994720459,-27.47949981689453,-6.808800220489502,-9.550100326538086,-9.892600059509277,-9.730799674987793,-9.143400192260742,0.8312000036239624,0.5157999992370605,-2.1647000312805176,-19.68950080871582,-29.24049949645996,-32.03559875488281,-27.292400360107422,-6.808800220489502,-9.550100326538086,-9.892600059509277,-9.730799674987793,-9.143400192260742,0.7103999853134155,0.9570000171661377,0.9519000053405762,1.09089994430542,1.3307000398635864,-21.843299865722656,-29.072099685668945,-29.79680061340332,-29.3085994720459,-27.47949981689453,58.91659927368164,143.7104949951172,171.8365020751953,200.47390747070312,281.0415954589844,1.8036999702453613,2.3180999755859375,0.9975000023841858,0.9975000023841858
99,147.48800659179688,125.92459869384766,33.36249923706055,0.9412000179290771,0.337799996137619,0.6689000129699707,0.7493000030517578,0.3310999870300293,147.48800659179688,17.334299087524414,69.54309844970703,1390.86181640625,3.0283000469207764,69.83589935302734,69.83589935302734,139.67190551757812,70.36979675292969,70.16780090332031,350.8388977050781,70.35040283203125,70.19499969482422,421.1697998046875,70.33940124511719,70.2155990600586,491.5091857910156,70.33519744873047,70.17769622802734,701.776611328125,17.50790023803711,17.50790023803711,35.01580047607422,17.69179916381836,17.66900062561035,88.34510040283203,17.68670082092285,17.621200561523438,105.72730255126953,17.681499481201172,17.536699295043945,122.75659942626953,17.371200561523438,17.356800079345703,173.5677947998047,148.09039306640625,148.09039306640625,296.1807861328125,148.9720001220703,148.731201171875,743.6558227539062,148.8323974609375,148.7238006591797,892.343017578125,148.96640014648438,148.7584991455078,1041.3094482421875,149.11180114746094,149.1497039794922,1491.4970703125,0.3343999981880188,0.3343999981880188,0.6689000129699707,0.3310999870300293,0.26759999990463257,1.3378000259399414,0.3310999870300293,0.27810001373291016,1.6689000129699707,0.3310999870300293,0.23839999735355377,1.6689000129699707,0.3310999870300293,0.2615000009536743,2.614799976348877,0.1656000018119812,0.1656000018119812,0.3310999870300293,0.3310999870300293,0.2662000060081482,1.3312000036239624,0.3310999870300293,0.29989999532699585,1.7994999885559082,0.3310999870300293,0.3043999969959259,2.1305999755859375,0.3345000147819519,0.8130999803543091,8.130499839782715,0.6362000107765198,0.6362000107765198,1.2723000049591064,0.0,0.25450000166893005,1.2723000049591064,0.1656000018119812,0.3224000036716461,1.934499979019165,0.3310999870300293,0.3837999999523163,2.6868999004364014,0.5033000111579895,0.5134000182151794,5.133999824523926,2.244999885559082,2.244999885559082,4.4899001121521,1.3379000425338745,1.6318000555038452,8.159000396728516,1.3997999429702759,1.6585999727249146,9.951700210571289,1.4213000535964966,1.6246999502182007,11.372900009155273,1.6272000074386597,2.841099977493286,28.41080093383789,7.30620002746582,-1.041700005531311,20.15290069580078,6.142899990081787,-1.2152999639511108,-1.3762999773025513,-1.3284000158309937,-1.2438000440597534,-1.063599944114685,19.549100875854492,18.906400680541992,18.913799285888672,18.878999710083008,18.484600067138672,5.8495001792907715,5.5167999267578125,5.489699840545654,5.469099998474121,5.506199836730957,0.4284999966621399,0.22280000150203705,8.089500427246094,8.699799537658691,8.672300338745117,8.705699920654297,7.492099761962891,5.8495001792907715,5.5167999267578125,5.489699840545654,5.469099998474121,5.506199836730957,-1.2152999639511108,-1.3762999773025513,-1.3284000158309937,-1.2438000440597534,-1.063599944114685,19.549100875854492,18.906400680541992,18.913799285888672,18.878999710083008,18.484600067138672,35.85540008544922,136.1840057373047,168.9246063232422,186.44090270996094,251.08250427246094,3.837399959564209,0.18080000579357147,0.7430999875068665,0.7430999875068665
100,173.31419372558594,132.22799682617188,27.20840072631836,3.081700086593628,0.6621999740600586,1.1937999725341797,1.7942999601364136,2.021699905395508,173.31419372558594,13.375200271606445,75.85289764404297,1517.05859375,8.753700256347656,75.86219787597656,75.86219787597656,151.72439575195312,75.87149810791016,75.99040222167969,379.951904296875,75.87100219726562,75.72930145263672,454.3760070800781,75.87059783935547,75.21199798583984,526.4840087890625,75.13849639892578,73.60289764404297,736.0294189453125,13.518699645996094,13.518699645996094,27.037399291992188,13.68529987335205,13.748499870300293,68.74259948730469,13.844599723815918,13.793100357055664,82.75890350341797,13.704899787902832,13.780500411987305,96.46379852294922,13.718899726867676,13.82919979095459,138.2917938232422,173.2958984375,173.2958984375,346.5917053222656,173.8177947998047,173.78250122070312,868.9124755859375,173.5659942626953,173.2053985595703,1039.2325439453125,173.31419372558594,171.9676971435547,1203.7738037109375,171.79879760742188,167.8278045654297,1678.2781982421875,0.5,0.5,1.0,1.7831000089645386,1.2769999504089355,6.385200023651123,1.222599983215332,1.1194000244140625,6.716300010681152,0.7404000163078308,1.0651999711990356,7.456699848175049,0.8407999873161316,0.9679999947547913,9.679699897766113,1.3839999437332153,1.3839999437332153,2.7681000232696533,1.6689000129699707,1.7523000240325928,8.76140022277832,1.8452999591827393,2.0285000801086426,12.17080020904541,2.021699905395508,2.1452999114990234,15.017000198364258,2.183000087738037,2.1919000148773193,21.91860008239746,2.435499906539917,2.435499906539917,4.8709001541137695,2.2360999584198,2.5876998901367188,12.938599586486816,2.658900022506714,3.1807000637054443,19.0841007232666,3.081700086593628,3.4718000888824463,24.302600860595703,3.4788999557495117,3.461699962615967,34.61750030517578,6.50600004196167,6.50600004196167,13.011899948120117,8.753700256347656,9.3858003616333,46.92879867553711,9.752599716186523,10.668700218200684,64.01219940185547,10.75160026550293,11.107600212097168,77.75299835205078,11.651200294494629,11.293800354003906,112.93779754638672,3.4795000553131104,1.940500020980835,-24.51959991455078,-8.225000381469727,1.7970999479293823,1.5678999423980713,1.5233999490737915,1.5362000465393066,1.4881999492645264,-24.499300003051758,-24.982500076293945,-24.405799865722656,-23.168699264526367,-19.031600952148438,-8.233400344848633,-8.35990047454834,-8.098899841308594,-7.581699848175049,-5.973499774932861,0.661300003528595,0.6854000091552734,5.727099895477295,2.8454999923706055,1.562600016593933,1.1239999532699585,0.9387999773025513,-8.233400344848633,-8.35990047454834,-8.098899841308594,-7.581699848175049,-5.973499774932861,1.7970999479293823,1.5678999423980713,1.5233999490737915,1.5362000465393066,1.4881999492645264,-24.499300003051758,-24.982500076293945,-24.405799865722656,-23.168699264526367,-19.031600952148438,53.61130142211914,131.90640258789062,160.481201171875,192.2595977783203,278.0469970703125,4.5503997802734375,-0.4287000000476837,0.1647000014781952,0.1647000014781952
101,184.710693359375,147.7194061279297,31.347700119018555,2.823699951171875,0.0,0.743399977684021,0.743399977684021,1.0534000396728516,184.710693359375,19.011499404907227,82.12439727783203,1642.489013671875,5.363900184631348,82.26699829101562,82.26699829101562,164.5341033935547,82.79940032958984,82.78399658203125,413.9197998046875,82.95649719238281,82.93460083007812,497.6077880859375,83.11370086669922,83.06829833984375,581.47802734375,83.58039855957031,83.53179931640625,835.3178100585938,18.971599578857422,18.971599578857422,37.943199157714844,18.978700637817383,19.01849937438965,95.09249877929688,18.995100021362305,19.060800552368164,114.364501953125,18.978700637817383,19.010700225830078,133.07460021972656,18.9375,18.713899612426758,187.1392059326172,185.00010681152344,185.00010681152344,370.0002136230469,186.1387939453125,185.94400024414062,929.7197875976562,186.29629516601562,186.2716064453125,1117.6295166015625,186.45379638671875,186.61940002441406,1306.336181640625,187.51840209960938,187.92030334472656,1879.2032470703125,0.1656000018119812,0.1656000018119812,0.3310999870300293,0.337799996137619,0.3774000108242035,1.8869999647140503,0.40299999713897705,0.39250001311302185,2.3552000522613525,0.337799996137619,0.3837999999523163,2.686300039291382,0.40299999713897705,0.542900025844574,5.429200172424316,1.1263999938964844,1.1263999938964844,2.2527999877929688,1.1993999481201172,1.3359999656677246,6.679800033569336,1.2822999954223633,1.5078999996185303,9.047599792480469,1.3652000427246094,1.5348000526428223,10.74370002746582,1.1305999755859375,1.3009999990463257,13.010499954223633,2.529900074005127,2.529900074005127,5.059800148010254,1.7014000415802002,2.017899990081787,10.089699745178223,1.7021000385284424,1.965399980545044,11.792400360107422,1.7014000415802002,1.8274999856948853,12.792400360107422,1.664199948310852,1.4129999876022339,14.13029956817627,5.5457000732421875,5.5457000732421875,11.091500282287598,5.585700035095215,5.7291998863220215,28.646099090576172,5.656599998474121,6.030900001525879,36.18519973754883,5.585700035095215,5.964700222015381,41.752601623535156,5.465700149536133,5.130899906158447,51.30870056152344,2.1958999633789062,-0.6050999760627747,-5.5269999504089355,-1.0650999546051025,-0.5651999711990356,-0.6118000149726868,-0.6539000272750854,-0.6036999821662903,-0.30660000443458557,-5.814000129699707,-6.752600193023682,-7.0802998542785645,-7.428800106048584,-8.732799530029297,-1.2066999673843384,-1.721500039100647,-1.8722000122070312,-2.00600004196167,-2.470900058746338,0.7983999848365784,0.7283999919891357,2.0139999389648438,1.8301000595092773,1.5285999774932861,1.5951999425888062,2.426500082015991,-1.2066999673843384,-1.721500039100647,-1.8722000122070312,-2.00600004196167,-2.470900058746338,-0.5651999711990356,-0.6118000149726868,-0.6539000272750854,-0.6036999821662903,-0.30660000443458557,-5.814000129699707,-6.752600193023682,-7.0802998542785645,-7.428800106048584,-8.732799530029297,57.926300048828125,161.1125946044922,198.03919982910156,227.05270385742188,308.5799865722656,4.105299949645996,-0.19329999387264252,0.42899999022483826,0.42899999022483826
102,158.3188018798828,131.07159423828125,30.57069969177246,0.3312000036239624,0.0,0.337799996137619,0.0066999997943639755,0.4683000147342682,158.3188018798828,15.738300323486328,72.0625,1441.25,1.1439000368118286,72.11759948730469,72.11759948730469,144.235107421875,72.19740295410156,72.1791000366211,360.8955078125,72.18499755859375,72.15080261230469,432.9049987792969,72.17259979248047,72.1447982788086,505.0140075683594,72.19280242919922,72.18560028076172,721.8557739257812,15.967900276184082,15.967900276184082,31.935800552368164,16.197500228881836,16.068199157714844,80.34089660644531,16.09980010986328,16.025400161743164,96.15229797363281,16.002199172973633,15.956100463867188,111.69259643554688,15.774900436401367,15.773599624633789,157.73599243164062,158.48399353027344,158.48399353027344,316.9679870605469,158.7097930908203,158.66600036621094,793.3297729492188,158.74240112304688,158.69540405273438,952.1721801757812,158.77499389648438,158.80079650878906,1111.6055908203125,158.85960388183594,159.20550537109375,1592.055419921875,0.0,0.0,0.0,0.0,0.0,0.0,0.0,0.0,0.0,0.0,0.04729999974370003,0.3310999870300293,0.0,0.10000000149011612,1.0,0.4706000089645386,0.4706000089645386,0.9412999749183655,0.4729999899864197,0.5532000064849854,2.7657999992370605,0.6082000136375427,0.5853999853134155,3.512200117111206,0.6689000129699707,0.5972999930381775,4.181099891662598,0.570900022983551,0.5730000138282776,5.729800224304199,0.4934000074863434,0.4934000074863434,0.9866999983787537,0.6554999947547913,0.5986999869346619,2.9934000968933105,0.6654999852180481,0.6565999984741211,3.9393999576568604,0.675599992275238,0.6978999972343445,4.88539981842041,0.6654999852180481,0.6215999722480774,6.2164998054504395,1.6045000553131104,1.6045000553131104,3.2090001106262207,2.0650999546051025,2.1036999225616455,10.518600463867188,2.2093000411987305,2.312999963760376,13.877799987792969,2.3534998893737793,2.5394999980926514,17.776500701904297,2.907599925994873,2.6714000701904297,26.714399337768555,9.190600395202637,0.5543000102043152,9.322099685668945,3.623500108718872,0.3246999979019165,0.22460000216960907,0.26750001311302185,0.3368000090122223,0.519599974155426,9.155500411987305,8.971599578857422,8.942299842834473,8.836700439453125,8.428799629211426,3.5678999423980713,3.505500078201294,3.533799886703491,3.539799928665161,3.498300075531006,0.1776999980211258,0.37139999866485596,8.729999542236328,8.227899551391602,8.017900466918945,7.790900230407715,7.6616997718811035,3.5678999423980713,3.505500078201294,3.533799886703491,3.539799928665161,3.498300075531006,0.3246999979019165,0.22460000216960907,0.26750001311302185,0.3368000090122223,0.519599974155426,9.155500411987305,8.971599578857422,8.942299842834473,8.836700439453125,8.428799629211426,52.99480056762695,110.29060363769531,146.10049438476562,171.07510375976562,263.6626892089844,4.370200157165527,-0.3521000146865845,0.2304999977350235,0.2304999977350235
103,158.9239044189453,137.0177001953125,30.597900390625,0.0,0.3310999870300293,0.0,0.337799996137619,0.3310999870300293,158.9239044189453,17.92180061340332,74.91999816894531,1498.3994140625,1.0,74.8041000366211,74.8041000366211,149.60830688476562,74.8772964477539,74.85590362548828,374.2796936035156,74.89859771728516,74.93620300292969,449.6173095703125,74.91999816894531,74.99019622802734,524.9312133789062,75.10199737548828,75.03800201416016,750.37939453125,17.918500900268555,17.918500900268555,35.83700180053711,18.248300552368164,18.31369972229004,91.568603515625,18.414899826049805,18.358400344848633,110.15019989013672,18.575000762939453,18.389299392700195,128.72509765625,18.22249984741211,18.331499099731445,183.3144989013672,158.77139282226562,158.77139282226562,317.54290771484375,158.9239044189453,158.86419677734375,794.32080078125,158.9239044189453,158.99830627441406,953.9896850585938,158.9239044189453,159.0509033203125,1113.3564453125,159.0532989501953,159.0959930419922,1590.9595947265625,0.1656000018119812,0.1656000018119812,0.3310999870300293,0.3310999870300293,0.2662000060081482,1.3310999870300293,0.3310999870300293,0.22190000116825104,1.3310999870300293,0.3310999870300293,0.19020000100135803,1.3310999870300293,0.0,0.1331000030040741,1.3310999870300293,0.3343999981880188,0.3343999981880188,0.6689000129699707,0.32440000772476196,0.20000000298023224,1.0,0.1655000001192093,0.16779999434947968,1.006700038909912,0.32440000772476196,0.21070000529289246,1.4749000072479248,0.3310999870300293,0.2475000023841858,2.474900007247925,0.0,0.0,0.0,0.0,0.06620000302791595,0.3310999870300293,0.0,0.1103999987244606,0.6622999906539917,0.0,0.1429000049829483,1.000100016593933,0.0,0.1477999985218048,1.4778000116348267,0.6689000129699707,0.6689000129699707,1.3378000259399414,1.0,0.8959000110626221,4.479599952697754,0.9966999888420105,0.8592000007629395,5.155399799346924,1.0,0.9185000061988831,6.429699897766113,0.9966999888420105,0.8906999826431274,8.907400131225586,7.509099960327148,0.09099999815225601,19.8927001953125,5.854899883270264,0.09449999779462814,-0.30000001192092896,-0.3443000018596649,-0.375,-0.31610000133514404,20.046100616455078,19.956199645996094,19.822399139404297,19.770000457763672,19.724899291992188,5.97130012512207,5.9197998046875,5.839200019836426,5.784999847412109,5.736000061035156,0.066600002348423,0.37549999356269836,7.838799953460693,7.608399868011475,7.644599914550781,7.58489990234375,7.611000061035156,5.97130012512207,5.9197998046875,5.839200019836426,5.784999847412109,5.736000061035156,0.09449999779462814,-0.30000001192092896,-0.3443000018596649,-0.375,-0.31610000133514404,20.046100616455078,19.956199645996094,19.822399139404297,19.770000457763672,19.724899291992188,0.0,100.2676010131836,100.2676010131836,128.91549682617188,229.18310546875,4.553400039672852,-0.4788999855518341,0.17190000414848328,0.17190000414848328
104,174.41099548339844,127.49600219726562,29.431299209594727,10.843799591064453,3.144200086593628,8.527799606323242,10.29699993133545,8.820899963378906,174.41099548339844,16.27429962158203,76.7822036743164,1535.6446533203125,41.63370132446289,76.31620025634766,76.31620025634766,152.63229370117188,75.86630249023438,75.95210266113281,379.7605895996094,75.87889862060547,75.94200134277344,455.6521911621094,75.86630249023438,75.93080139160156,531.5155029296875,75.85669708251953,75.86869812011719,758.68701171875,16.389299392700195,16.389299392700195,32.77870178222656,16.3971004486084,16.25,81.2499008178711,16.3356990814209,16.118900299072266,96.7136001586914,16.27429962158203,16.017799377441406,112.12429809570312,15.620499610900879,15.898599624633789,158.9857940673828,172.9844970703125,172.9844970703125,345.9689025878906,171.5579071044922,171.73980712890625,858.6990966796875,171.5883026123047,171.74899291992188,1030.4940185546875,171.61880493164062,171.76319885253906,1202.34228515625,171.5883026123047,171.70339965820312,1717.0335693359375,2.406599998474121,2.406599998474121,4.8130998611450195,0.7404000163078308,1.110700011253357,5.553500175476074,0.3702000081539154,0.925599992275238,5.553500175476074,0.3310999870300293,0.8406999707221985,5.8846001625061035,0.3310999870300293,0.6553000211715698,6.553500175476074,7.603300094604492,7.603300094604492,15.206600189208984,4.034599781036377,4.009500026702881,20.047300338745117,2.2513999938964844,3.396399974822998,20.378400802612305,0.4683000147342682,2.9112000465393066,20.378400802612305,0.3343999981880188,2.0378000736236572,20.378400802612305,10.319499969482422,10.319499969482422,20.638999938964844,7.569699764251709,5.934000015258789,29.67020034790039,4.281499862670898,5.069900035858154,30.419599533081055,0.9933000206947327,4.452300071716309,31.1658992767334,0.7477999925613403,3.182800054550171,31.828100204467773,37.07699966430664,37.07699966430664,74.15409851074219,22.67690086364746,20.216999053955078,101.08529663085938,12.731399536132812,17.140199661254883,102.84120178222656,2.7860000133514404,14.940099716186523,104.58090209960938,1.7477999925613403,10.59119987487793,105.91200256347656,-29.40049934387207,-0.9585999846458435,-25.61639976501465,-9.15429973602295,-1.0735000371932983,-0.9336000084877014,-0.8023999929428101,-0.7009999752044678,-0.5812000036239624,-24.18790054321289,-22.939899444580078,-22.949399948120117,-22.96419906616211,-22.90719985961914,-8.687299728393555,-8.321700096130371,-8.311599731445312,-8.30049991607666,-8.2391996383667,0.9236000180244446,0.9532999992370605,-24.8439998626709,-7.985799789428711,-4.908899784088135,-2.7086000442504883,1.6413999795913696,-8.687299728393555,-8.321700096130371,-8.311599731445312,-8.30049991607666,-8.2391996383667,-1.0735000371932983,-0.9336000084877014,-0.8023999929428101,-0.7009999752044678,-0.5812000036239624,-24.18790054321289,-22.939899444580078,-22.949399948120117,-22.96419906616211,-22.90719985961914,53.86840057373047,145.04510498046875,188.01690673828125,188.01690673828125,273.7762145996094,4.092899799346924,0.02879999950528145,0.6435999870300293,0.6435999870300293
105,205.09579467773438,161.24940490722656,28.01449966430664,9.098199844360352,1.344499945640564,3.327500104904175,4.324399948120117,2.4316000938415527,205.09579467773438,17.028600692749023,89.0728988647461,1781.4571533203125,20.526199340820312,89.71700286865234,89.71700286865234,179.43409729003906,90.62020111083984,90.52290344238281,452.6145935058594,90.85299682617188,90.72709655761719,544.3624267578125,91.08589935302734,90.82019805908203,635.7410888671875,91.08209991455078,90.85929870605469,908.5928955078125,16.695199966430664,16.695199966430664,33.39030075073242,16.3617000579834,16.511199951171875,82.55580139160156,16.575899124145508,16.603700637817383,99.62229919433594,16.73819923400879,16.622900009155273,116.36039733886719,16.468799591064453,16.54450035095215,165.44459533691406,206.7292938232422,206.7292938232422,413.4585876464844,208.86459350585938,208.61770629882812,1043.0885009765625,209.55909729003906,208.8903045654297,1253.3419189453125,208.86459350585938,208.85389709472656,1461.97705078125,208.61669921875,208.47760009765625,2084.776611328125,1.3344999551773071,1.3344999551773071,2.6689000129699707,0.7462999820709229,0.8447999954223633,4.224100112915039,0.7042999863624573,0.8144000172615051,4.88640022277832,0.7462999820709229,1.0599000453948975,7.419400215148926,1.3344999551773071,1.7410000562667847,17.410200119018555,1.739300012588501,1.739300012588501,3.478600025177002,2.4316000938415527,2.4372000694274902,12.186100006103516,2.389699935913086,2.422300100326538,14.533900260925293,2.347899913787842,2.210700035095215,15.475199699401855,2.389699935913086,2.7811999320983887,27.811800003051758,6.204599857330322,6.204599857330322,12.409199714660645,3.311000108718872,4.091700077056885,20.458499908447266,3.1946001052856445,3.8125998973846436,22.87540054321289,3.0780999660491943,3.401700019836426,23.811899185180664,3.1946001052856445,4.083399772644043,40.83440017700195,14.276599884033203,14.276599884033203,28.553300857543945,11.630000114440918,12.173700332641602,60.86830139160156,10.285400390625,11.634900093078613,69.80919647216797,8.940799713134766,10.793999671936035,75.55770111083984,11.441100120544434,13.972399711608887,139.72410583496094,-7.685100078582764,0.5378999710083008,-9.192899703979492,-0.7476999759674072,0.871399998664856,1.0556999444961548,0.9632999897003174,0.9442999958992004,1.0232000350952148,-10.824600219726562,-12.708399772644043,-12.979700088500977,-12.942000389099121,-12.564499855041504,-1.3910000324249268,-2.1947999000549316,-2.3982999324798584,-2.490799903869629,-2.5292000770568848,0.9169999957084656,0.7484999895095825,-1.4357000589370728,0.6733999848365784,1.2151000499725342,2.058799982070923,-1.1124000549316406,-1.3910000324249268,-2.1947999000549316,-2.3982999324798584,-2.490799903869629,-2.5292000770568848,0.871399998664856,1.0556999444961548,0.9632999897003174,0.9442999958992004,1.0232000350952148,-10.824600219726562,-12.708399772644043,-12.979700088500977,-12.942000389099121,-12.564499855041504,55.83259963989258,145.3018035888672,175.78469848632812,211.5946044921875,316.0902099609375,4.535200119018555,-0.4350999891757965,0.2547000050544739,0.2547000050544739
106,151.7946014404297,123.12879943847656,25.55389976501465,1.0470000505447388,1.0133999586105347,0.3310999870300293,0.9933000206947327,1.0,151.7946014404297,15.092599868774414,67.70040130615234,1354.008056640625,4.384799957275391,67.91230010986328,67.91230010986328,135.82449340820312,68.86319732666016,69.10079956054688,345.50421142578125,69.39440155029297,69.56839752197266,417.41070556640625,69.92569732666016,69.93789672851562,489.565185546875,71.39859771728516,70.74250030517578,707.4251708984375,15.062899589538574,15.062899589538574,30.125900268554688,15.092599868774414,15.231599807739258,76.158203125,15.213700294494629,15.306900024414062,91.84130096435547,15.334799766540527,15.323200225830078,107.26219940185547,15.551899909973145,15.866999626159668,158.66969299316406,152.15469360351562,152.15469360351562,304.30950927734375,153.91189575195312,154.44549560546875,772.2274169921875,154.8704071044922,155.45970153808594,932.7581787109375,155.82879638671875,156.31100463867188,1094.177001953125,159.35400390625,158.1678009033203,1581.6781005859375,1.0032999515533447,1.0032999515533447,2.006700038909912,0.9933000206947327,0.8012999892234802,4.006700038909912,1.0032999515533447,0.8906999826431274,5.3445000648498535,1.0133999586105347,0.913100004196167,6.391499996185303,1.1923999786376953,2.189500093460083,21.895099639892578,1.1689000129699707,1.1689000129699707,2.3378000259399414,1.0,1.080399990081787,5.401800155639648,1.1689000129699707,1.1344000101089478,6.80649995803833,1.3378000259399414,1.448799967765808,10.141599655151367,1.388200044631958,2.519200086593628,25.191999435424805,1.2353999614715576,1.2353999614715576,2.4707000255584717,1.423699975013733,1.471500039100647,7.357399940490723,1.5631999969482422,1.5572999715805054,9.344099998474121,1.7027000188827515,2.004499912261963,14.031800270080566,2.0585999488830566,3.3750998973846436,33.75130081176758,5.407599925994873,5.407599925994873,10.815199851989746,5.357900142669678,5.461900234222412,27.30929946899414,5.894199848175049,6.115200042724609,36.69139862060547,6.4303998947143555,7.487299919128418,52.41080093383789,7.945499897003174,13.215499877929688,132.1551971435547,2.5754001140594482,1.482100009918213,-1.531599998474121,0.8179000020027161,1.5119999647140503,1.344099998474121,1.2690999507904053,1.253100037574768,0.710099995136261,-1.8940000534057617,-4.191400051116943,-5.207799911499023,-6.061299800872803,-7.924699783325195,0.6051999926567078,-0.5856000185012817,-1.0540000200271606,-1.4242000579833984,-2.2309999465942383,0.5376999974250793,0.666100025177002,1.55239999294281,1.4979000091552734,0.8446000218391418,-0.527400016784668,-6.2555999755859375,0.6051999926567078,-0.5856000185012817,-1.0540000200271606,-1.4242000579833984,-2.2309999465942383,1.5119999647140503,1.344099998474121,1.2690999507904053,1.253100037574768,0.710099995136261,-1.8940000534057617,-4.191400051116943,-5.207799911499023,-6.061299800872803,-7.924699783325195,60.21149826049805,148.54519653320312,171.8874053955078,186.2113037109375,186.2113037109375,3.971100091934204,0.14569999277591705,0.7621999979019165,0.7621999979019165
107,119.2300033569336,98.40730285644531,28.071300506591797,0.3310999870300293,0.4683000147342682,0.0,0.3310999870300293,0.0,119.2300033569336,15.264300346374512,58.78129959106445,1175.6268310546875,1.1304999589920044,58.80440139770508,58.80440139770508,117.60870361328125,58.80189895629883,58.7494010925293,293.7471923828125,58.79159927368164,58.659698486328125,351.9584045410156,58.78129959106445,58.571800231933594,410.002197265625,58.34360122680664,58.39899826049805,583.9904174804688,15.264300346374512,15.264300346374512,30.52869987487793,14.98330020904541,14.981900215148926,74.90969848632812,14.98330020904541,14.982199668884277,89.89309692382812,14.98330020904541,15.022500038146973,105.15740203857422,15.264300346374512,15.176300048828125,151.76339721679688,119.17330169677734,119.17330169677734,238.3466033935547,119.2300033569336,119.1792984008789,595.8964233398438,119.17330169677734,118.97440338134766,713.8466796875,119.1166000366211,118.75150299072266,831.2603759765625,118.35919952392578,118.12460327148438,1181.245849609375,0.40310001373291016,0.40310001373291016,0.8061000108718872,0.4683000147342682,0.5745999813079834,2.8729000091552734,0.5651999711990356,0.5892000198364258,3.535099983215332,0.4683000147342682,0.5049999952316284,3.535099983215332,0.5651999711990356,0.5203999876976013,5.20389986038208,0.0,0.0,0.0,0.0,0.13379999995231628,0.6689000129699707,0.1656000018119812,0.16670000553131104,1.0,0.3310999870300293,0.19020000100135803,1.3310999870300293,0.3310999870300293,0.26100000739097595,2.610100030899048,0.1656000018119812,0.1656000018119812,0.3310999870300293,0.0,0.06620000302791595,0.3310999870300293,0.0,0.0551999993622303,0.3310999870300293,0.0,0.11420000344514847,0.7993999719619751,0.1656000018119812,0.20759999752044678,2.0764000415802,1.068600058555603,1.068600058555603,2.137200117111206,1.1304999589920044,1.2408000230789185,6.203999996185303,1.2308000326156616,1.2558000087738037,7.535099983215332,1.2676000595092773,1.2575000524520874,8.80270004272461,1.299399971961975,1.5520000457763672,15.520000457763672,9.770700454711914,1.8761999607086182,49.67380142211914,17.841100692749023,1.8762999773025513,2.1593000888824463,2.1591999530792236,2.1191000938415527,1.96589994430542,49.740699768066406,49.765201568603516,49.979801177978516,50.21220016479492,50.86539840698242,17.82229995727539,17.889799118041992,17.98349952697754,18.07539939880371,18.259000778198242,0.17409999668598175,0.09700000286102295,9.832300186157227,9.659600257873535,9.644399642944336,9.642499923706055,9.348099708557129,17.82229995727539,17.889799118041992,17.98349952697754,18.07539939880371,18.259000778198242,1.8762999773025513,2.1593000888824463,2.1591999530792236,2.1191000938415527,1.96589994430542,49.740699768066406,49.765201568603516,49.979801177978516,50.21220016479492,50.86539840698242,28.647899627685547,136.16839599609375,171.8874053955078,171.8874053955078,264.902099609375,3.928800106048584,0.11029999703168869,0.6671000123023987,0.6671000123023987
108,177.06910705566406,143.6746063232422,26.57080078125,5.404699802398682,0.743399977684021,1.0555000305175781,2.1215999126434326,2.429800033569336,177.06910705566406,15.297100067138672,78.15560150146484,1563.112060546875,11.754899978637695,78.93000030517578,78.93000030517578,157.86000061035156,81.16380310058594,80.32759857177734,401.6379089355469,81.23269653320312,80.52999877929688,483.17999267578125,81.30149841308594,80.78970336914062,565.528076171875,81.42729949951172,81.6541976928711,816.5416870117188,15.333700180053711,15.333700180053711,30.667400360107422,15.003800392150879,14.615099906921387,73.07540130615234,14.519700050354004,14.352299690246582,86.11380004882812,14.035699844360352,14.306099891662598,100.1427993774414,14.84160041809082,14.717000007629395,147.17039489746094,179.20199584960938,179.20199584960938,358.40399169921875,185.82969665527344,183.30340576171875,916.51708984375,185.82969665527344,183.94479370117188,1103.668701171875,185.82969665527344,184.63560485839844,1292.4493408203125,186.80259704589844,186.5601043701172,1865.6005859375,0.6082000136375427,0.6082000136375427,1.2164000272750854,0.3310999870300293,0.3095000088214874,1.5475000143051147,0.1656000018119812,0.2578999996185303,1.5475000143051147,0.3310999870300293,0.26840001344680786,1.878600001335144,0.3343999981880188,0.3215999901294708,3.216399908065796,2.2290000915527344,2.2290000915527344,4.458099842071533,1.0534000396728516,1.5023000240325928,7.511499881744385,1.357800006866455,1.5290000438690186,9.173700332641602,1.0597000122070312,1.461899995803833,10.233400344848633,1.6884000301361084,1.5956000089645386,15.956399917602539,5.351200103759766,5.351200103759766,10.702300071716309,1.1993999481201172,2.5803000926971436,12.901700019836426,1.6519999504089355,2.5011000633239746,15.006400108337402,1.9536000490188599,2.4228999614715576,16.960100173950195,2.0292000770568848,2.3673999309539795,23.673500061035156,11.317399978637695,11.317399978637695,22.634899139404297,4.59689998626709,6.921899795532227,34.609500885009766,5.9878997802734375,6.9980998039245605,41.988399505615234,7.290299892425537,7.03980016708374,49.27870178222656,7.33459997177124,7.373700141906738,73.73660278320312,0.4819999933242798,-1.6521999835968018,11.01710033416748,13.036100387573242,-1.6887999773025513,-0.9699000120162964,-0.707099974155426,-0.6607999801635742,-1.0714000463485718,8.87969970703125,4.772299766540527,4.1296000480651855,3.4379000663757324,1.5115000009536743,12.260000228881836,10.860199928283691,10.657400131225586,10.397500038146973,9.533100128173828,0.8664000034332275,0.7710000276565552,0.9172999858856201,5.313300132751465,5.237500190734863,5.196100234985352,4.866099834442139,12.260000228881836,10.860199928283691,10.657400131225586,10.397500038146973,9.533100128173828,-1.6887999773025513,-0.9699000120162964,-0.707099974155426,-0.6607999801635742,-1.0714000463485718,8.87969970703125,4.772299766540527,4.1296000480651855,3.4379000663757324,1.5115000009536743,69.38580322265625,126.40540313720703,141.0054931640625,155.8813934326172,241.27310180664062,4.086699962615967,-0.7695000171661377,0.3149999976158142,0.3149999976158142
109,194.72129821777344,136.56509399414062,35.96139907836914,12.492300033569336,1.0492000579833984,4.951499938964844,9.061300277709961,5.38640022277832,194.72129821777344,19.559799194335938,87.185302734375,1743.7061767578125,32.94070053100586,87.36019897460938,87.36019897460938,174.72039794921875,86.03890228271484,85.7322006225586,428.660888671875,85.32579803466797,84.70069885253906,508.20440673828125,84.61260223388672,83.591796875,585.1430053710938,81.41619873046875,80.9291000366211,809.291015625,19.042299270629883,19.042299270629883,38.084598541259766,17.292800903320312,17.094200134277344,85.47109985351562,16.704099655151367,16.71809959411621,100.30829620361328,16.115400314331055,16.4335994720459,115.0353012084961,17.079599380493164,16.679000854492188,166.7895965576172,194.6645050048828,194.6645050048828,389.3290100097656,191.27029418945312,190.43190002441406,952.159423828125,189.593994140625,187.22459411621094,1123.347412109375,187.9178009033203,183.6674041748047,1285.671630859375,177.4152069091797,176.6414031982422,1766.4139404296875,1.1252000331878662,1.1252000331878662,2.250499963760376,1.201300024986267,1.2874000072479248,6.43720006942749,1.201300024986267,1.1967999935150146,7.180600166320801,1.201300024986267,1.2244999408721924,8.571800231933594,1.2627999782562256,1.2664999961853027,12.664799690246582,5.0243000984191895,5.0243000984191895,10.048600196838379,4.252299785614014,4.2993998527526855,21.496999740600586,4.008600234985352,4.137400150299072,24.824499130249023,4.252299785614014,4.258699893951416,29.811199188232422,4.457200050354004,4.258800029754639,42.588401794433594,8.097100257873535,8.097100257873535,16.19409942626953,4.2347002029418945,7.341800212860107,36.708900451660156,7.690800189971924,7.97599983215332,47.8557014465332,10.132499694824219,8.284000396728516,57.98820114135742,4.866600036621094,7.059999942779541,70.59970092773438,26.044099807739258,26.044099807739258,52.088199615478516,22.83989906311035,25.092100143432617,125.46040344238281,24.41160011291504,25.2406005859375,151.4438934326172,25.983400344848633,26.11520004272461,182.80630493164062,25.90959930419922,25.185199737548828,251.8520050048828,-24.431499481201172,-1.5470000505447388,-15.90470027923584,-6.410399913787842,-1.0292999744415283,0.9194999933242798,1.2960000038146973,1.5807000398635864,1.336400032043457,-15.847000122070312,-11.611599922180176,-8.403900146484375,-4.846399784088135,2.179500102996826,-6.584799766540527,-4.956500053405762,-3.925299882888794,-2.816699981689453,-0.15520000457763672,0.9672999978065491,0.939300000667572,-17.536399841308594,-16.587799072265625,-16.736900329589844,-17.611799240112305,-16.683399200439453,-6.584799766540527,-4.956500053405762,-3.925299882888794,-2.816699981689453,-0.15520000457763672,-1.0292999744415283,0.9194999933242798,1.2960000038146973,1.5807000398635864,1.336400032043457,-15.847000122070312,-11.611599922180176,-8.403900146484375,-4.846399784088135,2.179500102996826,68.02729797363281,169.28419494628906,186.0074005126953,214.60989379882812,281.59820556640625,3.5167999267578125,0.557699978351593,0.8712000250816345,0.8712000250816345
110,169.2666015625,122.00399780273438,23.95159912109375,0.4729999899864197,0.6621999740600586,0.3310999870300293,0.4681999981403351,0.0,169.2666015625,15.367600440979004,73.76080322265625,1475.216552734375,1.9345999956130981,74.0114974975586,74.0114974975586,148.02310180664062,74.26229858398438,73.9384994506836,369.6924133300781,74.0114974975586,73.51309967041016,441.07879638671875,73.76080322265625,73.0824966430664,511.577392578125,72.918701171875,72.84320068359375,728.4320068359375,15.494099617004395,15.494099617004395,30.988100051879883,15.620499610900879,15.72599983215332,78.63009643554688,15.620499610900879,15.707599639892578,94.24539947509766,15.620499610900879,15.654199600219727,109.5792007446289,15.753600120544434,16.07550048828125,160.75540161132812,169.783203125,169.783203125,339.56640625,170.29310607910156,169.3704071044922,846.8519287109375,169.7799072265625,168.30979919433594,1009.8590698242188,169.2666015625,167.1605987548828,1170.1240234375,165.24740600585938,165.82749938964844,1658.2750244140625,0.5676000118255615,0.5676000118255615,1.135200023651123,0.6689000129699707,0.6588000059127808,3.2939000129699707,0.7060999870300293,1.1171000003814697,6.7027997970581055,0.743399977684021,1.7281999588012695,12.097299575805664,2.0776000022888184,2.845099925994873,28.451200485229492,0.0,0.0,0.0,1.0470000505447388,1.420799970626831,7.1041998863220215,1.888700008392334,1.6390999555587769,9.834500312805176,2.1389000415802,1.7105000019073486,11.973400115966797,2.8745999336242676,2.882999897003174,28.830299377441406,0.4706000089645386,0.4706000089645386,0.9412999749183655,0.755299985408783,2.0782999992370605,10.391599655151367,2.5362000465393066,2.7274999618530273,16.36479949951172,3.013400077819824,2.7683000564575195,19.37820053100586,3.6651999950408936,3.303999900817871,33.03950119018555,1.674399971961975,1.674399971961975,3.34879994392395,3.7574000358581543,7.139800071716309,35.69879913330078,8.925399780273438,9.118499755859375,54.71110153198242,13.751700401306152,9.780400276184082,68.46279907226562,14.296299934387207,14.963899612426758,149.6392059326172,10.298600196838379,-0.051899999380111694,-20.47209930419922,-6.132900238037109,-0.17820000648498535,-0.40959998965263367,-0.39100000262260437,-0.33739998936653137,-0.7580999732017517,-20.986600875854492,-20.57040023803711,-19.51020050048828,-18.361600875854492,-17.031299591064453,-6.382699966430664,-6.308000087738037,-5.882699966430664,-5.452199935913086,-5.213699817657471,0.2833999991416931,0.07880000025033951,10.558600425720215,5.0914998054504395,3.112799882888794,2.4511001110076904,-2.7314000129699707,-6.382699966430664,-6.308000087738037,-5.882699966430664,-5.452199935913086,-5.213699817657471,-0.17820000648498535,-0.40959998965263367,-0.39100000262260437,-0.33739998936653137,-0.7580999732017517,-20.986600875854492,-20.57040023803711,-19.51020050048828,-18.361600875854492,-17.031299591064453,50.04249954223633,107.33830261230469,122.67130279541016,151.22079467773438,233.43190002441406,4.742700099945068,-0.6208999752998352,0.029100000858306885,0.029100000858306885
111,139.3856964111328,110.32559967041016,29.120500564575195,1.0470999479293823,0.7404000163078308,1.4896999597549438,1.4896999597549438,1.3732999563217163,139.3856964111328,17.398399353027344,64.05619812011719,1281.1246337890625,6.140100002288818,64.25080108642578,64.25080108642578,128.50169372558594,64.65160369873047,64.5282974243164,322.6416015625,64.59339904785156,64.52940368652344,387.17669677734375,64.53520202636719,64.4928970336914,451.4501953125,64.59339904785156,64.55699920654297,645.569580078125,17.243200302124023,17.243200302124023,34.48640060424805,17.398399353027344,17.33769989013672,86.6886978149414,17.398399353027344,17.38249969482422,104.29519653320312,17.398399353027344,17.33919906616211,121.37460327148438,17.310400009155273,17.31220054626465,173.12210083007812,139.79600524902344,139.79600524902344,279.5920104980469,140.46859741210938,140.2626953125,701.3134765625,140.4853057861328,140.31100463867188,841.8657836914062,140.5019989013672,140.36819458007812,982.5772705078125,140.52720642089844,140.95860290527344,1409.58544921875,0.5392000079154968,0.5392000079154968,1.0784000158309937,0.6689000129699707,0.6819000244140625,3.4096999168395996,0.7045999765396118,0.7901999950408936,4.740900039672852,0.7404000163078308,0.8287000060081482,5.8007001876831055,1.0298999547958374,1.5448999404907227,15.449000358581543,0.920799970626831,0.920799970626831,1.8415000438690186,0.4683000147342682,0.5957000255584717,2.9786999225616455,0.4683000147342682,0.6079000234603882,3.647599935531616,0.4683000147342682,0.7111999988555908,4.978700160980225,1.0,1.2244999408721924,12.24470043182373,0.7599999904632568,0.7599999904632568,1.5199999809265137,1.0470999479293823,0.9291999936103821,4.645999908447266,0.8996999859809875,0.8996999859809875,5.398399829864502,1.0470999479293823,0.9424999952316284,6.597799777984619,1.1243000030517578,1.2273000478744507,12.273300170898438,4.316999912261963,4.316999912261963,8.633999824523926,2.5109000205993652,3.3947999477386475,16.973800659179688,3.0539000034332275,3.5095999240875244,21.05739974975586,3.59689998626709,3.80679988861084,26.647600173950195,4.836900234222412,6.42080020904541,64.20819854736328,4.880799770355225,-1.3945000171661377,16.955900192260742,6.680799961090088,-1.239300012588501,-1.3339999914169312,-1.3788000345230103,-1.3356000185012817,-1.3086999654769897,16.543800354003906,16.076200485229492,16.02790069580078,15.970600128173828,15.380000114440918,6.485400199890137,6.207600116729736,6.206299781799316,6.242800235748291,6.178500175476074,0.4715000092983246,0.6317999958992004,6.701399803161621,7.622300148010254,7.507699966430664,7.210700035095215,4.597700119018555,6.485400199890137,6.207600116729736,6.206299781799316,6.242800235748291,6.178500175476074,-1.239300012588501,-1.3339999914169312,-1.3788000345230103,-1.3356000185012817,-1.3086999654769897,16.543800354003906,16.076200485229492,16.02790069580078,15.970600128173828,15.380000114440918,55.765098571777344,144.50750732421875,172.0677947998047,210.63119506835938,320.46051025390625,4.448400020599365,-0.31439998745918274,0.2989000082015991,0.2989000082015991
112,230.8426055908203,172.83749389648438,30.52079963684082,0.0,0.7404000163078308,0.4729999899864197,0.4729999899864197,1.006700038909912,230.8426055908203,17.535400390625,100.18340301513672,2003.6678466796875,2.6930999755859375,100.26390075683594,100.26390075683594,200.52780151367188,100.45249938964844,100.6041030883789,503.0205078125,100.62860107421875,100.8198013305664,604.9188232421875,100.80480194091797,101.03730010986328,707.26123046875,101.56690216064453,101.66919708251953,1016.6917724609375,17.891799926757812,17.891799926757812,35.78369903564453,18.478700637817383,18.405899047851562,92.02950286865234,18.363500595092773,18.346500396728516,110.0792007446289,18.248300552368164,18.256799697875977,127.79759979248047,17.88409996032715,17.824199676513672,178.24159240722656,230.97860717773438,230.97860717773438,461.9573059082031,231.14639282226562,231.50399780273438,1157.5201416015625,231.45179748535156,232.01370239257812,1392.08203125,231.75709533691406,232.56210327148438,1627.9346923828125,233.610595703125,234.71800231933594,2347.18017578125,0.7448999881744385,0.7448999881744385,1.4896999597549438,2.8522000312805176,2.247299909591675,11.236300468444824,2.2806999683380127,2.157599925994873,12.945599555969238,1.7093000411987305,2.0443999767303467,14.310799598693848,1.0587999820709229,1.6469000577926636,16.468700408935547,1.0299999713897705,1.0299999713897705,2.0601000785827637,0.9933000206947327,0.6164000034332275,3.0817999839782715,0.9933000206947327,0.6791999936103821,4.075099945068359,0.9933000206947327,0.6503999829292297,4.552800178527832,1.0,0.8751999735832214,8.752300262451172,0.1688999980688095,0.1688999980688095,0.337799996137619,0.337799996137619,0.3224000036716461,1.6121000051498413,0.337799996137619,0.32499998807907104,1.9499000310897827,0.337799996137619,0.42809998989105225,2.9969000816345215,0.4683000147342682,0.7608000040054321,7.60830020904541,2.9853999614715576,2.9853999614715576,5.970799922943115,4.510700225830078,4.517600059509277,22.58810043334961,4.343299865722656,4.460700035095215,26.763999938964844,4.175899982452393,4.373600006103516,30.61520004272461,5.127200126647949,5.053400039672852,50.53369903564453,7.64139986038208,-1.242799997329712,-63.201698303222656,-24.497400283813477,-1.5992000102996826,-2.113100051879883,-2.0536999702453613,-1.9638999700546265,-1.531000018119812,-63.3390998840332,-63.86650085449219,-64.3759994506836,-64.92459869384766,-67.08370208740234,-24.578399658203125,-24.91950035095215,-25.135099411010742,-25.352699279785156,-25.98539924621582,0.0348999984562397,0.593500018119812,7.349100112915039,5.814000129699707,5.870200157165527,5.9567999839782715,5.279799938201904,-24.578399658203125,-24.91950035095215,-25.135099411010742,-25.352699279785156,-25.98539924621582,-1.5992000102996826,-2.113100051879883,-2.0536999702453613,-1.9638999700546265,-1.531000018119812,-63.3390998840332,-63.86650085449219,-64.3759994506836,-64.92459869384766,-67.08370208740234,57.295799255371094,114.59159851074219,157.5634002685547,186.2113037109375,272.1549987792969,4.151700019836426,-0.13359999656677246,0.4481000006198883,0.4481000006198883
113,155.46539306640625,118.0469970703125,34.890201568603516,0.9933000206947327,0.3310999870300293,0.0,0.0066999997943639755,0.3310999870300293,155.46539306640625,19.609399795532227,72.96710205078125,1459.3416748046875,1.6621999740600586,72.88520050048828,72.88520050048828,145.77040100097656,72.96710205078125,73.08360290527344,365.41790771484375,73.09429931640625,73.16000366210938,438.9599914550781,73.22160339355469,73.21189880371094,512.4833984375,73.47509765625,73.4395980834961,734.3961791992188,19.671600341796875,19.671600341796875,39.343101501464844,19.609399795532227,19.594900131225586,97.97429656982422,19.609399795532227,19.543699264526367,117.26239776611328,19.609399795532227,19.508100509643555,136.55679321289062,19.50149917602539,19.50629997253418,195.0626983642578,155.38729858398438,155.38729858398438,310.77459716796875,155.54620361328125,155.80709838867188,779.035400390625,155.82899475097656,156.00689697265625,936.0416259765625,156.11180114746094,156.11610412597656,1092.8123779296875,156.52340698242188,156.5041046142578,1565.0406494140625,0.3343999981880188,0.3343999981880188,0.6689000129699707,0.337799996137619,0.3885999917984009,1.9431999921798706,0.337799996137619,0.38019999861717224,2.2809998989105225,0.337799996137619,0.373199999332428,2.6120998859405518,0.337799996137619,0.4438999891281128,4.438899993896484,0.1656000018119812,0.1656000018119812,0.3310999870300293,0.3310999870300293,0.20000000298023224,1.0,0.3310999870300293,0.22300000488758087,1.3378000259399414,0.3310999870300293,0.23839999735355377,1.6689000129699707,0.3343999981880188,0.6305999755859375,6.306300163269043,0.8277999758720398,0.8277999758720398,1.655500054359436,0.6621999740600586,0.5986999869346619,2.993299961090088,0.6621999740600586,0.554099977016449,3.324399948120117,0.6621999740600586,0.5425000190734863,3.7973999977111816,0.6689000129699707,1.024399995803833,10.243800163269043,1.3310999870300293,1.3310999870300293,2.6621999740600586,1.3444000482559204,1.2575000524520874,6.287700176239014,1.4129999876022339,1.3260999917984009,7.956600189208984,1.4816999435424805,1.4426000118255615,10.098400115966797,1.6655999422073364,3.2636001110076904,32.636199951171875,5.897600173950195,-1.2029000520706177,23.71820068359375,8.092300415039062,-1.2651000022888184,-1.1881999969482422,-1.1368999481201172,-1.101199984550476,-1.0988999605178833,23.7987003326416,23.384199142456055,23.18440055847168,23.074600219726562,22.683500289916992,8.175100326538086,7.978899955749512,7.902500152587891,7.850299835205078,7.621300220489502,0.5590999722480774,0.3465000092983246,6.228700160980225,6.301799774169922,6.233399868011475,6.117300033569336,4.293700218200684,8.175100326538086,7.978899955749512,7.902500152587891,7.850299835205078,7.621300220489502,-1.2651000022888184,-1.1881999969482422,-1.1368999481201172,-1.101199984550476,-1.0988999605178833,23.7987003326416,23.384199142456055,23.18440055847168,23.074600219726562,22.683500289916992,28.647899627685547,100.2676010131836,128.91549682617188,163.3657989501953,247.46670532226562,4.296599864959717,-0.3846000134944916,0.24539999663829803,0.24539999663829803
114,160.29119873046875,137.9553985595703,197.20790100097656,1.486799955368042,0.6621999740600586,0.0,1.0534000396728516,1.4837000370025635,211.92869567871094,15.507200241088867,118.22019958496094,2364.405029296875,4.686100006103516,118.3114013671875,118.3114013671875,236.622802734375,118.22019958496094,118.19619750976562,590.9810180664062,118.22380065917969,118.20140075683594,709.2081909179688,118.22730255126953,118.27320098876953,827.91259765625,118.38819885253906,118.6686019897461,1186.6861572265625,16.027000427246094,16.027000427246094,32.054100036621094,16.00550079345703,15.911299705505371,79.55660247802734,15.75629997253418,15.700300216674805,94.2020034790039,15.507200241088867,15.545299530029297,108.81719970703125,15.127599716186523,15.295499801635742,152.9550018310547,212.09449768066406,212.09449768066406,424.1889953613281,211.92869567871094,212.0399932861328,1060.1998291015625,211.9210968017578,212.018798828125,1272.1131591796875,211.92869567871094,212.09010314941406,1484.6304931640625,212.3887939453125,212.61740112304688,2126.173828125,0.4966999888420105,0.4966999888420105,0.9933000206947327,0.337799996137619,0.4805000126361847,2.402600049972534,0.5,0.5774000287055969,3.464400053024292,0.6621999740600586,0.6453999876976013,4.5177998542785645,0.7013000249862671,0.6481999754905701,6.481800079345703,1.9608999490737915,1.9608999490737915,3.921799898147583,1.4837000370025635,1.8414000272750854,9.207200050354004,1.4837000370025635,1.7818000316619873,10.690899848937988,1.4837000370025635,1.7721999883651733,12.405500411987305,1.8538999557495117,1.9050999879837036,19.05069923400879,2.32669997215271,2.32669997215271,4.653299808502197,3.1665000915527344,2.8294999599456787,14.147600173950195,2.4779000282287598,2.483299970626831,14.899999618530273,1.7892999649047852,2.340100049972534,16.380699157714844,2.4779000282287598,2.5071001052856445,25.071199417114258,6.79610013961792,6.79610013961792,13.59220027923584,8.69950008392334,7.785299777984619,38.92639923095703,7.1778998374938965,7.285200119018555,43.71110153198242,5.656199932098389,7.024099826812744,49.168399810791016,7.269100189208984,7.4741997718811035,74.74250030517578,7.550899982452393,-1.8624000549316406,-23.842599868774414,-27.028499603271484,-2.3821001052856445,-2.266200065612793,-2.0550999641418457,-1.899999976158142,-1.649899959564209,-24.012800216674805,-23.96419906616211,-23.944499969482422,-24.016599655151367,-24.545799255371094,-27.12150001525879,-27.008399963378906,-27.013999938964844,-27.086000442504883,-27.481300354003906,0.6294000148773193,0.6539000272750854,5.438600063323975,4.449900150299072,4.950399875640869,5.211900234222412,4.765500068664551,-27.12150001525879,-27.008399963378906,-27.013999938964844,-27.086000442504883,-27.481300354003906,-2.3821001052856445,-2.266200065612793,-2.0550999641418457,-1.899999976158142,-1.649899959564209,-24.012800216674805,-23.96419906616211,-23.944499969482422,-24.016599655151367,-24.545799255371094,58.589599609375,127.26799774169922,153.35350036621094,180.585693359375,246.77490234375,3.7014000415802,-0.38420000672340393,0.4837000072002411,0.4837000072002411
115,180.7686004638672,138.85609436035156,30.007600784301758,3.071500062942505,0.3310999870300293,2.5541000366210938,1.066100001335144,1.3797999620437622,180.7686004638672,16.870899200439453,80.83689880371094,1616.7379150390625,8.402600288391113,80.43589782714844,80.43589782714844,160.87179565429688,79.25900268554688,79.43370056152344,397.1686096191406,79.02359771728516,79.17250061035156,475.034912109375,78.78810119628906,78.89869689941406,552.291015625,78.05799865722656,78.3019027709961,783.0189208984375,16.933700561523438,16.933700561523438,33.8672981262207,16.996400833129883,17.57469940185547,87.87370300292969,17.60610008239746,17.800899505615234,106.8053970336914,18.048099517822266,17.836200714111328,124.85350036621094,17.521099090576172,17.703500747680664,177.03500366210938,179.56390380859375,179.56390380859375,359.1278076171875,176.7476043701172,176.9958038330078,884.9788818359375,176.00950622558594,176.25149536132812,1057.5089111328125,175.27139282226562,175.62060546875,1229.344482421875,173.1811065673828,174.44149780273438,1744.4151611328125,0.3343999981880188,0.3343999981880188,0.6689000129699707,0.3310999870300293,0.2662000060081482,1.3310999870300293,0.3310999870300293,0.27810001373291016,1.6689000129699707,0.3310999870300293,0.2856999933719635,2.0,0.3310999870300293,0.23309999704360962,2.3310999870300293,1.5844999551773071,1.5844999551773071,3.1689999103546143,1.7014000415802002,1.555999994277954,7.78000020980835,1.5405999422073364,1.4711999893188477,8.827099800109863,1.3797999620437622,1.356600046157837,9.49590015411377,1.1268999576568604,1.1496000289916992,11.49590015411377,2.532399892807007,2.532399892807007,5.064799785614014,2.848299980163574,2.7664999961853027,13.832300186157227,2.8454999923706055,2.5083999633789062,15.050200462341309,2.8427000045776367,2.361599922180176,16.5310001373291,1.7371000051498413,1.996500015258789,19.964599609375,8.67199993133545,8.67199993133545,17.3439998626709,8.741499900817871,8.573599815368652,42.867801666259766,8.571999549865723,8.024100303649902,48.144500732421875,8.402600288391113,7.524799823760986,52.67380142211914,6.406400203704834,6.366300106048584,63.66339874267578,2.498699903488159,0.2696000039577484,-11.864700317382812,-4.2144999504089355,0.2070000022649765,-0.4334999918937683,-0.659500002861023,-0.694599986076355,-0.5612000226974487,-10.649900436401367,-8.051400184631348,-7.297299861907959,-6.656899929046631,-5.451499938964844,-3.809299945831299,-2.7945001125335693,-2.5292000770568848,-2.251499891281128,-1.6439000368118286,0.704200029373169,0.6567999720573425,2.2288999557495117,2.3268001079559326,2.8761000633239746,3.375200033187866,4.533699989318848,-3.809299945831299,-2.7945001125335693,-2.5292000770568848,-2.251499891281128,-1.6439000368118286,0.2070000022649765,-0.4334999918937683,-0.659500002861023,-0.694599986076355,-0.5612000226974487,-10.649900436401367,-8.051400184631348,-7.297299861907959,-6.656899929046631,-5.451499938964844,78.78160095214844,161.80960083007812,186.12010192871094,224.25509643554688,315.17230224609375,3.7799999713897705,0.2590999901294708,0.7677000164985657,0.7677000164985657
116,212.0424041748047,165.67039489746094,32.893798828125,0.3310999870300293,0.0,0.0,0.6689000129699707,0.4729999899864197,212.0424041748047,19.938100814819336,94.59819793701172,1891.96484375,1.4730000495910645,94.58170318603516,94.58170318603516,189.1634979248047,94.73159790039062,94.74299621582031,473.7148132324219,94.80660247802734,94.79000091552734,568.739990234375,94.88150024414062,94.8936996459961,664.255615234375,94.98169708251953,95.18789672851562,951.8790893554688,19.84040069580078,19.84040069580078,39.68080139160156,19.69770050048828,19.7283992767334,98.64179992675781,19.69770050048828,19.72330093383789,118.3395004272461,19.69770050048828,19.719600677490234,138.03720092773438,19.69770050048828,19.71299934387207,197.13040161132812,212.2071990966797,212.2071990966797,424.4143981933594,212.74099731445312,212.67970275878906,1063.3983154296875,212.9228057861328,212.81100463867188,1276.8662109375,213.10459899902344,213.0518035888672,1491.3629150390625,213.3031005859375,213.69509887695312,2136.951416015625,0.23649999499320984,0.23649999499320984,0.4729999899864197,0.3310999870300293,0.3215999901294708,1.608199954032898,0.40209999680519104,0.39239999651908875,2.354599952697754,0.3379000127315521,0.3846000134944916,2.6923999786376953,0.40540000796318054,0.4514000117778778,4.513599872589111,0.4729999899864197,0.4729999899864197,0.9459999799728394,0.3310999870300293,0.25540000200271606,1.2770999670028687,0.1656000018119812,0.21289999783039093,1.2770999670028687,0.0,0.18240000307559967,1.2770999670028687,0.3310999870300293,0.22769999504089355,2.277100086212158,0.1656000018119812,0.1656000018119812,0.3310999870300293,0.0,0.06620000302791595,0.3310999870300293,0.0,0.1103999987244606,0.6621999740600586,0.0,0.16220000386238098,1.135200023651123,0.1656000018119812,0.23520000278949738,2.351599931716919,1.2094999551773071,1.2094999551773071,2.4189999103546143,0.9459999799728394,1.0032000541687012,5.01609992980957,1.0405999422073364,1.0707999467849731,6.424600124359131,1.1353000402450562,1.080899953842163,7.5665998458862305,1.2753000259399414,1.3747999668121338,13.748000144958496,7.036099910736084,-1.9253000020980835,-33.22589874267578,-13.8233003616333,-1.8273999691009521,-1.7145999670028687,-1.7092000246047974,-1.705299973487854,-1.697700023651123,-33.38959884643555,-33.85940170288086,-33.990299224853516,-34.230899810791016,-34.87419891357422,-13.806300163269043,-13.967300415039062,-14.01449966430664,-14.118499755859375,-14.413999557495117,0.24959999322891235,0.59579998254776,7.2982001304626465,7.501100063323975,7.433000087738037,7.422500133514404,7.126999855041504,-13.806300163269043,-13.967300415039062,-14.01449966430664,-14.118499755859375,-14.413999557495117,-1.8273999691009521,-1.7145999670028687,-1.7092000246047974,-1.705299973487854,-1.697700023651123,-33.38959884643555,-33.85940170288086,-33.990299224853516,-34.230899810791016,-34.87419891357422,43.152198791503906,157.5634002685547,171.8874053955078,171.8874053955078,236.4362030029297,4.64870023727417,-0.5741999745368958,0.08649999648332596,0.08649999648332596
117,116.46389770507812,106.31500244140625,25.967100143432617,2.3610999584198,2.3677000999450684,2.3752999305725098,2.013400077819824,2.006700038909912,118.39289855957031,12.224300384521484,55.562198638916016,1111.243896484375,11.124300003051758,55.56169891357422,55.56169891357422,111.12349700927734,54.75740051269531,54.82749938964844,274.13751220703125,54.50270080566406,54.68539810180664,328.1120910644531,54.24789810180664,54.5526008605957,381.8680114746094,53.991600036621094,53.81549835205078,538.155029296875,12.22760009765625,12.22760009765625,24.4552001953125,12.230899810791016,12.428299903869629,62.14139938354492,12.337200164794922,12.479900360107422,74.87930297851562,12.443499565124512,12.59119987487793,88.13870239257812,12.88070011138916,13.282699584960938,132.82679748535156,118.18180084228516,118.18180084228516,236.3636932373047,116.47989654541016,116.71279907226562,583.5640258789062,115.95269775390625,116.49349975585938,698.9611206054688,115.42559814453125,116.21730041503906,813.52099609375,115.34600067138672,114.1948013305664,1141.9481201171875,2.5251998901367188,2.5251998901367188,5.05049991607666,2.3677000999450684,2.062700033187866,10.313400268554688,2.3850998878479004,2.5048000812530518,15.02910041809082,2.4024999141693115,2.822700023651123,19.758899688720703,2.3850998878479004,2.7844998836517334,27.845300674438477,2.07069993019104,2.07069993019104,4.14139986038208,2.006700038909912,2.1161999702453613,10.581100463867188,2.07069993019104,2.3138999938964844,13.883600234985352,2.1201000213623047,2.2862000465393066,16.003599166870117,2.1273999214172363,2.582200050354004,25.82229995727539,2.1487998962402344,2.1487998962402344,4.297500133514404,2.0283000469207764,1.9259999990463257,9.63010025024414,1.9823999404907227,1.8336000442504883,11.001799583435059,1.936400055885315,1.769700050354004,12.387999534606934,2.194700002670288,2.3092000484466553,23.09160041809082,11.262999534606934,11.262999534606934,22.525999069213867,11.124300003051758,10.259099960327148,51.2952995300293,11.259599685668945,11.010700225830078,66.06430053710938,11.39490032196045,11.190500259399414,78.33319854736328,11.416299819946289,12.609000205993652,126.08999633789062,1.1088999509811401,3.091399908065796,30.40169906616211,12.065799713134766,3.088200092315674,2.8880999088287354,2.836699962615967,2.7255001068115234,2.0346999168395996,30.61479949951172,32.08720016479492,32.30609893798828,32.581600189208984,34.60139846801758,12.067099571228027,12.803000450134277,12.945099830627441,13.077699661254883,13.814000129699707,0.6003999710083008,0.680400013923645,0.9700000286102295,1.9722000360488892,1.2206000089645386,1.041100025177002,-0.3763999938964844,12.067099571228027,12.803000450134277,12.945099830627441,13.077699661254883,13.814000129699707,3.088200092315674,2.8880999088287354,2.836699962615967,2.7255001068115234,2.0346999168395996,30.61479949951172,32.08720016479492,32.30609893798828,32.581600189208984,34.60139846801758,53.03160095214844,128.91549682617188,164.72540283203125,171.8874053955078,236.3450927734375,3.536099910736084,0.5856000185012817,0.8895000219345093,0.8895000219345093
118,181.90220642089844,139.8804931640625,34.307899475097656,0.0,0.337799996137619,0.3310999870300293,0.0,0.0,181.90220642089844,16.853599548339844,81.2217025756836,1624.43310546875,0.6689000129699707,81.2489013671875,81.2489013671875,162.497802734375,81.21399688720703,80.23650360107422,401.1824035644531,80.62979888916016,79.23899841308594,475.4338073730469,80.04570007324219,78.27159881591797,547.9014892578125,75.83820343017578,76.31909942626953,763.1912231445312,16.70330047607422,16.70330047607422,33.40650177001953,16.652599334716797,16.66349983215332,83.31770324707031,16.75309944152832,16.89080047607422,101.34510040283203,16.853599548339844,17.077199935913086,119.54019927978516,17.516199111938477,17.461000442504883,174.6096954345703,182.04739379882812,182.04739379882812,364.09478759765625,181.90220642089844,180.0782928466797,900.3914794921875,180.94410705566406,177.29319763183594,1063.7593994140625,179.98599243164062,174.298095703125,1220.0867919921875,168.45809936523438,167.8083953857422,1678.083740234375,0.5,0.5,1.0,0.337799996137619,0.33379998803138733,1.6689000129699707,0.3343999981880188,0.33329999446868896,2.0,0.337799996137619,0.33399999141693115,2.3378000259399414,0.3310999870300293,0.30070000886917114,3.006700038909912,0.3310999870300293,0.3310999870300293,0.6621999740600586,2.0,1.6013000011444092,8.006699562072754,1.4966000318527222,1.5,9.0,0.9933000206947327,1.2856999635696411,9.0,0.7013000249862671,0.9739999771118164,9.740400314331055,0.0,0.0,0.0,4.02810001373291,5.090199947357178,25.451099395751953,6.206600189208984,5.803599834442139,34.82170104980469,4.9842000007629395,5.686600208282471,39.80590057373047,2.6828999519348145,4.213699817657471,42.13710021972656,1.8243999481201172,1.8243999481201172,3.6487998962402344,10.76710033416748,12.536100387573242,62.68040084838867,14.931500434875488,13.629400253295898,81.77639770507812,10.76710033416748,12.948699951171875,90.64099884033203,6.410099983215332,9.793399810791016,97.93379974365234,10.2322998046875,0.28690001368522644,-12.99839973449707,-4.5991997718811035,0.4374000132083893,0.47769999504089355,0.25060001015663147,0.06440000236034393,-0.31869998574256897,-13.133399963378906,-11.133899688720703,-8.33899974822998,-5.334400177001953,1.1815999746322632,-4.622300148010254,-3.5971999168395996,-2.5957000255584717,-1.624500036239624,0.33889999985694885,0.04749999940395355,0.09700000286102295,9.076499938964844,-1.635699987411499,-2.7291998863220215,-2.0485999584198,1.1066999435424805,-4.622300148010254,-3.5971999168395996,-2.5957000255584717,-1.624500036239624,0.33889999985694885,0.4374000132083893,0.47769999504089355,0.25060001015663147,0.06440000236034393,-0.31869998574256897,-13.133399963378906,-11.133899688720703,-8.33899974822998,-5.334400177001953,1.1815999746322632,57.295799255371094,85.9437026977539,114.59159851074219,143.23939514160156,229.18310546875,4.667799949645996,-0.6287000179290771,0.05000000074505806,0.05000000074505806
119,194.65350341796875,166.06759643554688,25.33489990234375,0.6621999740600586,0.3310999870300293,0.0,0.337799996137619,0.0066999997943639755,194.65350341796875,15.014599800109863,84.49870300292969,1689.9737548828125,1.3378000259399414,84.48580169677734,84.48580169677734,168.9716033935547,84.33329772949219,84.34400177001953,421.72021484375,84.32550048828125,84.32890319824219,505.973388671875,84.31759643554688,84.31639862060547,590.2144775390625,84.4030990600586,84.55650329589844,845.5648193359375,15.014800071716309,15.014800071716309,30.029499053955078,14.702899932861328,14.764399528503418,73.8219985961914,14.858799934387207,14.869500160217285,89.216796875,15.014599800109863,14.971699714660645,104.802001953125,15.204899787902832,15.272899627685547,152.72950744628906,194.57460021972656,194.57460021972656,389.14910888671875,194.49240112304688,194.38400268554688,971.9202270507812,194.41360473632812,194.31820678710938,1165.9090576171875,194.3347930908203,194.23680114746094,1359.6575927734375,194.49400329589844,194.75570678710938,1947.5572509765625,0.3343999981880188,0.3343999981880188,0.6689000129699707,0.9933000206947327,1.260200023651123,6.301199913024902,1.4677000045776367,1.406000018119812,8.43589973449707,0.9933000206947327,1.2997000217437744,9.098099708557129,1.6757999658584595,1.57260000705719,15.725799560546875,0.1655000001192093,0.1655000001192093,0.3310999870300293,0.337799996137619,0.7067999839782715,3.53410005569458,0.7677000164985657,0.8676000237464905,5.205699920654297,1.1974999904632568,0.9395999908447266,6.577300071716309,1.1223000288009644,0.9804999828338623,9.805299758911133,0.6689000129699707,0.6689000129699707,1.3378000259399414,0.675599992275238,0.8407999873161316,4.20389986038208,0.8345000147819519,0.9009000062942505,5.405200004577637,0.9933000206947327,0.9140999913215637,6.398499965667725,0.6689000129699707,0.7813000082969666,7.812699794769287,1.7374999523162842,1.7374999523162842,3.4749999046325684,3.27239990234375,4.876399993896484,24.382099151611328,5.71150016784668,5.489200115203857,32.93510055541992,3.8313000202178955,5.252399921417236,36.76649856567383,5.557199954986572,5.644100189208984,56.441001892089844,10.895400047302246,0.3010999858379364,-45.85900115966797,-16.87070083618164,0.3010999858379364,0.5519999861717224,0.4471000134944916,0.3450999855995178,0.04439999908208847,-45.77790069580078,-45.58409881591797,-45.51860046386719,-45.43790054321289,-45.959598541259766,-16.85700035095215,-16.713600158691406,-16.69849967956543,-16.686100006103516,-16.927000045776367,0.30730000138282776,0.16099999845027924,10.495499610900879,7.354800224304199,6.742099761962891,6.9791998863220215,6.588500022888184,-16.85700035095215,-16.713600158691406,-16.69849967956543,-16.686100006103516,-16.927000045776367,0.3010999858379364,0.5519999861717224,0.4471000134944916,0.3450999855995178,0.04439999908208847,-45.77790069580078,-45.58409881591797,-45.51860046386719,-45.43790054321289,-45.959598541259766,57.295799255371094,149.0417938232422,169.89340209960938,195.82899475097656,276.3463134765625,3.9475998878479004,0.17419999837875366,0.7354999780654907,0.7354999780654907
