,Mouse_nose_to_tail,Mouse_head_to_tail,Mouse_Ear_distance,Movement_mouse_nose,Movement_mouse_tail_base,Movement_mouse_left_ear,Movement_mouse_right_ear,Movement_mouse_head_base,M1_largest_euclidean_distance_hull,M1_smallest_euclidean_distance_hull,M1_mean_euclidean_distance_hull,M1_sum_euclidean_distance_hull,Total_movement_all_bodyparts_M1,Mouse1_mean_euclid_distances_median_2,Mouse1_mean_euclid_distances_mean_2,Mouse1_mean_euclid_distances_sum_2,Mouse1_mean_euclid_distances_median_5,Mouse1_mean_euclid_distances_mean_5,Mouse1_mean_euclid_distances_sum_5,Mouse1_mean_euclid_distances_median_6,Mouse1_mean_euclid_distances_mean_6,Mouse1_mean_euclid_distances_sum_6,Mouse1_mean_euclid_distances_median_7.5,Mouse1_mean_euclid_distances_mean_7.5,Mouse1_mean_euclid_distances_sum_7.5,Mouse1_mean_euclid_distances_median_10,Mouse1_mean_euclid_distances_mean_10,Mouse1_mean_euclid_distances_sum_10,Mouse1_smallest_euclid_distances_median_2,Mouse1_smallest_euclid_distances_mean_2,Mouse1_smallest_euclid_distances_sum_2,Mouse1_smallest_euclid_distances_median_5,Mouse1_smallest_euclid_distances_mean_5,Mouse1_smallest_euclid_distances_sum_5,Mouse1_smallest_euclid_distances_median_6,Mouse1_smallest_euclid_distances_mean_6,Mouse1_smallest_euclid_distances_sum_6,Mouse1_smallest_euclid_distances_median_7.5,Mouse1_smallest_euclid_distances_mean_7.5,Mouse1_smallest_euclid_distances_sum_7.5,Mouse1_smallest_euclid_distances_median_10,Mouse1_smallest_euclid_distances_mean_10,Mouse1_smallest_euclid_distances_sum_10,Mouse1_largest_euclid_distances_median_2,Mouse1_largest_euclid_distances_mean_2,Mouse1_largest_euclid_distances_sum_2,Mouse1_largest_euclid_distances_median_5,Mouse1_largest_euclid_distances_mean_5,Mouse1_largest_euclid_distances_sum_5,Mouse1_largest_euclid_distances_median_6,Mouse1_largest_euclid_distances_mean_6,Mouse1_largest_euclid_distances_sum_6,Mouse1_largest_euclid_distances_median_7.5,Mouse1_largest_euclid_distances_mean_7.5,Mouse1_largest_euclid_distances_sum_7.5,Mouse1_largest_euclid_distances_median_10,Mouse1_largest_euclid_distances_mean_10,Mouse1_largest_euclid_distances_sum_10,Tail_base_movement_M1_median_2,Tail_base_movement_M1_mean_2,Tail_base_movement_M1_sum_2,Tail_base_movement_M1_median_5,Tail_base_movement_M1_mean_5,Tail_base_movement_M1_sum_5,Tail_base_movement_M1_median_6,Tail_base_movement_M1_mean_6,Tail_base_movement_M1_sum_6,Tail_base_movement_M1_median_7.5,Tail_base_movement_M1_mean_7.5,Tail_base_movement_M1_sum_7.5,Tail_base_movement_M1_median_10,Tail_base_movement_M1_mean_10,Tail_base_movement_M1_sum_10,Head_base_movement_M1_median_2,Head_base_movement_M1_mean_2,Head_base_movement_M1_sum_2,Head_base_movement_M1_median_5,Head_base_movement_M1_mean_5,Head_base_movement_M1_sum_5,Head_base_movement_M1_median_6,Head_base_movement_M1_mean_6,Head_base_movement_M1_sum_6,Head_base_movement_M1_median_7.5,Head_base_movement_M1_mean_7.5,Head_base_movement_M1_sum_7.5,Head_base_movement_M1_median_10,Head_base_movement_M1_mean_10,Head_base_movement_M1_sum_10,Nose_movement_M1_median_2,Nose_movement_M1_mean_2,Nose_movement_M1_sum_2,Nose_movement_M1_median_5,Nose_movement_M1_mean_5,Nose_movement_M1_sum_5,Nose_movement_M1_median_6,Nose_movement_M1_mean_6,Nose_movement_M1_sum_6,Nose_movement_M1_median_7.5,Nose_movement_M1_mean_7.5,Nose_movement_M1_sum_7.5,Nose_movement_M1_median_10,Nose_movement_M1_mean_10,Nose_movement_M1_sum_10,Total_movement_M1_median_2,Total_movement_M1_mean_2,Total_movement_M1_sum_2,Total_movement_M1_median_5,Total_movement_M1_mean_5,Total_movement_M1_sum_5,Total_movement_M1_median_6,Total_movement_M1_mean_6,Total_movement_M1_sum_6,Total_movement_M1_median_7.5,Total_movement_M1_mean_7.5,Total_movement_M1_sum_7.5,Total_movement_M1_median_10,Total_movement_M1_mean_10,Total_movement_M1_sum_10,Total_movement_all_bodyparts_deviation,M1_smallest_euclid_distances_hull_deviation,M1_largest_euclid_distances_hull_deviation,M1_mean_euclid_distances_hull_deviation,Mouse1_smallest_euclid_distances_mean_2_deviation,Mouse1_smallest_euclid_distances_mean_5_deviation,Mouse1_smallest_euclid_distances_mean_6_deviation,Mouse1_smallest_euclid_distances_mean_7.5_deviation,Mouse1_smallest_euclid_distances_mean_10_deviation,Mouse1_largest_euclid_distances_mean_2_deviation,Mouse1_largest_euclid_distances_mean_5_deviation,Mouse1_largest_euclid_distances_mean_6_deviation,Mouse1_largest_euclid_distances_mean_7.5_deviation,Mouse1_largest_euclid_distances_mean_10_deviation,Mouse1_mean_euclid_distances_mean_2_deviation,Mouse1_mean_euclid_distances_mean_5_deviation,Mouse1_mean_euclid_distances_mean_6_deviation,Mouse1_mean_euclid_distances_mean_7.5_deviation,Mouse1_mean_euclid_distances_mean_10_deviation,Movement_mouse_nose_percentile_rank,Movement_mouse_head_base_percentile_rank,Total_movement_M1_mean_2_percentile_rank,Total_movement_M1_mean_5_percentile_rank,Total_movement_M1_mean_6_percentile_rank,Total_movement_M1_mean_7.5_percentile_rank,Total_movement_M1_mean_10_percentile_rank,Mouse1_mean_euclid_distances_mean_2_percentile_rank,Mouse1_mean_euclid_distances_mean_5_percentile_rank,Mouse1_mean_euclid_distances_mean_6_percentile_rank,Mouse1_mean_euclid_distances_mean_7.5_percentile_rank,Mouse1_mean_euclid_distances_mean_10_percentile_rank,Mouse1_smallest_euclid_distances_mean_2_percentile_rank,Mouse1_smallest_euclid_distances_mean_5_percentile_rank,Mouse1_smallest_euclid_distances_mean_6_percentile_rank,Mouse1_smallest_euclid_distances_mean_7.5_percentile_rank,Mouse1_smallest_euclid_distances_mean_10_percentile_rank,Mouse1_largest_euclid_distances_mean_2_percentile_rank,Mouse1_largest_euclid_distances_mean_5_percentile_rank,Mouse1_largest_euclid_distances_mean_6_percentile_rank,Mouse1_largest_euclid_distances_mean_7.5_percentile_rank,Mouse1_largest_euclid_distances_mean_10_percentile_rank,Tortuosity_Mouse1_2,Tortuosity_Mouse1_5,Tortuosity_Mouse1_6,Tortuosity_Mouse1_7.5,Tortuosity_Mouse1_10,Sum_probabilities,Sum_probabilities_deviation,Sum_probabilities_deviation_percentile_rank,Sum_probabilities_percentile_rank
0,35.34410095214844,27.904499053955078,10.675600051879883,0.7343999743461609,51.31570053100586,1.3896000385284424,0.3310999870300293,0.7314000129699707,35.34410095214844,4.95550012588501,18.625600814819336,372.5127868652344,54.502201080322266,27.200700759887695,27.200700759887695,54.4015007019043,64.20040130615234,59.21590042114258,296.0794982910156,64.40450286865234,60.11470031738281,360.6881103515625,64.60859680175781,61.770198822021484,432.39111328125,64.40450286865234,60.9838981628418,609.838623046875,4.977099895477295,4.977099895477295,9.95419979095459,4.529099941253662,4.505199909210205,22.525800704956055,4.742300033569336,4.589600086212158,27.537799835205078,4.95550012588501,4.774799823760986,33.42359924316406,5.00540018081665,7.3902997970581055,73.90280151367188,54.62810134887695,54.62810134887695,109.256103515625,147.2718963623047,134.89979553222656,674.498779296875,147.37759399414062,136.9969940185547,821.9819946289062,147.48330688476562,138.5720977783203,970.0048217773438,147.37759399414062,132.43820190429688,1324.3819580078125,72.17839813232422,72.17839813232422,144.35670471191406,92.9761962890625,69.04219818115234,345.2110900878906,72.14600372314453,57.53519821166992,345.2110900878906,92.9761962890625,68.0271987915039,476.1903991699219,72.14600372314453,58.66709899902344,586.6705932617188,0.6093000173568726,0.6093000173568726,1.2186000347137451,0.487199991941452,0.5529999732971191,2.765000104904175,0.6093000173568726,0.7376000285148621,4.425899982452393,0.7314000129699707,6.3471999168396,44.43069839477539,0.7358999848365784,12.389200210571289,123.89189910888672,0.6061000227928162,0.6061000227928162,1.2122000455856323,0.4729999899864197,0.4708000123500824,2.354099988937378,0.47540000081062317,0.5026999711990356,3.016400098800659,0.47780001163482666,7.063199996948242,49.44219970703125,0.6983000040054321,15.334199905395508,153.34170532226562,75.76850128173828,75.76850128173828,151.53689575195312,96.92009735107422,72.29499816894531,361.4750061035156,75.71119689941406,65.00279998779297,390.01690673828125,96.92009735107422,100.08580017089844,700.600830078125,96.97740173339844,117.09459686279297,1170.9461669921875,-43.60100173950195,12.1850004196167,133.5596923828125,57.99679946899414,12.163599967956543,12.636099815368652,12.551799774169922,12.366800308227539,9.751999855041504,114.28589630126953,34.044700622558594,31.957199096679688,30.391599655151367,36.55179977416992,49.425899505615234,17.42329978942871,16.528600692749023,14.876999855041504,15.674200057983398,0.3862000107765198,0.5249999761581421,-64.86759948730469,-61.39459991455078,-54.10260009765625,-89.18579864501953,-106.1946029663086,49.425899505615234,17.42329978942871,16.528600692749023,14.876999855041504,15.674200057983398,12.163599967956543,12.636099815368652,12.551799774169922,12.366800308227539,9.751999855041504,114.28589630126953,34.044700622558594,31.957199096679688,30.391599655151367,36.55179977416992,45.968101501464844,135.88259887695312,179.0388946533203,180.54490661621094,240.07119750976562,2.503499984741211,1.535599946975708,0.9763000011444092,0.9763000011444092
1,157.20899963378906,134.08079528808594,22.75279998779297,0.7493000030517578,0.0066999997943639755,0.3310999870300293,1.006700038909912,0.337799996137619,157.20899963378906,14.641799926757812,69.24800109863281,1384.95947265625,2.4316000938415527,69.41560363769531,69.41560363769531,138.8311004638672,69.70379638671875,69.60250091552734,348.0126037597656,69.70850372314453,69.62830352783203,417.7698974609375,69.70379638671875,69.61979675292969,487.3385925292969,69.57589721679688,69.53520202636719,695.3516235351562,14.775699615478516,14.775699615478516,29.55139923095703,14.909700393676758,14.910599708557129,74.5531997680664,14.8193998336792,14.764800071716309,88.58889770507812,14.72920036315918,14.565400123596191,101.9573974609375,14.338700294494629,14.187999725341797,141.8802032470703,157.41050720214844,157.41050720214844,314.8210144042969,157.71969604492188,157.7238006591797,788.6190185546875,157.74859619140625,157.93649291992188,947.6190185546875,157.77740478515625,158.0590057373047,1106.4127197265625,157.84170532226562,158.0496063232422,1580.4962158203125,0.0066999997943639755,0.0066999997943639755,0.013399999588727951,0.0066999997943639755,0.06889999657869339,0.34450000524520874,0.0032999999821186066,0.05739999935030937,0.34450000524520874,0.0,0.04919999837875366,0.34450000524520874,0.0,0.03440000116825104,0.34450000524520874,0.3343999981880188,0.3343999981880188,0.6689000129699707,0.3310999870300293,0.33379998803138733,1.6689000129699707,0.3343999981880188,0.38960000872612,2.3378000259399414,0.3310999870300293,0.3813000023365021,2.6689000129699707,0.3310999870300293,0.30000001192092896,3.0,0.6087999939918518,0.6087999939918518,1.2175999879837036,0.7493000030517578,0.843500018119812,4.217599868774414,0.845300018787384,0.8597999811172485,5.15880012512207,0.7523999810218811,0.8445000052452087,5.911200046539307,0.7447999715805054,0.7314000129699707,7.313799858093262,2.118799924850464,2.118799924850464,4.237599849700928,2.4316000938415527,2.6475000381469727,13.237600326538086,2.3747000694274902,2.5850000381469727,15.510000228881836,2.317699909210205,2.370500087738037,16.5935001373291,2.1719000339508057,2.0464000701904297,20.464399337768555,8.589300155639648,1.3622000217437744,-0.8672999739646912,1.4890999794006348,1.2281999588012695,1.0930999517440796,1.2388999462127686,1.4383000135421753,1.815500020980835,-1.0707000494003296,-1.3848999738693237,-1.597599983215332,-1.7201999425888062,-1.7110999822616577,1.3207000494003296,1.1332999467849731,1.1074999570846558,1.1159000396728516,1.2002999782562256,0.41200000047683716,0.31279999017715454,8.8996000289917,8.369500160217285,8.43220043182373,8.647000312805176,8.972100257873535,1.3207000494003296,1.1332999467849731,1.1074999570846558,1.1159000396728516,1.2002999782562256,1.2281999588012695,1.0930999517440796,1.2388999462127686,1.4383000135421753,1.815500020980835,-1.0707000494003296,-1.3848999738693237,-1.597599983215332,-1.7201999425888062,-1.7110999822616577,78.82730102539062,164.77090454101562,203.3686065673828,236.4272003173828,379.6300964355469,3.4697999954223633,0.6643000245094299,0.8974999785423279,0.8974999785423279
2,153.91700744628906,118.37000274658203,35.44390106201172,9.884099960327148,2.0415000915527344,5.321300029754639,9.93850040435791,5.722899913787842,153.91700744628906,19.813199996948242,72.80069732666016,1456.0142822265625,32.90840148925781,72.16329956054688,72.16329956054688,144.32659912109375,68.01719665527344,67.50299835205078,337.514892578125,66.1333999633789,66.16629791259766,396.9977111816406,64.24960327148438,65.13819885253906,455.9678039550781,60.20209884643555,63.231300354003906,632.3131103515625,19.973400115966797,19.973400115966797,39.946800231933594,19.813199996948242,19.53510093688965,97.67549896240234,19.7362003326416,19.22410011291504,115.34439849853516,19.659299850463867,18.95359992980957,132.67550659179688,17.670400619506836,18.367599487304688,183.67550659179688,151.0742950439453,151.0742950439453,302.1485900878906,137.06289672851562,135.85060119628906,679.2528076171875,130.31190490722656,132.185302734375,793.1119995117188,123.56089782714844,129.3988037109375,905.7918701171875,115.1697998046875,124.4301986694336,1244.3017578125,1.916599988937378,1.916599988937378,3.833199977874756,1.7979999780654907,1.5533000230789185,7.76639986038208,1.7948999404907227,1.4688999652862549,8.81350040435791,1.791700005531311,1.2590999603271484,8.81350040435791,0.7623999714851379,0.9758999943733215,9.759400367736816,6.524899959564209,6.524899959564209,13.049699783325195,5.722899913787842,4.468400001525879,22.341999053955078,4.387800216674805,3.7799999713897705,22.679800033569336,3.0525999069213867,3.2873001098632812,23.010900497436523,0.3343999981880188,2.301100015640259,23.010900497436523,12.32699966430664,12.32699966430664,24.653900146484375,10.967100143432617,10.778200149536133,53.89080047607422,10.425600051879883,9.060600280761719,54.363800048828125,9.884099960327148,7.813600063323975,54.69490051269531,1.4321999549865723,5.536399841308594,55.363800048828125,37.846500396728516,37.846500396728516,75.69309997558594,32.90840148925781,28.967599868774414,144.83810424804688,28.622800827026367,24.505599975585938,147.03370666503906,24.337200164794922,21.09939956665039,147.69590759277344,4.118800163269043,15.045499801635742,150.45460510253906,-24.39929962158203,-1.8004000186920166,24.899599075317383,7.9741997718811035,-1.9603999853134155,-1.521399974822998,-1.2100000381469727,-0.939300000667572,-0.3522000014781952,27.74329948425293,42.96979904174805,46.635398864746094,49.42210006713867,54.39070129394531,8.612099647521973,13.272700309753418,14.609199523925781,15.636899948120117,17.542600631713867,0.9462000131607056,0.9456999897956848,-29.338899612426758,-20.463300704956055,-16.001800537109375,-12.595999717712402,-6.543700218200684,8.612099647521973,13.272700309753418,14.609199523925781,15.636899948120117,17.542600631713867,-1.9603999853134155,-1.521399974822998,-1.2100000381469727,-0.939300000667572,-0.3522000014781952,27.74329948425293,42.96979904174805,46.635398864746094,49.42210006713867,54.39070129394531,57.0,127.9136962890625,156.5615997314453,175.18699645996094,242.5052032470703,4.345399856567383,-0.27090001106262207,0.3767000138759613,0.3767000138759613
3,155.23570251464844,116.3905029296875,33.00170135498047,0.7493000030517578,0.7523999810218811,0.337799996137619,0.47780001163482666,0.3310999870300293,155.23570251464844,17.158300399780273,70.17459869384766,1403.4920654296875,2.648400068283081,70.4072036743164,70.4072036743164,140.8144073486328,70.55549621582031,70.51940155029297,352.5971984863281,70.4520034790039,70.47090148925781,422.8255920410156,70.34850311279297,70.4458999633789,493.12109375,70.47460174560547,70.45980072021484,704.598388671875,17.159900665283203,17.159900665283203,34.319801330566406,17.0,17.00200080871582,85.01020050048828,17.0,17.001699447631836,102.01020050048828,17.0,17.00149917602539,119.01020050048828,17.0,16.91320037841797,169.13160705566406,155.93460083007812,155.93460083007812,311.8692932128906,157.04910278320312,156.79750061035156,783.9874877929688,156.88429260253906,156.7845001220703,940.7069702148438,156.71949768066406,156.7707061767578,1097.3951416015625,156.70379638671875,156.74609375,1567.4613037109375,0.7479000091552734,0.7479000091552734,1.4958000183105469,0.4683000147342682,0.5266000032424927,2.6328999996185303,0.40299999713897705,0.43880000710487366,2.6328999996185303,0.337799996137619,0.37610000371932983,2.6328999996185303,0.3343999981880188,0.3294999897480011,3.295099973678589,0.5,0.5,1.0,0.3310999870300293,0.46619999408721924,2.3310999870300293,0.3343999981880188,0.4447999894618988,2.6689000129699707,0.3310999870300293,0.428600013256073,3.0,0.3310999870300293,0.30000001192092896,3.0,0.6087999939918518,0.6087999939918518,1.2175999879837036,0.0,0.2434999942779541,1.2175999879837036,0.1656000018119812,0.2581000030040741,1.548699975013733,0.3310999870300293,0.31679999828338623,2.217600107192993,0.40299999713897705,0.3693000078201294,3.692500114440918,2.8982999324798584,2.8982999324798584,5.796599864959717,2.137200117111206,2.080399990081787,10.402000427246094,1.80840003490448,1.980299949645996,11.881699562072754,2.077500104904175,1.9941999912261963,13.959199905395508,1.738800048828125,1.8573999404907227,18.573999404907227,4.311800003051758,-0.5837000012397766,-4.972599983215332,-1.6562999486923218,-0.5849999785423279,-0.4262999892234802,-0.42570000886917114,-0.4251999855041504,-0.3361000120639801,-5.673900127410889,-6.543399810791016,-6.532599925994873,-6.520999908447266,-6.502999782562256,-1.8897000551223755,-2.004199981689453,-1.9565000534057617,-1.9321999549865723,-1.9483000040054321,0.4726000130176544,0.336899995803833,4.061699867248535,4.87939977645874,4.979499816894531,4.965700149536133,5.102499961853027,-1.8897000551223755,-2.004199981689453,-1.9565000534057617,-1.9321999549865723,-1.9483000040054321,-0.5849999785423279,-0.4262999892234802,-0.42570000886917114,-0.4251999855041504,-0.3361000120639801,-5.673900127410889,-6.543399810791016,-6.532599925994873,-6.520999908447266,-6.502999782562256,60.21149826049805,131.83120727539062,153.408203125,181.8740997314453,256.5188903808594,4.335000038146973,-0.21819999814033508,0.258899986743927,0.258899986743927
4,86.64869689941406,95.0,27.89259910583496,0.0,0.0,0.4683000147342682,0.0,0.3310999870300293,107.46630096435547,15.297100067138672,51.47380065917969,1029.4757080078125,0.7993999719619751,51.50120162963867,51.50120162963867,103.00240325927734,51.878299713134766,51.926300048828125,259.631591796875,52.06779861450195,52.0010986328125,312.0068054199219,52.12649917602539,52.01900100708008,364.13330078125,51.94309997558594,51.98160171508789,519.8157958984375,15.266300201416016,15.266300201416016,30.53260040283203,15.297100067138672,15.34939956665039,76.74710083007812,15.331199645996094,15.409500122070312,92.45690155029297,15.365400314331055,15.446800231933594,108.12789916992188,15.386500358581543,15.448599815368652,154.48599243164062,107.46630096435547,107.46630096435547,214.93260192871094,108.12560272216797,108.26280212402344,541.314208984375,108.46199798583984,108.46199798583984,650.77197265625,108.79830169677734,108.5145034790039,759.6011962890625,108.15760040283203,108.19239807128906,1081.9239501953125,0.0,0.0,0.0,0.0,0.0,0.0,0.0,0.0,0.0,0.0,0.0,0.0,0.0,0.10000000149011612,1.0,0.3343999981880188,0.3343999981880188,0.6689000129699707,0.337799996137619,0.2962999939918518,1.481600046157837,0.337799996137619,0.35839998722076416,2.1505000591278076,0.337799996137619,0.374099999666214,2.618799924850464,0.337799996137619,0.3765000104904175,3.765399932861328,0.1656000018119812,0.1656000018119812,0.3310999870300293,0.3310999870300293,0.20000000298023224,1.0,0.3310999870300293,0.22190000116825104,1.3310999870300293,0.3310999870300293,0.2856999933719635,2.0,0.3310999870300293,0.3662000000476837,3.6621999740600586,1.2340999841690063,1.2340999841690063,2.4683001041412354,1.6689000129699707,1.4859000444412231,7.429599761962891,1.8118000030517578,1.6064000129699707,9.638299942016602,1.9545999765396118,1.6955000162124634,11.868499755859375,1.9773000478744507,1.795699954032898,17.957399368286133,11.433799743652344,0.01860000006854534,41.32830047607422,16.154199600219727,0.0494999997317791,-0.032999999821186066,-0.09290000051259995,-0.13009999692440033,-0.13120000064373016,41.330299377441406,40.53710174560547,40.33760070800781,40.28450012207031,40.60380172729492,16.127599716186523,15.70419979095459,15.629300117492676,15.611200332641602,15.647899627685547,0.0414000004529953,0.24269999563694,10.998900413513184,10.74530029296875,10.624899864196777,10.53600025177002,10.436800003051758,16.127599716186523,15.70419979095459,15.629300117492676,15.611200332641602,15.647899627685547,0.0494999997317791,-0.032999999821186066,-0.09290000051259995,-0.13009999692440033,-0.13120000064373016,41.330299377441406,40.53710174560547,40.33760070800781,40.28450012207031,40.60380172729492,14.32390022277832,129.00660705566406,164.67979431152344,196.34359741210938,276.91729736328125,3.9702000617980957,0.15150000154972076,0.7245000004768372,0.7245000004768372
5,191.96780395507812,150.8144073486328,34.01470184326172,1.3732999563217163,0.0,0.3310999870300293,0.337799996137619,0.3310999870300293,191.96780395507812,19.690200805664062,87.70690155029297,1754.1385498046875,2.373300075531006,87.37020111083984,87.37020111083984,174.7404022216797,86.86229705810547,87.03939819335938,435.19720458984375,86.89099884033203,87.01950073242188,522.1168823242188,86.9197006225586,87.01589965820312,609.1113891601562,86.91850280761719,87.03019714355469,870.302490234375,19.460500717163086,19.460500717163086,38.92110061645508,19.045499801635742,18.994199752807617,94.97100067138672,18.846200942993164,18.888099670410156,113.32859802246094,18.808900833129883,18.876800537109375,132.1374969482422,19.0757999420166,19.006799697875977,190.0677947998047,191.49000549316406,191.49000549316406,382.9798889160156,191.08470153808594,191.28050231933594,956.402587890625,191.17080688476562,191.27720642089844,1147.6630859375,191.25689697265625,191.27479553222656,1338.9234619140625,191.08290100097656,191.10809326171875,1911.0810546875,0.1656000018119812,0.1656000018119812,0.3310999870300293,0.0066999997943639755,0.13379999995231628,0.6689000129699707,0.0066999997943639755,0.11150000244379044,0.6689000129699707,0.0066999997943639755,0.14380000531673431,1.006700038909912,0.1655000001192093,0.16760000586509705,1.6755000352859497,0.40209999680519104,0.40209999680519104,0.804099977016449,0.3310999870300293,0.3215999901294708,1.608199954032898,0.39969998598098755,0.34610000252723694,2.0764999389648438,0.337799996137619,0.3449000120162964,2.414299964904785,0.40070000290870667,0.36820000410079956,3.681999921798706,0.920799970626831,0.920799970626831,1.841599941253662,0.0,0.3682999908924103,1.841599941253662,0.0,0.3068999946117401,1.841599941253662,0.0,0.357699990272522,2.5037999153137207,0.24420000612735748,0.439300000667572,4.393199920654297,2.1540000438690186,2.1540000438690186,4.3078999519348145,0.8173999786376953,1.225100040435791,6.12529993057251,0.8083999752998352,1.154099941253662,6.924699783325195,0.8173999786376953,1.2276999950408936,8.593600273132324,1.4783999919891357,1.3423000574111938,13.422599792480469,6.135799884796143,-1.6775000095367432,-13.151300430297852,-6.932000160217285,-1.44760000705719,-0.9804999828338623,-0.8741000294685364,-0.8623999953269958,-0.9914000034332275,-12.67240047454834,-12.460200309753418,-12.456500053405762,-12.453800201416016,-12.287199974060059,-6.594799995422363,-6.263700008392334,-6.24399995803833,-6.240799903869629,-6.25629997253418,0.6743000149726868,0.2939000129699707,6.353700160980225,7.279300212860107,7.349699974060059,7.275700092315674,7.1595001220703125,-6.594799995422363,-6.263700008392334,-6.24399995803833,-6.240799903869629,-6.25629997253418,-1.44760000705719,-0.9804999828338623,-0.8741000294685364,-0.8623999953269958,-0.9914000034332275,-12.67240047454834,-12.460200309753418,-12.456500053405762,-12.453800201416016,-12.287199974060059,45.17380142211914,113.8593978881836,131.11749267578125,138.27920532226562,209.89930725097656,4.262800216674805,-0.1882999986410141,0.4629000127315521,0.4629000127315521
6,139.86590576171875,123.30290222167969,29.510400772094727,0.7404000163078308,0.3314000070095062,0.3310999870300293,0.3310999870300293,0.3310999870300293,139.86590576171875,16.492399215698242,67.85569763183594,1357.1138916015625,2.0650999546051025,67.86370086669922,67.86370086669922,135.727294921875,67.75779724121094,67.47630310058594,337.381591796875,67.4364013671875,67.34989929199219,404.0992126464844,67.11489868164062,67.29229736328125,471.0461120605469,67.09850311279297,67.22560119628906,672.2562866210938,16.292600631713867,16.292600631713867,32.58509826660156,16.09269905090332,16.31529998779297,81.57630157470703,16.292600631713867,16.44070053100586,98.64420318603516,16.492399215698242,16.56679916381836,115.96749877929688,16.940900802612305,16.77560043334961,167.7554931640625,139.7606964111328,139.7606964111328,279.5213928222656,139.53460693359375,138.918701171875,694.5936279296875,138.8179931640625,138.6195068359375,831.7169189453125,138.1013946533203,138.45140075683594,969.1597290039062,137.9384002685547,138.24789428710938,1382.479248046875,0.40220001339912415,0.40220001339912415,0.8044000267982483,0.7343999743461609,0.9168999791145325,4.58459997177124,0.6036999821662903,0.8203999996185303,4.922399997711182,0.4729999899864197,0.7505000233650208,5.253499984741211,0.337799996137619,0.592199981212616,5.922399997711182,0.40209999680519104,0.40209999680519104,0.804099977016449,0.3310999870300293,0.3215999901294708,1.608199954032898,0.3310999870300293,0.2680000066757202,1.608199954032898,0.3310999870300293,0.2296999990940094,1.608199954032898,0.0,0.1607999950647354,1.608199954032898,0.5390999913215637,0.5390999913215637,1.0781999826431274,0.337799996137619,0.48190000653266907,2.4093000888824463,0.5033000111579895,0.5130000114440918,3.078200101852417,0.4683000147342682,0.506600022315979,3.5464000701904297,0.337799996137619,0.42149999737739563,4.2153000831604,1.9108999967575073,1.9108999967575073,3.821899890899658,2.0650999546051025,2.2690999507904053,11.345499992370605,1.9707000255584717,2.192699909210205,13.156299591064453,1.8762999773025513,2.1085000038146973,14.75979995727539,1.7838000059127808,1.7232999801635742,17.232799530029297,10.168100357055664,-1.1766999959945679,8.92870044708252,-0.22769999504089355,-0.9767000079154968,-0.9988999962806702,-1.1240999698638916,-1.25,-1.4581999778747559,9.035900115966797,9.881199836730957,10.180100440979004,10.347599983215332,10.548299789428711,-0.23479999601840973,0.15410000085830688,0.28060001134872437,0.33799999952316284,0.40389999747276306,0.3564999997615814,0.18629999458789825,10.322099685668945,9.962200164794922,10.038599967956543,10.123000144958496,10.509300231933594,-0.23479999601840973,0.15410000085830688,0.28060001134872437,0.33799999952316284,0.40389999747276306,-0.9767000079154968,-0.9988999962806702,-1.1240999698638916,-1.25,-1.4581999778747559,9.035900115966797,9.881199836730957,10.180100440979004,10.347599983215332,10.548299789428711,56.29100036621094,146.4748992919922,174.57470703125,192.3686065673828,265.4894104003906,4.243000030517578,-0.12120000272989273,0.49799999594688416,0.49799999594688416
7,146.21299743652344,109.372802734375,31.01609992980957,0.3310999870300293,0.0,0.0,0.0,0.3310999870300293,146.21299743652344,19.392499923706055,66.9990005493164,1339.98046875,0.6621999740600586,67.05460357666016,67.05460357666016,134.10910034179688,67.11009979248047,67.09490203857422,335.4747009277344,67.09709930419922,67.06999969482422,402.4197998046875,67.08409881591797,67.02469635009766,469.1731872558594,66.97200012207031,66.80079650878906,668.0076293945312,19.313899993896484,19.313899993896484,38.627899169921875,19.683399200439453,19.808799743652344,99.04399871826172,19.912399291992188,19.89109992980957,119.34649658203125,19.845800399780273,19.884599685668945,139.19219970703125,19.837400436401367,19.88290023803711,198.8292999267578,146.33389282226562,146.33389282226562,292.66778564453125,146.21299743652344,146.08529663085938,730.426513671875,146.1060028076172,145.9517059326172,875.7100219726562,145.99879455566406,145.82159423828125,1020.7514038085938,145.40719604492188,145.33680725097656,1453.36865234375,0.1656000018119812,0.1656000018119812,0.3310999870300293,0.337799996137619,0.29499998688697815,1.4749000072479248,0.3343999981880188,0.3009999990463257,1.805999994277954,0.337799996137619,0.39989998936653137,2.7994000911712646,0.40299999713897705,0.8820000290870667,8.81980037689209,0.3310999870300293,0.3310999870300293,0.6621999740600586,0.3310999870300293,0.26759999990463257,1.3378000259399414,0.3310999870300293,0.27810001373291016,1.6689000129699707,0.3310999870300293,0.23839999735355377,1.6689000129699707,0.1656000018119812,0.16689999401569366,1.6689000129699707,0.1656000018119812,0.1656000018119812,0.3310999870300293,0.0,0.06620000302791595,0.3310999870300293,0.0,0.0551999993622303,0.3310999870300293,0.0,0.04729999974370003,0.3310999870300293,0.0,0.1331000030040741,1.3310999870300293,0.9933000206947327,0.9933000206947327,1.9866000413894653,1.2676000595092773,1.0575000047683716,5.287700176239014,1.1304999589920044,1.0468000173568726,6.281099796295166,1.2676000595092773,1.1347999572753906,7.943299770355225,1.3378000259399414,1.6442999839782715,16.44339942932129,6.297999858856201,-2.8178999423980713,4.050000190734863,1.5192999839782715,-2.739000082015991,-3.233099937438965,-3.3150999546051025,-3.3083999156951904,-3.3059000968933105,3.9268999099731445,4.168799877166748,4.30019998550415,4.428100109100342,4.906300067901611,1.4629000425338745,1.420199990272522,1.4444999694824219,1.4889999628067017,1.710800051689148,0.1354999989271164,0.26330000162124634,5.966700077056885,5.902299880981445,5.913000106811523,5.825099945068359,5.315499782562256,1.4629000425338745,1.420199990272522,1.4444999694824219,1.4889999628067017,1.710800051689148,-2.739000082015991,-3.233099937438965,-3.3150999546051025,-3.3083999156951904,-3.3059000968933105,3.9268999099731445,4.168799877166748,4.30019998550415,4.428100109100342,4.906300067901611,64.54910278320312,164.8166961669922,207.7884979248047,236.4364013671875,297.960205078125,4.235199928283691,-0.11840000003576279,0.4052000045776367,0.4052000045776367
8,159.81109619140625,123.70240020751953,28.137699127197266,1.3243999481201172,1.0534000396728516,1.3310999870300293,1.006700038909912,1.006700038909912,159.81109619140625,15.10420036315918,71.76010131835938,1435.2022705078125,5.722300052642822,71.9208984375,71.9208984375,143.84190368652344,71.76010131835938,71.67430114746094,358.3716125488281,71.67500305175781,71.47329711914062,428.839599609375,71.58989715576172,71.24629974365234,498.7243957519531,70.75499725341797,70.80139923095703,708.014404296875,15.166600227355957,15.166600227355957,30.333099365234375,15.507200241088867,15.459799766540527,77.29920196533203,15.369400024414062,15.421799659729004,92.53079986572266,15.231499671936035,15.314599990844727,107.20249938964844,15.166600227355957,14.929699897766113,149.2971954345703,160.13580322265625,160.13580322265625,320.2716979980469,159.81109619140625,159.63319396972656,798.166015625,159.62109375,159.12770080566406,954.76611328125,159.4311065673828,158.50399780273438,1109.5281982421875,157.88560485839844,157.67120361328125,1576.712158203125,0.7631999850273132,0.7631999850273132,1.5263999700546265,0.3310999870300293,0.4377000033855438,2.1886000633239746,0.3343999981880188,0.421099990606308,2.526400089263916,0.3310999870300293,0.4081999957561493,2.8575000762939453,0.40299999713897705,0.4544000029563904,4.543799877166748,1.0299999713897705,1.0299999713897705,2.0601000785827637,1.006700038909912,0.9225999712944031,4.6128997802734375,0.875,0.8791999816894531,5.275100231170654,0.743399977684021,0.801800012588501,5.6128997802734375,0.7027999758720398,0.6274999976158142,6.275100231170654,1.9967000484466553,1.9967000484466553,3.9934000968933105,2.6689000129699707,2.177799940109253,10.888899803161621,2.675600051879883,2.3118999004364014,13.871299743652344,2.6689000129699707,2.123500108718872,14.864700317382812,2.83240008354187,2.434299945831299,24.342599868774414,6.497799873352051,6.497799873352051,12.995699882507324,6.130099773406982,5.896100044250488,29.480499267578125,6.32390022277832,5.99970006942749,35.99829864501953,6.130099773406982,5.533100128173828,38.731998443603516,5.5954999923706055,5.328800201416016,53.28779983520508,1.2379000186920166,1.4703999757766724,-9.548100471496582,-3.24180006980896,1.408400058746338,1.1159000396728516,1.1541999578475952,1.2616000175476074,1.6473000049591064,-9.875100135803223,-9.37909984588623,-8.875800132751465,-8.254300117492676,-7.428100109100342,-3.4035000801086426,-3.15910005569458,-2.9588000774383545,-2.732599973678589,-2.289900064468384,0.5928999781608582,0.6715999841690063,0.46219998598098755,1.0636999607086182,0.960099995136261,1.4266999959945679,1.631100058555603,-3.4035000801086426,-3.15910005569458,-2.9588000774383545,-2.732599973678589,-2.289900064468384,1.408400058746338,1.1159000396728516,1.1541999578475952,1.2616000175476074,1.6473000049591064,-9.875100135803223,-9.37909984588623,-8.875800132751465,-8.254300117492676,-7.428100109100342,49.737300872802734,121.80809783935547,151.64059448242188,177.94309997558594,266.2142028808594,3.8701999187469482,0.24660000205039978,0.8331000208854675,0.8331000208854675
9,218.97940063476562,166.86819458007812,35.0625,0.0,0.0,0.0,0.6689000129699707,0.0,218.97940063476562,21.586999893188477,96.67729949951172,1933.54638671875,0.6689000129699707,96.7301025390625,96.7301025390625,193.460205078125,96.8904037475586,96.84559631347656,484.2279968261719,96.90290069580078,96.87439727783203,581.2465209960938,96.91549682617188,96.9197006225586,678.43798828125,96.95069885253906,96.9885025024414,969.8847045898438,21.586999893188477,21.586999893188477,43.17409896850586,21.586999893188477,21.54319953918457,107.7157974243164,21.54990005493164,21.52630043029785,129.15780639648438,21.512800216674805,21.52440071105957,150.67059326171875,21.477399826049805,21.348800659179688,213.48809814453125,218.97940063476562,218.97940063476562,437.9588928222656,218.97940063476562,219.1114044189453,1095.5570068359375,219.14280700683594,219.2073974609375,1315.2442626953125,219.30599975585938,219.2928009033203,1535.0496826171875,219.42059326171875,219.4741973876953,2194.7421875,0.0,0.0,0.0,0.0,0.0,0.0,0.0,0.0551999993622303,0.3310999870300293,0.0,0.09560000151395798,0.6689000129699707,0.1656000018119812,0.16689999401569366,1.6689000129699707,0.0,0.0,0.0,0.3310999870300293,0.20000000298023224,1.0,0.1656000018119812,0.16670000553131104,1.0,0.0,0.1429000049829483,1.0,0.3310999870300293,0.21369999647140503,2.1370999813079834,0.0,0.0,0.0,0.0066999997943639755,0.16030000150203705,0.8012999892234802,0.1688999980688095,0.1898999959230423,1.13919997215271,0.3310999870300293,0.2295999974012375,1.6074999570846558,0.3345000147819519,0.2745000123977661,2.7446999549865723,0.6689000129699707,0.6689000129699707,1.3378000259399414,0.8173999786376953,0.9768999814987183,4.884500026702881,0.9739999771118164,1.0599000453948975,6.359499931335449,1.1304999589920044,1.138800024986267,7.97160005569458,1.5369000434875488,1.5168999433517456,15.168499946594238,12.172200202941895,-4.020500183105469,-23.07659912109375,-8.352100372314453,-4.020500183105469,-3.976300001144409,-3.9593000411987305,-3.957200050354004,-3.7811999320983887,-23.074800491333008,-23.20210075378418,-23.29669952392578,-23.381000518798828,-23.56100082397461,-8.40410041809082,-8.517499923706055,-8.545700073242188,-8.590399742126465,-8.65839958190918,0.04270000010728836,0.08749999850988388,12.17199993133545,11.870200157165527,11.79010009765625,11.71399974822998,11.343199729919434,-8.40410041809082,-8.517499923706055,-8.545700073242188,-8.590399742126465,-8.65839958190918,-4.020500183105469,-3.976300001144409,-3.9593000411987305,-3.957200050354004,-3.7811999320983887,-23.074800491333008,-23.20210075378418,-23.29669952392578,-23.381000518798828,-23.56100082397461,57.202598571777344,171.79660034179688,200.62649536132812,236.34530639648438,322.28900146484375,3.949700117111206,0.15039999783039093,0.7447999715805054,0.7447999715805054
10,130.98300170898438,110.26509857177734,24.004499435424805,2.6693999767303467,0.4683000147342682,1.0,1.3652000427246094,1.0534000396728516,130.98300170898438,13.719300270080566,59.1151008605957,1182.3021240234375,6.556300163269043,59.30730056762695,59.30730056762695,118.614501953125,60.28229904174805,60.77220153808594,303.8609924316406,60.99869918823242,61.42319869995117,368.5390930175781,61.7150993347168,61.99610137939453,433.972412109375,63.963600158691406,63.42290115356445,634.2291870117188,13.865599632263184,13.865599632263184,27.731199264526367,14.182299613952637,14.360899925231934,71.80449676513672,14.419400215148926,14.51200008392334,87.07230377197266,14.613800048828125,14.526599884033203,101.68609619140625,14.097000122070312,14.210700035095215,142.10740661621094,131.502197265625,131.502197265625,263.0044860839844,133.8896026611328,135.1678924560547,675.839599609375,135.77920532226562,136.82550048828125,820.9530029296875,137.66859436035156,138.360107421875,968.5208129882812,143.19509887695312,142.4134063720703,1424.1339111328125,0.39969998598098755,0.39969998598098755,0.7993999719619751,0.6689000129699707,0.65420001745224,3.2709999084472656,0.7045999765396118,0.6686000227928162,4.01140022277832,0.6689000129699707,0.6212999820709229,4.3491997718811035,0.40299999713897705,0.46799999475479126,4.680300235748291,1.7043999433517456,1.7043999433517456,3.408799886703491,3.3408000469207764,2.7014999389648438,13.507399559020996,2.848099946975708,2.6419999599456787,15.851900100708008,2.4168999195098877,2.609800100326538,18.268800735473633,2.3499999046325684,2.365000009536743,23.650100708007812,3.3691000938415527,3.3691000938415527,6.7382001876831055,6.049699783325195,5.167300224304199,25.836599349975586,5.580900192260742,5.158100128173828,30.94879913330078,5.112100124359131,5.140999794006348,35.986698150634766,4.553299903869629,4.145299911499023,41.45280075073242,9.205400466918945,9.205400466918945,18.410900115966797,18.76930046081543,15.402700424194336,77.01329803466797,16.665599822998047,15.262499809265137,91.57520294189453,15.028800010681152,15.229100227355957,106.60399627685547,13.20829963684082,13.142800331115723,131.4281005859375,5.6768999099731445,1.5964000225067139,17.811599731445312,8.512900352478027,1.4502999782562256,0.9555000066757202,0.8044999837875366,0.7901999950408936,1.1066999435424805,17.29439926147461,13.631999969482422,11.974100112915039,10.438799858093262,6.382800102233887,8.321599960327148,6.85830020904541,6.207200050354004,5.634200096130371,4.206600189208984,0.6241999864578247,0.5425000190734863,3.027600049972534,-3.1714000701904297,-3.0311999320983887,-2.9976000785827637,-0.9101999998092651,8.321599960327148,6.85830020904541,6.207200050354004,5.634200096130371,4.206600189208984,1.4502999782562256,0.9555000066757202,0.8044999837875366,0.7901999950408936,1.1066999435424805,17.29439926147461,13.631999969482422,11.974100112915039,10.438799858093262,6.382800102233887,59.10279846191406,143.23939514160156,171.8874053955078,200.5352020263672,285.26458740234375,3.775700092315674,0.34599998593330383,0.8162999749183655,0.8162999749183655
11,167.33680725097656,130.9918975830078,29.726299285888672,0.0,0.3312000036239624,0.0,0.337799996137619,0.337799996137619,167.33680725097656,15.834500312805176,74.44840240478516,1488.9681396484375,1.0068000555038452,74.53359985351562,74.53359985351562,149.06719970703125,74.7238998413086,74.73069763183594,373.6535949707031,74.81659698486328,74.77760314941406,448.6653137207031,74.89920043945312,74.7948989868164,523.5645141601562,74.81159973144531,74.76349639892578,747.6345825195312,15.945699691772461,15.945699691772461,31.891399383544922,16.278799057006836,16.145599365234375,80.72789764404297,16.278799057006836,16.167800903320312,97.00669860839844,16.278799057006836,16.183700561523438,113.28559875488281,16.278799057006836,16.190000534057617,161.9001007080078,167.43380737304688,167.43380737304688,334.86761474609375,167.53619384765625,167.72109985351562,838.6054077148438,167.80059814453125,167.87820434570312,1007.2689819335938,168.06500244140625,167.99169921875,1175.94189453125,168.10079956054688,168.06080627441406,1680.6077880859375,0.1688999980688095,0.1688999980688095,0.3379000127315521,0.3310999870300293,0.26759999990463257,1.3379000425338745,0.3310999870300293,0.2782000005245209,1.6690000295639038,0.3310999870300293,0.23839999735355377,1.6690000295639038,0.1688999980688095,0.16689999401569366,1.6690000295639038,0.3343999981880188,0.3343999981880188,0.6689000129699707,0.0,0.13379999995231628,0.6689000129699707,0.0,0.11150000244379044,0.6689000129699707,0.0,0.09560000151395798,0.6689000129699707,0.0,0.06689999997615814,0.6689000129699707,0.0,0.0,0.0,0.3310999870300293,0.28189998865127563,1.4092999696731567,0.3343999981880188,0.29120001196861267,1.7470999956130981,0.3312000036239624,0.2969000041484833,2.0782999992370605,0.337799996137619,0.3765000104904175,3.764699935913086,0.9064000248908997,0.9064000248908997,1.8128000497817993,1.0068000555038452,1.073199987411499,5.365900039672852,1.0033999681472778,1.0609999895095825,6.366000175476074,1.000100016593933,0.9567000269889832,6.697199821472168,0.9043999910354614,0.9052000045776367,9.052399635314941,5.953499794006348,0.7401000261306763,-17.073699951171875,-5.930099964141846,0.6291999816894531,0.4300999939441681,0.4081999957561493,0.39259999990463257,0.3869999945163727,-17.17300033569336,-17.466999053955078,-17.626300811767578,-17.742000579833984,-17.81760025024414,-6.01609992980957,-6.2154998779296875,-6.2631001472473145,-6.281199932098389,-6.2519001960754395,0.04320000112056732,0.43070000410079956,6.053599834442139,5.886600017547607,5.898799896240234,6.0030999183654785,6.054599761962891,-6.01609992980957,-6.2154998779296875,-6.2631001472473145,-6.281199932098389,-6.2519001960754395,0.6291999816894531,0.4300999939441681,0.4081999957561493,0.39259999990463257,0.3869999945163727,-17.17300033569336,-17.466999053955078,-17.626300811767578,-17.742000579833984,-17.81760025024414,28.647899627685547,85.9437026977539,114.59159851074219,143.23939514160156,143.23939514160156,4.513899803161621,-0.3971000015735626,0.061000000685453415,0.061000000685453415
12,164.19650268554688,135.8134002685547,20.58799934387207,0.6621999740600586,0.3310999870300293,1.3243999481201172,0.3310999870300293,0.743399977684021,164.19650268554688,13.101200103759766,72.01360321044922,1440.2711181640625,3.392199993133545,72.006103515625,72.006103515625,144.01210021972656,71.97789764404297,71.83920288085938,359.19580078125,71.82550048828125,71.76940155029297,430.6166076660156,71.67310333251953,71.7260971069336,502.0827941894531,71.49949645996094,71.54080200195312,715.4075927734375,13.032400131225586,13.032400131225586,26.064899444580078,12.86340045928955,12.867400169372559,64.33719635009766,12.91349983215332,12.946499824523926,77.67890167236328,12.963700294494629,13.096199989318848,91.67310333251953,13.221400260925293,13.404800415039062,134.047607421875,164.1865997314453,164.1865997314453,328.3731994628906,164.0402069091797,163.6013946533203,818.0068969726562,163.6011962890625,163.30999755859375,979.8599853515625,163.16209411621094,163.0832061767578,1141.582275390625,162.14219665527344,162.47300720214844,1624.7293701171875,0.1656000018119812,0.1656000018119812,0.3310999870300293,0.0066999997943639755,0.13510000705718994,0.675599992275238,0.1688999980688095,0.16779999434947968,1.006700038909912,0.3310999870300293,0.19110000133514404,1.3378000259399414,0.3310999870300293,0.20069999992847443,2.006700038909912,0.6057999730110168,0.6057999730110168,1.2115999460220337,0.6689000129699707,0.6035000085830688,3.017699956893921,0.5685999989509583,0.5591999888420105,3.3554000854492188,0.4683000147342682,0.5267000198364258,3.6865999698638916,0.5685999989509583,0.5512999892234802,5.513400077819824,0.5651999711990356,0.5651999711990356,1.1304999589920044,0.6621999740600586,0.7815999984741211,3.907900094985962,0.6621999740600586,0.7064999938011169,4.238999843597412,0.6621999740600586,0.6538000106811523,4.5767998695373535,0.6621999740600586,1.0441999435424805,10.441900253295898,2.329900026321411,2.329900026321411,4.659900188446045,3.274399995803833,2.7946999073028564,13.97350025177002,2.895900011062622,2.550800085067749,15.30459976196289,2.517400026321411,2.329200029373169,16.30459976196289,2.895900011062622,2.883500099182129,28.835399627685547,8.844799995422363,0.5436000227928162,23.88960075378418,19.178199768066406,0.612500011920929,0.7777000069618225,0.6987000107765198,0.5490999817848206,0.24089999496936798,23.895099639892578,24.47439956665039,24.764400482177734,24.990299224853516,25.598600387573242,19.183900833129883,19.348600387573242,19.417999267578125,19.46109962463379,19.646499633789062,0.4171000123023987,0.48829999566078186,9.904800415039062,9.440500259399414,9.684800148010254,9.906700134277344,9.356200218200684,19.183900833129883,19.348600387573242,19.417999267578125,19.46109962463379,19.646499633789062,0.612500011920929,0.7777000069618225,0.6987000107765198,0.5490999817848206,0.24089999496936798,23.895099639892578,24.47439956665039,24.764400482177734,24.990299224853516,25.598600387573242,47.12730026245117,75.77519989013672,118.74710083007812,158.72999572753906,226.17660522460938,3.2523999214172363,0.06480000168085098,0.6455000042915344,0.6455000042915344
13,196.57769775390625,164.8979949951172,31.330299377441406,13.426899909973145,1.1937999725341797,10.84570026397705,8.056099891662598,9.178899765014648,196.57769775390625,18.378599166870117,87.18560028076172,1743.712646484375,42.701499938964844,85.85679626464844,85.85679626464844,171.7136993408203,84.5280990600586,84.9124984741211,424.5625915527344,84.56629943847656,84.93399810791016,509.60400390625,84.60459899902344,85.12229919433594,595.8563842773438,85.64689636230469,86.07949829101562,860.794677734375,18.619600296020508,18.619600296020508,37.239200592041016,18.860599517822266,18.868499755859375,94.34249877929688,18.65489959716797,18.7283992767334,112.37030029296875,18.449199676513672,18.559600830078125,129.91690063476562,18.20319938659668,17.816200256347656,178.16209411621094,193.04769897460938,193.04769897460938,386.09539794921875,189.5177001953125,190.7908935546875,953.9545288085938,190.39239501953125,191.15379333496094,1146.9224853515625,191.26699829101562,192.00250244140625,1344.017578125,194.77279663085938,195.24740600585938,1952.4742431640625,0.8357999920845032,0.8357999920845032,1.6714999675750732,0.47769999504089355,0.86080002784729,4.304200172424316,0.8357999920845032,2.434999942779541,14.610300064086914,1.1937999725341797,4.119900226593018,28.83930015563965,2.501300096511841,5.341100215911865,53.410499572753906,5.4369001388549805,5.4369001388549805,10.873800277709961,1.6949000358581543,3.469899892807007,17.349599838256836,2.8714001178741455,3.826200008392334,22.957399368286133,4.047800064086914,4.1894001960754395,29.325899124145508,5.988100051879883,5.992700099945068,59.92689895629883,9.539400100708008,9.539400100708008,19.078699111938477,4.803100109100342,6.019000053405762,30.09510040283203,5.227499961853027,6.360499858856201,38.16320037841797,5.651899814605713,6.622700214385986,46.3588981628418,7.652200222015381,7.290500164031982,72.90519714355469,27.723499298095703,27.723499298095703,55.446998596191406,12.745499610900879,18.57990074157715,92.89929962158203,16.289400100708008,22.00860023498535,132.05189514160156,19.83329963684082,25.134899139404297,175.94419860839844,40.926998138427734,32.065399169921875,320.6545104980469,-32.36690139770508,-2.0859999656677246,-28.936800003051758,-11.499600410461426,-2.3269999027252197,-2.575700044631958,-2.435499906539917,-2.2665998935699463,-1.5230000019073486,-25.408100128173828,-23.15329933166504,-23.51609992980957,-24.364999771118164,-27.613100051879883,-10.17140007019043,-9.227899551391602,-9.249300003051758,-9.437700271606445,-10.395600318908691,0.9692000150680542,0.9703999757766724,-17.388999938964844,-8.248299598693848,-11.677800178527832,-14.804499626159668,-21.7322998046875,-10.17140007019043,-9.227899551391602,-9.249300003051758,-9.437700271606445,-10.395600318908691,-2.3269999027252197,-2.575700044631958,-2.435499906539917,-2.2665998935699463,-1.5230000019073486,-25.408100128173828,-23.15329933166504,-23.51609992980957,-24.364999771118164,-27.613100051879883,63.96929931640625,172.00079345703125,203.31430053710938,233.49569702148438,316.510498046875,4.506999969482422,-0.4887999892234802,0.10450000315904617,0.10450000315904617
14,180.89219665527344,144.97740173339844,28.071399688720703,0.0,0.3310999870300293,0.746399998664856,0.4729999899864197,1.3310999870300293,180.89219665527344,16.09269905090332,80.16490173339844,1603.29736328125,2.8815999031066895,80.28829956054688,80.28829956054688,160.57659912109375,80.53929901123047,80.45020294189453,402.25079345703125,80.54419708251953,80.46659851074219,482.7998046875,80.53929901123047,80.46990203857422,563.2890014648438,80.50409698486328,80.43150329589844,804.314697265625,16.514699935913086,16.514699935913086,33.02939987182617,17.487199783325195,17.28179931640625,86.40910339355469,17.63450050354004,17.420000076293945,104.5198974609375,17.781700134277344,17.518699645996094,122.63059997558594,18.0939998626709,17.692899703979492,176.9293975830078,180.94639587402344,180.94639587402344,361.8927001953125,181.1114959716797,181.08920288085938,905.4459838867188,181.16619873046875,181.11109924316406,1086.6668701171875,181.1114959716797,181.1112060546875,1267.7783203125,181.1103973388672,180.95350646972656,1809.53515625,0.3343999981880188,0.3343999981880188,0.6689000129699707,0.3310999870300293,0.33379998803138733,1.6689000129699707,0.3343999981880188,0.3562000095844269,2.137200117111206,0.337799996137619,0.35359999537467957,2.474900007247925,0.3343999981880188,0.2957000136375427,2.9565999507904053,0.9966999888420105,0.9966999888420105,1.993299961090088,0.337799996137619,0.5324000120162964,2.6621999740600586,0.3343999981880188,0.44369998574256897,2.6621999740600586,0.3310999870300293,0.38029998540878296,2.6621999740600586,0.3310999870300293,0.33309999108314514,3.3310999870300293,0.0,0.0,0.0,0.0,0.13379999995231628,0.6689000129699707,0.1656000018119812,0.16670000553131104,1.0,0.3310999870300293,0.19020000100135803,1.3310999870300293,0.3310999870300293,0.2615000009536743,2.6149001121520996,2.278599977493286,2.278599977493286,4.55709981918335,1.3310999870300293,1.5113999843597412,7.55709981918335,1.1621999740600586,1.392799973487854,8.356499671936035,0.9933000206947327,1.2892999649047852,9.025400161743164,0.8794000148773193,1.1460000276565552,11.459699630737305,5.627600193023682,1.9200999736785889,-2.075700044631958,0.6100000143051147,1.4982999563217163,0.7318999767303467,0.5940999984741211,0.49570000171661377,0.3224000036716461,-2.1287999153137207,-2.268899917602539,-2.2904000282287598,-2.2901999950408936,-2.1326000690460205,0.4871000051498413,0.3255000114440918,0.30880001187324524,0.3052999973297119,0.3425000011920929,0.066600002348423,0.7457000017166138,6.229100227355957,6.9928998947143555,7.111000061035156,7.214099884033203,7.355800151824951,0.4871000051498413,0.3255000114440918,0.30880001187324524,0.3052999973297119,0.3425000011920929,1.4982999563217163,0.7318999767303467,0.5940999984741211,0.49570000171661377,0.3224000036716461,-2.1287999153137207,-2.268899917602539,-2.2904000282287598,-2.2901999950408936,-2.1326000690460205,57.295799255371094,85.9437026977539,85.9437026977539,100.2676010131836,171.8874053955078,4.250400066375732,-0.17589999735355377,0.47440001368522644,0.47440001368522644
15,31.06439971923828,19.978700637817383,160.173095703125,0.0,0.3310999870300293,0.4729999899864197,0.0,0.7493000030517578,174.3444061279297,14.252099990844727,82.58200073242188,1651.6407470703125,1.5534000396728516,82.4531021118164,82.4531021118164,164.9062042236328,82.2334976196289,82.27680206298828,411.38409423828125,82.21630096435547,82.2113037109375,493.2677917480469,82.1989974975586,82.15280151367188,575.0693969726562,82.18470001220703,82.18890380859375,821.8887939453125,14.222399711608887,14.222399711608887,28.444900512695312,14.14210033416748,14.174300193786621,70.87129974365234,14.14210033416748,14.122900009155273,84.73750305175781,14.14210033416748,13.992300033569336,97.94599914550781,14.004199981689453,13.383099555969238,133.83090209960938,174.1479034423828,174.1479034423828,348.2958984375,173.5944061279297,173.8157958984375,869.0789794921875,173.60789489746094,173.7834014892578,1042.700439453125,173.6215057373047,173.76429748535156,1216.3502197265625,173.69320678710938,173.77479553222656,1737.7481689453125,0.3343999981880188,0.3343999981880188,0.6689000129699707,0.3310999870300293,0.2662000060081482,1.3310999870300293,0.3310999870300293,0.27810001373291016,1.6689000129699707,0.3310999870300293,0.2856999933719635,2.0,0.3310999870300293,0.20000000298023224,2.0,0.6087999939918518,0.6087999939918518,1.2175999879837036,0.3310999870300293,0.30970001220703125,1.548699975013733,0.3343999981880188,0.31439998745918274,1.8865000009536743,0.337799996137619,0.4113999903202057,2.8798000812530518,0.5651999711990356,0.4880000054836273,4.879799842834473,0.0,0.0,0.0,0.0,0.26759999990463257,1.3378000259399414,0.3310999870300293,0.3463999927043915,2.078200101852417,0.337799996137619,0.3450999855995178,2.4158999919891357,0.5,0.4494999945163727,4.495200157165527,1.3452999591827393,1.3452999591827393,2.6905999183654785,1.1371999979019165,1.0706000328063965,5.35290002822876,1.3452999591827393,1.252500057220459,7.515100002288818,1.5534000396728516,1.4617999792099,10.232799530029297,1.7109999656677246,1.6052000522613525,16.051799774169922,10.683500289916992,-0.6072999835014343,13.741700172424316,8.609700202941895,-0.5774999856948853,-0.5291000008583069,-0.47769999504089355,-0.34700000286102295,0.26249998807907104,13.933799743652344,14.260000228881836,14.291000366210938,14.309200286865234,14.296799659729004,8.736800193786621,8.91100025177002,8.976099967956543,9.034500122070312,8.99839973449707,0.11259999871253967,0.5083000063896179,10.889399528503418,11.164600372314453,10.983099937438965,10.774100303649902,10.634599685668945,8.736800193786621,8.91100025177002,8.976099967956543,9.034500122070312,8.99839973449707,-0.5774999856948853,-0.5291000008583069,-0.47769999504089355,-0.34700000286102295,0.26249998807907104,13.933799743652344,14.260000228881836,14.291000366210938,14.309200286865234,14.296799659729004,71.61969757080078,154.6295928955078,186.2113037109375,236.3450927734375,323.0285949707031,3.113600015640259,0.20360000431537628,0.6789000034332275,0.6789000034332275
16,184.6103973388672,147.38380432128906,33.24150085449219,0.0,0.7462999820709229,0.7404000163078308,0.3310999870300293,0.0,184.6103973388672,18.335100173950195,83.02420043945312,1660.484619140625,1.8178999423980713,82.96849822998047,82.96849822998047,165.93699645996094,82.82820129394531,82.8053970336914,414.0271911621094,82.77279663085938,82.72850036621094,496.37078857421875,82.71730041503906,82.643798828125,578.5068969726562,82.44409942626953,82.47650146484375,824.7647705078125,18.50659942626953,18.50659942626953,37.013099670410156,18.952499389648438,18.87540054321289,94.37689971923828,19.048500061035156,18.974300384521484,113.84590148925781,19.14459991455078,19.00860023498535,133.0605010986328,18.845699310302734,18.74839973449707,187.48390197753906,184.3751983642578,184.3751983642578,368.75030517578125,183.4873046875,183.49710083007812,917.4854736328125,183.19850158691406,183.2366943359375,1099.42041015625,182.90969848632812,183.05050659179688,1281.353759765625,182.83909606933594,182.9575958251953,1829.5760498046875,0.5421000123023987,0.5421000123023987,1.0841000080108643,0.337799996137619,0.3776000142097473,1.888200044631958,0.3345000147819519,0.31470000743865967,1.888200044631958,0.3310999870300293,0.31709998846054077,2.219399929046631,0.3310999870300293,0.2888000011444092,2.888200044631958,0.1656000018119812,0.1656000018119812,0.3310999870300293,0.3310999870300293,0.2662000060081482,1.3310999870300293,0.3310999870300293,0.27810001373291016,1.6689000129699707,0.3310999870300293,0.3052999973297119,2.1370999813079834,0.3343999981880188,0.34139999747276306,3.414299964904785,0.1656000018119812,0.1656000018119812,0.3310999870300293,0.337799996137619,0.36079999804496765,1.8041000366210938,0.3343999981880188,0.301800012588501,1.8107999563217163,0.337799996137619,0.35420000553131104,2.4797000885009766,0.337799996137619,0.36169999837875366,3.617000102996826,1.8133000135421753,1.8133000135421753,3.626699924468994,1.8087999820709229,1.7036999464035034,8.518600463867188,1.6476000547409058,1.587499976158142,9.525300025939941,1.8087999820709229,1.6670000553131104,11.669099807739258,1.7094999551773071,1.6492999792099,16.492799758911133,5.742000102996826,0.0714000016450882,-5.426700115203857,-1.9648000001907349,-0.10010000318288803,-0.46869999170303345,-0.5674999952316284,-0.6017000079154968,-0.3409999907016754,-5.1890997886657715,-4.305799961090088,-4.045400142669678,-3.8598999977111816,-3.7699999809265137,-1.9082000255584717,-1.7430000305175781,-1.6660000085830688,-1.5815999507904053,-1.4155999422073364,0.05270000174641609,0.10689999908208847,5.746399879455566,5.855599880218506,5.97189998626709,5.892899990081787,5.908100128173828,-1.9082000255584717,-1.7430000305175781,-1.6660000085830688,-1.5815999507904053,-1.4155999422073364,-0.10010000318288803,-0.46869999170303345,-0.5674999952316284,-0.6017000079154968,-0.3409999907016754,-5.1890997886657715,-4.305799961090088,-4.045400142669678,-3.8598999977111816,-3.7699999809265137,42.9718017578125,100.2676010131836,128.91549682617188,171.8874053955078,258.8245849609375,4.536399841308594,-0.6244000196456909,0.04540000110864639,0.04540000110864639
17,148.01809692382812,126.23320007324219,24.161399841308594,0.337799996137619,0.0,0.47769999504089355,0.337799996137619,0.3310999870300293,148.01809692382812,13.038399696350098,67.52290344238281,1350.4571533203125,1.4844000339508057,67.52140045166016,67.52140045166016,135.0428924560547,67.52290344238281,67.53690338134766,337.6846008300781,67.54550170898438,67.54620361328125,405.2770080566406,67.52290344238281,67.51139831542969,472.57940673828125,67.5103988647461,67.33039855957031,673.3035888671875,13.021300315856934,13.021300315856934,26.042600631713867,13.004199981689453,12.946700096130371,64.7333984375,13.002099990844727,12.910900115966797,77.46540069580078,13.0,12.845100402832031,89.91549682617188,12.798700332641602,12.770000457763672,127.69969940185547,148.03810119628906,148.03810119628906,296.0762023925781,148.09800720214844,148.2032012939453,741.0159912109375,148.20370483398438,148.2957000732422,889.774169921875,148.09939575195312,148.26759338378906,1037.87353515625,148.0780029296875,147.57049560546875,1475.705322265625,0.0,0.0,0.0,0.4683000147342682,0.28279998898506165,1.414199948310852,0.23409999907016754,0.23569999635219574,1.414199948310852,0.0,0.20200000703334808,1.414199948310852,0.1656000018119812,0.20829999446868896,2.0831000804901123,0.1656000018119812,0.1656000018119812,0.3310999870300293,0.0,0.1324000060558319,0.6621999740600586,0.1656000018119812,0.16670000553131104,1.0,0.3310999870300293,0.24860000610351562,1.740399956703186,0.3345000147819519,0.4542999863624573,4.543099880218506,0.3343999981880188,0.3343999981880188,0.6689000129699707,0.6621999740600586,0.5338000059127808,2.6689000129699707,0.6621999740600586,0.5551999807357788,3.3310999870300293,0.6621999740600586,0.619700014591217,4.337800025939941,0.6689000129699707,0.9876999855041504,9.877300262451172,1.2388999462127686,1.2388999462127686,2.4776999950408936,1.799399971961975,1.781499981880188,8.907699584960938,1.8783999681472778,1.8547999858856201,11.128800392150879,1.9573999643325806,2.077399969100952,14.541600227355957,2.447200059890747,2.724600076675415,27.246200561523438,9.536499977111816,2.9655001163482666,8.32349967956543,3.214200019836426,2.982599973678589,3.0571000576019287,3.0927999019622803,3.158600091934204,3.2335000038146973,8.3016996383667,8.135700225830078,8.04319953918457,8.071100234985352,8.767999649047852,3.2147998809814453,3.198899984359741,3.1895999908447266,3.224299907684326,3.405100107192993,0.23749999701976776,0.23729999363422394,9.779500007629395,9.23550033569336,9.162400245666504,8.940099716186523,8.293899536132812,3.2147998809814453,3.198899984359741,3.1895999908447266,3.224299907684326,3.405100107192993,2.982599973678589,3.0571000576019287,3.0927999019622803,3.158600091934204,3.2335000038146973,8.3016996383667,8.135700225830078,8.04319953918457,8.071100234985352,8.767999649047852,57.295799255371094,168.38580322265625,193.464599609375,200.5352020263672,272.1549987792969,4.146500110626221,-0.012500000186264515,0.6226000189781189,0.6226000189781189
18,80.0625,90.19979858398438,27.513599395751953,0.0,0.0,0.0,0.0,0.0,102.42070007324219,15.132699966430664,50.80009841918945,1016.0010986328125,0.0,50.80009841918945,50.80009841918945,101.60009765625,50.86320114135742,50.91279983520508,254.56399536132812,50.909400939941406,50.95320129394531,305.7193908691406,50.955501556396484,50.979400634765625,356.8555908203125,51.137001037597656,51.078800201416016,510.78851318359375,15.132699966430664,15.132699966430664,30.265499114990234,15.132699966430664,15.330300331115723,76.65139770507812,15.235799789428711,15.331700325012207,91.99019622802734,15.132699966430664,15.300399780273438,107.10289764404297,15.184200286865234,15.293700218200684,152.9365997314453,102.42070007324219,102.42070007324219,204.84140014648438,102.63980102539062,102.91699981689453,514.5850830078125,102.94300079345703,103.12830352783203,618.7700805664062,103.24620056152344,103.27210235595703,722.90478515625,103.99620056152344,103.71910095214844,1037.19140625,0.1656000018119812,0.1656000018119812,0.3310999870300293,0.0066999997943639755,0.13510000705718994,0.675599992275238,0.0066999997943639755,0.11259999871253967,0.675599992275238,0.0066999997943639755,0.09650000184774399,0.675599992275238,0.0032999999821186066,0.1006999984383583,1.006700038909912,0.1656000018119812,0.1656000018119812,0.3310999870300293,0.743399977684021,0.6669999957084656,3.3350000381469727,0.6057999730110168,0.633899986743927,3.8032000064849854,0.4683000147342682,0.5432999730110168,3.8032000064849854,0.3310999870300293,0.41339999437332153,4.134300231933594,0.1656000018119812,0.1656000018119812,0.3310999870300293,1.0534000396728516,0.8159999847412109,4.079899787902832,1.0299999713897705,0.8478000164031982,5.086599826812744,1.006700038909912,0.8213000297546387,5.748799800872803,0.5,0.6417999863624573,6.417699813842773,0.8963000178337097,0.8963000178337097,1.7927000522613525,3.0257999897003174,2.5585999488830566,12.793100357055664,2.7571001052856445,2.5469000339508057,15.281399726867676,2.488300085067749,2.439199924468994,17.074100494384766,1.8016999959945679,2.0826001167297363,20.826099395751953,12.233200073242188,0.18299999833106995,46.3739013671875,16.827899932861328,0.18310000002384186,-0.013899999670684338,-0.01510000042617321,0.01640000008046627,0.02370000071823597,46.37590026855469,45.882999420166016,45.67129898071289,45.526798248291016,45.07699966430664,16.828800201416016,16.71769905090332,16.677200317382812,16.65089988708496,16.550600051879883,0.0414000004529953,0.07880000025033951,11.336700439453125,9.672699928283691,9.684399604797363,9.792400360107422,10.149999618530273,16.828800201416016,16.71769905090332,16.677200317382812,16.65089988708496,16.550600051879883,0.18310000002384186,-0.013899999670684338,-0.01510000042617321,0.01640000008046627,0.02370000071823597,46.37590026855469,45.882999420166016,45.67129898071289,45.526798248291016,45.07699966430664,57.295799255371094,144.52980041503906,168.9987030029297,200.46139526367188,271.97088623046875,4.10860013961792,0.013199999928474426,0.6309000253677368,0.6309000253677368
19,176.3061981201172,151.82229614257812,31.028600692749023,0.3310999870300293,0.0,0.3310999870300293,0.0,0.3310999870300293,176.3061981201172,17.66550064086914,81.00550079345703,1620.1103515625,0.9933000206947327,80.93000030517578,80.93000030517578,161.86000061035156,80.86710357666016,80.89720153808594,404.4859924316406,80.88600158691406,80.90080261230469,485.4049987792969,80.90480041503906,80.91799926757812,566.42578125,80.9623031616211,80.98200225830078,809.8198852539062,17.437599182128906,17.437599182128906,34.875301361083984,17.38520050048828,17.462200164794922,87.31079864501953,17.525400161743164,17.533199310302734,105.19930267333984,17.66550064086914,17.583999633789062,123.08789825439453,17.525400161743164,17.495399475097656,174.95350646972656,176.1885986328125,176.1885986328125,352.377197265625,176.0709991455078,176.11810302734375,880.5902709960938,176.0709991455078,176.11019897460938,1056.6612548828125,176.0709991455078,176.13800048828125,1232.965576171875,176.1876983642578,176.3061981201172,1763.061767578125,0.0,0.0,0.0,0.0,0.0,0.0,0.0,0.0551999993622303,0.3310999870300293,0.0,0.09560000151395798,0.6689000129699707,0.0,0.10000000149011612,1.0,0.1688999980688095,0.1688999980688095,0.337799996137619,0.0066999997943639755,0.13510000705718994,0.675599992275238,0.0066999997943639755,0.11259999871253967,0.675599992275238,0.0066999997943639755,0.14380000531673431,1.006700038909912,0.1688999980688095,0.16760000586509705,1.6756000518798828,0.1656000018119812,0.1656000018119812,0.3310999870300293,0.0,0.06620000302791595,0.3310999870300293,0.0,0.0551999993622303,0.3310999870300293,0.0,0.04729999974370003,0.3310999870300293,0.0,0.03310000151395798,0.3310999870300293,0.5,0.5,1.0,0.337799996137619,0.4675999879837036,2.3378000259399414,0.3345000147819519,0.4447999894618988,2.6689000129699707,0.337799996137619,0.47679999470710754,3.3378000259399414,0.6656000018119812,0.5669000148773193,5.668900012969971,7.5157999992370605,0.3472999930381775,2.5102999210357666,-0.2305999994277954,0.5753999948501587,0.5515999794006348,0.48080000281333923,0.430400013923645,0.5199999809265137,2.6289000511169434,2.7023000717163086,2.7105000019073486,2.683000087738037,2.514699935913086,-0.15459999442100525,-0.12150000035762787,-0.12540000677108765,-0.1428000032901764,-0.20810000598430634,0.24959999322891235,0.37549999356269836,8.007599830627441,8.036800384521484,8.059000015258789,8.026599884033203,7.934899806976318,-0.15459999442100525,-0.12150000035762787,-0.12540000677108765,-0.1428000032901764,-0.20810000598430634,0.5753999948501587,0.5515999794006348,0.48080000281333923,0.430400013923645,0.5199999809265137,2.6289000511169434,2.7023000717163086,2.7105000019073486,2.683000087738037,2.514699935913086,42.9718017578125,42.9718017578125,42.9718017578125,42.9718017578125,143.23939514160156,4.28439998626709,-0.20990000665187836,0.4417000114917755,0.4417000114917755
20,196.1804962158203,149.48609924316406,26.837099075317383,0.743399977684021,1.4867000579833984,1.3782000541687012,1.9536999464035034,1.1937999725341797,196.1804962158203,14.394000053405762,84.85359954833984,1697.07177734375,6.75570011138916,84.85240173339844,84.85240173339844,169.70489501953125,84.85130310058594,84.81880187988281,424.093994140625,84.81340026855469,84.74430084228516,508.4659118652344,84.77559661865234,84.63819885253906,592.4674072265625,84.4989013671875,84.19879913330078,841.988525390625,14.204700469970703,14.204700469970703,28.409400939941406,14.015999794006348,14.09220027923584,70.46099853515625,14.025799751281738,14.137800216674805,84.8270034790039,14.035699844360352,14.17140007019043,99.19960021972656,14.035699844360352,14.161700248718262,141.61720275878906,196.3730926513672,196.3730926513672,392.7461853027344,196.5657958984375,196.68870544433594,983.4434204101562,196.52760314941406,196.59930419921875,1179.5960693359375,196.489501953125,196.4210968017578,1374.9476318359375,196.16659545898438,195.49209594726562,1954.920654296875,1.455199956893921,1.455199956893921,2.910399913787842,1.1993999481201172,1.0205999612808228,5.103099822998047,0.9375,0.963100016117096,5.77869987487793,0.675599992275238,0.9200999736785889,6.440899848937988,0.6689000129699707,0.8109999895095825,8.109800338745117,2.093600034713745,2.093600034713745,4.187099933624268,2.6554999351501465,2.1338000297546387,10.668800354003906,1.9247000217437744,1.8344000577926636,11.006500244140625,1.1937999725341797,1.6196999549865723,11.337599754333496,0.40299999713897705,1.200700044631958,12.006500244140625,0.7479000091552734,0.7479000091552734,1.4957000017166138,0.7523999810218811,1.0154999494552612,5.077600002288818,0.9156000018119812,1.0261000394821167,6.156499862670898,1.0787999629974365,1.263800024986267,8.846599578857422,0.9156000018119812,1.176200032234192,11.761899948120117,9.614700317382812,9.614700317382812,19.229400634765625,8.2923002243042,8.669899940490723,43.34939956665039,7.52400016784668,7.628799915313721,45.77280044555664,6.75570011138916,7.113399982452393,49.79399871826172,3.7095999717712402,5.693299770355225,56.93339920043945,5.481200218200684,-0.7491999864578247,-8.094300270080566,6.338099956512451,-0.5598000288009644,-0.4471000134944916,-0.4925999939441681,-0.5260999798774719,-0.5160999894142151,-8.291399955749512,-8.612899780273438,-8.524900436401367,-8.347599983215332,-7.420499801635742,6.337500095367432,6.36899995803833,6.4430999755859375,6.549099922180176,6.988399982452393,0.4763999879360199,0.5907999873161316,2.619999885559082,3.5652999877929688,4.606800079345703,5.122499942779541,6.54640007019043,6.337500095367432,6.36899995803833,6.4430999755859375,6.549099922180176,6.988399982452393,-0.5598000288009644,-0.4471000134944916,-0.4925999939441681,-0.5260999798774719,-0.5160999894142151,-8.291399955749512,-8.612899780273438,-8.524900436401367,-8.347599983215332,-7.420499801635742,71.61969757080078,157.5634002685547,157.5634002685547,157.5634002685547,224.9552001953125,4.093800067901611,-0.7766000032424927,0.31119999289512634,0.31119999289512634
21,158.2617950439453,117.79779815673828,31.368999481201172,1.3310999870300293,0.4683000147342682,0.6621999740600586,1.0534000396728516,0.6689000129699707,158.2617950439453,19.02630043029785,71.85220336914062,1437.044921875,4.183899879455566,71.7874984741211,71.7874984741211,143.5749969482422,71.3218002319336,71.14320373535156,355.7160949707031,71.03389739990234,70.86039733886719,425.16229248046875,70.74600219726562,70.5873031616211,494.1109924316406,69.75969696044922,69.87750244140625,698.7750244140625,18.871299743652344,18.871299743652344,37.74259948730469,18.716299057006836,18.79599952697754,93.9800033569336,18.871299743652344,18.952299118041992,113.71369934082031,18.996200561523438,18.958599090576172,132.70989990234375,18.673799514770508,18.574199676513672,185.74180603027344,158.1697998046875,158.1697998046875,316.339599609375,157.13800048828125,156.72039794921875,783.6019897460938,156.53460693359375,156.10850524902344,936.65087890625,155.9311065673828,155.5695037841797,1088.986572265625,153.62109375,154.20579528808594,1542.05810546875,0.6087999939918518,0.6087999939918518,1.2175999879837036,0.9412000179290771,0.9549999833106995,4.775100231170654,0.845300018787384,0.8738999962806702,5.2434000968933105,0.7493000030517578,0.7972999811172485,5.581200122833252,0.7042999863624573,0.7462999820709229,7.462800025939941,1.3846999406814575,1.3846999406814575,2.7692999839782715,2.3545000553131104,2.036099910736084,10.180399894714355,2.2274999618530273,1.9266999959945679,11.560199737548828,2.100399971008301,1.7851999998092651,12.496700286865234,1.378999948501587,1.587499976158142,15.874799728393555,2.1747000217437744,2.1747000217437744,4.349299907684326,3.018199920654297,3.16129994392395,15.806599617004395,2.9321999549865723,2.791300058364868,16.747800827026367,2.8461999893188477,2.4398999214172363,17.07900047302246,1.523300051689148,2.117500066757202,21.174800872802734,7.282299995422363,7.282299995422363,14.564599990844727,10.666000366210938,10.187199592590332,50.93619918823242,10.52340030670166,9.596799850463867,57.58060073852539,10.38070011138916,8.932999610900879,62.53089904785156,6.470300197601318,8.033900260925293,80.33920288085938,6.837100028991699,-3.02239990234375,-1.9200999736785889,-1.1152000427246094,-2.8673999309539795,-2.7922000885009766,-2.9486000537872314,-2.954900026321411,-2.57069993019104,-1.8300000429153442,-0.3815000057220459,0.2303999960422516,0.7692999839782715,2.132699966430664,-1.051200032234192,-0.4074000120162964,-0.12460000067949295,0.14839999377727509,0.8579000234603882,0.5199000239372253,0.4629000127315521,3.7360999584198,0.829800009727478,1.4205000400543213,2.0845000743865967,2.984600067138672,-1.051200032234192,-0.4074000120162964,-0.12460000067949295,0.14839999377727509,0.8579000234603882,-2.8673999309539795,-2.7922000885009766,-2.9486000537872314,-2.954900026321411,-2.57069993019104,-1.8300000429153442,-0.3815000057220459,0.2303999960422516,0.7692999839782715,2.132699966430664,66.69170379638672,157.5634002685547,188.2010040283203,227.68699645996094,329.4508056640625,4.50540018081665,-0.37139999866485596,0.23549999296665192,0.23549999296665192
22,130.6925048828125,115.89640045166016,29.100799560546875,10.123600006103516,2.3610999584198,5.394499778747559,6.871300220489502,5.683000087738037,132.96800231933594,14.674400329589844,64.11699676513672,1282.3409423828125,30.433500289916992,63.528099060058594,63.528099060058594,127.05619812011719,64.11499786376953,63.863800048828125,319.3192138671875,64.11599731445312,64.31849670410156,385.91070556640625,64.11699676513672,64.82879638671875,453.8017883300781,65.79730224609375,66.44270324707031,664.4273071289062,14.553799629211426,14.553799629211426,29.10770034790039,14.433300018310547,14.148900032043457,70.74449920654297,14.211899757385254,13.987600326538086,83.92569732666016,13.990599632263184,13.842700004577637,96.89869689941406,14.10159969329834,13.968899726867676,139.6894073486328,132.86459350585938,132.86459350585938,265.7290954589844,133.85130310058594,136.0012969970703,680.006591796875,136.1132049560547,137.81680297851562,826.9010009765625,138.375,139.62440490722656,977.3707275390625,144.4727020263672,144.8542938232422,1448.5430908203125,2.3550000190734863,2.3550000190734863,4.70989990234375,5.317699909210205,5.104499816894531,25.5226993560791,5.039000034332275,5.0472002029418945,30.283000946044922,4.760300159454346,4.804500102996826,33.63119888305664,4.385900020599365,4.645999908447266,46.46009826660156,6.943399906158447,6.943399906158447,13.886899948120117,9.01099967956543,8.439499855041504,42.19770050048828,8.607399940490723,8.315600395202637,49.893798828125,8.203900337219238,8.221400260925293,57.55009841918945,7.676199913024902,7.070199966430664,70.7020034790039,11.26729965209961,11.26729965209961,22.53459930419922,14.649700164794922,13.803199768066406,69.01589965820312,13.53030014038086,13.419300079345703,80.5155029296875,13.041299819946289,13.365300178527832,93.55690002441406,11.955300331115723,11.366600036621094,113.66570281982422,35.72800064086914,35.72800064086914,71.45610046386719,54.03770065307617,47.371498107910156,236.85760498046875,48.33399963378906,46.581298828125,279.48779296875,42.63019943237305,45.83420181274414,320.839599609375,41.18709945678711,39.311100006103516,393.11090087890625,-19.059799194335938,-0.34940001368522644,23.500099182128906,6.132800102233887,-0.22869999706745148,0.17659999430179596,0.33799999952316284,0.4830999970436096,0.35740000009536743,23.604000091552734,20.46619987487793,18.649799346923828,16.841400146484375,11.611000061035156,6.722099781036377,6.386499881744385,5.931700229644775,5.421199798583984,3.8076000213623047,0.9476000070571899,0.926800012588501,-24.35449981689453,-35.99359893798828,-35.20220184326172,-34.45429992675781,-27.929800033569336,6.722099781036377,6.386499881744385,5.931700229644775,5.421199798583984,3.8076000213623047,-0.22869999706745148,0.17659999430179596,0.33799999952316284,0.4830999970436096,0.35740000009536743,23.604000091552734,20.46619987487793,18.649799346923828,16.841400146484375,11.611000061035156,55.535701751708984,144.4626007080078,177.7191925048828,217.3529052734375,324.3774108886719,3.971299886703491,-0.2231999933719635,0.45809999108314514,0.45809999108314514
23,149.85560607910156,108.71289825439453,28.243799209594727,0.0,0.675599992275238,0.0066999997943639755,0.0,0.0,149.85560607910156,16.744699478149414,67.40360260009766,1348.072265625,0.6822999715805054,67.44490051269531,67.44490051269531,134.88980102539062,67.24819946289062,67.10559844970703,335.52789306640625,67.05010223388672,66.95860290527344,401.75140380859375,66.85199737548828,66.82879638671875,467.801513671875,66.51959991455078,66.67019653320312,666.7025146484375,16.74139976501465,16.74139976501465,33.4827995300293,16.738100051879883,16.738300323486328,83.69129943847656,16.702800750732422,16.716999053955078,100.30220031738281,16.667400360107422,16.70989990234375,116.96959686279297,16.63920021057129,16.593599319458008,165.93589782714844,149.97279357910156,149.97279357910156,299.9455871582031,149.50450134277344,149.24099731445312,746.2050170898438,149.09530639648438,148.9738006591797,893.8427734375,148.68609619140625,148.7209014892578,1041.046142578125,148.12890625,148.43179321289062,1484.318359375,1.0401999950408936,1.0401999950408936,2.0803000926971436,0.9933000206947327,0.9229999780654907,4.6149001121521,0.8345000147819519,0.8479999899864197,5.087900161743164,0.675599992275238,0.7741000056266785,5.419000148773193,0.4729999899864197,0.574999988079071,5.750100135803223,0.0,0.0,0.0,0.0066999997943639755,0.1324000060558319,0.6621999740600586,0.1656000018119812,0.16439999639987946,0.9865999817848206,0.32440000772476196,0.1882999986410141,1.3178000450134277,0.3278000056743622,0.24529999494552612,2.453000068664551,0.0032999999821186066,0.0032999999821186066,0.0066999997943639755,0.0066999997943639755,0.06889999657869339,0.34450000524520874,0.0032999999821186066,0.05739999935030937,0.34450000524520874,0.0066999997943639755,0.1160999983549118,0.8126999735832214,0.1688999980688095,0.20900000631809235,2.0897998809814453,1.2157000303268433,1.2157000303268433,2.43149995803833,1.7491999864578247,1.6368999481201172,8.184399604797363,1.6729999780654907,1.6302000284194946,9.781100273132324,1.7491999864578247,1.722599983215332,12.058300018310547,1.6729999780654907,1.6269999742507935,16.269899368286133,10.338600158691406,-0.7407000064849854,6.485899925231934,3.333400011062622,-0.737500011920929,-0.734499990940094,-0.7132999897003174,-0.7063000202178955,-0.5900999903678894,6.367000102996826,7.097899913787842,7.365099906921387,7.6178998947143555,7.906700134277344,3.2913999557495117,3.6303000450134277,3.7771999835968018,3.906899929046631,4.065199851989746,0.03999999910593033,0.07450000196695328,9.802599906921387,9.380200386047363,9.38700008392334,9.294899940490723,9.391599655151367,3.2913999557495117,3.6303000450134277,3.7771999835968018,3.906899929046631,4.065199851989746,-0.737500011920929,-0.734499990940094,-0.7132999897003174,-0.7063000202178955,-0.5900999903678894,6.367000102996826,7.097899913787842,7.365099906921387,7.6178998947143555,7.906700134277344,24.42009925842285,128.91549682617188,171.8874053955078,172.07179260253906,257.83099365234375,4.3968000411987305,-0.26269999146461487,0.35929998755455017,0.35929998755455017
24,154.42630004882812,111.94249725341797,28.766700744628906,2.0536000728607178,0.6621999740600586,0.9933000206947327,1.6883000135421753,1.8730000257492065,154.42630004882812,15.765600204467773,69.90989685058594,1398.197509765625,7.270500183105469,70.49440002441406,70.49440002441406,140.98880004882812,70.45050048828125,70.51110076904297,352.5552978515625,70.53189849853516,70.5280990600586,423.1686096191406,70.6134033203125,70.57630157470703,494.03399658203125,70.73380279541016,70.75430297851562,707.543212890625,15.78849983215332,15.78849983215332,31.576900482177734,15.765600204467773,15.777000427246094,78.88520050048828,15.763999938964844,15.73490047454834,94.4093017578125,15.765600204467773,15.808500289916992,110.6593017578125,15.871299743652344,16.090499877929688,160.90469360351562,155.36619567871094,155.36619567871094,310.7322998046875,154.90780639648438,155.11180114746094,775.5592041015625,154.66700744628906,154.9951934814453,929.9713134765625,154.42630004882812,154.89430236816406,1084.2598876953125,154.66700744628906,154.8583984375,1548.5841064453125,0.6689000129699707,0.6689000129699707,1.3378000259399414,0.6621999740600586,0.6434999704360962,3.217600107192993,0.6689000129699707,0.6930999755859375,4.158899784088135,0.675599992275238,0.7002999782562256,4.902200222015381,0.7095000147819519,0.7387999892234802,7.388299942016602,1.533400058746338,1.533400058746338,3.066800117492676,1.6648999452590942,1.430299997329712,7.151700019836426,1.4292999505996704,1.3674999475479126,8.205100059509277,1.6648999452590942,1.4107999801635742,9.875300407409668,1.6749000549316406,2.632699966430664,26.327299118041992,1.9122999906539917,1.9122999906539917,3.82450008392334,1.770900011062622,1.621399998664856,8.106900215148926,1.7299000024795532,1.4615000486373901,8.769100189208984,1.6890000104904175,1.3946000337600708,9.762399673461914,1.857699990272522,4.790599822998047,47.90570068359375,6.548900127410889,6.548900127410889,13.097900390625,6.903500080108643,6.190100193023682,30.950300216674805,6.365499973297119,5.832399845123291,34.99409866333008,5.827400207519531,5.803999900817871,40.62820053100586,6.987100124359131,13.764100074768066,137.6407012939453,4.962699890136719,-0.4498000144958496,-5.631700038909912,-2.281899929046631,-0.4726000130176544,-0.46059998869895935,-0.41830000281333923,-0.4916999936103821,-0.7731000185012817,-6.569499969482422,-6.3119001388549805,-6.1956000328063965,-6.095300197601318,-6.06220006942749,-2.865600109100342,-2.8805999755859375,-2.897700071334839,-2.946000099182129,-3.124799966812134,0.5722000002861023,0.6653000116348267,5.684100151062012,6.041200160980225,6.39900016784668,6.427499771118164,-1.531499981880188,-2.865600109100342,-2.8805999755859375,-2.897700071334839,-2.946000099182129,-3.124799966812134,-0.4726000130176544,-0.46059998869895935,-0.41830000281333923,-0.4916999936103821,-0.7731000185012817,-6.569499969482422,-6.3119001388549805,-6.1956000328063965,-6.095300197601318,-6.06220006942749,47.0275993347168,131.63059997558594,187.99920654296875,216.88479614257812,274.8699951171875,3.978600025177002,0.14319999516010284,0.7200000286102295,0.7200000286102295
25,210.002197265625,174.95889282226562,29.068899154663086,0.9412000179290771,0.3310999870300293,0.0,0.0,0.337799996137619,210.002197265625,16.44729995727539,92.60389709472656,1852.077392578125,1.6101000308990479,92.71060180664062,92.71060180664062,185.42120361328125,93.0552978515625,93.15480041503906,465.77398681640625,93.27189636230469,93.28099822998047,559.685791015625,93.4885025024414,93.31220245361328,653.185791015625,93.06420135498047,93.19869995117188,931.9873046875,16.28660011291504,16.28660011291504,32.57320022583008,15.709799766540527,15.940099716186523,79.70059967041016,15.760600090026855,15.918700218200684,95.51200103759766,15.811400413513184,15.903300285339355,111.32340240478516,15.709799766540527,15.817000389099121,158.17019653320312,210.28720092773438,210.28720092773438,420.57440185546875,211.14259338378906,211.30740356445312,1056.53662109375,211.57760620117188,211.61619567871094,1269.697509765625,212.0126953125,211.74440002441406,1482.2103271484375,211.50869750976562,211.64259338378906,2116.42626953125,0.1656000018119812,0.1656000018119812,0.3310999870300293,0.3310999870300293,0.4000000059604645,2.0,0.3310999870300293,0.38850000500679016,2.3310999870300293,0.3310999870300293,0.3330000042915344,2.3310999870300293,0.1656000018119812,0.23309999704360962,2.3310999870300293,0.40299999713897705,0.40299999713897705,0.8059999942779541,0.337799996137619,0.42879998683929443,2.1438000202178955,0.337799996137619,0.4124999940395355,2.474900007247925,0.337799996137619,0.4009000062942505,2.805999994277954,0.337799996137619,0.3806000053882599,3.805999994277954,0.8468000292778015,0.8468000292778015,1.693600058555603,0.7404000163078308,0.7152000069618225,3.575900077819824,0.746399998664856,0.8787000179290771,5.271999835968018,0.7523999810218811,0.9509999752044678,6.656700134277344,0.746399998664856,0.8453999757766724,8.454099655151367,1.580899953842163,1.580899953842163,3.161799907684326,2.078200101852417,2.3094000816345215,11.547200202941895,2.5859999656677246,2.484299898147583,14.905599594116211,2.188699960708618,2.441999912261963,17.09429931640625,1.8702000379562378,2.1022000312805176,21.022199630737305,11.230999946594238,1.1191999912261963,-14.099300384521484,-4.27869987487793,1.2799999713897705,1.6267999410629272,1.6483999490737915,1.6638000011444092,1.750599980354309,-14.382499694824219,-15.39799976348877,-15.705599784851074,-15.832500457763672,-15.729399681091309,-4.3846001625061035,-4.826700210571289,-4.952199935913086,-4.982900142669678,-4.86870002746582,0.4187000095844269,0.3292999863624573,11.260000228881836,10.537599563598633,10.365699768066406,10.410799980163574,10.757800102233887,-4.3846001625061035,-4.826700210571289,-4.952199935913086,-4.982900142669678,-4.86870002746582,1.2799999713897705,1.6267999410629272,1.6483999490737915,1.6638000011444092,1.750599980354309,-14.382499694824219,-15.39799976348877,-15.705599784851074,-15.832500457763672,-15.729399681091309,57.295799255371094,96.03949737548828,128.87899780273438,157.58949279785156,250.66900634765625,4.216700077056885,-0.11659999936819077,0.5871999859809875,0.5871999859809875
26,148.2165069580078,112.92859649658203,28.78230094909668,1.510699987411499,0.0,0.675599992275238,1.6895999908447266,0.9933000206947327,148.2165069580078,16.667400360107422,66.97090148925781,1339.4185791015625,4.869200229644775,66.66480255126953,66.66480255126953,133.32949829101562,66.35859680175781,66.37409973144531,331.8705139160156,66.45880126953125,66.57929992675781,399.47601318359375,66.55899810791016,66.94059753417969,468.58380126953125,67.28820037841797,67.85800170898438,678.57958984375,16.3799991607666,16.3799991607666,32.7599983215332,16.12579917907715,16.21769905090332,81.08830261230469,16.18790054321289,16.250600814819336,97.50350189208984,16.25,16.2637996673584,113.84660339355469,16.35260009765625,16.316499710083008,163.16529846191406,147.5572052001953,147.5572052001953,295.114501953125,146.4355010986328,146.55360412597656,732.7681884765625,146.6667022705078,146.95199584960938,881.7122192382812,146.8979034423828,147.7451934814453,1034.2161865234375,148.58030700683594,150.19769287109375,1501.977294921875,0.0,0.0,0.0,0.0,0.13379999995231628,0.6689000129699707,0.0,0.11150000244379044,0.6689000129699707,0.0,0.14380000531673431,1.006700038909912,0.3343999981880188,0.2281000018119812,2.2809998989105225,1.0264999866485596,1.0264999866485596,2.053100109100342,1.0597000122070312,1.1080000400543213,5.53980016708374,1.0628999471664429,1.1229000091552734,6.737400054931641,1.066100001335144,1.1338000297546387,7.936699867248535,1.1985000371932983,1.357100009918213,13.571399688720703,1.4957000017166138,1.4957000017166138,2.9914000034332275,1.4807000160217285,1.5306999683380127,7.653600215911865,1.4957000017166138,1.9467999935150146,11.6806001663208,1.510699987411499,2.052000045776367,14.3641996383667,2.1695001125335693,2.452399969100952,24.52389907836914,4.900100231170654,4.900100231170654,9.800200462341309,4.9309000968933105,5.573800086975098,27.869199752807617,5.815299987792969,6.011199951171875,36.06719970703125,6.699699878692627,6.192500114440918,43.347801208496094,7.139699935913086,7.218100070953369,72.18099975585938,2.0910000801086426,-0.09269999712705612,2.0464999675750732,1.5472999811172485,0.1949000060558319,0.3580999970436096,0.3253999948501587,0.3124000132083893,0.2605000138282776,2.7035000324249268,3.700500011444092,3.2999000549316406,2.504499912261963,0.04540000110864639,1.8526999950408936,2.1410999298095703,1.9350999593734741,1.573199987411499,0.6535999774932861,0.6434000134468079,0.6592000126838684,2.0599000453948975,1.3860000371932983,0.9485999941825867,0.767300009727478,-0.2581999897956848,1.8526999950408936,2.1410999298095703,1.9350999593734741,1.573199987411499,0.6535999774932861,0.1949000060558319,0.3580999970436096,0.3253999948501587,0.3124000132083893,0.2605000138282776,2.7035000324249268,3.700500011444092,3.2999000549316406,2.504499912261963,0.04540000110864639,54.36180114746094,138.5052947998047,190.43919372558594,200.6092071533203,276.3829040527344,4.117199897766113,-0.00039999998989515007,0.5874999761581421,0.5874999761581421
27,24.186800003051758,121.16919708251953,30.34760093688965,0.0,0.0,0.337799996137619,0.6689000129699707,0.4729999899864197,155.32220458984375,16.084699630737305,87.13480377197266,1742.69580078125,1.479599952697754,86.98979949951172,86.98979949951172,173.97959899902344,86.67479705810547,84.31099700927734,421.55511474609375,84.65180206298828,84.03060150146484,504.1838073730469,83.36710357666016,83.93579864501953,587.5509033203125,81.78849792480469,80.402099609375,804.0206298828125,16.043500900268555,16.043500900268555,32.08689880371094,16.201499938964844,16.557600021362305,82.78810119628906,16.566200256347656,16.837499618530273,101.0250015258789,16.93090057373047,17.03179931640625,119.22250366210938,16.566200256347656,15.002900123596191,150.0290069580078,154.98849487304688,154.98849487304688,309.97698974609375,155.32220458984375,155.98170471191406,779.9083862304688,155.81790161132812,156.97439575195312,941.8463745117188,156.31350708007812,157.9163055419922,1105.4140625,160.4506072998047,159.7371063232422,1597.3707275390625,0.3310999870300293,0.3310999870300293,0.6621999740600586,0.729200005531311,7.910900115966797,39.55459976196289,0.7347999811172485,6.715799808502197,40.29499816894531,0.7404000163078308,11.114800453186035,77.80370330810547,0.7347999811172485,11.489999771118164,114.90010070800781,0.4729999899864197,0.4729999899864197,0.9459999799728394,0.7404000163078308,1.0047999620437622,5.024199962615967,1.0391000509262085,1.0602999925613403,6.361999988555908,0.7404000163078308,1.0146000385284424,7.10230016708374,0.7404000163078308,1.0223000049591064,10.223299980163574,0.1656000018119812,0.1656000018119812,0.3310999870300293,0.3310999870300293,0.20000000298023224,1.0,0.1656000018119812,0.16670000553131104,1.0,0.0,0.1429000049829483,1.0,0.0,0.1331000030040741,1.3310999870300293,1.8041000366210938,1.8041000366210938,3.6082000732421875,6.820799827575684,11.616399765014648,58.08190155029297,5.512800216674805,10.381099700927734,62.28670120239258,6.820799827575684,14.51669979095459,101.6167984008789,6.600200176239014,14.912199974060059,149.12159729003906,7.0295000076293945,1.9279999732971191,23.494300842285156,-6.359899997711182,1.969499945640564,1.4560999870300293,1.1764999628067017,0.9825999736785889,3.012399911880493,23.829099655151367,22.838600158691406,21.84630012512207,20.904699325561523,19.083799362182617,-6.214399814605713,-3.5353000164031982,-3.255199909210205,-3.1607000827789307,0.3718999922275543,0.066600002348423,0.5824000239372253,6.70359992980957,-3.1120998859405518,-1.8773000240325928,-6.013299942016602,-6.410399913787842,-6.214399814605713,-3.5353000164031982,-3.255199909210205,-3.1607000827789307,0.3718999922275543,1.969499945640564,1.4560999870300293,1.1764999628067017,0.9825999736785889,3.012399911880493,23.829099655151367,22.838600158691406,21.84630012512207,20.904699325561523,19.083799362182617,0.0,0.0,41.22489929199219,69.88829803466797,158.82440185546875,2.168299913406372,1.9062000513076782,0.9830999970436096,0.9830999970436096
28,229.00570678710938,171.4403076171875,31.761600494384766,5.351200103759766,2.233099937438965,4.013400077819824,3.0,2.3378000259399414,229.00570678710938,20.000699996948242,99.48699951171875,1989.7403564453125,16.935400009155273,98.8102035522461,98.8102035522461,197.6204071044922,98.1229019165039,98.1801986694336,490.9007873535156,98.1281967163086,98.22589874267578,589.3552856445312,98.1333999633789,98.22830200195312,687.5982055664062,98.34870147705078,98.63020324707031,986.3023071289062,19.698200225830078,19.698200225830078,39.396400451660156,20.000699996948242,20.408199310302734,102.04090118408203,20.441099166870117,20.785499572753906,124.71279907226562,20.881399154663086,21.001399993896484,147.00990295410156,21.472700119018555,21.21430015563965,212.1427001953125,227.29150390625,227.29150390625,454.5830078125,223.78990173339844,225.09219360351562,1125.460693359375,223.88119506835938,224.90550231933594,1349.4332275390625,223.78990173339844,224.66470336914062,1572.6527099609375,224.1719970703125,225.19149780273438,2251.915283203125,2.607800006866455,2.607800006866455,5.2154998779296875,3.544300079345703,4.100100040435791,20.50040054321289,4.171800136566162,4.9618000984191895,29.77050018310547,4.7993998527526855,5.578000068664551,39.04600143432617,5.419099807739258,5.907599925994873,59.07569885253906,2.9965999126434326,2.9965999126434326,5.993299961090088,4.451600074768066,4.168099880218506,20.84040069580078,4.053500175476074,3.8775999546051025,23.265600204467773,3.6554999351501465,3.4732000827789307,24.312599182128906,3.5232999324798584,3.415800094604492,34.157501220703125,4.850500106811523,4.850500106811523,9.70110034942627,1.655500054359436,2.5485999584198,12.743200302124023,2.4047000408172607,2.6494998931884766,15.897000312805176,3.1538000106811523,2.805799961090088,19.64080047607422,3.2904999256134033,2.986599922180176,29.8656005859375,17.46579933166504,17.46579933166504,34.93149948120117,17.9960994720459,18.215499877929688,91.07740020751953,18.551300048828125,18.78820037841797,112.72920227050781,17.9960994720459,18.595300674438477,130.16700744628906,17.996999740600586,18.975099563598633,189.7512969970703,-8.426300048828125,-1.9880000352859497,-50.18920135498047,-18.712099075317383,-1.6851999759674072,-2.394399881362915,-2.771399974822998,-2.9870998859405518,-3.198899984359741,-48.473899841308594,-46.27180099487305,-46.084800720214844,-45.84370040893555,-46.370601654052734,-18.034799575805664,-17.404499053955078,-17.45039939880371,-17.45319938659668,-17.856300354003906,0.870199978351593,0.8302000164985657,-8.958100318908691,-9.711199760437012,-10.28439998626709,-10.091899871826172,-10.473400115966797,-18.034799575805664,-17.404499053955078,-17.45039939880371,-17.45319938659668,-17.856300354003906,-1.6851999759674072,-2.394399881362915,-2.771399974822998,-2.9870998859405518,-3.198899984359741,-48.473899841308594,-46.27180099487305,-46.084800720214844,-45.84370040893555,-46.370601654052734,48.347801208496094,128.91549682617188,164.72560119628906,211.8701934814453,293.73199462890625,4.599599838256836,-0.5250999927520752,0.13109999895095825,0.13109999895095825
29,151.92759704589844,135.07200622558594,27.72319984436035,3.911799907684326,1.3652000427246094,6.961100101470947,1.3243999481201172,3.0525999069213867,151.92759704589844,12.95989990234375,70.9791030883789,1419.5810546875,16.614999771118164,70.56500244140625,70.56500244140625,141.1300048828125,71.04440307617188,71.45339965820312,357.26690673828125,71.57150268554688,71.67489624023438,430.0491943359375,71.83280181884766,71.69740295410156,501.8821105957031,71.01170349121094,70.13059997558594,701.3062133789062,9.21660041809082,9.21660041809082,18.43320083618164,12.95989990234375,11.970499992370605,59.852298736572266,13.981900215148926,12.587400436401367,75.52439880371094,15.003999710083008,12.984100341796875,90.88849639892578,14.390000343322754,13.333499908447266,133.33489990234375,151.87750244140625,151.87750244140625,303.7550048828125,154.24459838867188,155.15719604492188,775.785888671875,155.7863006591797,156.335205078125,938.010986328125,157.32809448242188,156.9427947998047,1098.599853515625,154.55419921875,154.2790069580078,1542.78955078125,1.2812999486923218,1.2812999486923218,2.562700033187866,1.3652000427246094,1.3517999649047852,6.759200096130371,1.2822999954223633,1.3264000415802002,7.958600044250488,1.2086000442504883,1.3095999956130981,9.1673002243042,1.2869000434875488,1.3701000213623047,13.701000213623047,3.2911999225616455,3.2911999225616455,6.582399845123291,4.934800148010254,4.6757001876831055,23.378400802612305,5.427000045776367,5.041600227355957,30.24970054626465,5.919099807739258,5.6656999588012695,39.66019821166992,6.406700134277344,6.318900108337402,63.18880081176758,2.6214001178741455,2.6214001178741455,5.2428998947143555,3.911799907684326,3.5871999263763428,17.936100006103516,3.517699956893921,3.509999990463257,21.05970001220703,3.911799907684326,3.90910005569458,27.363800048828125,5.022200107574463,5.39900016784668,53.99039840698242,14.985799789428711,14.985799789428711,29.971599578857422,19.611799240112305,19.765100479125977,98.82540130615234,22.079299926757812,20.563899993896484,123.38330078125,24.54680061340332,22.719200134277344,159.03439331054688,24.62649917602539,26.021699905395508,260.21710205078125,-4.381899833679199,2.355799913406372,-3.132999897003174,-3.351099967956543,6.099299907684326,3.345900058746338,2.7291998863220215,2.33270001411438,1.9838999509811401,-3.080899953842163,-6.3572001457214355,-7.535600185394287,-8.143899917602539,-5.482800006866455,-2.9361000061035156,-3.8229000568389893,-4.044400215148926,-4.067200183868408,-2.5011000633239746,0.7149999737739563,0.7746000289916992,-2.7527999877929688,-7.53380012512207,-8.332599639892578,-10.487600326538086,-13.78909969329834,-2.9361000061035156,-3.8229000568389893,-4.044400215148926,-4.067200183868408,-2.5011000633239746,6.099299907684326,3.345900058746338,2.7291998863220215,2.33270001411438,1.9838999509811401,-3.080899953842163,-6.3572001457214355,-7.535600185394287,-8.143899917602539,-5.482800006866455,51.56840133666992,135.7093963623047,164.3177947998047,196.69949340820312,293.0309143066406,2.528700113296509,1.5930999517440796,0.9817000031471252,0.9817000031471252
30,177.95579528808594,156.53790283203125,32.964500427246094,10.658599853515625,1.2050000429153442,7.336999893188477,6.887499809265137,6.280700206756592,177.95579528808594,18.7367000579834,81.55069732666016,1631.014892578125,32.36880111694336,80.62049865722656,80.62049865722656,161.24099731445312,78.29350280761719,79.12249755859375,395.6123962402344,78.40280151367188,79.02079772949219,474.1246032714844,78.51219940185547,79.00299835205078,553.02099609375,79.09719848632812,79.22489929199219,792.2490234375,18.38559913635254,18.38559913635254,36.77109909057617,18.034500122070312,18.104000091552734,90.5198974609375,18.04010009765625,18.128000259399414,108.76820373535156,18.045799255371094,18.184499740600586,127.2916030883789,18.385799407958984,18.49180030822754,184.9178924560547,174.93899536132812,174.93899536132812,349.87811279296875,169.83619689941406,171.7758026123047,858.8792114257812,169.9261932373047,171.48260498046875,1028.8955078125,170.01629638671875,171.35020446777344,1199.451416015625,170.90040588378906,171.51539611816406,1715.153564453125,0.771399974822998,0.771399974822998,1.542799949645996,0.337799996137619,0.5914999842643738,2.95740008354187,0.337799996137619,0.5491999983787537,3.2952001094818115,0.337799996137619,0.5181000232696533,3.6263999938964844,0.337799996137619,0.5453000068664551,5.453199863433838,4.998700141906738,4.998700141906738,9.9975004196167,0.7404000163078308,2.2137999534606934,11.069000244140625,0.743399977684021,1.9692000150680542,11.815299987792969,0.746399998664856,1.8229999542236328,12.761300086975098,0.746399998664856,1.5033999681472778,15.034000396728516,9.12909984588623,9.12909984588623,18.25819969177246,2.856100082397461,4.565000057220459,22.825199127197266,2.1178998947143555,4.033899784088135,24.20330047607422,1.3797999620437622,3.628200054168701,25.3971004486084,1.3797999620437622,2.964900016784668,29.64889907836914,26.76219940185547,26.76219940185547,53.52439880371094,7.369500160217285,13.224900245666504,66.12449645996094,6.045100212097168,11.807499885559082,70.84529876708984,4.884500026702881,10.818499565124512,75.72969818115234,5.003200054168701,9.072099685668945,90.72119903564453,-19.527700424194336,-1.170199990272522,17.94700050354004,6.774499893188477,-0.8190000057220459,-0.5371000170707703,-0.5609999895095825,-0.6172999739646912,-0.9241999983787537,20.965599060058594,24.133499145507812,24.4281005859375,24.561599731445312,24.39780044555664,7.70550012588501,9.205599784851074,9.307999610900879,9.326299667358398,9.105199813842773,0.9391999840736389,0.9204000234603882,-13.921299934387207,-0.37779998779296875,1.0425000190734863,2.0343000888824463,3.787899971008301,7.70550012588501,9.205599784851074,9.307999610900879,9.326299667358398,9.105199813842773,-0.8190000057220459,-0.5371000170707703,-0.5609999895095825,-0.6172999739646912,-0.9241999983787537,20.965599060058594,24.133499145507812,24.4281005859375,24.561599731445312,24.39780044555664,55.897701263427734,119.77909851074219,148.427001953125,177.0749053955078,250.58009338378906,4.323800086975098,-0.22370000183582306,0.49390000104904175,0.49390000104904175
31,155.57989501953125,126.60050201416016,27.08690071105957,4.993299961090088,1.3782000541687012,4.013700008392334,5.324399948120117,4.675600051879883,155.57989501953125,15.534899711608887,71.57369995117188,1431.4732666015625,20.38520050048828,71.17790222167969,71.17790222167969,142.35569763183594,70.72949981689453,70.46540069580078,352.3268127441406,70.40679931640625,70.0875015258789,420.52520751953125,70.08399963378906,69.79180145263672,488.5429992675781,68.74479675292969,69.33509826660156,693.3510131835938,15.721099853515625,15.721099853515625,31.44230079650879,15.907400131225586,15.84119987487793,79.20610046386719,15.929300308227539,15.873000144958496,95.23780059814453,15.907400131225586,15.844300270080566,110.9103012084961,15.991399765014648,16.284700393676758,162.84750366210938,154.20249938964844,154.20249938964844,308.4049987792969,151.9167022705078,152.0697021484375,760.348388671875,151.2729949951172,151.38250732421875,908.2952270507812,150.62930297851562,150.80259704589844,1055.6181640625,148.67210388183594,149.34759521484375,1493.4757080078125,1.2167999744415283,1.2167999744415283,2.4337000846862793,0.4683000147342682,0.6466000080108643,3.2330000400543213,0.40299999713897705,0.5950999855995178,3.5708000659942627,0.4683000147342682,0.6047000288963318,4.232999801635742,0.4683000147342682,0.5511999726295471,5.5121002197265625,5.0117998123168945,5.0117998123168945,10.023599624633789,5.0243000984191895,5.084499835968018,25.422500610351562,4.866600036621094,4.912099838256836,29.47260093688965,4.709000110626221,4.72599983215332,33.08190155029297,4.362800121307373,3.718600034713745,37.18629837036133,4.764400005340576,4.764400005340576,9.528800010681152,7.502099990844727,6.591700077056885,32.95869827270508,6.273799896240234,6.334000110626221,38.00410079956055,5.045400142669678,5.858699798583984,41.010799407958984,4.764400005340576,4.415999889373779,44.1598014831543,21.366500854492188,21.366500854492188,42.7328987121582,22.347700119018555,22.402599334716797,112.01300048828125,21.940799713134766,21.590099334716797,129.5404052734375,21.533899307250977,20.528799057006836,143.701904296875,18.956300735473633,16.01460075378418,160.14649963378906,-9.3641996383667,0.4690999984741211,0.7616999745368958,-0.8366000056266785,0.2827000021934509,0.16249999403953552,0.13079999387264252,0.15929999947547913,-0.28119999170303345,2.1373000144958496,4.269199848175049,4.956299781799316,5.536200046539307,6.991000175476074,-0.4415999948978424,0.2705000042915344,0.6481999754905701,0.9438999891281128,1.4003000259399414,0.8330000042915344,0.8924999833106995,-10.348099708557129,-11.385600090026855,-10.572799682617188,-9.511300086975098,-4.996099948883057,-0.4415999948978424,0.2705000042915344,0.6481999754905701,0.9438999891281128,1.4003000259399414,0.2827000021934509,0.16249999403953552,0.13079999387264252,0.15929999947547913,-0.28119999170303345,2.1373000144958496,4.269199848175049,4.956299781799316,5.536200046539307,6.991000175476074,57.295799255371094,100.2676010131836,128.91549682617188,128.91549682617188,222.02090454101562,4.437600135803223,-0.3034999966621399,0.31040000915527344,0.31040000915527344
32,133.69459533691406,98.12999725341797,28.86370086669922,6.28410005569458,0.3310999870300293,1.3652000427246094,2.4105000495910645,0.7404000163078308,133.69459533691406,16.097400665283203,63.739200592041016,1274.782958984375,11.13129997253418,63.92190170288086,63.92190170288086,127.84390258789062,64.97989654541016,65.47699737548828,327.3851013183594,65.74250030517578,66.17669677734375,397.0603942871094,66.50499725341797,66.8479995727539,467.935791015625,68.86579895019531,68.06120300292969,680.6119995117188,15.899299621582031,15.899299621582031,31.798599243164062,15.841300010681152,15.866999626159668,79.33509826660156,15.835700035095215,15.860899925231934,95.16529846191406,15.841300010681152,16.004199981689453,112.02970123291016,16.063400268554688,16.895099639892578,168.9512939453125,135.30580139160156,135.30580139160156,270.6116943359375,141.34739685058594,142.0373992919922,710.18701171875,144.0594024658203,144.23370361328125,865.402099609375,146.77139282226562,146.1053009033203,1022.7373046875,152.76519775390625,149.06509399414062,1490.6512451171875,0.1656000018119812,0.1656000018119812,0.3310999870300293,0.3310999870300293,0.22699999809265137,1.135200023651123,0.3310999870300293,0.41780000925064087,2.5069000720977783,0.3310999870300293,0.5501999855041504,3.8513998985290527,0.9086999893188477,0.8633000254631042,8.633099555969238,0.6067000031471252,0.6067000031471252,1.2134000062942505,1.4837000370025635,2.5467000007629395,12.733499526977539,2.624300003051758,3.2172000408172607,19.30340003967285,3.764899969100952,3.37719988822937,23.640399932861328,1.642699956893921,2.8266000747680664,28.265899658203125,7.228099822998047,7.228099822998047,14.456199645996094,8.172100067138672,7.955100059509277,39.77560043334961,8.42020034790039,8.146499633789062,48.87910079956055,8.172100067138672,7.891300201416016,55.23899841308594,6.985599994659424,7.0278000831604,70.2780990600586,11.442500114440918,11.442500114440918,22.885000228881836,16.252500534057617,17.618499755859375,88.09269714355469,17.732099533081055,20.086000442504883,120.51580047607422,19.21179962158203,20.504100799560547,143.52850341796875,14.883099555969238,17.817399978637695,178.17359924316406,-4.171000003814697,0.4772000014781952,16.568500518798828,4.779099941253662,0.675599992275238,0.7087000012397766,0.7150999903678894,0.5720000267028809,-0.3181000053882599,14.954899787902832,8.216699600219727,6.018199920654297,4.144400119781494,1.1779999732971191,4.5954999923706055,3.0381999015808105,2.3376998901367188,1.6656999588012695,0.450300008058548,0.91839998960495,0.5957000255584717,-4.482500076293945,-10.658699989318848,-13.126199722290039,-13.54419994354248,-10.857500076293945,4.5954999923706055,3.0381999015808105,2.3376998901367188,1.6656999588012695,0.450300008058548,0.675599992275238,0.7087000012397766,0.7150999903678894,0.5720000267028809,-0.3181000053882599,14.954899787902832,8.216699600219727,6.018199920654297,4.144400119781494,1.1779999732971191,60.26620101928711,171.8876953125,200.53500366210938,207.69720458984375,207.69720458984375,4.113900184631348,0.002899999963119626,0.592199981212616,0.592199981212616
33,150.3311004638672,138.4582977294922,31.689300537109375,0.9365000128746033,0.3310999870300293,0.6621999740600586,3.1048998832702637,1.486799955368042,150.3311004638672,6.40310001373291,70.08470153808594,1401.694580078125,6.521500110626221,69.45469665527344,69.45469665527344,138.90939331054688,68.13710021972656,68.59660339355469,342.9830017089844,68.09490203857422,68.38800048828125,410.32818603515625,68.05259704589844,68.21499633789062,477.50518798828125,67.614501953125,66.44969940185547,664.4965209960938,6.619800090789795,6.619800090789795,13.239500045776367,7.343100070953369,7.955599784851074,39.7781982421875,7.605500221252441,9.174300193786621,55.0458984375,7.8678998947143555,10.059100151062012,70.41349792480469,11.932499885559082,11.274700164794922,112.7468032836914,150.0001983642578,150.0001983642578,300.0003967285156,149.33450317382812,149.4488067626953,747.2440795898438,149.398193359375,149.4510040283203,896.7061157226562,149.46200561523438,149.55419921875,1046.879150390625,149.17190551757812,146.0334014892578,1460.3338623046875,0.3343999981880188,0.3343999981880188,0.6689000129699707,0.337799996137619,0.6230000257492065,3.1152000427246094,0.6923999786376953,0.7950999736785889,4.7708001136779785,0.755299985408783,0.7893999814987183,5.526100158691406,0.7088000178337097,0.8619999885559082,8.620200157165527,1.1166000366210938,1.1166000366210938,2.233099937438965,1.486799955368042,1.5406999588012695,7.703499794006348,1.5712000131607056,2.07450008392334,12.446999549865723,1.655500054359436,2.586899995803833,18.108600616455078,3.671999931335449,4.059700012207031,40.597198486328125,0.9991999864578247,0.9991999864578247,1.9983999729156494,1.0618000030517578,3.5455000400543213,17.7273006439209,3.3452999591827393,4.788700103759766,28.7322998046875,5.628799915313721,5.4721999168396,38.30550003051758,9.3100004196167,9.431699752807617,94.31680297851562,5.640999794006348,5.640999794006348,11.281999588012695,6.521500110626221,9.900899887084961,49.50450134277344,9.652600288391113,13.127900123596191,78.76730346679688,12.783699989318848,15.967599868774414,111.77359771728516,24.207300186157227,26.636999130249023,266.3695983886719,5.715400218963623,7.241700172424316,37.755001068115234,21.10700035095215,7.025199890136719,5.689499855041504,4.470900058746338,3.586199998855591,2.3708999156951904,38.08150100708008,38.62699890136719,38.6234016418457,38.5192985534668,42.03820037841797,21.735200881958008,22.59119987487793,22.799400329589844,22.972200393676758,24.737600326538086,0.5062000155448914,0.6571999788284302,6.593699932098389,2.3343000411987305,-0.892300009727478,-3.7316999435424805,-14.397199630737305,21.735200881958008,22.59119987487793,22.799400329589844,22.972200393676758,24.737600326538086,7.025199890136719,5.689499855041504,4.470900058746338,3.586199998855591,2.3708999156951904,38.08150100708008,38.62699890136719,38.6234016418457,38.5192985534668,42.03820037841797,73.7323989868164,180.5552978515625,209.92039489746094,243.49180603027344,330.4342956542969,2.356100082397461,0.9610000252723694,0.7918999791145325,0.7918999791145325
34,164.67160034179688,120.93379974365234,26.07710075378418,1.0577000379562378,0.337799996137619,0.337799996137619,0.4729999899864197,0.6621999740600586,164.67160034179688,14.003899574279785,73.22750091552734,1464.550537109375,2.8684000968933105,73.27269744873047,73.27269744873047,146.54539489746094,73.66919708251953,73.6156005859375,368.0780029296875,73.72799682617188,73.6781997680664,442.0692138671875,73.78679656982422,73.70680236816406,515.947509765625,73.83260345458984,73.80169677734375,738.0167846679688,14.001999855041504,14.001999855041504,28.0039005279541,14.0,13.830300331115723,69.15149688720703,13.86709976196289,13.6983003616333,82.18990325927734,13.734199523925781,13.604000091552734,95.22830200195312,13.706399917602539,13.661800384521484,136.61790466308594,164.77650451660156,164.77650451660156,329.5530090332031,165.26870727539062,165.13870239257812,825.6934204101562,165.27130126953125,165.28089904785156,991.685302734375,165.27389526367188,165.43960571289062,1158.076904296875,165.7947998046875,165.8347930908203,1658.347412109375,0.3343999981880188,0.3343999981880188,0.6689000129699707,0.3310999870300293,0.20000000298023224,1.0,0.3310999870300293,0.24549999833106995,1.4730000495910645,0.3310999870300293,0.27799999713897705,1.9459999799728394,0.337799996137619,0.3799000084400177,3.799099922180176,1.1655999422073364,1.1655999422073364,2.3310999870300293,1.1974999904632568,1.2473000288009644,6.236599922180176,1.0987999439239502,1.1963000297546387,7.177800178527832,1.0597000122070312,1.176800012588501,8.237600326538086,1.3421000242233276,1.3014999628067017,13.01550006866455,0.897599995136261,0.897599995136261,1.7950999736785889,0.337799996137619,0.49470001459121704,2.473400115966797,0.3343999981880188,0.412200003862381,2.473400115966797,0.337799996137619,0.4016000032424927,2.811199903488159,0.337799996137619,0.657800018787384,6.578199863433838,4.292900085449219,4.292900085449219,8.585800170898438,4.237599849700928,4.117599964141846,20.588199615478516,4.045899868011475,4.073699951171875,24.442399978637695,4.237599849700928,4.123600006103516,28.865299224853516,4.418000221252441,4.554599761962891,45.54610061645508,4.091800212860107,2.57069993019104,-14.408499717712402,-4.7093000411987305,2.5729000568389893,2.7453999519348145,2.877700090408325,2.9721999168395996,2.9151999950408936,-14.515700340270996,-14.884599685668945,-15.029000282287598,-15.189800262451172,-15.59160041809082,-4.755199909210205,-5.100399971008301,-5.16379976272583,-5.1930999755859375,-5.290200233459473,0.5583999752998352,0.5468999743461609,2.667099952697754,2.8422000408172607,2.8861000537872314,2.836199998855591,2.4052999019622803,-4.755199909210205,-5.100399971008301,-5.16379976272583,-5.1930999755859375,-5.290200233459473,2.5729000568389893,2.7453999519348145,2.877700090408325,2.9721999168395996,2.9151999950408936,-14.515700340270996,-14.884599685668945,-15.029000282287598,-15.189800262451172,-15.59160041809082,62.70000076293945,167.26870727539062,193.40150451660156,220.26339721679688,306.2070007324219,4.552000045776367,-0.4352000057697296,0.039900001138448715,0.039900001138448715
35,197.97479248046875,160.72340393066406,27.4591007232666,0.3310999870300293,0.0,1.3243999481201172,0.6621999740600586,1.0470999479293823,197.97479248046875,14.035699844360352,85.94889831542969,1718.977783203125,3.364799976348877,85.95050048828125,85.95050048828125,171.9010009765625,85.64360046386719,85.2208023071289,426.1037902832031,85.32499694824219,84.69349670410156,508.1610107421875,85.00640106201172,84.1093978881836,588.76611328125,82.80500030517578,82.74500274658203,827.4503784179688,14.214200019836426,14.214200019836426,28.428499221801758,15.033699989318848,14.967000007629395,74.83509826660156,15.018699645996094,14.973099708557129,89.83869934082031,15.003700256347656,14.881400108337402,104.1697998046875,14.362000465393066,14.6225004196167,146.22540283203125,197.92050170898438,197.92050170898438,395.84100341796875,197.2384033203125,196.0926971435547,980.4636840820312,196.35020446777344,194.7248992919922,1168.349365234375,195.46209716796875,193.24949645996094,1352.7464599609375,189.9040069580078,189.81329345703125,1898.133056640625,0.0,0.0,0.0,0.3310999870300293,0.33379998803138733,1.6689000129699707,0.5,0.40149998664855957,2.4093000888824463,0.47769999504089355,0.4124000072479248,2.88700008392334,0.4729999899864197,0.4433000087738037,4.432700157165527,1.7045999765396118,1.7045999765396118,3.40910005569458,2.7026000022888184,2.5583999156951904,12.792099952697754,2.863800048828125,2.6877999305725098,16.12700080871582,2.7026000022888184,2.5952999591827393,18.167400360107422,2.3433001041412354,2.243499994277954,22.434999465942383,0.4966999888420105,0.4966999888420105,0.993399977684021,2.3554999828338623,2.7002999782562256,13.501399993896484,3.5360000133514404,3.0452001094818115,18.270999908447266,2.850100040435791,3.0172998905181885,21.1210994720459,1.8636000156402588,2.381700038909912,23.81719970703125,5.545899868011475,5.545899868011475,11.091699600219727,11.743800163269043,10.682900428771973,53.41469955444336,12.979100227355957,11.485600471496582,68.91339874267578,11.743800163269043,11.143600463867188,78.00530242919922,8.468899726867676,9.286499977111816,92.86499786376953,8.872200012207031,-0.39089998602867126,-9.88860034942627,5.242800235748291,-0.5692999958992004,-1.3219000101089478,-1.3279000520706177,-1.2360999584197998,-0.9768999814987183,-9.838800430297852,-8.017000198364258,-6.6504998207092285,-5.176000118255615,-1.7417000532150269,5.239500045776367,5.9670000076293945,6.493899822235107,7.0777997970581055,8.44219970703125,0.2786000072956085,0.5644999742507935,6.688799858093262,1.552299976348877,0.75,1.0923000574111938,2.9532999992370605,5.239500045776367,5.9670000076293945,6.493899822235107,7.0777997970581055,8.44219970703125,-0.5692999958992004,-1.3219000101089478,-1.3279000520706177,-1.2360999584197998,-0.9768999814987183,-9.838800430297852,-8.017000198364258,-6.6504998207092285,-5.176000118255615,-1.7417000532150269,57.38710021972656,150.40159606933594,183.3135986328125,219.08740234375,322.28900146484375,4.459000110626221,-1.1418999433517456,0.09399999678134918,0.09399999678134918
36,162.33900451660156,134.36610412597656,29.781999588012695,0.0,0.7404000163078308,0.4683000147342682,1.3378000259399414,0.7404000163078308,162.33900451660156,17.11720085144043,73.35279846191406,1467.0552978515625,3.286799907684326,73.34130096435547,73.34130096435547,146.6826934814453,74.11959838867188,74.4822998046875,372.4114074707031,74.61109924316406,74.93599700927734,449.6159973144531,75.10260009765625,75.28179931640625,526.9725952148438,76.65299987792969,75.76599884033203,757.660400390625,17.09950065612793,17.09950065612793,34.19900131225586,17.08169937133789,16.886499404907227,84.43229675292969,16.87779998779297,16.76460075378418,100.58779907226562,16.673900604248047,16.677600860595703,116.74330139160156,16.2992000579834,16.274599075317383,162.74609375,161.97329711914062,161.97329711914062,323.94659423828125,164.281005859375,166.0355987548828,830.1777954101562,166.44439697265625,167.57859802246094,1005.4713745117188,168.60780334472656,168.71600341796875,1181.0123291015625,174.22109985351562,170.67129516601562,1706.7130126953125,0.3702000081539154,0.3702000081539154,0.7404000163078308,0.4683000147342682,0.33730000257492065,1.6863000392913818,0.4683000147342682,0.35910001397132874,2.154599905014038,0.4683000147342682,0.3077999949455261,2.154599905014038,0.4683000147342682,0.37630000710487366,3.7627999782562256,1.22160005569458,1.22160005569458,2.4430999755859375,1.7028000354766846,1.8422000408172607,9.211000442504883,1.5946999788284302,1.590399980545044,9.542099952697754,1.4867000579833984,1.3631999492645264,9.542099952697754,1.573799967765808,1.4388999938964844,14.388899803161621,1.8509000539779663,1.8509000539779663,3.7018001079559326,3.7018001079559326,3.7481000423431396,18.7406005859375,3.1461000442504883,3.233799934387207,19.402799606323242,2.5903000831604004,2.8673999309539795,20.071699142456055,1.3489999771118164,2.3828999996185303,23.829299926757812,6.0254998207092285,6.0254998207092285,12.05090045928955,8.764100074768066,9.430899620056152,47.154701232910156,8.058099746704102,8.21310043334961,49.278499603271484,7.352099895477295,7.32450008392334,51.27180099487305,6.88129997253418,7.024400234222412,70.24440002441406,7.734099864959717,-1.1132999658584595,-5.997399806976318,-2.6157000064849854,-1.0956000089645386,-0.8827000260353088,-0.7609000205993652,-0.6740000247955322,-0.2711000144481659,-5.633500099182129,-9.696599960327148,-11.239700317382812,-12.377300262451172,-14.332799911499023,-2.60509991645813,-3.7464001178741455,-4.200200080871582,-4.54610013961792,-5.030600070953369,0.03999999910593033,0.4747999906539917,4.9928998947143555,1.5860999822616577,2.8041999340057373,3.693000078201294,3.9941000938415527,-2.60509991645813,-3.7464001178741455,-4.200200080871582,-4.54610013961792,-5.030600070953369,-1.0956000089645386,-0.8827000260353088,-0.7609000205993652,-0.6740000247955322,-0.2711000144481659,-5.633500099182129,-9.696599960327148,-11.239700317382812,-12.377300262451172,-14.332799911499023,42.9718017578125,131.48789978027344,162.8970947265625,186.2113037109375,257.83099365234375,4.073699951171875,0.06030000001192093,0.6791999936103821,0.6791999936103821
37,129.35519409179688,93.71430206298828,31.629100799560547,2.347899913787842,0.0,1.0534000396728516,2.2390999794006348,0.3310999870300293,129.35519409179688,15.235600471496582,59.514801025390625,1190.29541015625,5.971399784088135,59.52429962158203,59.52429962158203,119.04859924316406,59.50920104980469,59.456199645996094,297.28131103515625,59.512001037597656,59.497501373291016,356.9849853515625,59.514801025390625,59.581298828125,417.06890869140625,59.61880111694336,60.09040069580078,600.9036254882812,15.220000267028809,15.220000267028809,30.440099716186523,15.204500198364258,15.192700386047363,75.9634017944336,15.157400131225586,15.12030029296875,90.72149658203125,15.110400199890137,15.112600326538086,105.78829956054688,15.065299987792969,14.99429988861084,149.94320678710938,129.36990356445312,129.36990356445312,258.73968505859375,128.8914031982422,128.96319580078125,644.8157958984375,129.10060119628906,129.02090454101562,774.12548828125,129.3096923828125,129.1938018798828,904.3568725585938,129.36990356445312,130.41949462890625,1304.1951904296875,0.1656000018119812,0.1656000018119812,0.3310999870300293,0.4729999899864197,0.4438999891281128,2.2193000316619873,0.40209999680519104,0.4250999987125397,2.55049991607666,0.3310999870300293,0.4117000102996826,2.8815999031066895,0.3310999870300293,0.35499998927116394,3.55049991607666,0.39969998598098755,0.39969998598098755,0.7993999719619751,0.4683000147342682,0.44269999861717224,2.213599920272827,0.4683000147342682,0.5694000124931335,3.4166998863220215,0.4683000147342682,0.7448999881744385,5.214600086212158,0.7095000147819519,0.942799985408783,9.42770004272461,1.70169997215271,1.70169997215271,3.40339994430542,1.0534000396728516,1.1892999410629272,5.946499824523926,1.0543999671936035,1.190999984741211,7.145899772644043,1.0555000305175781,1.19350004196167,8.354599952697754,1.2039999961853027,1.5542000532150269,15.542099952697754,4.992599964141846,4.992599964141846,9.985199928283691,3.797499895095825,4.058599948883057,20.293100357055664,3.905600070953369,4.105299949645996,24.631999969482422,4.013700008392334,4.494999885559082,31.465099334716797,5.155200004577637,5.370100021362305,53.70119857788086,0.9887999892234802,1.3389999866485596,20.907800674438477,9.003499984741211,1.3549000024795532,1.3830000162124634,1.4557000398635864,1.4636000394821167,1.5827000141143799,20.890899658203125,21.291000366210938,21.231000900268555,21.05590057373047,19.82360076904297,8.993200302124023,9.058899879455566,9.016900062561035,8.93239974975586,8.421199798583984,0.7389000058174133,0.336899995803833,1.9673999547958374,2.90120005607605,2.8545000553131104,2.4647998809814453,1.5898000001907349,8.993200302124023,9.058899879455566,9.016900062561035,8.93239974975586,8.421199798583984,1.3549000024795532,1.3830000162124634,1.4557000398635864,1.4636000394821167,1.5827000141143799,20.890899658203125,21.291000366210938,21.231000900268555,21.05590057373047,19.82360076904297,57.30979919433594,141.82940673828125,182.2530975341797,219.08999633789062,304.51141357421875,4.138599872589111,-0.021800000220537186,0.5559999942779541,0.5559999942779541
38,126.33110046386719,91.40959930419922,29.10540008544922,0.3310999870300293,0.3310999870300293,0.6621999740600586,0.9412000179290771,0.7462999820709229,126.33110046386719,15.410599708557129,58.425899505615234,1168.518310546875,3.01200008392334,58.49359893798828,58.49359893798828,116.98719787597656,58.78219985961914,58.78129959106445,293.90679931640625,58.88819885253906,58.87630081176758,353.2579040527344,58.99420166015625,58.91640090942383,412.4147033691406,58.9182014465332,58.90530014038086,589.05322265625,15.515600204467773,15.515600204467773,31.031099319458008,15.876299858093262,15.89490032196045,79.47460174560547,16.03890037536621,15.98960018157959,95.93769836425781,16.201499938964844,16.043399810791016,112.30349731445312,16.365800857543945,16.157400131225586,161.5742950439453,126.33110046386719,126.33110046386719,252.66220092773438,126.67970275878906,126.9041976928711,634.5208129882812,127.03189849853516,127.10769653320312,762.6461791992188,127.38410186767578,127.20379638671875,890.4263916015625,127.23500061035156,127.20149993896484,1272.0152587890625,0.3310999870300293,0.3310999870300293,0.6621999740600586,0.3310999870300293,0.2012999951839447,1.006700038909912,0.1688999980688095,0.16779999434947968,1.006700038909912,0.3310999870300293,0.19110000133514404,1.3378000259399414,0.3310999870300293,0.2337999939918518,2.3378000259399414,0.8438000082969666,0.8438000082969666,1.687600016593933,0.9412999749183655,0.8931000232696533,4.465400218963623,0.8438000082969666,0.7993999719619751,4.796500205993652,0.7462999820709229,0.7534999847412109,5.274199962615967,0.5733000040054321,0.6074000000953674,6.073599815368652,1.0583000183105469,1.0583000183105469,2.1166000366210938,1.7855000495910645,1.253000020980835,6.265200138092041,1.1292999982833862,1.1230000257492065,6.7382001876831055,0.746399998664856,1.069200038909912,7.484499931335449,0.746399998664856,1.1045000553131104,11.04520034790039,3.8701999187469482,3.8701999187469482,7.740499973297119,4.728400230407715,4.132999897003174,20.665000915527344,3.8701999187469482,3.7583999633789062,22.55030059814453,3.01200008392334,3.618000030517578,25.326099395751953,2.893899917602539,3.2476999759674072,32.476898193359375,3.948199987411499,1.1640000343322754,23.931900024414062,10.092399597167969,1.0592999458312988,0.6808000206947327,0.5863999724388123,0.5328999757766724,0.4196000099182129,23.92970085144043,23.350000381469727,23.14419937133789,23.045900344848633,23.04159927368164,10.023900032043457,9.733799934387207,9.638099670410156,9.597299575805664,9.606200218200684,0.1354999989271164,0.6141999959945679,3.0897998809814453,2.8268001079559326,3.2014000415802,3.3417999744415283,3.7121999263763428,10.023900032043457,9.733799934387207,9.638099670410156,9.597299575805664,9.606200218200684,1.0592999458312988,0.6808000206947327,0.5863999724388123,0.5328999757766724,0.4196000099182129,23.92970085144043,23.350000381469727,23.14419937133789,23.045900344848633,23.04159927368164,57.295799255371094,160.4239044189453,186.3885955810547,229.55189514160156,329.5429992675781,4.353300094604492,-0.23649999499320984,0.2328999936580658,0.2328999936580658
39,107.21990203857422,98.216796875,29.907499313354492,0.9459999799728394,0.337799996137619,1.6883000135421753,0.6621999740600586,2.848299980163574,110.39739990234375,13.270400047302246,55.12289810180664,1102.4571533203125,6.482500076293945,55.415401458740234,55.415401458740234,110.83070373535156,55.12289810180664,55.107601165771484,275.5378112792969,54.99879837036133,54.95600128173828,329.7362060546875,54.87459945678711,54.86629867553711,384.06439208984375,54.36240005493164,54.577301025390625,545.772705078125,13.038299560546875,13.038299560546875,26.07659912109375,13.493900299072266,13.824399948120117,69.12190246582031,13.906800270080566,13.998000144958496,83.98789978027344,14.31980037689209,14.044400215148926,98.31079864501953,13.403599739074707,13.542699813842773,135.42689514160156,110.19259643554688,110.19259643554688,220.38510131835938,109.93900299072266,109.96630096435547,549.8316040039062,109.96330261230469,110.0386962890625,660.232421875,109.98770141601562,110.1449966430664,771.0150146484375,110.19450378417969,110.23320007324219,1102.332275390625,0.3343999981880188,0.3343999981880188,0.6689000129699707,0.3310999870300293,0.20000000298023224,1.0,0.3310999870300293,0.22300000488758087,1.3378000259399414,0.3310999870300293,0.23839999735355377,1.6689000129699707,0.3343999981880188,0.32249999046325684,3.2246999740600586,2.2518999576568604,2.2518999576568604,4.503799915313721,2.1305999755859375,1.889799952507019,9.449000358581543,1.8930000066757202,1.7956000566482544,10.77340030670166,1.655500054359436,1.732100009918213,12.124600410461426,1.6608999967575073,1.6953999996185303,16.953699111938477,0.9696999788284302,0.9696999788284302,1.9392999410629272,0.6689000129699707,0.6829000115394592,3.414299964904785,0.5685999989509583,0.6252999901771545,3.7520999908447266,0.4683000147342682,0.5370000004768372,3.758699893951416,0.5685999989509583,0.7918999791145325,7.9191999435424805,5.234600067138672,5.234600067138672,10.469200134277344,3.9867000579833984,4.414299964904785,22.07159996032715,3.9649999141693115,4.1234002113342285,24.740400314331055,3.9433000087738037,3.9658000469207764,27.76059913635254,4.261000156402588,4.708000183105469,47.08039855957031,1.077299952507019,5.136099815368652,68.78620147705078,25.936500549316406,5.368100166320801,4.582300186157227,4.40880012512207,4.362599849700928,4.864699840545654,68.99349975585938,69.2249984741211,69.15260314941406,69.04570007324219,68.95429992675781,25.645000457763672,25.95490074157715,26.106399536132812,26.195899963378906,26.483600616455078,0.5485000014305115,0.8937000036239624,2.3250999450683594,3.1449999809265137,3.4361000061035156,3.594099998474121,2.849299907684326,25.645000457763672,25.95490074157715,26.106399536132812,26.195899963378906,26.483600616455078,5.368100166320801,4.582300186157227,4.40880012512207,4.362599849700928,4.864699840545654,68.99349975585938,69.2249984741211,69.15260314941406,69.04570007324219,68.95429992675781,60.73860168457031,167.65899658203125,189.99049377441406,210.2135009765625,315.8536071777344,2.225100040435791,1.686900019645691,0.9742000102996826,0.9742000102996826
