,Mouse_nose_to_tail,Mouse_head_to_tail,Mouse_Ear_distance,Movement_mouse_nose,Movement_mouse_tail_base,Movement_mouse_left_ear,Movement_mouse_right_ear,Movement_mouse_head_base,M1_largest_euclidean_distance_hull,M1_smallest_euclidean_distance_hull,M1_mean_euclidean_distance_hull,M1_sum_euclidean_distance_hull,Total_movement_all_bodyparts_M1,Mouse1_mean_euclid_distances_median_2,Mouse1_mean_euclid_distances_mean_2,Mouse1_mean_euclid_distances_sum_2,Mouse1_mean_euclid_distances_median_5,Mouse1_mean_euclid_distances_mean_5,Mouse1_mean_euclid_distances_sum_5,Mouse1_mean_euclid_distances_median_6,Mouse1_mean_euclid_distances_mean_6,Mouse1_mean_euclid_distances_sum_6,Mouse1_mean_euclid_distances_median_7.5,Mouse1_mean_euclid_distances_mean_7.5,Mouse1_mean_euclid_distances_sum_7.5,Mouse1_mean_euclid_distances_median_10,Mouse1_mean_euclid_distances_mean_10,Mouse1_mean_euclid_distances_sum_10,Mouse1_smallest_euclid_distances_median_2,Mouse1_smallest_euclid_distances_mean_2,Mouse1_smallest_euclid_distances_sum_2,Mouse1_smallest_euclid_distances_median_5,Mouse1_smallest_euclid_distances_mean_5,Mouse1_smallest_euclid_distances_sum_5,Mouse1_smallest_euclid_distances_median_6,Mouse1_smallest_euclid_distances_mean_6,Mouse1_smallest_euclid_distances_sum_6,Mouse1_smallest_euclid_distances_median_7.5,Mouse1_smallest_euclid_distances_mean_7.5,Mouse1_smallest_euclid_distances_sum_7.5,Mouse1_smallest_euclid_distances_median_10,Mouse1_smallest_euclid_distances_mean_10,Mouse1_smallest_euclid_distances_sum_10,Mouse1_largest_euclid_distances_median_2,Mouse1_largest_euclid_distances_mean_2,Mouse1_largest_euclid_distances_sum_2,Mouse1_largest_euclid_distances_median_5,Mouse1_largest_euclid_distances_mean_5,Mouse1_largest_euclid_distances_sum_5,Mouse1_largest_euclid_distances_median_6,Mouse1_largest_euclid_distances_mean_6,Mouse1_largest_euclid_distances_sum_6,Mouse1_largest_euclid_distances_median_7.5,Mouse1_largest_euclid_distances_mean_7.5,Mouse1_largest_euclid_distances_sum_7.5,Mouse1_largest_euclid_distances_median_10,Mouse1_largest_euclid_distances_mean_10,Mouse1_largest_euclid_distances_sum_10,Tail_base_movement_M1_median_2,Tail_base_movement_M1_mean_2,Tail_base_movement_M1_sum_2,Tail_base_movement_M1_median_5,Tail_base_movement_M1_mean_5,Tail_base_movement_M1_sum_5,Tail_base_movement_M1_median_6,Tail_base_movement_M1_mean_6,Tail_base_movement_M1_sum_6,Tail_base_movement_M1_median_7.5,Tail_base_movement_M1_mean_7.5,Tail_base_movement_M1_sum_7.5,Tail_base_movement_M1_median_10,Tail_base_movement_M1_mean_10,Tail_base_movement_M1_sum_10,Head_base_movement_M1_median_2,Head_base_movement_M1_mean_2,Head_base_movement_M1_sum_2,Head_base_movement_M1_median_5,Head_base_movement_M1_mean_5,Head_base_movement_M1_sum_5,Head_base_movement_M1_median_6,Head_base_movement_M1_mean_6,Head_base_movement_M1_sum_6,Head_base_movement_M1_median_7.5,Head_base_movement_M1_mean_7.5,Head_base_movement_M1_sum_7.5,Head_base_movement_M1_median_10,Head_base_movement_M1_mean_10,Head_base_movement_M1_sum_10,Nose_movement_M1_median_2,Nose_movement_M1_mean_2,Nose_movement_M1_sum_2,Nose_movement_M1_median_5,Nose_movement_M1_mean_5,Nose_movement_M1_sum_5,Nose_movement_M1_median_6,Nose_movement_M1_mean_6,Nose_movement_M1_sum_6,Nose_movement_M1_median_7.5,Nose_movement_M1_mean_7.5,Nose_movement_M1_sum_7.5,Nose_movement_M1_median_10,Nose_movement_M1_mean_10,Nose_movement_M1_sum_10,Total_movement_M1_median_2,Total_movement_M1_mean_2,Total_movement_M1_sum_2,Total_movement_M1_median_5,Total_movement_M1_mean_5,Total_movement_M1_sum_5,Total_movement_M1_median_6,Total_movement_M1_mean_6,Total_movement_M1_sum_6,Total_movement_M1_median_7.5,Total_movement_M1_mean_7.5,Total_movement_M1_sum_7.5,Total_movement_M1_median_10,Total_movement_M1_mean_10,Total_movement_M1_sum_10,Total_movement_all_bodyparts_deviation,M1_smallest_euclid_distances_hull_deviation,M1_largest_euclid_distances_hull_deviation,M1_mean_euclid_distances_hull_deviation,Mouse1_smallest_euclid_distances_mean_2_deviation,Mouse1_smallest_euclid_distances_mean_5_deviation,Mouse1_smallest_euclid_distances_mean_6_deviation,Mouse1_smallest_euclid_distances_mean_7.5_deviation,Mouse1_smallest_euclid_distances_mean_10_deviation,Mouse1_largest_euclid_distances_mean_2_deviation,Mouse1_largest_euclid_distances_mean_5_deviation,Mouse1_largest_euclid_distances_mean_6_deviation,Mouse1_largest_euclid_distances_mean_7.5_deviation,Mouse1_largest_euclid_distances_mean_10_deviation,Mouse1_mean_euclid_distances_mean_2_deviation,Mouse1_mean_euclid_distances_mean_5_deviation,Mouse1_mean_euclid_distances_mean_6_deviation,Mouse1_mean_euclid_distances_mean_7.5_deviation,Mouse1_mean_euclid_distances_mean_10_deviation,Movement_mouse_nose_percentile_rank,Movement_mouse_head_base_percentile_rank,Total_movement_M1_mean_2_percentile_rank,Total_movement_M1_mean_5_percentile_rank,Total_movement_M1_mean_6_percentile_rank,Total_movement_M1_mean_7.5_percentile_rank,Total_movement_M1_mean_10_percentile_rank,Mouse1_mean_euclid_distances_mean_2_percentile_rank,Mouse1_mean_euclid_distances_mean_5_percentile_rank,Mouse1_mean_euclid_distances_mean_6_percentile_rank,Mouse1_mean_euclid_distances_mean_7.5_percentile_rank,Mouse1_mean_euclid_distances_mean_10_percentile_rank,Mouse1_smallest_euclid_distances_mean_2_percentile_rank,Mouse1_smallest_euclid_distances_mean_5_percentile_rank,Mouse1_smallest_euclid_distances_mean_6_percentile_rank,Mouse1_smallest_euclid_distances_mean_7.5_percentile_rank,Mouse1_smallest_euclid_distances_mean_10_percentile_rank,Mouse1_largest_euclid_distances_mean_2_percentile_rank,Mouse1_largest_euclid_distances_mean_5_percentile_rank,Mouse1_largest_euclid_distances_mean_6_percentile_rank,Mouse1_largest_euclid_distances_mean_7.5_percentile_rank,Mouse1_largest_euclid_distances_mean_10_percentile_rank,Tortuosity_Mouse1_2,Tortuosity_Mouse1_5,Tortuosity_Mouse1_6,Tortuosity_Mouse1_7.5,Tortuosity_Mouse1_10,Sum_probabilities,Sum_probabilities_deviation,Sum_probabilities_deviation_percentile_rank,Sum_probabilities_percentile_rank,Expected_value,Sum,Prediction_probability,Appetitive
0,0.0029300166701242045,0.006956629333018993,0.013424664558582863,0.0013100881799200548,0.003520408968210156,0.0022073472790032165,0.0027104263531545054,0.003172690129988861,0.0055014001451348165,0.0036650313622172983,0.004409156126951103,0.00511739791531433,0.0010937158692353687,0.0032048475047655772,0.0032214669704605176,0.0029702647210510056,0.0016879673338615127,0.0013356592855193745,0.0016955185222586708,0.002081397208506852,0.00173728075021533,0.0016474976912013712,0.002355171581803463,0.0017999749928539351,0.002183300884441472,0.0018218488918903036,0.0028408115957260192,0.0030155370882603105,0.0038073838529482005,0.004369247216351894,0.003672018511317721,0.006336343930621016,0.005350796779878875,0.005897948466829489,0.008154316839314332,0.00563794220415932,0.005142250226100877,0.008036367615576934,0.005555070728320029,0.005818546113360776,0.007117657825816176,0.00465037053949318,0.0047464210291105575,0.005427238754179353,0.0047680031094941115,0.005458818555684681,0.0012905380253047188,0.0017480531079824392,0.0008929154669086721,0.001216457812825501,0.0009006881216830912,0.0014003607645831507,0.0022093403006836904,0.0013918642544660732,0.0012052955471356225,0.0026000549441946626,0.0026469444629912435,0.001903757638537243,0.004328673000859005,0.004143861348616148,0.0043048731230609285,0.007241263404569539,0.005395291486878312,0.006668761409953736,0.006190312119997119,0.006004245888359226,0.006216430443824141,0.009788910010816712,0.009290656562392679,0.008140013310711108,0.005200700418528544,0.0071945082696187705,0.007768881264274484,0.00390354468549756,0.003469796381551907,0.004216013355164952,0.0033635358833597,0.008442035438084522,0.008115724051738878,0.0062166693008621765,0.007038244122248836,0.006545280779155026,0.0060609573675623534,0.005745035244587259,0.00487195253493254,0.025648754005394167,0.014200265988423322,0.014941547235147568,0.0024473435905472242,0.0019089192137022024,0.0018819050217621124,0.0028402504474860715,0.005630511389011848,0.005290443309549632,0.0032134883669582555,0.004662438039589566,0.0044179056613585285,0.004242054739087457,0.0056358806475113364,0.005674589573555666,0.011107324649346745,0.010250226536402849,0.010027105772626681,0.001350007183977966,0.001895621354486729,0.0003114164685099876,0.0023136422124104632,0.0010687849430321254,0.001101629823888059,0.0018999009561129342,0.0006607217127949149,0.0008645433024091756,0.002541154254373484,0.00661006723434421,0.007713239416659966,0.0024527658345557374,0.006257818607355719,0.007714031206958285,0.00025738704884572416,0.004840279002137594,0.001410943025007941,0.0018257656242027325,0.005807701017814461,0.0073312727154732004,0.008865366039861334,0.005882970089336018,0.0038632901060634914,0.0009075140118151983,0.0008693579962273848,0.0013195505953899097,0.0011466545377654175,0.001419669804645156,0.0011185118604522244,0.0009802817350806473,0.001351086856204271,0.0014345468053147373,0.0016478896922682113,0.0021153395950940907,0.0028808415928946113,0.001180919628964655,0.0015137878828879148,0.0007409457520490314,0.009553614073792127,0.009362684733416862,0.0004599901901356608,0.001062232154330275,0.0013526199678158702,0.0011283842864985203,0.0019971311781448093,0.0040950291211473,0.006502911173141049,0.006684297923990377,0.00535242164835231,0.00415056853198393,0.0011552142272465485,0.0008497554427541121,0.0009507776611358732,0.0014426167095814492,0.0019410546139314953,-0.00018549574828632945,-4.521391876303836e-05,0.00029410225974193117,-0.00028589398126294217,0.0012010215475277228,0.0038660771443373523,0.0037725273548762594,0.002903050922011555,0.0036161569806388715,0.16999748009297028,0.8574999898730484,0.8575,1.0
1,0.0011345211010992972,0.006520301995010251,0.007988001555502656,0.0006799253976254733,0.00020391740438295038,0.0014950097993575355,0.0025219093161063587,0.0008363831272528004,0.001241662873482583,0.0027063974208725522,0.0029149624417938278,0.0027873913169509782,0.00242343637634566,0.003166590888888199,0.003078762295849739,0.00271531238338489,0.0031488560321571153,0.002900720748570843,0.003316916357289324,0.0037451043137378087,0.0035819751589758714,0.002985537392243462,0.004034487091794948,0.004448883748939976,0.0037190115365619398,0.004976380014492958,0.004385325997232107,0.004078454859378565,0.0028487520348393224,0.002458867821904079,0.0025277578152661812,0.0029218407922547984,0.003229635507594307,0.002903141780983518,0.0026547420006647654,0.004827875603347447,0.003470973808362551,0.004060152453577081,0.005653261862905537,0.005120028227876722,0.006461420929142079,0.009989885422324745,0.007992820995302503,0.0015907017262892843,0.0016166742592993153,0.0010640436619230604,0.0011934659755344125,0.0016874545945066138,0.0010020801716117507,0.0015539043577018827,0.0015993632411276436,0.0016870848731026476,0.002349135563627614,0.0015646797007634512,0.0013988318352640508,0.002542421563378414,0.001787947676308777,0.0021416953704052064,0.0008889153900762527,0.0008682149066320359,0.0008390546763902019,0.000991017391327173,0.0024771354081849486,0.0023973945290020047,0.0021109481978800037,0.003609045677837479,0.0037469450222160747,0.002006134491368145,0.004782736671626933,0.005713256984423901,0.004321088232083003,0.0122157991250148,0.011946697686227008,0.0008578144243549729,0.001072054395879346,0.0013359537592539516,0.0012474820657632395,0.0028059551269148143,0.003000117340386195,0.0020122443167233535,0.0054981494625565685,0.004921640040599393,0.001830630387899949,0.008277550450568629,0.00849929439497608,0.005902235717699508,0.019626559546609707,0.01972831452648666,0.0009437064568404247,0.0006454055840052935,0.0007056983863614993,0.0007048710893027887,0.0010643255602540273,0.0013795034669747634,0.0014327083950581737,0.002112217446912602,0.00198381835420047,0.0013775449006434716,0.002401922596343577,0.0032779035884334365,0.0031881638611007757,0.00958209519804913,0.008235893481146563,0.002237251344348621,0.0029050676550440475,0.002846569744387373,0.0029598129490131793,0.005160843390018221,0.004711267897524757,0.003840904235424101,0.006025329532244103,0.005669720319611646,0.003964304098820534,0.008486373323948878,0.006954591208538533,0.008664960799820407,0.02208462770156671,0.020705290173619918,0.003501763297488727,0.0009699458894860699,0.001953075546146671,0.002464276216009537,0.001138583220708582,0.001558491516433611,0.001345847339648513,0.001584010552393548,0.0022984206174114182,0.0025292092503216707,0.0020517452003909428,0.001990425157372841,0.0020019829698806977,0.002332016320406461,0.0023272283664652234,0.0030715747044079075,0.00265230235683561,0.003572542808154318,0.0042644397663212565,0.001069412642383011,0.0024843236747256222,0.005974891630521472,0.0034006403097530504,0.004308878010932935,0.0068497546175862924,0.0238523187645621,0.002718465804003287,0.002898366729620399,0.002395390884796734,0.0029806619089908473,0.0037931763270982895,0.0014023102929269968,0.0015785682472882203,0.0014692783176239162,0.001511036490049496,0.0025271914249777837,0.0018183663664426409,0.002302547791856351,0.0021259609590364237,0.0020268417912927693,0.0024043269465474346,0.005610404879377398,0.0013895152535246136,0.004725385763982734,0.006160253958615745,0.020342548208571138,0.025427048457848003,0.019670983630156093,0.017896763452112573,0.016359187871669154,0.16999748009297028,0.8845000162571177,0.8845,1.0
2,0.001178030598970954,0.004879848615750126,0.00950381896587139,0.002364132917227142,0.0018154077811162166,0.0015979655991641942,0.005036323239280715,0.003805942124770603,0.0015611833802113128,0.0062584178701562704,0.0020255418499287472,0.0025332739451633455,0.0001670503244399199,0.0026781912684284235,0.0023376608135057338,0.0020196519517037955,0.0026744382350394483,0.0020037139686667742,0.001376030104771978,0.0022269148513284153,0.0025901367571510613,0.0022983540502934567,0.002019932618546869,0.0026407710022361506,0.0021115061609418397,0.004805835825414652,0.00359551162658671,0.0035182978934276206,0.005410082451526006,0.007043316264365678,0.006931265409338782,0.005945959929340461,0.005094833549601081,0.004236709741852821,0.006142831087209043,0.003548832936910943,0.003783820569793269,0.006010547259014667,0.0026824304332931986,0.003917900335215444,0.0020847019065514975,0.0036962390925839392,0.004296710395110283,0.00196644434130301,0.0018561785717488156,0.0012349477148221116,0.0014960903271732677,0.0013575151079922528,0.0017132924655606887,0.0021437075811870107,0.0018047054460515915,0.0029214908573436888,0.004015179481178629,0.002732721433347291,0.0030486896034432032,0.009429245624829653,0.005106482898954504,0.004454847727839896,0.002397155109514102,0.0022608534418569392,0.002218131755508167,0.003455821990722417,0.0030794543765745885,0.003461421124864324,0.00573902911187598,0.003699045618841641,0.004410403643695051,0.006851695405032508,0.003682116384216775,0.003930725882369054,0.0023162798915197487,0.0031291211339233693,0.002670589967178149,0.0034979762253616294,0.00291341049630694,0.002953403683862853,0.005503737157586529,0.0027025273586645223,0.0026467797352622458,0.005675504053880677,0.00213536433216918,0.0022829626675093025,0.005771837753630054,0.0002888908499248949,0.00022495638370994886,0.05386862355951652,-0.001181317342627883,-0.0008384712982295942,0.0037928313182852345,0.003272712692400199,0.003674054819510844,0.0054156531296721926,0.004214475541042359,0.004367655055213188,0.006751158207797543,0.004296347074500899,0.004026347167286881,0.009795530774489428,0.0034060289526749252,0.004293494662206,0.013358867658666122,0.0005198101307684646,0.001297710973738533,0.0004851209327017921,0.0007880999339113079,0.0005443960167983557,0.002361809731654953,-0.001419050938413126,0.00011524132227256676,0.0023096345569051904,-0.0011404023510710498,-0.0020577995836984645,0.002432757797074278,-0.0026611890724644125,-0.0032388700980608134,0.030614580662254393,-0.005724516922290037,-0.005332261153971992,-0.00019295892658353236,0.0023715757484828928,0.0014383353996066267,0.002293758747048371,0.002062267916123705,0.0009657993519323831,0.0008279920026495339,0.0011806663539097489,0.0019351216790669571,0.001253150339441115,0.001208488484438886,0.0012299218324331688,0.002404563615571138,0.004040085824718618,0.001236338252673453,0.0007587772339601991,0.0010805173593121864,0.0010537003438577921,0.0024007454018453393,0.001956807426025759,0.002021241144955251,4.943726629395403e-05,0.0005202702928678417,-0.001067911004037036,-0.0023886252702596026,-0.0049700324242004,0.0018633067139726778,0.0011236124965457806,0.0006003574496823535,0.0021854859373698814,0.001938252868552431,0.0021034562307268466,0.0012285070756768426,0.0009419186569491077,0.0012011628365824186,0.0023212342480009415,0.001990820455672106,0.0018433985266920379,0.0026511386649345037,0.002504124609319515,0.004289978401160656,-0.0002953400006192681,0.0009801503199506584,0.0005101974149210147,0.001367462861373535,0.012219683648805529,0.0031259692787506464,0.002221756854463685,0.002024996428068033,0.0018503438820225491,0.16999748009297028,0.678499354675332,0.6785,1.0
3,0.0008839380586188366,0.013115563620996808,0.024239053426541642,0.0012244766742055776,0.003007276088317381,0.0021660116590504594,0.00259797278000434,0.0012859982342559406,0.0011119633534311226,0.0006061824231630747,0.002252626886267066,0.0027460616824502727,0.0035114716733827,0.0023327112011218383,0.002576241584026733,0.002210171837436548,0.0031647570713965556,0.002620259238327655,0.0024288419856398668,0.00311944930018661,0.0030349144935190838,0.002896333987942699,0.004332293382417801,0.0027190444106075552,0.0038085236293469936,0.005005476446559809,0.003109568248187829,0.003855211404116213,0.0007757287518375447,0.0009588432939942451,0.0008747039661522768,0.0016240354122924329,0.0011751911391159465,0.0010729913111535243,0.0015735756490222368,0.0014696837405113303,0.001154852609177395,0.002160211770144478,0.0009440278413456323,0.0014256509417253298,0.001953348038063721,0.0014918102404634,0.0017908740590444432,0.0010643658619653338,0.0012846550447446847,0.0010272580106014265,0.0009364234346265169,0.0008773208617090071,0.0015878691972160148,0.0016441774522387984,0.0018139185968473093,0.001402984608440477,0.0024262189751373996,0.0018105159108480053,0.0015731042379956352,0.0016026771013800767,0.002388551221091794,0.0018507760149053156,0.004257557250845439,0.005200185045160896,0.004979052718315991,0.0018287439991079698,0.004744551829775512,0.0036793272472271407,0.0015547382701566533,0.0031302752334678133,0.0028516730946589056,0.0001984485571767476,0.0020854067111635874,0.002350929597381334,0.0014197991994364327,0.002555720544936124,0.002800682572786846,0.0014330864999194828,0.0013184849936662137,0.001518998024998553,0.0012137967588093663,0.0038060625059871305,0.004624422690929705,0.002068000319816231,0.0039797786990423386,0.004464526714728143,0.001885541013706018,0.008795284056104188,0.006832280538635195,0.006611081362030163,0.016588599371119082,0.0161966591401954,0.0008784537522881023,0.0007788646588819476,0.0009096490705257168,0.0050126667797976525,0.004990521613126206,0.004009278411414774,0.004262670838219059,0.005971102725647307,0.0054186219096158195,0.0017084739183228057,0.005539194236944035,0.005766344015177632,0.0033796998897961507,0.012010379024388066,0.011875902178607393,0.0017945835072933963,0.0020979355011709676,0.0030393495531355866,0.003517316365565871,0.006123183505109761,0.005787485283866597,0.004651880521012555,0.007403715605725606,0.007839781834190597,0.005169837074479873,0.011883263288319795,0.010320755053674227,0.010555939244296757,0.02350925849149203,0.0228004233388742,0.0032647939983141733,0.0009462539031182666,0.0021174038901219856,0.002406544164135687,0.0006572054271240584,0.0014833289919362715,0.0013327311824389795,0.0016780357629957335,0.0020295681649775224,0.001728915946679961,0.002916122647112456,0.0027460949706005827,0.003023292680182055,0.003099870326260165,0.0027573225218086835,0.0027534896380695417,0.0030175536090699243,0.0025032394769462555,0.0035444097584234288,0.001235085684112801,0.0024519823598117196,0.0054604851317190985,0.005055225692819547,0.006497360559887327,0.007726021795042421,0.009646200168479876,0.002533107057292786,0.0032534638050784504,0.0031804474677528958,0.0034573047332268317,0.0032225034944470235,0.0010413197846260965,0.0017309661934050593,0.0010266339454579594,0.0012499033752134494,0.0022962279437544644,0.0019668791082259455,0.00318373368812397,0.002132532347804665,0.0026037187066585755,0.0034682809946026604,0.00015791731897574085,0.0004614666773261558,0.0011206406997591616,0.0016552907573390504,0.003607900325680178,-0.0012421331960086293,0.001923472406466835,0.001094033883794804,0.00011946714720723291,0.16999748009297028,0.7710000630389262,0.771,1.0
4,0.02733347036572004,0.007732161677831642,0.005065072138168201,0.0007604231026055719,0.0001917348056691665,0.0006949655650871999,0.001846392998402341,0.00040784855458015696,0.005592800024659767,0.000561986862746454,0.006291002750793646,0.005490083007217763,0.002779157231285979,0.0045736071117828524,0.004829800222833611,0.004625793722181784,0.0051687405343412264,0.004737961952807433,0.004079670989734099,0.004919144151762596,0.005276234730601754,0.0057568544614967935,0.005800668561711626,0.005346530241281258,0.005619371074083285,0.005800712590575861,0.0077344578236461445,0.00675457635030964,0.0009530347161217476,0.0009611437674608284,0.0002969120234550482,0.001472460580871342,0.0013565813564978227,0.0007841409310505199,0.0017620669610449746,0.0011677828355900093,0.0012517502860136646,0.0019326401584637953,0.0011431238465025144,0.0011619778289961777,0.0014965318799507739,0.0017441586769803745,0.001967833971125902,0.005039027317040248,0.004894780539036333,0.004836991772355486,0.004827242903643315,0.004879728209113607,0.00494424326463006,0.004802892207172405,0.004688850121923,0.004326337220054529,0.004438510017998003,0.004573576603787224,0.004557368835465696,0.005962917275557744,0.005390142674347528,0.005233369496760067,0.00037740990073861693,0.0005102778890712801,0.00045161103724102313,0.0007584798965174951,0.0012710063070782713,0.0015662961145726884,0.0008455996078817742,0.002090059027477546,0.0020764235870438102,0.0003862867409914259,0.0025117458709198967,0.0023808841008278055,0.0018943814945769153,0.002854738507018618,0.0029538903427697425,0.0005566474189151894,0.0005979243046366835,0.0008177134787381651,0.0012143333150014515,0.003138237455468455,0.0029750190318184617,0.0021163289956527232,0.004658990631560935,0.004156464920918242,0.0016946064909227972,0.007434275364883986,0.00641992572232721,0.005727506964346062,0.011229439139194022,0.011508961151458856,0.0007407676500246508,0.0007798114785052667,0.0006545595297450888,0.00044735046245689554,0.0020474892199224774,0.0019697471485303516,0.0006743391810808677,0.0027665310355786876,0.002291301892398057,0.00042573010653388255,0.002440848586534106,0.0028514862309695,0.0021516514045924525,0.006806265166220044,0.007051228029827418,0.0022263106961080163,0.002571362495286987,0.0025948494658231316,0.00256833777008269,0.004559941068689464,0.005107488964463655,0.004521142131419952,0.005120150921551111,0.005443219535324423,0.0055424649127821775,0.007100482522070048,0.006306776505683738,0.008919024545975056,0.013257480873549462,0.012120088895658215,0.009583997327084804,0.0001988890917531935,0.0031746396609712148,0.003968105115112549,0.0003806385925296682,0.000984430477971154,0.0007502581562862858,0.0010317147065454272,0.0013332921597365138,0.0035182804992524115,0.003984424137065609,0.0035166563370262597,0.00486134008181196,0.004298693860055636,0.0045383468361567935,0.004324229507777165,0.004569510938604657,0.005011302310447784,0.006633889139688383,0.001976473225078953,0.0011665859479426774,0.012009043915002657,0.015536993756959511,0.01773505526991489,0.020337706410605238,0.0280512887733103,0.003763170579881674,0.004270577978960345,0.0045057243593229,0.005574261152092514,0.005555828307017284,0.0004565385807094376,0.0006517919968028157,0.001122088559107003,0.001609738786867409,0.0017197650871320377,0.0037694683348120208,0.004643162308448898,0.003759691922626404,0.004894887027302852,0.003726912242324118,0.0010683505017871652,0.0020370394568796244,0.0024096756102957822,0.003703946260653648,0.010053015175455341,0.0035818200945798174,0.003922996542911709,0.003886542936933249,0.004486705657704405,0.16999748009297028,0.8665000009091572,0.8665,1.0
5,0.003472355689567186,0.005679289951479982,0.0030853948674922724,0.0010376557634345707,7.55394525226034e-05,0.0010464450548353418,0.001240556068638196,0.0005445038121954418,0.0029474690767415965,0.0017336638753327636,0.005313012747475675,0.00553716123837422,0.0022571228702189436,0.004436595203310751,0.005071104963926499,0.0034011449279236425,0.004195681681744557,0.00604189485174388,0.005547921956473905,0.004698492227696975,0.007128295316935526,0.007248211215735604,0.005793826116529519,0.006418272477587054,0.006274405289309364,0.007063738799681424,0.008651406854035116,0.008831506661656085,0.0014753594419270718,0.001526796383887246,0.0020794628886905294,0.0014891574237911648,0.001855123487754563,0.0014634334528889016,0.001783677028946329,0.002214368863811923,0.0018025088847107556,0.0017146612124010368,0.0023540360880061604,0.0016065068091464813,0.002468733630004153,0.003385922138858017,0.0030755677861198935,0.002640676322701546,0.003507075257405761,0.0031206747046755865,0.0038315282196280213,0.004162384312506381,0.004311676288494296,0.00516767938832824,0.005395466414102602,0.004547046987608937,0.00683374272144005,0.006152307549479757,0.00432162447120235,0.007281488683903827,0.0061056633357711295,0.005517549680257126,0.0004091142876185284,0.0003205659445039865,0.00022668417850319486,0.0006130936536495581,0.0011717784119462489,0.0013242745227241245,0.0006937409325896591,0.0018554009270995084,0.0012986411377768309,0.0007022359202415094,0.0012760790306871215,0.0014453675387917117,0.0014202865033860427,0.002640871445299719,0.002777235566189293,0.0006061150920293616,0.0005626254088328827,0.00067849851658564,0.0009375614285976729,0.003115674859932089,0.0033260403323324417,0.00203762887544695,0.003837075842029885,0.0034216849692770587,0.0009694042397722024,0.006736229279349834,0.006667648095400351,0.0035826753553459038,0.013343248278813594,0.012470957506920675,0.0014599828982172494,0.0013951635356011579,0.0017040951360848544,0.0012187202895349435,0.0014519742436973646,0.0017021950025310837,0.002160913630188507,0.0030590960287248258,0.0028799648529683947,0.0018086332120032446,0.0037756717403414834,0.004419710026177427,0.0023980281193777303,0.014124014945219405,0.0139960506420054,0.0023687321514008837,0.0028753538614742515,0.002551133103050978,0.0055152781885120595,0.006697950579152017,0.006302848659760765,0.006829022569081681,0.007796750244766118,0.0090069133258343,0.0089955140117208,0.013181121318053102,0.010754148407088786,0.011150739497739039,0.025693169094525323,0.026298330536265603,0.0035422563399332353,0.0019850353598758128,0.0038515807552997297,0.003964188332413735,0.001590698677118075,0.0014565323194189448,0.0005935163025628298,0.00110497178751311,0.001898485614492901,0.003870613850462434,0.006655519096175968,0.005464353416683386,0.0063051253621367286,0.006331959789294834,0.0045606425559534475,0.006149443747324075,0.005641326607914391,0.006860614741725955,0.008562222316794746,0.00199755226797453,0.0008121157437240553,0.003653379161789702,0.006343551273198661,0.006632021081840837,0.006651348414456888,0.011265721174118743,0.004208491269660954,0.005374576221520472,0.006558243205553694,0.007093465858837828,0.008827114651482074,0.001528181703773707,0.0010849105836055696,0.0010655512254250223,0.0012431045728858346,0.0020098593472730425,0.0046687934227399065,0.004737878255131933,0.005914581055114723,0.0067263047006774265,0.007110805526560344,0.00013910084499104845,0.0012024453793542198,0.0012241929400702341,0.0036598375305804593,0.006460710138911827,0.005136422088477518,0.006548038453903489,0.0050366577160181215,0.0051942495844583166,0.16999748009297028,0.9024999992639966,0.9025,1.0
6,0.0011400296783020349,0.014986690593994701,0.006445336385210477,0.00032049970629255235,4.068022083715135e-05,0.00098179092648262,0.001776390316258293,0.0005330834514917924,0.00274839879708371,0.0010102847441367717,0.0030959979456718243,0.0026207088904600046,0.002355159146308861,0.0032194700183402988,0.0030283346521170237,0.0029181555656679343,0.004056545260544484,0.0037059708208698667,0.0036493239457738988,0.0034872580074486147,0.0033924321533076464,0.003715926433907331,0.0036198843669257743,0.003703381396311348,0.0035262044461397855,0.004894530315310011,0.004661052895439885,0.004734196098657636,0.0019211028518911501,0.0019494918122685016,0.0013069571119240927,0.002395245596670021,0.0011219624619021073,0.0014794548535339124,0.0019209926653032893,0.0015305491989509585,0.0015945311211678203,0.00029841494895086704,0.0006618359505460364,0.00031723297952917346,0.0002682267852527729,0.0006665695045370203,0.00013340853836754782,0.0027547859426775554,0.0030971225023597587,0.002971839906730563,0.0026100135333095046,0.002989460635606582,0.003327215355849736,0.003607601907325883,0.0030117739283721133,0.003581227910859547,0.004954143586316503,0.003673701787428261,0.004372946234624258,0.005141414016808359,0.0037055317208270237,0.003552050224417564,0.00030352481779361994,0.0004738025795457672,0.0002984148455769375,0.0016219913913810922,0.0045119089308971955,0.004978829505809786,0.0021469584624805578,0.004753696437619572,0.003384946183014011,0.0007785521456094458,0.003332690410880824,0.003711149131823683,0.0011748798556578826,0.001966721515188502,0.002047985131648433,0.0011523263608194147,0.0007999206535634684,0.0007238065933980824,0.0010355507422450665,0.0031581572614720397,0.0034501112681061853,0.0019508712444997597,0.0053718795535477645,0.004863748683097841,0.0015121170933208106,0.007925792216135069,0.008237177323474973,0.008754834857466939,0.02116588949659885,0.020086706228410616,0.0004200803865850253,0.0004735110065419975,0.0006698932770079102,0.0004289230331159954,0.0016121886301835701,0.0014007161418246555,0.001189500720331548,0.002090541597838261,0.002270142294950368,0.00042411722118535584,0.002594547835636088,0.0030034225717261013,0.002079901435740803,0.009610041045905742,0.008369830245301134,0.0023957821905359286,0.0023451136418613985,0.002967403765835261,0.0026834543214991724,0.005801432000787532,0.005462916697474713,0.004462311841622363,0.006247421361402921,0.0073231212283922644,0.005186850316229005,0.009647128263295246,0.009144601039752528,0.009242364749010175,0.022177065054058406,0.022104861713835633,0.009295975370389073,0.0010371631118423032,0.0010914012853321237,0.0039371090165940545,0.0013027914832304923,0.0014636177651189985,0.0008371273236952056,0.0013373227647670643,0.0016125027946505253,0.0013204872768200566,0.001962754292901164,0.0029373851962130946,0.0022223563529658336,0.002865948114232161,0.003899507355862353,0.0041439094447328195,0.004821133676621665,0.0043624736804493535,0.005384034174341594,0.0002425181738009856,0.001653873514480981,0.009320044405923747,0.012539822811280544,0.014779645152123176,0.01606703756162635,0.024888739277842815,0.004271037057102215,0.0045941426393149385,0.005075122637957423,0.005853410522800917,0.00536285631551848,0.0006932206036442278,0.0015559474216828527,0.001405724974608452,0.0012480482152099012,0.0014549064748586751,0.002193565746177895,0.001995987381103847,0.0018795632512261546,0.0024886651690573564,0.0033232517410080723,-0.0003965590816419585,0.0008877406258162423,0.0017602521464367645,0.002221856658718236,0.0038891831738429605,-0.0005482597965717279,0.0020881499692326955,0.001985032644654648,0.002603951291195443,0.16999748009297028,0.8079996085579155,0.808,1.0
7,0.0011467371090116457,0.01919997546460736,0.005077619140629836,0.00045856858177586914,0.00022224887106918283,0.002522601108751303,0.00261178947565056,0.000632664054551093,0.0014843171160490566,0.0023475731366846887,0.0026788682327141262,0.00278585666351962,0.00375450297963482,0.0028467196801607395,0.002964390370275088,0.002206479192960475,0.003465991970431542,0.003142828800321516,0.0034744218702741528,0.003740170800800422,0.003216942634739174,0.003332081975185823,0.004793264440131603,0.004287645544339008,0.0036319681688594236,0.0051072567675865405,0.0053187295550656075,0.0043277053841791185,0.0025219462463695274,0.0021728859831150983,0.0019446019019843705,0.004034685375458379,0.004816314947414672,0.004489022034898623,0.0054764710616357236,0.005498431158772526,0.004989609958482038,0.006170983198153358,0.0065130086250941716,0.005042502403938192,0.008638990283901124,0.006036205285758668,0.006514643793715288,0.001647303418257396,0.0024195663642806744,0.0017284159753141314,0.0024919671758245354,0.0028987635761411577,0.002159646697475093,0.0030420839785523317,0.0028328059446345363,0.0023971681185692172,0.004115535554559242,0.0029136316057411875,0.003229100233817282,0.004588944072662783,0.004308256415448829,0.004086047610079549,0.00014670400595906925,1.438641754392777e-05,-5.800489175012518e-05,0.0007251859647889142,0.0011392089738928633,0.0009729380687351066,0.0006526525548533893,0.0021345249081041215,0.002075938667766207,0.0016874245088833104,0.0018350880379524688,0.002299043463769962,0.001563782523020181,0.00658452776666569,0.007004479469567526,0.0008933160205953871,0.0007060382913367143,0.000921842129856637,0.0011977080695210088,0.0034346293050994347,0.003586568063032304,0.002128112626631795,0.00560211215069493,0.004832083073666084,0.0017546317277391346,0.00845106381367247,0.00794077361371349,0.006346888540269768,0.022855217420328873,0.02191434935437133,0.000774477437699281,0.0007709428285055845,0.0009330187790448962,0.001269126280477003,0.0027815040188994057,0.0025403956152127995,0.0019027924300811184,0.0038097066288168987,0.0036844642751385427,0.0015203533763539796,0.005237858397720722,0.005387628052569658,0.0044283528421001925,0.014220767340157908,0.014052180348246835,0.0032843638101843985,0.0033184557205336775,0.003196236430523917,0.0035832631301618537,0.006535152790915257,0.005913752241218524,0.005206239097124821,0.008308401239155608,0.008887965176377808,0.0062821069175379544,0.012262930258803977,0.012063056751387573,0.012631633128733487,0.02387027912449459,0.02313200913151264,0.00131760627012617,0.011135369142788263,0.001843333699317481,0.0018255279142931255,0.009133021399808058,0.011931500023170128,0.014257621280034086,0.012456535645840858,0.013752483343431784,0.0015253997528515062,0.0026793083914706975,0.0021697548202162385,0.0016885819468387363,0.0022674193251482197,0.0015097654641312978,0.002809614036175604,0.002312457282392663,0.0019814525043737362,0.003124254300913479,0.0005336155356880243,0.0009504609707413333,0.001845683645889848,0.002498546777114189,0.003101950353770147,0.0033927365796231285,0.004670377628372678,0.0015363313583460101,0.0021388309571706214,0.0019797512580959744,0.0025770621197673507,0.0026560373612988914,0.010174711625822395,0.009993981220806056,0.012111343704183318,0.01318355745207754,0.01292963038438675,0.0015223701403180706,0.00226508310891346,0.0022308538353202627,0.0019765339240725046,0.0028694523621824158,0.0001978500387507844,0.0005666049865533346,0.0017453814343058626,0.0016876664584675564,0.00046536228854369375,0.00012135920313900951,0.0019688734430431784,0.002451366106103347,0.0023060800425266166,0.16999748009297028,0.9220000192716684,0.922,1.0
8,0.0012668915960182747,0.003661938148642976,0.0004946510685994528,0.0023539500007067355,0.004481281424368138,0.0014462606913697082,0.0029017997705268438,0.0016668421457332254,0.001807294208702717,0.0012590621178602886,0.0020546197277638467,0.002040976581095178,0.0016067490028710903,0.001949889421364494,0.001700023408222184,0.0017456284414181194,0.0029275013143431196,0.0016448042430083566,0.0017963652767110712,0.002853470426154787,0.002093520348198162,0.002397321902315877,0.0020812193367433602,0.002050454588078525,0.002344966010561879,0.003649312115316875,0.0037103573595862562,0.003360229838290718,0.0016997083104422126,0.0013843003856468111,0.0018839225947076556,0.002398259008665331,0.002313905442173946,0.002053467643047474,0.003082870335131034,0.0018033830113990644,0.0028710224572716073,0.0028434041440430144,0.00255173857510877,0.003097157717464148,0.004554813259741876,0.005801321732193824,0.005491240580653076,0.001963511917481085,0.001931192417615297,0.0013610778921884607,0.002528261231869023,0.002091237905581749,0.0018356204056106462,0.002310232690422391,0.001384994589340968,0.001295693844800853,0.0022160115882480977,0.0019160832417876954,0.002186500104904203,0.003150348559701966,0.002659696875928889,0.0024410061008494272,0.0017207556299950076,0.0019354581504965097,0.0018922282396987263,0.0017081994514613484,0.0010545068173705863,0.0017170051383904763,0.0018100719499338886,0.002165259194477502,0.0012261384206304412,0.0029151993530648606,0.0021948612722435573,0.0022933091094142163,0.003687972807785174,0.0029203348801936594,0.0037050950434314093,0.0020064384174309385,0.001484972563510393,0.0023248943795873053,0.0027366169940689104,0.003128504609382805,0.0034464989975079782,0.0046165103461425815,0.0052167833326295125,0.005191187522321802,0.004278167780715318,0.0057464269581817586,0.007650695264246243,0.014026284656121768,0.02356504567625062,0.024381408166505754,0.0018510862151929924,0.0015385429220711442,0.0011685877432795746,0.0034716327559969093,0.002199520113153771,0.0017886055881914584,0.004878166216313864,0.002226803706421772,0.0027359230629690427,0.010120761810535544,0.0027053606563566587,0.002339717079323513,0.017971769887798434,0.0022242339796605705,0.0026087417787761095,0.0013191013507246002,0.0006566792124886269,0.0006156669121952753,0.002022638042375215,0.0012242706047766096,0.0008201581309740934,0.0028304949983113323,0.0008425706948486162,0.0008314347357579325,0.005054740391855656,0.0014754249506879432,0.0023038994713207674,0.006046507389480582,0.00865418095616244,0.008230105561862188,0.0031814016421004123,0.0020044493982325365,0.002347407931624517,0.003223931098105541,0.0019635622340732715,0.0018011079687562817,0.002176416423023144,0.002028888313963649,0.003129902872925158,0.002239534033774625,0.0025657906458610826,0.0021063007919858868,0.0022725489380209236,0.002625870116014659,0.0050472101756645574,0.003701555866893073,0.003800241047607898,0.0038807487748624683,0.0034169435643087785,0.003200723391922191,0.0025543400789552755,0.0007742524149220294,0.0010702317791537364,0.001293573022896758,0.0028164597941077105,0.0013160942504317603,0.00487810322651803,0.004000621717413685,0.003793037115131471,0.003550996209905515,0.0037508702824868433,0.0010594656116942479,0.0021012235904202055,0.0018675753009576629,0.0022834203886636403,0.0031026870705994944,0.0026006105757676225,0.0024188258888369076,0.002414898487070866,0.0027446830075607614,0.0029263995908937698,0.00046692423053471796,0.000619627700504009,0.001267118281473866,0.0007620642052090944,0.0009606727003108527,0.011549691309684635,0.012907554150325962,0.011652623596148418,0.01323159885659586,0.16999748009297028,0.7174017828795134,0.7175,1.0
9,0.005068908894355221,0.007368071555182077,0.004540780329112887,0.0008126254545024115,-2.199866859217878e-05,0.000990046089179513,0.00014410810614831274,0.000524133367275813,0.003068818805490823,0.004248246583896339,0.004163356708477337,0.004565000499009658,0.0028968716025753287,0.0043499421204451424,0.004098600713310976,0.005361058696816851,0.0048418704402674395,0.0043835701920720204,0.004300059732585646,0.004836534876965476,0.004425234238284363,0.005230562470029965,0.00540313897193215,0.005078220493797699,0.005959430920695816,0.006265692082482427,0.008087227968587303,0.007507176637870843,0.003914998798969321,0.004376065529644896,0.0038404085550058807,0.003919467316846447,0.003712589852030478,0.004498452148044303,0.004656108956388813,0.004878600574016042,0.005518537404349918,0.005511535188843526,0.00520156275832677,0.0046735093770823855,0.006316441562810567,0.007139750543626501,0.0071666437407427565,0.0030879420618354432,0.003634649397674428,0.0023290222221427916,0.0037560236157993996,0.003555297828592021,0.004794846972939878,0.0048075198047655065,0.004019237761757218,0.004305843948126757,0.005415231560533277,0.00531135121182347,0.004661471299445595,0.007585222679060304,0.006038892487860424,0.006468172486564721,0.00017380270436831923,0.00010413674664112574,0.00036367681796499875,0.0001557559279443207,0.0010091713680302071,0.0011522275354901516,0.00046847951518428705,0.0010371225655924513,0.0011781072828083831,0.0002302497046787747,0.0005550971174318927,0.0009191294573551311,0.0005932620222560262,0.001739714889337914,0.00167814421452437,0.0010139119095335834,0.0008279374985017738,0.00095708091303208,0.0008992010968636719,0.003380772032724321,0.0036045523430285457,0.0016250896286967474,0.004129357453224341,0.0034186545270719557,0.001783079005166966,0.007430067480669562,0.006784890127608513,0.005141814434423719,0.013812575133612096,0.01399311952274804,0.001220631502976992,0.0010281599025272982,0.0012195133075320337,0.001003774444756522,0.0018797699555463498,0.0022252039856961578,0.0010385249357826652,0.0031111626059554974,0.0028694054178793386,0.0011526716479040857,0.0037816261936142355,0.004308716129895746,0.0031885816818949912,0.012044870588739076,0.012079013706000844,0.0029832848013488238,0.0035220509811491516,0.0032886402697660834,0.004440335580408251,0.006727975279372549,0.005463162542234265,0.004888761541347099,0.006902612504349819,0.007926511776012867,0.005555682095415056,0.010805166095493606,0.01020405426354662,0.009752289998918817,0.02040982542520389,0.01935923314681447,0.0091261401584703,0.004875169232466662,0.002527770722688432,0.0028515756286128,0.00606691393339195,0.0046365925932239805,0.006083780694566958,0.006328270820315287,0.0077381582539686414,0.0027681119680618843,0.0036601113548017645,0.002921202207140439,0.0034061706752613625,0.004854480897885428,0.002996484804543219,0.0034614250772369405,0.0036502633989930226,0.0034089209651407605,0.004552579479694835,0.0015345740231026408,0.0015236617652311457,0.009400705042927275,0.01197477685802264,0.014221046672998016,0.01314568724947917,0.022466137415882333,0.003288244054261793,0.004093347606487371,0.0031661190044898115,0.0042700280056248265,0.005432617194373878,0.005197932582192133,0.004911537918603473,0.006133564196927652,0.006193366622011902,0.007058602810118729,0.0023747120230131623,0.0032572587159511884,0.0037032688809380994,0.004260057925025984,0.0038622702477068365,-0.0002469778600110088,0.0010913455686442485,0.001292172429528324,0.001296211513172285,0.0033649907570721034,0.005048805373173594,0.0034129702932307764,0.004650429920444119,0.0035748591162479606,0.16999748009297028,0.9390000076993121,0.939,1.0
10,0.0027911751589677655,0.01227927443293623,0.0069740910999225485,0.00250053028069899,0.0008513007224146119,0.0023369955929833947,0.002265908475184276,0.0022105359763610636,0.00419056944274307,0.003990545354154253,0.008525471323661094,0.006346925726718059,0.003997634274406782,0.007541434722129328,0.005700714640264153,0.007258719942738967,0.0050810767836868475,0.0043782732166828655,0.0035554214636405795,0.0028428846807726765,0.002928891063263217,0.0033605042008175894,0.0023345901816806854,0.0024309884105434285,0.002331515320203479,0.001977207157567116,0.002266164277248287,0.002414626423728784,0.003157989962781623,0.0026120281949602903,0.002348063478253034,0.004873163792100994,0.0028317650475284473,0.003680861377027583,0.004115812443087056,0.002726962445707639,0.0038377749102160496,0.006364127118299882,0.004582939138334831,0.003690259801840495,0.008024918257268808,0.009017086393085603,0.006355740748056382,0.004040405319810191,0.0038136520383121385,0.0036000657638848507,0.0026767138937299683,0.0026157922968389163,0.002721964454143834,0.002046772915813966,0.0018606462203576077,0.0012668161815919921,0.00196435757480871,0.0016987712248070991,0.0017578396537279014,0.002281372039459436,0.0018213265061928544,0.0021034939796271595,0.0023952691235074705,0.0030712634429974624,0.0023562186356200616,0.0033641627996459046,0.003572151358892818,0.0036518661459743243,0.004279663656713333,0.004227642772881486,0.004610888973790178,0.0024753967067735728,0.004037557986225501,0.0039170633831477255,0.009835862606734478,0.007070696883211376,0.006997178966086805,0.0013706802273453927,0.0017523779196457832,0.001635608993017265,0.003752248231489485,0.0020431033003988595,0.0017132472734210367,0.004552544890499851,0.0022181885385908996,0.0024799666213609385,0.006222968373081193,0.0007565511450437683,0.001018088919983673,0.010344893792856198,0.0025477862095482653,0.003131118910315749,0.0016071220710016582,0.001600229667637108,0.0016345532941481873,0.006174332527734336,0.0038398283854898184,0.0038059157526533606,0.005635860341395617,0.003396731403219139,0.0032982787887635566,0.0073593684823667046,0.0033698704819104886,0.004050952810635813,0.012814671675034667,0.0007367779772736545,0.001072990529436309,0.0013909558866085701,0.0019066842135129995,0.0009763766995206899,0.0043232944043090525,0.0004555027858840749,8.91845672996568e-05,0.0024187728827662187,-0.0003729908307129071,-0.0005706072622463841,0.004085584894400943,-0.0020780371556264393,-0.001929417307861973,0.005421596881578195,-0.002656493866683827,-0.0011491851357378993,0.012487843576265863,0.0011923182999046425,0.002092878112849239,0.0018294134241615416,0.0012991111514569836,0.0010176918226078536,0.0008768845243805666,0.0015571377623643898,0.0023701549939122465,0.0017756481399251408,0.00241237236643947,0.002605198991012499,0.0031151784960219684,0.004375621807168331,0.0015415945012004668,0.0015822374915412457,0.0012728471326089149,0.0022415195912630394,0.002794595980384798,0.006341308804792275,0.007280790093270711,0.0026452147235179126,0.0015500216191741383,0.0016537615856024495,0.0022715416410571745,0.005025717816614801,0.0013487095041836402,0.0009828368401893013,0.0011787529198463045,0.0019342100491680375,0.0040250454434507445,0.0013762774689560137,0.0014019311106004064,0.0013060656988541127,0.002083367985008247,0.002012419135451264,0.002079613991749251,0.0017617461524835334,0.0018269908071906864,0.002546463425291989,0.0057646268139774194,0.0006470853959446079,0.0015310142298721977,0.001461660151526029,0.0018645297373593031,0.0016523890307701143,0.0015639420477927394,0.003323634326073678,0.002391726823858066,0.0019702578849313188,0.16999748009297028,0.6975057976692856,0.6975,1.0
11,0.0009426548672092727,0.014270601042467374,0.0036846433643998085,0.0009615356005658097,1.6543926907188819e-06,0.0021489952375789607,0.001759776952918971,0.0002683715794181247,0.0008881026286863486,0.0013738972179025669,0.0025483325283672917,0.0030684995710548156,0.003119693825916237,0.0030495475385194756,0.0032431106512814225,0.0034044419703977034,0.0036239443234055905,0.0041869245532296494,0.004303092835468087,0.005112698362064562,0.005205354318143506,0.004577426197810326,0.004421448037714899,0.005548175580552331,0.004315041036949067,0.006577333728684838,0.005869064807283817,0.00519104065060275,0.0015377152041898487,0.0015916961094536272,0.0013278265387881177,0.0007905408248616451,0.0006784537518936388,0.0012480747648565473,0.0008664665424568242,0.001556738170704296,0.001462998117969476,0.0014769549033771428,0.0013251454273116134,0.0017864286548242086,0.002986360793355561,0.0018052963925219974,0.0021300679801894117,0.0018176142041638908,0.0007480823104946086,0.0008753118431866433,0.001944326111796146,0.0018840730331111828,0.0017366703867585933,0.0023154161298266965,0.0029933266818513334,0.002437123850023613,0.0033568521411673764,0.0038504036464689596,0.002724033637584781,0.0032386312943178753,0.004248106141381191,0.0043301216183464905,0.0004241548400034176,0.0002506737186454246,0.00024117764675365942,0.00043834609172019426,0.001128274494681543,0.0008490525496912741,0.0003533263345543533,0.0014198657565384157,0.0011544592791299685,0.0003002297266068221,0.0010674447679562486,0.0008564600616324694,0.0007206869801271802,0.002603341549276713,0.002437923871670808,0.0006690308838110294,0.0007139146247628531,0.00069902873255672,0.001278584743932816,0.003927397892098847,0.003980402074143362,0.0027340577248686233,0.005362523446461234,0.00506182834028166,0.002067753265341129,0.009467503406482747,0.008639168195864948,0.008434778574782302,0.026430167130299317,0.0256722380174764,0.0015358416290750581,0.00139917183700216,0.0015798525172298534,0.0005793621626701172,0.00204869017103226,0.0018524819843524316,0.000885891411325395,0.002807620273154469,0.002687191531282581,0.0006731526083035528,0.003677666640087405,0.00412486776304985,0.0033003749405128673,0.013433822000767532,0.012217582547708074,0.0032748377013066617,0.0034315393613107495,0.003997753133711969,0.004025038679451869,0.008123462269237857,0.006777190939982772,0.005186370802060198,0.008160012463894856,0.009417288273269942,0.006300833927465371,0.013614012106652949,0.012157632945925617,0.0126924434338887,0.028669152257357982,0.029568885866456833,0.0051001446862499345,0.0012610289451239424,0.006478541054629465,0.004453332462424962,0.001664732835327385,0.001476973465722348,0.0015959094368961561,0.0017454528454119858,0.0020309580397062663,0.005435710711840947,0.008492059957853348,0.008753879373544793,0.010609153589260909,0.011119313171270318,0.004994330157390974,0.005097951652136397,0.005287421311826361,0.00662292672806776,0.007895585300387436,0.0015530278057368327,0.00042967861590473977,0.004764703160455806,0.007741523431148394,0.008606425004567115,0.009510166706705998,0.011008520388245693,0.004207105677573009,0.0044051887705979665,0.006031243560684332,0.0067065660876164945,0.006618434927395085,0.001594930432360886,0.001341344543114542,0.0018587923099911818,0.0014977158413398417,0.0028090374393997825,0.003686323289012953,0.008297941005166017,0.008517944229382962,0.00990025919805802,0.010268184738924335,0.0019191265703844714,0.0070827812667526874,0.006784700198025311,0.009841362881806372,0.028127150568135712,-0.0016917812367112015,0.00033678512579231817,-0.0004016791154031299,0.00021356494358332624,0.16999748009297028,0.9360000336939882,0.936,1.0
12,0.0017077034209329234,0.010587614623048573,0.009801890471500251,0.0006814579190130161,8.059845702150184e-05,0.0008534300507162531,0.0025153085087637676,0.000986771642353596,0.0013688938386068345,0.004891460267464426,0.002666828255286863,0.0033740742057267945,0.0007770112574368272,0.002553227509561595,0.003158549910277871,0.0030271514570631578,0.0031727368011401583,0.003327451598059752,0.003048514346589393,0.0033809679546223394,0.0042737900669655255,0.0037059551310846183,0.004758510891914768,0.004442000087824519,0.0039147479274591135,0.00516496022278131,0.004397901529257871,0.004584491602851567,0.005054749551642281,0.004457286102987828,0.004509775970458371,0.005314600086695998,0.0046690561845261925,0.0048885533115601825,0.004392721804415139,0.004848965549043296,0.004753216130237985,0.005333653017502372,0.0053147219166413805,0.0044930766557345105,0.006132532653207077,0.00716649564580083,0.006187537445275972,0.001543714679877029,0.0020653175152174075,0.0019378690962896282,0.0017413740151381535,0.002507601687594026,0.0016572017767339988,0.0020008516643212587,0.0021543914705378416,0.002381325040330473,0.0023945249028713258,0.0022131999608675404,0.002271620358525558,0.0034805588113682134,0.003234920110252467,0.0030220855458001606,0.00032640848889671704,0.00039052488267247467,0.0006436014025721859,0.00042946454719240955,0.0011313902665434808,0.001144308970080548,0.0009011408749170655,0.0017002302598645017,0.0019941478199497938,0.0003666529636530535,0.0019063567188236956,0.0018823830069325759,0.0008121066449619206,0.0045975549805891665,0.004503367876365438,0.0012300762909101793,0.0008659176524087942,0.0005332961802220679,0.0007279593934845754,0.001635243358408398,0.0018583361057690235,0.0021348220935843683,0.005316853106834104,0.004335363991512405,0.002016359455307736,0.009584686146679159,0.00935866630331186,0.0040018182865773685,0.011655666246255044,0.01207555421629081,0.0005213893998864324,0.0010404227258072301,0.0008050276757830143,0.0005459516121931281,0.0018957432516271,0.0014774891926098556,0.0010282066753618865,0.002515741453035753,0.0023023898452219113,0.0015516828340463099,0.003585440902287243,0.0037574439324774707,0.0028987851014791242,0.0020696101969993803,0.0012272119604790084,0.002188208831700187,0.002285315154275587,0.002434542508529132,0.002145312956620638,0.006608224540992134,0.005332149136077599,0.003376321842276489,0.007322852151872344,0.00784733636064537,0.004601453003023196,0.011435748907765522,0.011441629943912865,0.009127561187884405,0.017292633841817714,0.017828336029783263,0.0049822460570496715,0.000330350589384546,0.002158391184823908,0.00655980242513247,0.0009124379297598367,0.0005775081238048251,0.001031775021786137,0.0008453028454500867,0.0015466762453136636,0.0026115954393836293,0.0029478478879127116,0.003093760387500602,0.002907954739884293,0.003912882608696492,0.005216385154097232,0.005182115562663951,0.007166750947966151,0.006712655852973848,0.007628654815775488,0.0013896036942539398,0.0017722494901354134,0.008681020636758944,0.012278498469054173,0.014791897517628877,0.018337948268376043,0.03186550927753865,0.005047808057942853,0.005376053672223849,0.006331796064458234,0.006412620780117574,0.0070932368391758895,0.0006923937345586486,0.0007785005155337616,0.00030225210406135196,0.0004252454137548616,0.0012462928962567827,0.002424273242245577,0.0027383168535747857,0.0030467451953449316,0.0035098582103223514,0.003340684926196275,-0.00017925554047057356,0.005445423422205536,0.0035152239106781393,0.0022711442420700937,0.007260519642706713,0.02832482284422731,0.010499195408295957,0.00902645176566702,0.01125317373540882,0.16999748009297028,0.8894999995074544,0.8895,1.0
13,0.002687922038870352,0.007070706064626221,0.003495853689139596,0.007755860955792001,0.0013073985181192391,0.009285034296045833,0.0032241959781125966,0.00626394499401956,0.0018072161705095287,0.004569711128661332,0.0022024586909075157,0.0026153233751056394,0.0039628464825302665,0.0016373180960207619,0.001522148619102072,0.0013950930221458603,0.0011161496397478646,0.0011602338473515482,0.0016924197794786495,0.0018769407124892472,0.0013192948836834892,0.001580691712102856,0.0019745297156082064,0.0015943043395744948,0.001595321588474244,0.002874322448869864,0.00310885771813199,0.0033088125980040863,0.003119312605744219,0.003598009786230861,0.002707991285126335,0.003443979761717981,0.003117703086546178,0.003339611471580154,0.004193724966991306,0.002840666313506696,0.0026792120616587565,0.004907220441332286,0.002785256355337021,0.002280044363017413,0.0065352353003511445,0.005448276244693467,0.0049413586196931075,0.0016978970742384954,0.0006332388300490405,0.001103209885495373,0.001634658984716951,0.0007726842564530824,0.001121706239031357,0.0013821337416597647,0.0011112423803488476,0.0012609522284939662,0.0011841097125673404,0.001390739208294591,0.0010863771601975162,0.003399328870569592,0.0014576499380918712,0.0025083129596641792,0.0015178253864638574,0.000777392791195726,0.0014633972250781887,0.0034475185930521253,0.0042840138276574805,0.004305430617637455,0.005988338318969091,0.003420867938574939,0.0042141783285866916,0.0030926008044464964,0.005618891240844511,0.004785920868028675,0.007824160059612102,0.0069136443283860215,0.007483822712536853,0.0027557480372875824,0.002837463384663406,0.0030665674184280362,0.006619665532181952,0.0017398913860104945,0.0016290188021486427,0.00499192993167044,0.0013530571086687554,0.001436833217344253,0.00695411392485687,0.00043489322836772566,2.17146514226748e-05,0.011897592641014464,0.0041821128957510705,0.004129158595687071,0.00254743108768282,0.002840533591456932,0.003423262932584927,0.003945774654750849,0.0034318657240396564,0.003630100572853725,0.006064166244118561,0.0023874485732551815,0.0024452148134786592,0.0062339933661643265,0.0028304889560201237,0.002664815634437839,0.00990412563878539,0.0017705494366343296,0.002177350599165091,0.0006318071311599295,0.0006305091167614359,0.0008217610508450569,0.0035612963745814148,-0.001269204124739286,-0.0003363771082807094,0.00309534106155245,-0.0013950735165409827,-0.0013644602908838865,0.003063745869799119,-0.0033730042469471934,-0.0018358923721437284,0.032645487270638436,-0.0023148083100692886,-0.0025634748048994965,0.002235045012796077,0.0033644404831668978,0.0028562484109633385,0.004946629817620346,0.003629813532819964,0.002930842250383601,0.002707869600317143,0.0024487848084847395,0.0021116166908466505,0.002607643622652648,0.0023003861452623223,0.0022169093638205154,0.002218217243439272,0.003015089087256499,0.004306719309582293,0.003400432990280943,0.0031197026702780837,0.0036384143394741796,0.006157197906666537,0.004165803539181071,0.005380461750086996,0.00013549780551299782,0.0006493479968980563,-0.000894217893832395,-0.0013694586995666312,-0.002508760689137891,0.004166869149833507,0.003199346430324354,0.0036915084719101997,0.003897413724375243,0.004452117259809896,0.0027792941740235745,0.003370500804438689,0.0026789136287979566,0.0031888945473647896,0.0019841409054170557,0.002430775210480226,0.0024623730786268345,0.0023552562939784224,0.0024976746141620134,0.0030921709262863167,0.0017583971315230608,0.009769627644966496,0.007226088463061842,0.0066338810428770096,0.0037031861128677033,0.002918638906066711,0.002611529366468365,0.006308058203019127,0.007865159375811918,0.16999748009297028,0.6979792666141746,0.698,1.0
14,0.0032482175469219637,0.003701747883865932,0.0063548375804972305,0.0010602862337117907,4.145676605144122e-05,0.0007993732232860489,0.0010572189834198525,0.002064828483328505,0.001782040587672975,0.0015260962611986085,0.002336762416053571,0.0024803729550973022,0.002636150549330443,0.0017844476343162967,0.0017473968263833006,0.002459129653259952,0.002880125001595739,0.003223168325819332,0.0029448271690531865,0.0031767223890775296,0.003637488737774635,0.0037950401921472347,0.003616019335793096,0.004170476949040185,0.0033871984174314662,0.004417076319927752,0.003634220606264946,0.0043797339197570746,0.0007414010772274436,0.0006912980914383642,0.0009079684898910446,0.0018374501210802817,0.0016096813567360187,0.0018662647857160158,0.0023463171768053352,0.0016298449988858563,0.0020156340059594505,0.002557502535083707,0.0016813070648943173,0.002062406529698676,0.004701111027121645,0.003226992780300316,0.00366829988285368,0.0021006067382356034,0.0019221047224641562,0.0022151798349623972,0.002376934452735578,0.002872434191690377,0.0028346355452675645,0.0024804943827542473,0.0037019725731334886,0.0032057337521548567,0.0033484815226816436,0.00377344440555214,0.003037041963330864,0.004617657443318052,0.00352847026514679,0.004640403688525298,8.57997692293532e-05,8.206227613819125e-05,0.00011832806138770995,-4.3786115450205525e-05,0.0009472080173269983,0.0005539158838367322,0.0005829330113978862,0.001294104157436051,0.0011720655179736272,0.0003639783180517788,0.001915698811599365,0.0013149620800931856,0.0013324815148303745,0.002209582425294175,0.002850022607081055,0.0024637545574966954,0.0037292478926401014,0.0029078378108206497,0.0008759298323799338,0.0038373726944553915,0.003792013777002921,0.001684642418334386,0.0042017172991533945,0.004839411276512072,0.0014274645554536293,0.0062046146128972406,0.006773189358833826,0.004768313064373658,0.014803686169686817,0.014400787333369454,0.0017222579965866904,0.0021396123500751875,0.0019383530263762752,0.0017592708495623999,0.003028198219121678,0.0031452514112621345,0.0010408743081271375,0.003457341302551581,0.0033679150973845184,0.0010583708822728014,0.004850734653781845,0.004573743053288344,0.0031404310892068615,0.013413890930547267,0.012422645891766814,0.002113124741771976,0.002224179667149141,0.002549437744053047,0.0031249049045850245,0.005842917473358518,0.005798914439212882,0.006379609276383886,0.008005702187632824,0.008318694255640281,0.008277546583228873,0.013760505712604698,0.013823542729923618,0.018017204413991284,0.03307511158084078,0.03202267722560892,0.0040444633173239335,0.005032980895610852,0.0017049504518046195,0.0015584041975551168,0.0025768240291521275,0.002130048448072323,0.0013675995731636254,0.0022289530477737425,0.002656557759514496,0.0022155833420514476,0.002153708955313405,0.002772897033804427,0.002962307905121654,0.0031176145070700386,0.001831802828328242,0.0019006540729084793,0.0021926679456450993,0.002588084487218921,0.003870868213681793,0.0018387772012745294,0.0036086864524903545,0.004288083298364384,0.005986672144134083,0.0066954850804959954,0.008618260800373862,0.01444489485691619,0.00180044713758218,0.002682294527977841,0.0022385007626231925,0.0032940368200268227,0.0032201470769546345,0.0033052917297327995,0.0017727950867889339,0.0011391297566091115,0.00149818355248256,0.0019330396283547685,0.0019260224619429818,0.0024331445945947362,0.0024397906579308043,0.002934485936431363,0.0030460321657125706,-2.7770410333401263e-05,0.004265197949236399,0.0072068216763001855,0.009813155706277206,0.014197595966378837,0.0006709265382222289,0.0035387929514809242,0.003609838838508131,0.0032529434183972794,0.16999748009297028,0.8189999948096036,0.819,1.0
15,0.022114122020550457,0.03178858584449398,0.017901416426679983,0.0008615208316884407,-9.848368044787942e-05,0.0006046419065964458,0.0020599143479658874,0.0008759815714607587,0.0018666739725355713,0.002452872341885056,0.001902663445330094,0.0015894547055116104,0.0024814722658159437,0.0020994544076476133,0.002299471550657688,0.002244455428833913,0.002390806287286691,0.0020767036614273713,0.001610152796330702,0.0021438031782842312,0.0024412491312008977,0.002573363632903129,0.002384318311542918,0.0022788646937655192,0.0015637266850692688,0.002739399629831532,0.0029822901516581156,0.00335767076523488,0.0032040259094112717,0.0025068494115216377,0.002494604899876252,0.005815230638415871,0.003560734693166761,0.003664969339207933,0.004748602874217894,0.004386267815387331,0.004392543168110453,0.005195648307625268,0.005824322211594918,0.006177050631823336,0.00625969405454224,0.008626808051115854,0.009788972018424673,0.0025804576281100397,0.0016350071484866888,0.0025229445946439773,0.0019663237124027746,0.002575407054412976,0.002791980908481196,0.0026159084072277868,0.0028376645639581247,0.0031130809728057494,0.00314599387312479,0.0026868799436244577,0.0028886797621381225,0.0037584702289655656,0.0032589153756316805,0.0034966454321013283,0.00013149375047119934,0.00012861245528074183,0.00036063603834632265,7.082932218663582e-05,0.0005420213838487832,0.0004817368262900218,0.00030320356613335264,0.0004222048212680065,0.0005334885612852055,1.2094295680368253e-05,0.001286380227100254,0.0008818904999132588,0.0010141975890287987,0.00292244521664962,0.003161211710091914,0.00095723953012781,0.0009678056960959508,0.0010530057790324517,0.000967424017857316,0.00284913858255962,0.0028477746513979186,0.001157495114636103,0.004182799485125008,0.0035979990312306857,0.0014254057105727099,0.008039352286752203,0.007160316215378444,0.0056752123815375696,0.013163485596529644,0.015181855506478855,0.0010365232131404778,0.001183567132932506,0.0014177857477458292,0.000820015256534717,0.0012881184903033066,0.0018730470133356731,0.0008129521819082302,0.0023088051118563737,0.002363711131270864,0.0007602744342252801,0.0027259910774900197,0.0029177659746069144,0.0025784507876065905,0.010280652688827363,0.008560912066115695,0.0025037119360505535,0.002370529752211533,0.0023716277057116903,0.003490581169526628,0.007234840928118618,0.005718564231876656,0.0050231711464278385,0.007734108764398896,0.007699317499715842,0.0062844263262468196,0.01260278070515775,0.011284432947345617,0.010802151334213831,0.028528778956041643,0.02751984717045443,0.009862243366948562,0.0011592184986441922,0.0019654338122735105,0.0027747281358534276,0.0013265808885017478,0.002032882942157251,0.0019052125584851948,0.001797971502239961,0.0017768696730367517,0.002308495737793831,0.0019140576266421432,0.0025566271779908054,0.0027261519697067017,0.0029158805506746825,0.0022663250245790923,0.002731152078950381,0.0027990114321169326,0.004330290823184485,0.004039179931670592,0.0011603287390478494,0.002080506549600848,0.008712932807785168,0.010545153594258744,0.01302659187171942,0.017526156384063584,0.028449552804882667,0.0022809306606539456,0.0028609033996237943,0.003207375962711636,0.003501496572363805,0.004164843989190761,0.0013936390802089097,0.0012779638305928562,0.002244765329027045,0.0017201874561581646,0.002472326055617874,0.0024074985384858667,0.00232180875734026,0.0025802596249726623,0.0029161919638484757,0.0026858130448109956,0.0014349238968670032,0.00017671566805307464,0.0007033961895494715,0.0025044461891799742,0.002670135755162895,0.026529957997136686,0.008763488287347257,0.009325715616985935,0.008984716276685446,0.16999748009297028,0.9074999653909364,0.9075,1.0
16,0.0034248026424922896,0.0025959558289543744,0.011057559174096147,0.0011915738026865598,0.0017719772167363456,0.001864726926141185,0.0018171697688101139,0.0009453449666739532,0.0029115233183132586,0.0017865559683178322,0.0029000536899881726,0.003684170502620713,0.002606005349816268,0.0028934917912323047,0.0030138074888654306,0.0029173027679430617,0.0027021667144574435,0.003060182160232044,0.0032781782758630686,0.002682380573674291,0.0026408217249654906,0.0031487830265099913,0.0032489550473432122,0.002777246746019515,0.0024208518556880837,0.003860934584940188,0.0051413814954016,0.0036735172057158305,0.0010803054132559433,0.0011612334471072633,0.001314597484896551,0.0020155077538271653,0.0023988684163871923,0.0021881135254627707,0.0030467173628364,0.0028104356469454052,0.0025590046975935785,0.0031134227463588122,0.0031561824360234855,0.0028003221346038516,0.0033015599361980816,0.003494554494699171,0.003007822318235241,0.0031485328613530873,0.0027978906171082438,0.002067660783267854,0.002618084871336284,0.0018517112369305653,0.0021983070184553627,0.0028171067126749796,0.002976908363060568,0.0027932041535035142,0.0030381134020948243,0.0027159869426622387,0.002056794962242193,0.003017689409928304,0.0035592526153753403,0.003339571516030242,0.0017336396419079215,0.0014786012596894962,0.0015689143113685065,0.0003531939120487865,0.001103690663415234,0.0008197906501096848,0.00013369448115174278,0.0007973851555771468,0.0005882467627360656,0.00019236458048740588,0.0012033742273279994,0.0005923736714019983,0.0004158335916945357,0.00178059717278193,0.0023574030365432403,0.0009027741709197387,0.0010674269562002932,0.0011737561942569094,0.0009937016061455643,0.003530307890485639,0.0037793451139124536,0.0018947142123910093,0.0036094990568848696,0.00398591424489347,0.001375674838072985,0.007364853415376992,0.006369797317085256,0.005150470218538132,0.016819513263116856,0.016222731777188235,0.00101157088244659,0.0015252097818511234,0.0012528459047001222,0.0005729423880754403,0.002040685920501786,0.0015436195512270323,0.0011242453171489148,0.0034314283758566234,0.0030283790594571062,0.0009311648195568793,0.003928117351748963,0.004696938160865068,0.0030908530302117968,0.012271851901616854,0.011448253751718714,0.0027315098596484956,0.0031807272040557653,0.003224848433414138,0.005031218888627986,0.006794463543322235,0.0061003586366179,0.005443986793770272,0.008291656622441412,0.008517304758536862,0.0075910734387400775,0.011800861478465792,0.010969949339361407,0.012382002788731531,0.02646381120026753,0.026541289737202198,0.00400919319427968,0.0018207387836376946,0.0024394014671276923,0.0033028251464600708,0.0008995382450644223,0.0009341194867977899,0.0010173788203613472,0.0019997552500377455,0.001843911825091395,0.0026862667989869444,0.0019892679844019374,0.002000344016122886,0.00267829125380769,0.0023680200891646576,0.0025898757431080882,0.0023280755016448565,0.0026996774253035447,0.0026460764897431764,0.003998244472196884,0.001983936948238284,0.0021417899425065544,0.0051588530641723165,0.007484778452266131,0.007462666110141805,0.009409027712589533,0.011218151538428244,0.0021181418952413195,0.0022678682248829574,0.002925587810930933,0.002808234923670454,0.0034712539939095433,0.000890229346289485,0.0008962762341827963,0.0011965098297414718,0.0016273283013028476,0.0025735581409277886,0.002150801286134614,0.0019463782953055666,0.0022656510320150803,0.0019411042039858327,0.0026846706192481026,0.0009776402605600235,0.0027442726149257946,0.0020698654185798506,0.0010709015536506988,0.002160634605762197,0.006935432856259285,0.012113812039570529,0.010498119098606238,0.011272403062735583,0.16999748009297028,0.7914999977119208,0.7915,1.0
17,0.0015305801327950524,0.010152703370271625,0.0057494576655589295,0.0006991098823112548,0.0006879229323832474,0.001200882331579153,0.00173290635321142,0.0007822986512935715,0.002463432689790836,0.0066130239342312575,0.004155691397589704,0.004092320026517822,0.0030073765276624823,0.004156033642200473,0.0039189148026701325,0.004641282397509394,0.004996286358468744,0.004629917164183879,0.004252263329711786,0.005080235539786779,0.004182682839292553,0.004672112241194629,0.004468567818950917,0.004508978711679778,0.005149909170943895,0.00653097197697802,0.005330867352452671,0.004736549166116644,0.005775024751186346,0.005680183140837349,0.005941458108919806,0.006398612229900992,0.00643042227255828,0.0064342413410927125,0.0066629123037904815,0.007243243097431303,0.00703082727965926,0.006199004488027056,0.008094197053806764,0.006865466040103831,0.009465573831961302,0.010346494025093059,0.011325377562007835,0.002385961471794455,0.0021183939968427963,0.0024204500251510494,0.0032262448498750736,0.0027443692945242665,0.001999362721855497,0.002443971130510252,0.0021911646853200735,0.0029876628828069216,0.0036634917507759983,0.0026771237947639383,0.0032387554764619617,0.003364387384817707,0.0031058204793575437,0.0028971346746799053,0.0006549588020267623,0.0009458504421574964,0.0004573722857316413,0.0012320486247070488,0.0008493796050364493,0.0007916006966440964,0.00095721876796986,0.0011714863240331638,0.0012796475781710174,0.0006685827910873783,0.0018600065703942039,0.001479724131866146,0.0014220296207732275,0.0030719340948157214,0.0032091455217939,0.0012671884784150426,0.0012941592102412897,0.000978111270066405,0.002641712632109676,0.005230652992426895,0.005540286200346238,0.00324440476013683,0.006571021793873046,0.005984696033597218,0.001992826955155308,0.008633091922841426,0.008070067250480123,0.004746841174354941,0.012973823320096662,0.014731242470777586,0.0008776839599914567,0.000883533847789863,0.0011145772801376542,0.000553551249843558,0.0023202686680979597,0.0017789796236723902,0.001229736584906405,0.002675878521094272,0.001362771511168048,0.0013096556711876385,0.0027241886520325857,0.002818903005693309,0.0022681103604711467,0.008167890163687762,0.006842548575008802,0.00319281087363962,0.0037217146016898057,0.0033945003896319894,0.004005304399295964,0.0065526854555704945,0.006183456122800522,0.005593081885030878,0.007620584797901655,0.006850827143523855,0.006338881110105334,0.010536775813829441,0.009530619235136232,0.007541216731427045,0.013660748028851324,0.016110361804508748,0.008993877375348718,0.002615709965226911,0.0017597259687985964,0.0027703897913390458,0.0027742195118088462,0.0022939784049080016,0.001478088453639469,0.0015319144598288682,0.002221861205109763,0.0011511222741758481,0.0014663902339619452,0.001741763257886102,0.0017611296592911299,0.002935481229028317,0.0026378127634247997,0.0038054080529881127,0.0032409531248200393,0.0037292503262755915,0.004277356708520496,0.0011133038140069015,0.001775058347281131,0.010946346295643422,0.008382901863248075,0.01090811515599829,0.009861808986841934,0.012989860340460306,0.00309053074096798,0.002998146477711106,0.00336212275579476,0.003305443350849307,0.0038605865453208853,0.002342751261660371,0.002531096983609358,0.001995846729862961,0.0018589368120783306,0.003003618453354475,0.0015050867027807519,0.001240019759504637,0.0014340251497157784,0.002006382407687483,0.0021384379566489753,-0.0005055364421212454,0.0028415867302322615,0.0003857265178368857,-0.00013117383987013058,-0.00018542135387966015,0.007678386583651165,0.005032798566672585,0.006289261161036604,0.007066463391990447,0.16999748009297028,0.8615000000090298,0.8615,1.0
18,0.02911888958579654,0.008392380073662388,0.004374472919113105,0.0011385297630943964,0.0002268064290051406,0.0009593980795259263,0.002105634111861451,0.0007774848445220414,0.007646225887202828,0.002030560555151914,0.007645950067064306,0.006735555352617895,0.004672023771399605,0.006211787176321798,0.0070352900776002696,0.005972950628105008,0.00531078358633686,0.00501572168689779,0.004416946256448227,0.0051083570440578875,0.0054863202927497925,0.004981535852911261,0.005594973819159142,0.005070250384110966,0.005302346198981937,0.005808918297207831,0.007125722182027588,0.004578905375545726,0.0021284055915828685,0.0016253861605641236,0.0021796470748313484,0.0021146269521571423,0.002282060959669885,0.002075763800167206,0.002156223772273465,0.002260100594482577,0.002122591167711076,0.002188294400565129,0.0029030711356545077,0.00206015385665029,0.0027211403547180817,0.0031196731433959864,0.0033468109264773913,0.00698518872182517,0.006425317636278266,0.006210485512506659,0.0057221926218819245,0.005453013685759489,0.0051519939075566215,0.005031583545532887,0.005549123211594543,0.006021077635996314,0.006256733171748876,0.00557695172749862,0.005346195875109542,0.006771080439571907,0.006156668574043818,0.00580051481621122,0.00015306659114854175,0.0003096899311364184,0.0001849882009647203,0.0002741111507916925,0.0009387835190486933,0.000546851811375188,0.00037384079156717125,0.0011568013203032456,0.0014909108155280518,0.00047030793919717695,0.0017795129310132821,0.0019411294259133343,0.0017825695390909701,0.003730737925048099,0.003750021406153308,0.0012172060948170346,0.001288899601257044,0.000989265779619545,0.0008200930128408862,0.001289446527238544,0.0007275956709005835,0.001564682507740019,0.002402468337553971,0.0023898057588098596,0.0019357026710905621,0.007406696261270634,0.007018420095391413,0.006037142028357315,0.013694963235490347,0.013622239748890052,0.0008697730963473319,0.0009698146213049325,0.0007879733854619542,0.0019108693501831157,0.0013251279256983849,0.001258937995618685,0.0020788528601697063,0.0030579107024924705,0.002463389802594177,0.0021057008452366427,0.0038415611149775573,0.0038788392406155065,0.0019516059574980734,0.008157641110247721,0.008313557469066412,0.003202771049534016,0.0034611645028946206,0.003306614443712543,0.003301848365489542,0.004726855479892498,0.004456645737370678,0.003700656525073491,0.0063742406232797175,0.006916452321484187,0.004849035402337286,0.010269276012568824,0.008678076840773754,0.007692635120367246,0.018054138569637227,0.017832861112874077,0.011480585002140439,0.0011852357260354143,0.0028350933369041416,0.0043436763606914865,0.0010777957759953304,0.0017498993861749773,0.001259833837342014,0.0016301307994049752,0.0020676983384912075,0.003256340602252344,0.002557315605351826,0.002299512261377805,0.0032959934242926398,0.0029413338919100415,0.003510063963798911,0.0037915200506116967,0.0030388800333634456,0.0034290315676725326,0.004223375172832879,0.0024537647597767023,0.003363595628413974,0.010720905700391288,0.013839198326091592,0.017618800928164164,0.021544648561963118,0.03285205470648019,0.0032608321505187,0.0034996892850747653,0.003644711730124883,0.0035912518609881993,0.0042519276660968565,0.0008522265359719077,0.000987288469040412,0.0011181482892794461,0.00153030310164727,0.0016173243974530022,0.0029240866672494955,0.0025524841937102907,0.0024660585216686372,0.0027771644524590563,0.0022407627594990135,1.3124665014329811e-05,0.0006023310107121789,0.0011822581137053254,0.0014544809151446445,0.004045468605417556,0.002946153745102788,0.003400977025814839,0.005067424273058468,0.004440186614372791,0.16999748009297028,0.9064999983768669,0.9065,1.0
19,0.0025327403096480107,0.009203006194331944,0.02075144562744275,0.00040007458758746967,6.339738053165273e-05,0.0011139917425302273,0.0030537790466429035,0.0004383557667125395,0.0018755246913459988,0.0013217581463940292,0.003088181515713926,0.0038694839893924408,0.0026821826348166853,0.0032720302308642817,0.002768326231875333,0.002873822297736962,0.0038333355493144513,0.0042459668915057775,0.0042701993005762355,0.00484776936809455,0.004906873082544137,0.0048329594245306,0.005171845283602956,0.004930018883975531,0.004363167754129756,0.006683612388640814,0.005230986248019709,0.005735162084623466,0.0016667078984737896,0.0014714307148879422,0.0013584331364766375,0.001677173366644131,0.0021951667386243515,0.00215338787279193,0.002393048933377571,0.002255048507455033,0.0022202685088910847,0.0021185308195848496,0.002318395797775436,0.00275196890241819,0.003044557005410134,0.004033639995042717,0.00393815003784251,0.001999747509733283,0.0019167599809035592,0.002301122895043629,0.002861604249680511,0.0031242415080547916,0.002696776965422548,0.0033365321670785343,0.003640697323355952,0.004094570433593671,0.004329170513041518,0.00400567893936036,0.0034955920221617183,0.005158179263787083,0.005088596683407771,0.0053949955655094185,0.0002870132243593764,0.00017608018006607827,0.0001999611783687445,0.0001416660225232676,0.0008105224894013511,0.0007303581154951083,0.0003052683359498882,0.0009612917150172443,0.0009498158693108533,0.00037657107471461175,0.0009416367136736575,0.0009302418276078651,0.0010233197007655577,0.0017531635271202126,0.0017254711239724793,0.0008877707774207454,0.0008408652377689249,0.0008059480046766997,0.0012856308314050213,0.00363981103956059,0.0033275490544099253,0.0023845659853131813,0.004238847596005859,0.0046030863103867555,0.001900761511545236,0.007825919414262417,0.007561940155031779,0.004324246240033531,0.02009457707925801,0.01895269532791983,0.0008958340997579176,0.0007766581022505724,0.0007662893810042984,0.0010659929141374075,0.0027581074972240923,0.002775230523277083,0.0014212727611477652,0.003705753898407416,0.0035347118513935323,0.0012900142940620832,0.004251097255235182,0.005309431027924214,0.004004727029920558,0.01418585123179051,0.014343937172301511,0.003983303149307016,0.004637718163931627,0.004390855207885675,0.006377319034578828,0.009220678681723516,0.007813700080687153,0.007886808188223796,0.01036121728389953,0.011067494520311957,0.010071659452459025,0.015329992189654182,0.0150743203235062,0.017149540065406255,0.031838348608740824,0.03264169781975968,0.006114730809739489,0.0030166465708298894,0.00345460926201178,0.0025257039671022076,0.003358212497264888,0.004999653721435741,0.00409968707801864,0.0048105442615274515,0.007118314001015916,0.0032038465967493693,0.004245129250199556,0.004646544878368649,0.005237204440886497,0.006077862905226028,0.002279926108730123,0.0024928667503569956,0.0030974271436341903,0.0036144838835415996,0.004609562419972865,0.0004805435631484576,0.0003596665113861543,0.006360010238956619,0.008818854404753742,0.010635530999512402,0.0127842770637643,0.017214666412424813,0.0022744955295091944,0.002925085036938767,0.003414493662183777,0.003512834001932097,0.004262012459190598,0.003990939413133524,0.0035198351985908692,0.004384736549255439,0.004048888120016344,0.00729263454402756,0.0035453367497659816,0.004438016724610083,0.004971357997454932,0.005802503371027789,0.006292124359856092,9.469496517966899e-05,0.005749905842082487,0.006898766688302918,0.008896006758817607,0.01522196743911842,0.0034825397096614696,0.0076372730099208185,0.005253130197376756,0.005620106246254159,0.16999748009297028,0.979499998789946,0.9795,1.0
20,-0.00017054618805678444,-0.0011309500337378325,-0.0028964900315815024,-4.044292867609849e-05,0.0013578106225170443,-0.0002535010407146139,-0.0010666529730951181,-8.671557000987488e-05,-0.0013228745991867529,-0.00026015631287934466,-0.0015349846499194736,-0.0012277362469431136,-0.001449377995496806,-0.0009604857537314235,-0.0009880740211895404,-0.0016543412533956442,-0.0005126395275981996,-0.000856165062275616,-0.0009726010048561595,-0.0009494216693889648,-0.001091493445022409,-0.0008256535336061351,-0.000537021074197882,-0.0009825583964938763,-0.000618687961802657,-0.0009066438963697612,-0.00015572839346681213,-0.0001741632008482705,-0.00044753440798898654,-0.0006826664069873306,-0.00024159361972523428,0.00013206716655217337,-0.0002251362462067693,-0.00017090594398410847,-0.00022095085826698445,-0.00037971304845774064,-0.0007212430178906166,-0.0008890399595529076,-0.0003981577173710976,-0.0011129254439950949,-0.000860631944065118,-0.0002927243889244438,-0.0005324965982413471,-0.001521976664110498,-0.0011125960160032027,-0.0014891503115802914,-0.0009899449669006082,-0.0006710005392179104,-0.0013607582345074483,-0.001317996964231204,-0.000991686246076811,-0.0003902722558042313,-0.0010027851760179287,-0.0007774275168186641,-0.0006377644194770282,-0.0005930408121403967,-0.0007725362072372629,-0.00032760487968055,0.0008893193026646492,0.0009189238325103958,0.0011853365817959894,0.0009495796471672961,-0.0011163761915701583,-0.0003319410401685235,0.00020433993205696928,-0.0013055486936114143,-0.0010300632512931344,-0.0004969648974418516,-0.0012158708233349085,-0.0011756465407300417,-0.0007103504553409097,-0.003248875830156891,-0.0037858443571578766,0.00047059801701150567,0.0005965839888945157,1.4722659652480548e-05,0.002789529034700942,-0.00016693315350825642,-0.0004046481514187321,0.0016867111296124837,-0.0017422091500456363,-0.001349824048188716,0.0006781113522743114,-0.00395265899536447,-0.0031461249238535147,0.005103765053171942,-0.0038358062472835415,-0.00452263347319078,2.8367730851684176e-05,-7.174590209842174e-05,0.00023340244737804684,-2.7287649000101878e-05,1.7630838424152004e-05,0.0008612945375136342,3.6860138671780496e-05,-0.0004364831921974705,0.0002731930783241191,-0.00021736757009689476,-0.0007250720930271302,-0.000679367247560495,-0.0013751976691920727,-0.000923492373308774,-0.0010862630742414269,-0.0007230811654495891,-0.0017608269921870218,-0.0012864612994610252,-0.00029867971819027075,-0.0028304014224954546,-0.00244021851540655,-0.00043695067924040526,-0.003491586746458725,-0.004839709366694368,-0.0011081870309124608,-0.006373091058994206,-0.0053514314666067335,-0.0012041970282417104,-0.007487613960552357,-0.00880145497953489,-0.00020600360978033174,-0.0005311193918473522,0.0005987879695721701,-0.0020483384330534345,-0.0006673843962003882,-0.00042254592396774804,-0.0005767852836541908,-0.0003774478297106549,-0.0005508364321358538,0.0006426503144653668,0.0005012894816233235,0.0006526195586229012,0.0007259851250428001,0.00043145689617458776,-0.0015021611241399664,-0.0012261146327461326,-0.0006366249998229899,-0.0006563030557257735,9.663984880955322e-05,-0.00011850592720845442,-0.0009242855625720827,-0.000799999625700849,-0.0006575170515321078,-0.001187671600203656,-0.0004701760447885799,0.0021928416749171504,-0.002074808257398283,-0.0004766510200001145,-0.0010876705248412792,-0.0006736566145894305,5.575806452633053e-05,-0.0009108839583797481,-0.0002865218558204591,-0.0006430411065492779,-0.00045025519869720874,-0.0005417696227602171,0.0007683986468737515,0.0006455020091603974,0.0007101259529072969,0.0004900140037028866,0.0005445912177762021,0.0006243288082390234,-0.0002767622946948021,-0.0006687640641092174,0.0010531974585940435,0.0016022816905695081,-0.0009467439815625686,-0.005349299533290938,-0.00202528665123862,-0.002015818367738965,0.16999748009297028,0.03650148592902164,0.0365,0.0
21,-0.0013233784866774837,-0.000286387400170462,-0.00024165837344359808,-6.192842040484361e-05,-0.00032700659770381544,-0.00034882912986186984,-0.0008338542766260334,-4.910143660331651e-05,-0.0007913070723842192,0.00025153287517771107,-0.0007057780023816871,-0.000796107858800003,-0.0002017680860438217,-0.0007053974721169572,-0.00036420184646791733,-0.0006484385658914517,0.0002802068567814688,0.00011889560102266021,-0.00010812141900529669,0.0005588583305895833,-0.0004117309708755755,-0.00024754680333019497,9.714015755040307e-05,-0.00022196189919719965,-0.0003586859476365199,8.146449621751981e-05,-8.520501367949139e-05,-0.0001234743642546154,-1.112288611458302e-05,0.00033205708583414174,0.0003064000049047164,-0.0008529240108835413,-0.0004655439878523218,-0.00028274603044369363,0.00017673620010944216,-0.0002458664508244889,-0.00040594681965576293,-7.79328255874608e-05,-0.0005403763777049437,-0.0006218813968021184,-0.0008744196466661204,-0.0011137371691197565,-0.0008549728676403459,-0.000844784241046526,-0.0006571141426649981,-0.0009949009179919975,-0.0006033198366106496,-0.0007484188106566925,-0.0006866866151568387,-0.00047654475596098844,-0.00043665220193251346,-0.0008536783191199658,-0.0004786480286481015,-0.0009728048396364422,-0.0005581223480782497,-0.0004239040946424297,-0.0008411527823228056,-0.0005849349577185807,-0.00045264371074124046,-0.00026015401847015766,-0.00028875060199655053,0.00030936331287615716,-4.639797206525067e-05,0.00011657961066142016,-0.00011266750892279149,-0.0006665627859212913,-0.000507637157745367,2.0075084908409558e-05,-0.0008963148878892756,-0.0009465305588154298,-0.0007709616381398781,-0.0016700695696478091,-0.002079550473338867,-0.00011081673848989314,-0.00025340531667464577,-0.0004818639734486896,0.0013266094669476143,-0.001620755166338391,-0.0012250646057995443,0.0007642510930452418,-0.003384084846267156,-0.0027380897130490803,0.0010915836607220874,-0.005384420335929712,-0.005619436513166361,-0.0032390910357003636,-0.011884788897974898,-0.011742295832308795,0.00040240173705301154,0.0001500675410220876,5.866162877815824e-05,0.0007316061836990118,0.00026230388562127247,0.00030892453073685586,0.0007522611021679784,-0.0008359096610255314,-0.0005474695967987738,0.001429233360763434,-0.0013228789806845574,-0.0015156497714755195,-0.000822563965482376,-0.005722066065857182,-0.005285024638031846,-0.00044835492458088184,-0.000724045429012121,-0.000854173820797672,-0.0002805385401965064,-0.0028909119475627946,-0.0026465945346358004,-0.0005547000965638038,-0.004101682014041762,-0.004893011869831526,-0.0016120715965109193,-0.006921129148124614,-0.006345532160679384,-0.0018742778614587092,-0.012196729968731652,-0.01267173216656536,0.0014923082090729364,0.0013865087740735276,8.945227052166778e-05,0.0006145212190185189,0.0006243303543081666,0.0008213458741693168,0.0008440884057355952,0.0009186533996821389,0.00015642263724607595,-8.184397237675666e-05,-7.672462996477694e-05,2.1754310951572714e-05,-0.00013291952902246037,-0.0003166734333332683,0.0007901236817796816,0.00040329930790752725,0.0004767704844721972,0.0005224199875822013,0.0005333209277117726,-4.408990651706447e-05,0.00018691521439362436,-0.0005497399846228074,-0.0020886711370365903,-0.002869563792358748,-0.0030149719158335093,-0.0059915932879267735,0.00067180378897386,0.0003630759948463352,0.000502410756915717,0.0005598464953806016,0.00046530873099452614,0.0008397810121389884,0.0003236063236098058,0.0005425418317382328,0.0007232485931807622,4.382323821724757e-05,-0.00035173942411310043,2.6189151863623205e-05,-0.00011722338070808456,1.5198007214401076e-05,-7.490722756942073e-05,-0.0002661649359552167,-0.0009467903519231501,-0.0014141532785394023,-0.00035059033087614047,0.0004219106140344289,-0.00017326550548521876,-0.0008303216413060677,-0.00125857233308018,-0.0006531419985614913,0.16999748009297028,0.016501602078255517,0.0165,0.0
22,-0.0010038039237076366,0.00024249318922426268,3.1408256246633296e-05,0.0013736646534962458,0.0006840111377764362,0.0003408175807805252,0.00040808884944438357,0.001180508944133396,0.0003406966946406575,-0.0001611090557174759,0.0006213090232549877,0.0004943290055310584,-0.0012008093653655936,0.0003889674259571873,0.0005124670527065424,0.0005951607989391419,0.0006798728457962088,0.0006279249725598781,0.00031032636106714145,0.0007254479959256478,0.0006000345703428679,0.00022445388438788527,0.0005654859843056879,0.0005485228795686477,0.0006128011917546632,0.0006914452036293747,0.000781519291861234,0.00045832082482361725,-5.273569031835537e-05,-0.00136402323039694,-2.3562644777181942e-05,-3.982758781161643e-05,-0.001409405122963468,-0.0006300924301912978,-0.00010691467721107193,-0.0020073844330214057,-0.002098870893745678,-0.00027726776085423307,-0.0018433120308630198,-0.0031504252021673693,-0.0007854910838051727,-0.0025263922662346213,-0.006123725900958291,0.00025655124072077,4.533537322564793e-05,-1.3610159429349419e-05,0.0005396922792538963,0.00035927106938126217,9.295961585184613e-05,0.00023881015314310976,0.00010825416429738376,0.00011808635182218634,0.0005566766407595521,0.00014186623941750748,0.0002755023850448242,0.0004236471846191436,0.00014918636183127468,0.0003420887740774825,0.00045827701640822747,0.000577865103778617,0.0006766409019082635,0.0015956837756392424,0.0005446941642823694,0.0006303869076256657,0.0012022219215862067,-1.601342975911604e-06,0.00017915178713679965,0.001965541850980828,-0.0005224898238837526,-0.00014007593333454735,0.000891435704604058,-0.0008569335465742522,-0.0006718206666095202,0.0009791102038882386,0.00086577504033371,0.0005225582037998726,0.0024472415225481195,-0.0016297755085020696,-0.0015454574239767082,0.0008173743227386901,-0.004333512394737998,-0.002845616549498222,0.0007966465111212225,-0.0069859315294559235,-0.007305869328678857,-0.004490401194587062,-0.01582544573537979,-0.014767284647319185,0.0014784085167390626,0.0013947854262731621,0.0011860565368994628,0.003549452401179698,0.0015884529108256477,0.0017006714523229135,0.0028483120320616797,0.0005529115615768792,0.0008004050566051286,0.0029780081359163557,-0.00014236866093735308,-0.0003956898090989533,0.0013382870399763613,-0.0043531762959924,-0.003901990230779876,-0.000804686415742051,-0.0007258075651057205,-0.0010025327164032234,-0.0002901947366476062,-0.005076473791343939,-0.0033588032002259704,-0.001670559185003339,-0.005273958938724606,-0.0065787705082748435,-0.004796417746141818,-0.009073306020032349,-0.008058753495323725,-0.009289054852767894,-0.015243013595851267,-0.01602932294463451,-0.002709217601171778,-5.9426202841224655e-05,-7.033292635404962e-05,-0.00011816714373628378,-0.0001309298348556371,4.87764075853299e-05,-0.00030681824611184617,-0.00023549523375294992,-0.0003723571092310876,0.00020969341861059676,0.00011343219270285628,0.00012075369443442419,0.00032376091785044704,0.000307749206896446,-0.00027799386311169234,5.423624325014559e-05,0.00019814611761960146,0.00018394219478910562,0.0004661403066838655,-0.00038800384030887667,-0.0012074197740945044,-0.0018683480282046274,-0.0033789660969675886,-0.006157143189867771,-0.007380725809025216,-0.014571788230961566,-9.408846916948035e-05,-7.633150487075501e-05,-9.879488785480941e-05,0.00012926390381969572,0.00033290046656262237,0.00016579247292993285,7.487643727908135e-05,-4.9991854983134044e-05,-9.627521950490157e-05,-0.000362628021140585,7.40565795311161e-06,0.0001823227297978341,0.00013309667070745914,0.0001598154520863551,0.000290470198028253,-0.0004483255560071675,-0.00044172366209374554,-0.0005008424017553927,-0.000512630114551192,-0.000250093365095219,0.00018708800378249707,0.0004086077303022227,3.6816656457903866e-05,8.345435752041071e-05,0.16999748009297028,0.0014996660092691794,0.0015,0.0
23,-0.0021634368441102417,-0.008191944129204954,-0.00503196770561898,0.0005072159893951885,-3.0141236213021936e-05,0.00023493797524098904,0.00117849789795478,0.0003150199516090344,-0.0006777182325407718,-0.001762245645940579,-7.403439566559766e-05,0.0001137871680824153,0.002232488329565327,0.00022113065934632365,-0.0003491917676020775,-0.00030125274244725386,-0.0007253498549878389,-0.00017607885939036224,-0.0003914329736884169,-0.0002082698170890486,-0.0008588351000837571,-0.0010498134842482697,-0.0013883683830854291,-0.0008900384945699517,-0.0009403298092059188,-0.0023532503798447115,-0.0016023020422023298,-0.001320612791075202,-0.0014904687645457557,-0.0008606335286492471,-0.0013024812236582457,-0.001937623900696017,-0.001954781714031862,-0.0015513324270650197,-0.002353792866836408,-0.0021142828065028856,-0.0025501526770993497,-0.002591422930486999,-0.00289440021459587,-0.0027468468217391882,-0.003181236082522495,-0.002868468560296338,-0.003060712027928063,-0.0008966169743859955,-0.0005365189414175556,-0.0007998115663906456,-0.0011914825745418913,-0.0012202999979435646,-0.001203874256863813,-0.001104177540680463,-0.0018925675278024026,-0.0016497617761985957,-0.0018171347949713982,-0.0016154421073066318,-0.00222680804046335,-0.001702337833031663,-0.0015839768552939869,-0.001859347413496455,0.0011144505680622614,0.0010278916553780033,0.0005165374772307942,0.00044976245982734795,0.00025670803542989846,0.0006977474737693056,0.0005773270074367738,7.758935558738163e-05,2.506887044468712e-05,0.00022736080193827568,8.101054383701311e-05,0.0003358772552233664,-0.00047152963572445457,-0.0007014531080753908,-0.0016523682069771984,0.0009536017213418701,0.0009212874921398464,0.000791007913753534,0.00033004147944286995,0.0017073572651088434,0.0016538474200209993,0.0005636337014675102,0.002123206084398316,0.0016711635479835514,0.0006762082168175353,0.0025801975681411424,0.002081662842252905,0.0024483851647677073,0.007129119703130586,0.007369324280413915,0.0008145579887772271,0.0008788872028435141,0.0009922988459788627,0.00044834669319495567,0.0008169234225921789,0.0006588265187591786,8.053363412160152e-05,0.00037922515878194345,0.0002944817956947592,0.00020775326194516613,0.000725497228264977,0.00017682070635368198,0.0013869405084626066,0.0022931608522952815,0.002798074881933832,0.0009477491175138667,0.0010766901609889415,0.0008248712067932842,0.0006336123707547465,0.0015069286542395443,0.0015025378892314612,0.0015787471843504665,0.001471854667810081,0.0007877247520701818,0.000638378223786245,0.0024137262340703865,0.002041202127048371,0.0019343865682676835,0.007071315772857681,0.006701540216909046,0.0007925591719722426,-0.001676412635474983,-0.00220931221411771,8.260429395826848e-05,-0.0013686436772913158,-0.0016497503152557295,-0.0020376603569970154,-0.0018362713871471269,-0.0023691917723234197,-0.0019494889402564108,-0.002571940309971421,-0.002543675690251468,-0.003568466990044484,-0.003083541627013052,-0.00015894911872165845,-0.00063561473308894,-0.002019766194530495,-0.0013353149164703805,-0.0021869936307859664,0.001307236503799621,0.0011103722549846335,0.0013661183885099353,-0.003103891086635792,0.000493487478928686,-0.0009975578819737486,9.451020650610772e-05,-0.0001816475686082741,-0.0011234862389141584,-0.0009471360200549128,-0.0016931387869720085,-0.002382701222519876,-0.001659015986540917,-0.001296761975063763,-0.0017716979792213353,-0.0018793397300543194,-0.0025558850003989707,-0.0019850035282465185,-0.0029564007899852227,-0.002614172106221815,-0.0031835390344157207,-0.0036630974414139325,0.0009647956943893922,-0.0014999220986321499,-0.0019004192200499164,-0.0021554563503746673,-0.004543105912476788,-0.004639262619366986,-0.0012557652212424253,-0.0013008431041077937,-0.0009222226030170973,0.16999748009297028,0.08999998740596664,0.09,0.0
24,-0.0008170169931607052,0.0003693580521399058,-0.0013975424103359825,-0.00012447504425670483,-0.0003025590024324797,-0.00033568920322370405,-0.0007625725242196754,-0.0007252959401435267,-0.00045481834841802854,-0.0006120204386253855,9.765940736445308e-06,0.00018923791803289068,-0.0010343340405986345,-0.0004825637890377647,-0.00011616883174952718,-0.00021328575066157786,8.141150889303612e-05,-9.10117267880978e-05,3.883025628079096e-05,0.00011735947475074685,9.437384579998762e-06,-4.280133600671939e-05,0.00028138932856765507,-0.0001461007743541269,0.00012303491352524696,0.00036793898684279856,0.0003974280929636715,-5.747618092493674e-05,-0.00016191429450698784,-0.0009269647807571885,-0.0002964059045140093,-0.0005892295916533511,-0.0007175176588527067,-0.00021685540071564373,-0.0005690674287795327,-0.00040394349205656886,-0.000489661560556652,-0.00038875786466226664,-0.00032036253659069856,-0.0006889246185376138,-0.00028352089076202224,-0.00034749073007918753,-0.0005339068965698983,-0.00017601685612841662,-0.0005726173007799333,-0.00039947180152772303,-3.601212507962913e-05,-0.000683656982489008,-0.00043403597322729724,-0.00036661754029604056,-0.0005145187772798151,-0.0005356711131345942,-0.00019260968163264724,-0.00022709769223532028,-0.00026248608469838126,6.892221628112776e-05,-0.0004720280775220884,-2.3975361667591468e-05,-0.00048714113855226506,-0.0002626782101839672,-0.00024621928454547756,-0.00023505203859687602,-0.0002539910400853847,-0.0003844121131991259,-0.0003827537864506864,-0.0008045772173978519,-0.0009258097050060943,-0.000328532910505938,-0.0013191673674854952,-0.0015272341728145681,-0.0009940938115104326,-0.0030943793046970076,-0.002828583785608087,-0.00044626158431460185,-0.0005349370207741186,-0.0007516545162978103,0.0004875778778323203,-0.0013899000313092366,-0.0011203571457567634,-0.0005824696748454003,-0.0040201049374430815,-0.0035251969933531202,-0.00019932935433512845,-0.005069638518741972,-0.005179307935534973,-0.005317950468715223,-0.015007145484749289,-0.014892211644106448,9.292526485342551e-05,7.664013204750935e-06,-4.459812877305853e-05,0.000264736606044417,-1.8826102330391972e-05,0.00020574585760167895,-4.852211637527887e-06,-0.0011540159239113398,-0.000663505005405915,-0.0003251922963589927,-0.0009711760379474125,-0.0012832326244267838,-0.0009801883980638496,-0.0018086006425953852,-0.002249054921750415,-0.0007038515915631489,-0.0009433267991046757,-0.0013359694693179974,-0.0005755406511677179,-0.0027434195795641037,-0.0020657274884615688,-0.0004752218708843677,-0.0030507548718396687,-0.00356402995572281,-0.0014159546413325932,-0.004468989858137017,-0.0035176020080282897,-0.0038769229022545945,-0.015111556485540028,-0.015947995834024977,-0.00033533746941822776,-0.0004085584493813793,0.0003226071547590678,0.0007261777564126867,-0.0003709465309525608,-0.00022669060890943385,-0.00039106846617946016,-0.0006265143366958729,-0.00044788880465301123,0.00038531279994112545,0.0002161869015208764,0.00014925999545065417,0.00027604329062578707,0.00031379389489016765,0.0010488169097692397,0.0007683584483517341,0.0010651407728071373,0.0011495697366179457,0.001568876015686516,-0.00019998818670453116,-0.0020960314935326075,0.0003549598860310014,0.001559041478437702,0.004120308917435455,0.0054683888156923256,-0.013883073769500511,0.0011971563434535954,0.0009665772371277396,0.0008918779847009133,0.0010936509653277637,0.0014910186931636463,-0.00037357815573090767,-0.0002789712401061678,-0.000361951536757276,-0.00042922683351718675,-0.00019496210513464667,0.00023495763188278546,0.000298158566545254,0.0001806438283190049,0.00010050972960509067,4.1390059183711095e-05,-0.00022552838104081323,-0.0007078780122995084,-0.0006028585801053337,-0.000596119388922914,-0.0015446423066184415,-0.0006281877183592359,0.0010351332556344578,-0.00010171977042695839,-0.00015703060635212642,0.16999748009297028,0.013987139254883985,0.0175,0.0
25,9.874797832086623e-05,-0.003998230797789953,-0.0023401616459657374,0.00022895609461317867,-0.00043352637267594647,0.000993724203642063,0.0008327837594797844,0.00020702831450826017,-6.146948622066504e-05,-0.000720120961341904,-0.0004962292316048794,-0.0009562500065936914,0.0018096048038617131,-0.0009011388549200181,-0.00033306990263771915,-0.0007077699140632885,-0.0009568938367870883,-0.001621698586098551,-0.0011784114570911185,-0.0013179629293588622,-0.0007423181885766127,-0.0007449528761334287,-0.0014515318006178505,-0.0013288119254308806,-0.0012839572677775877,-0.0015136418404502244,-0.0012661894371356055,-0.0017013580244429336,-0.0009220743589164617,-7.133220217615002e-05,-0.00038840527055289186,-0.0009191518781817779,-0.0008300232060988511,-0.0008232093134924438,-0.000974657090723035,-0.0007062668496571944,-0.0009794142145918279,-0.0011651659891199733,-0.0007734862150640284,-0.0008261400310721874,-0.0004322019004652369,-0.0006599156656163798,-0.0011099573373027504,-0.0004424779776048584,-0.0008708059492114956,-0.0003642538671762627,-0.0012715514780340836,-0.0014353139749187433,-0.0007338117550658354,-0.0018593429304145533,-0.0012627789659978759,-0.0007452251005337402,-0.0011351537525831619,-0.0008609490098838493,-0.001201579901874298,-0.0013235296373554672,-0.0012779907048285277,-0.0014646624373916106,-0.0004462492010811589,-0.00035101919154183447,-0.00041018832826029885,-0.0004554746658117278,-0.0004488138050873454,-1.682881427898706e-05,-0.0005976378006643193,-0.000501968482775978,-0.00028715406999030833,-0.00011958694541065105,-6.0834089532032884e-05,-0.0009011458394719212,-0.00021162163046530683,0.00048800040449493325,0.0007056193784590356,-0.00011146951457178451,-0.000130805109470386,0.00016049513466145132,0.00041248041725933885,0.0005541773046869247,0.0012786421273103413,0.0007242295062303446,0.0013322911782791577,0.0015021634203623922,7.341292483149702e-05,0.002980337189686191,0.003611760272957839,0.0022618506413794484,0.006500289034856611,0.0070807257424735865,9.993914237019583e-05,0.0001177030907379582,-0.0003860095331431675,0.00026309759011816116,0.0005040752384125385,0.0003889241716702851,0.0004788500792738697,0.0009378134185382668,0.0010519381813019126,0.00022542176127284574,0.0011288818401988226,-0.00012843959991557484,0.0004535309265449908,0.0010925214920192174,0.002419801688111627,0.0015357074943087386,0.001202065597557607,0.0008047777688993996,0.0007329223703376801,0.001156878765431583,0.000991091790328146,0.0005665086191170478,-0.001050094359218077,-0.0011129857193321682,0.0014669040443940813,-0.0007525404136986357,-0.0006638941601442336,0.004242734002182965,0.005243024086695819,0.004958877948563703,0.0030233875344374828,-0.0005739581725330243,-0.0001524841404243619,0.0011435587567490356,-0.0004525024501997984,-0.001418419894953604,-0.0004041811127841917,-0.0012029790234511705,-0.0006378220104881167,0.00022207500848472057,-0.000326473722484087,-0.0007135778002647946,0.0003806269710977096,-0.0008122943122856407,0.001660626936290393,0.0008921302084511849,0.0014602249991572372,0.0008607884855112299,0.0011144496459662885,-0.00018387799404411564,0.00033328921780819066,0.002906681810166462,0.0034773452480982864,0.00417208187570365,0.005390121005097879,0.014966897327383733,0.0010641149716726754,0.0006304122506529458,0.0010316389642426008,0.0008982519818863486,0.0012101077457062864,-0.0002130105571468734,-0.0007896921326169874,-0.0006637239367881703,-0.0007484294251852519,-0.0004748660754806663,0.00043203909585675537,-0.0003409635387792807,-0.00024614577218201974,-0.00040611501335718084,-0.0003021163908907524,-0.0013883037952520003,0.0015590454551815934,0.0014115646737394873,0.0003226413619312364,-0.005456305233459401,-0.003286429552987895,-0.0020070135987978713,-0.0017105896790766042,-0.0025194255660810965,0.16999748009297028,0.19599990607950513,0.196,0.0
26,-0.0009615445438121759,0.0008095338774766,-0.0019883123976343047,-0.00016455642190956878,0.00010355222106422799,-0.00043688418049472503,-0.0006199391836873053,-7.675252043856742e-05,-0.0005335964604378162,-0.0006718783811882776,-1.4869525778748523e-05,-0.00020622164804145725,-0.00046780186827841824,-0.00014795160978903262,0.0001878413205566567,-0.0001817318817839831,-0.00019641019064121077,0.00010367980032910526,-0.0002052495593888812,0.0003826869957519543,0.0001647598734248722,-9.915334809859498e-05,0.00014109757506576575,-0.00015364964674478813,-4.578656637790254e-06,0.00036082864537115674,0.0004135997743829218,0.0002003993080029235,-0.0005273318958452687,-0.0006819900595589548,-0.0005085095652600327,-0.00036411793143360685,-0.000538215694370235,-0.0006993630005214345,-0.0004628934248086906,-0.0008708030970702425,-0.00022960313362544566,-0.0005997701744869673,-0.0009978456417584069,-0.0008548784329357464,-0.0008209211268843335,-0.0012338139139886097,-0.0009898537246192088,-0.0002698976194822937,-0.0002855788491695974,-0.0007009260336517735,-0.0004716427916983495,-0.00034831833316248303,-0.0005680802428201484,-0.00045458665881708204,-0.00046162611382120314,2.363065287805067e-05,-0.0002403292335230307,-0.00042711144093264146,-0.0005228728234341137,-0.00022296202566102853,0.00022568211122952125,0.00013479646590387517,0.0003007411018128248,0.00045938976599922503,0.0004119810685639376,0.00010174761044532081,-9.941527889068908e-05,-0.00012375351313976773,4.703818688201788e-05,0.00021770964569685708,0.00013175878596079782,6.84804525332247e-06,1.2077787786658764e-05,7.024992941403628e-05,-0.00029835964761200986,0.0017518867493057201,0.001550655215596015,-0.00014341149782824063,-0.0004172508839957154,-0.00053307032308727,-4.6544613885603525e-05,-0.0010622162342616623,-0.0008184645095969695,-0.00034429444195669166,-0.002725397011157581,-0.001892980938066577,-6.145023418691704e-05,-0.0034832346869014858,-0.0029044335460374905,-0.0007920103316600959,-0.008009715136052238,-0.008453579915482087,-0.0001272516254248611,-0.00018516191933447862,-0.0003698957245074514,-0.0001280868943765615,-0.00029571286780993476,-0.000311533386088634,-0.00028381452093965146,-0.0006499061496639118,-0.000558771789446817,-0.00011416877489220227,-0.0007008010436478051,-0.0007561999675240912,0.0006726109824792399,-0.004954812794065182,-0.005243283897896137,-0.0007784627016297175,-0.0008953933921234045,-0.0008753176522787251,-0.00028644272725032775,-0.0024361142741845727,-0.0014086617734871572,-0.0004935879712517882,-0.002723772166608523,-0.003423910953030209,-0.0018372275429282526,-0.004787656144831372,-0.004254937472441342,-0.0032150025633158608,-0.009182529581587605,-0.009540257295316596,-0.002555204448686757,-0.0007975813834758083,0.0002697349849975277,0.0003679981942538899,-0.000913990167347556,-0.0006544218466089122,-0.0008610738529445128,-0.0010389514336326803,-0.0010202656435826358,7.016721088177033e-05,7.6021607181445934e-06,2.6048416516846738e-05,0.0002034498325178839,0.00026159947835351034,-7.977822112266484e-05,-6.742892167876375e-05,-0.00018541225910369873,0.00010720942499122385,0.0008985990634268681,-0.00038036245434168816,-0.0017314595723718993,-0.0018354009338898628,-0.0034640372904892634,-0.004171573140356153,-0.006420624722053829,-0.01491437085008507,0.00012966724370121468,-0.0002965221001548479,-0.00011492072087375005,-0.00011343546705158579,0.0008036106871207868,-0.0006426154761607017,-0.0005887922234786081,-0.000845176884932728,-0.000964017955305979,-0.0010516005898293184,8.196860527256719e-05,-0.00011446683838596891,2.2866798664383076e-05,0.00011242139523619414,0.00041580843765561475,-0.000549867604491024,-0.0006538613049290911,-0.0005719712862808738,-0.001015002428977031,-0.0010293438879148064,-0.001191282052220954,-0.0007555288455326567,-0.00012859207439399952,-9.524168920526693e-05,0.16999748009297028,0.015435655632212525,0.0155,0.0
27,0.0029773364456602744,0.0010034593378787963,-0.0012260497950074031,-0.00014933351102495128,0.0005074672794825447,-0.0004619977433211935,-0.0009281279178259302,-0.00023330394242240896,-0.0004206399752868769,-0.0008553327498511104,-0.00013948286634136035,-0.0003487101558183058,0.0022703538836844686,-0.00010876252209448645,0.00012073445059024766,-0.0004022295534961682,-0.0008130464983990166,-0.00047573730452089624,-0.0006537000267922199,-0.0007974496910728112,-4.638492534266684e-05,-0.0005726010392029538,-0.0006036607273676711,-0.0003618015440699349,-0.0006118629095419602,0.00023402852133057087,-1.3726702383115542e-05,0.0003500294502824739,-0.0003301453165491416,-0.0010015012156737598,-0.0006068785245069135,-0.0006958283771937658,-0.0006276733413864077,-0.0006711468747818072,-0.0006543200667220975,-0.0008496509356887541,-0.0005553793815068595,-0.00040083078933239623,-0.0003709783465137916,-0.0003448496606567405,-0.0008227243960189355,-0.0002980957652524786,-0.0008284880433649653,-0.0001604498609135967,-0.00011803556724159872,-0.000372739182925124,-0.0004201726787943098,-0.0004227807363574129,-0.0003163966047891974,-2.9596404405077262e-05,-0.0003080260233712567,-0.0004310094514890911,-3.8450642921677715e-05,-0.0004922290351908897,-0.0001771860673654323,-0.0001477648787189437,-0.00043512674187787476,8.035854016066113e-05,0.00010943987119067057,-0.0003020082618754773,-5.758715873379497e-05,-0.0003518098607467375,0.0010025308325683597,0.0006472920081624095,-0.00032225859016138815,0.0007101844467440773,0.0012048787981204755,-0.0005844968966938122,0.00020139202300654562,0.0005603042306267475,-0.001659712305681269,-0.0019577311658929277,-0.0020236909318218947,-0.00033999767290844075,-0.00014594208461213214,-0.000311895444520358,-0.0005006978536642703,-0.0015133292405488936,-0.0009846587357743727,0.00011622739511535447,-0.00245925347490619,-0.002187207132943544,-0.00042751495643933657,-0.004486869848297513,-0.003609259660620529,-0.0021455614709204518,-0.004553843089528291,-0.005624493699850371,-3.499176489835366e-06,-0.0007813945246208457,-8.698120161837618e-05,-0.0006062503626365729,0.0010808342663145944,0.0017215010711168267,-0.0006704152246657103,0.0013985534090052547,0.00010350284172949233,-0.0012331689235764226,-0.00010123157225455011,-0.00016487739858101453,0.00047479972776299373,0.001236921399911361,0.0019885809530750297,0.0022778427338180627,0.0018347846963837797,0.00219757858066294,-0.00016803421376532438,-0.0027312091483171043,-0.002144026799093606,0.0005389779875373834,-0.0033789433613284022,-0.004451463282128136,-0.0014345659335316305,-0.0080646378342303,-0.00590744715873042,-0.00168244068847845,-0.015061602911379758,-0.0164811233535898,-3.1767157154666355e-06,-0.0010001528775963023,2.443590878596594e-05,0.0015081933600676438,-0.0006779975293677873,-0.0008533775953414276,-0.0008826711113106238,-0.0005822219523503709,-0.0004321972655761025,0.00011870163715677858,-0.0003872775622496579,-3.529437023420354e-05,-0.00010132512844925883,-9.178418514181692e-05,0.0013978175811358254,0.000720013854441388,0.0008867488674013583,0.0014944740585447617,0.0008797439283208399,-0.0006827301010896297,-0.000983621937077754,-7.963016809066764e-05,-0.0031120392035534606,-0.004448742457586832,-0.006856583156237976,-0.015483873777604181,0.0013816332537196997,0.001573777012396166,0.0011389644413985639,0.0016320471114827115,0.0006638628110149019,-0.0005554385070337754,-0.0005616405686210548,-0.0006080726223284621,-0.00025893642678363656,-0.000496553626807388,0.00010578810512526317,-0.00019985824448451092,-0.00036873541274516896,7.049976164581612e-05,9.574421501184775e-05,0.003442781206837459,0.005232854605217748,0.004254741978881726,0.004226380251336625,0.003572587618614435,-0.0015597045179893217,-0.002626507816765418,-0.0005876017046232688,-0.0009939118906701766,0.16999748009297028,0.061001978791152475,0.061,0.0
28,0.002235243717493347,-0.0012262440442245017,-0.0003821207037417085,0.0002819189948100445,0.0008930666271046459,4.144902220431324e-06,-0.0005553478907196751,-2.7917510365737916e-05,0.0009136729870654275,0.0002882260363888708,0.00035202449345657084,-0.00035867458641121116,-0.0014595554823226434,-0.00046481862832019116,-0.00041786817206281273,-0.0006543974428132486,-0.0013105882474532553,-0.0014735926984687472,-0.0009373256628431212,-0.0015919506631306966,-0.003404997602741827,-0.0015571834205910951,-0.0013211879315153878,-0.001983957079926781,-0.0031009755548815706,-0.00292673478790793,-0.002604979779507663,-0.0028354915243393665,0.00048375767164811925,0.0006461176323438705,0.00019463835211736206,0.0002584101290748819,0.000659887802489777,0.00025762957897225257,0.0017486803099585973,0.0004968383884381733,9.143041211011333e-05,0.0006380807345305487,-4.841206443479409e-05,0.00010326776604865772,-0.0009165353008408068,0.0017900089083378464,0.002091841732995983,0.0006910072210121103,0.0008894873277515794,0.0007382093370676225,0.00025153724201276977,0.00011593338439776702,3.0393999741441147e-05,-0.0005836325684028055,-0.0006712050172845954,-0.0002677122182806274,-0.0011694017091626423,-0.00011773440994521697,1.3650900622296624e-05,-0.0017569423893655754,-0.0005650870577262305,-0.000699364194782927,0.0011777846219181173,0.0011563384314134998,0.0013591495477965172,0.0020570034227097036,0.0011368489614962422,0.0012158222622993189,0.0022964958726386653,0.0011529042645924564,0.0007016363538787959,0.002717283187145846,0.0008151593423277649,0.0006891449270749069,0.0011026881638026642,0.00040991273297677906,0.0005896180296039469,-0.00014493709667854642,2.3943481096976182e-05,-0.0002974603854323991,0.0013079890869236157,-0.0013730401362731146,-0.0014584108452236383,0.0003161916014575143,-0.0038216452209873584,-0.00300037451366782,-0.000642003913758966,-0.006396795852609202,-0.006687961449702802,-0.005980066688039014,-0.012048955075676953,-0.012504226477233236,0.0002631410727411552,0.0006654269779368983,0.000311280580271783,-0.00010772610739708254,-0.00016417300703667388,-0.00036449732574694394,-0.00044189987434400626,-0.001450338442885932,-0.0009105691686379983,0.00035790686006531846,-0.0013568721338914481,-0.0009893649884529002,9.975017168380976e-05,-0.004555331766038852,-0.003731461838468663,-0.0009118228035690232,-0.0011611007541698533,-0.0014440143622044654,-0.000436079220107191,-0.004465830681960708,-0.0029475946888054268,-0.0011632256876610392,-0.004617636252542876,-0.0058015030588133,-0.00296582533461163,-0.008389530061567521,-0.007004282023617527,-0.009253640207483288,-0.012863743863957014,-0.012972902623241592,-0.0020977713843751485,5.2486794366441846e-05,0.0009801397251809655,0.0008360214807294123,-0.00020058384801529885,-0.00023290266225788953,0.00044825385590580654,0.0001173335343104806,0.0007694350120215087,0.0006051870217552601,0.00035641306769275974,-0.00016681208070052354,-0.0002712202182526907,0.0004805069825065226,0.0007003767637757211,-0.0002371431307879304,-0.00029179859594832857,-0.00031689360251286545,3.202417322288436e-05,-0.0007840580060950132,-0.0010911556931684785,-0.0012343452092470216,-0.0020974291388821506,-0.0038912772154236453,-0.005290600492650894,-0.011563402290559114,0.000563985800975722,0.0002742706252677244,-0.00031368252668107524,0.00012072493668730016,-0.0002438793433824972,-0.00021828553993684835,0.00011902372073326971,5.025923048040345e-06,6.233353385966531e-05,0.0006866829360581083,0.0003449581098482337,3.5193195370701625e-05,0.00011487787426476002,0.00038707785517083296,-0.0001373684855736574,-0.0004025668505262215,-0.0005771276884288186,-0.0006652377096597479,-0.0008433729450201312,-0.0015250875475745589,0.0010403271902531723,-7.531705850004463e-06,0.0007710472206641744,0.0009382075964498962,0.16999748009297028,0.0030016073786311437,0.003,0.0
29,-0.0003742406095649049,-0.00027929848567154414,-0.0008532619157111717,0.00042116031336647845,4.7364541786433224e-05,0.000922038293553371,-0.0003010399050144323,0.00036144040947101843,0.0003608449924771394,-0.0015331830248692397,0.0001553131991994904,0.00014779501056493672,-0.001221951629299859,0.0002778109491269796,0.00027817585058235306,0.0003472423594297891,0.00046959649498715973,0.00017869201952876924,0.00017225645595474016,0.0004756033555959192,0.00043423715093565153,0.00026596993647643596,0.0005242366132224021,0.00039933648249246723,0.0004862360222721794,0.0007043565230340344,0.0007135851937242118,0.0006222519973675558,-0.00039524229137782966,-0.00200994417309392,-0.00015141495566852925,2.7973673373677057e-05,-0.001710681258954333,-0.0017184988456303478,-0.0018881731033492067,-0.0032831294217327707,-0.0035370940567658834,-0.0007594999501514274,-0.0034371521227474066,-0.0041227137576624944,-0.0021939934919917355,-0.0022949347996912236,-0.00731352851074479,0.0002606330197739159,0.00032112418610734985,0.0004708325602263639,0.00032664689779444257,0.0001740606383721712,6.942703638714488e-05,0.00010806232011657098,0.00021530616313827415,0.0001049822645670744,5.616513943743494e-05,0.00025739172391300093,0.00014651287550085414,0.0003274980880439322,9.644078261082634e-05,0.0003180699123557956,0.00010015336476170497,0.000159359791093497,0.00015689644125217413,0.0004574148621072383,0.0001611679808714883,0.0003739268793398077,0.000516639665754673,-0.00019792588819400286,-0.00016786952906666557,0.000365291051950385,-0.0008587965168444229,-0.0004650425892891868,-0.0004212525244861684,-0.001434839644286856,-0.0014546831344342556,0.00041276864416636737,0.00029961399610395703,4.475850943847858e-06,0.0018555889557633947,-0.001382226694511634,-0.0012359693864383886,0.0014660209002895852,-0.003233430170286093,-0.0026565310471981024,0.001087700382141736,-0.006256486141888074,-0.006343478819362069,-0.0038190468130400042,-0.012675100754406438,-0.012691906740604653,0.00042726324408278794,0.00024075087730842935,-3.1820352145909446e-06,0.0010005520792021035,0.0006229099407450777,0.00022289734645905565,0.0009023872286385231,-0.00046563847961862605,-0.00031627870991902604,0.00123526853440145,-0.0007598869862875292,-0.0009902689978222268,0.0016369874703733944,-0.004072400217214079,-0.004067818049714968,-0.0011721969474220147,-0.001100668659034281,-0.0012713783523233986,-0.0002969685748220068,-0.0046691840097826355,-0.0033584996031352883,-0.0009762864785716883,-0.004855763635279463,-0.006085045873948737,-0.003454693015412007,-0.0086391091603964,-0.007749448575585221,-0.0076340003278243,-0.01475624955260147,-0.014257524205573977,-0.0024460539620382274,-0.00028667309756116963,0.00038761142086978856,0.0010709301263761954,0.0017270492832229941,0.0008952182417991115,0.0007214780986110386,0.0005380787442656112,0.00033014047257602826,0.00027538068134019285,0.0005178896548303385,0.0005891668995240148,0.0006678188725186531,0.000433832903409452,0.0008521887213235033,0.0008302302260463512,0.0009500737349914776,0.0009694956681819283,0.001043636656664827,-0.0008375321587972445,-0.0009116509288738533,-0.0017142739184911081,-0.002308260057870625,-0.004903724528023826,-0.0058366529888060365,-0.01289092247261443,0.0008303251571338243,0.001081620575887716,0.0010608211888031758,0.0010868057209172087,0.0007531719856031351,0.0009828929512809585,0.0008197310550297238,0.0005499260889331911,0.0004079510491836726,0.0003552357241864269,0.0003649031093889369,0.0004627092687492041,0.0005948998803451952,0.0005528508787214375,0.0003627310563767026,-0.0002698790028229982,-0.0004408148145731202,-0.0004774174776935281,-0.0005878516906323561,-0.0012386130667293516,0.0013775365266405076,0.001815049018619118,0.0015511754333462455,0.001212811629608204,0.16999748009297028,0.003997182415833578,0.004,0.0
30,-0.0005105274679240375,-0.0013489711073390385,-2.058557957955491e-05,0.0014565780787954223,0.0003097859381371624,0.0010480123683498253,-0.0001653156935298242,0.0017111603815043533,-0.0008056146266218822,5.423675868188424e-05,-0.0008806596701126981,-0.0005825024607258631,-0.001781385864891327,-0.0011761391678116113,-0.0008342218645655254,-0.0003505410846659274,-0.0001652143486932518,-0.0005544559697729604,-0.0004453305405654782,-0.00030768624573351285,-0.00011098560261239577,-7.874407704707278e-06,1.654187857406282e-05,5.8411996514245843e-05,0.00022013801083002775,0.00017232788851975664,9.154496744667441e-05,-4.63916323897085e-05,-0.0003693697112666627,-0.0004045355611651819,-4.1555476822665734e-05,-0.0007052942466792549,-0.0001732342638752531,-0.0003017282466448043,0.00012435993942068945,-0.00043710293506813943,-0.00045335914001125695,-0.0006333579314060316,-0.00043971637641787787,-0.0005306444878109604,-0.0004265320155648335,-0.0002550479825014613,9.8904204325737e-06,-0.001230947261386373,-0.0009382964564069054,-0.0009554346754633114,-0.0004011367740035728,-0.0004873516051820557,-0.0004936640606113095,-0.00024835039112718825,-0.0006681303123567683,-0.000263504329144159,-0.00020854723596223687,-0.0002606485189917771,-0.00023726538429780513,1.4781695191009283e-05,0.000128952780409453,-0.0001266409150514234,-0.0004633017330149052,-0.0004008402626552001,-0.0003416224678396095,-0.0005837478964386161,-0.0004910331778438582,-0.00011085969460126452,-0.00044891463169554496,-0.0009404044594324562,-0.0011511226943835507,-0.0002976647347888192,-0.0008335768440327465,-0.0008022264906491973,-0.00023682748476904123,-0.0008499489572316651,-0.0008618639220062639,0.0018331448277460853,0.001814268037925997,0.00117773887132832,0.00016562145826687398,-0.0010105317414640985,-0.0010215292985547278,0.0012801903814496996,-0.0027482284093633476,-0.00197018851709748,-0.0005906027288956905,-0.005233813083620896,-0.004710453722273531,-0.0015846568507814564,-0.009798668181071135,-0.008989640034731227,0.0014319738348970148,0.0014916417663463648,0.001287279458536036,0.000783561298444512,0.0006217320168502989,0.0007025381166389673,0.0008039234103496922,-0.0004419562721044072,-0.00027400318959575184,0.0005330502081637736,-0.0008104895048787687,-0.0010305760802196428,0.0008249996659250625,-0.006951101061844844,-0.0064568984458737615,-0.0004912817238551647,-0.0008387483472737056,-0.0011146993094679114,8.957349934357082e-05,-0.003937132222822973,-0.0025765766830312662,0.0006290413229876762,-0.0034437486760826364,-0.004457918618744921,0.0004748523099026167,-0.00686123123750848,-0.006093217674411329,-0.001613587518170791,-0.011672469168589565,-0.01211034675650003,-0.004556722995958181,-0.0006591296200282285,0.0002618255804062663,-0.0008138247173439438,-0.0005543253763107827,-0.0003870272482858538,-0.0007087481866843951,-0.0007491442620519533,-0.000554379679209747,0.00012380195126535847,0.00014790747090896543,0.00041288665607316666,0.0007810753982456625,0.0007707170374463649,-0.0010732086238806646,-0.0008644273324949123,-0.0006355526891819299,-0.001100779278464553,-0.00040763125534568724,-0.002095559463424251,-0.0023194870945563296,-0.0026899890980168883,-0.001817229418954075,-0.0027628694117610465,-0.0023125363806213036,-3.2786818190038712e-06,-0.0011621976388782056,-0.001663992158484062,-0.0012721036151994063,-0.0011185042774514463,-0.0009296563196341101,-0.0005315078217326404,-0.0004595878102551406,-0.0006221016204652763,-0.0005261226133490446,-0.0007132226850755717,5.198692847385796e-05,0.0004083637629613156,0.00029688970999517246,0.0005474667855154097,0.00042663687332193613,-0.0006029178808880585,-5.6038344533196e-05,-0.0001487010048838054,-0.0007282271254229264,-0.00042613144941482117,-0.0006470744325559331,-0.0010098355712097272,-0.0010281488304340093,-0.0014427090524813675,0.16999748009297028,0.0140002106280801,0.014,0.0
31,-0.00048378227570321285,-0.0012016508951750993,-0.00181604970929203,0.000532195604519787,0.0007153289442332372,1.2421497007711001e-05,-9.585890969067318e-05,0.0009066482553259502,-0.00019679607227508786,-0.0007530645983905264,-0.0004874039186128612,-0.0007403917258472495,-0.0014764079076467988,-0.00040212627422158494,-0.0003794836864977319,-0.0003422971305088468,0.00014823982341950173,-2.9321112589697828e-05,-0.00012119795800061789,0.00025840126612199364,-5.121665611827127e-05,0.00021169869261158898,0.0005875219524435087,3.895686488524122e-05,-8.72852232596992e-05,0.0002406827425991124,-0.00011060381412712755,-0.00036010798290319967,-0.0009764906321437994,-0.0013771175771501102,-0.0007694691494944624,-4.6113767065726465e-05,-0.0013007014613367158,-0.0005460880670988555,-0.0007454349685351618,-0.00048251635859701227,-0.00017800828210597677,-0.0004196726094578079,-0.00031672718966390946,-0.0012623490527761707,-0.000613120550318755,0.0006102594799023776,0.00095451983315797,-0.0002166550142130187,-0.00038281020272658446,-0.0003775435339025344,4.957312297846621e-05,-0.0001721972595910528,0.0001219010096465505,0.00024810629061898986,0.00019444479440051908,0.00011595046149942826,0.00015245446645815409,0.00032964756432415985,0.00014333711529465867,0.00039595762803507333,1.5143583298733313e-05,0.00016772050313880568,0.0006165817183372376,0.0004140189960292041,0.0006433997871167665,-0.00048437595405878347,-0.000747378776093756,-7.905408595002293e-05,-3.2232232820415445e-05,-0.000821436140887241,-0.000447964239564505,-0.0004932231063260412,-0.0006867438716175785,-0.0005236084901050806,-0.00047135133914489674,-0.0001560652726466017,-0.0007815120002630145,0.0012899359409486823,0.0005779417653641419,0.00041216178197928447,0.0019881547989313874,-0.0010155004718455753,-0.0011262809190966568,0.0012130390844009972,-0.0038888874216276743,-0.0025207263171994542,0.0010713779191072192,-0.005973068707424867,-0.005689205432559947,-0.0034312627602960887,-0.013526386070742748,-0.013303483893177656,0.0003849306252128628,0.0002873955526148718,8.673126412217524e-05,0.002572418882520649,0.0012412147298801685,0.001138341096102761,0.0020664521418521362,-8.848749519126258e-05,0.0002909919443287328,0.0021002024910733823,-0.0008492794372798998,-0.0006380456961005125,0.0014213456100551363,-0.005244287399597987,-0.005193936265955678,-0.00110491027192486,-0.00117098787221709,-0.0013435225587682795,-0.0002534921483685216,-0.004689905172264809,-0.003104917376443452,-0.001137910833503938,-0.004762216787820361,-0.0059552784884604045,-0.0025759321541132165,-0.008246965748092652,-0.007187479020520631,-0.006153236456844166,-0.013109962407735848,-0.014003030455087351,-0.002943208003670293,-0.0006018773383317004,2.771371755341484e-05,0.0005939686833936589,-0.0004238284864863881,-0.00024267739158408965,-0.0001324439876302126,-0.00039649905815746005,-0.00032416264299451664,5.6448996444363686e-05,-1.085865463015269e-05,2.642819725084968e-05,8.040104576669143e-05,0.00011176609481020645,0.00035715126923752165,0.0003571656164629702,0.00025185036888810444,0.0001424341634861564,0.0003484346540041357,-0.0012886469712532198,-0.0022738488535965157,-0.002321997356945912,-0.0029534195933676533,-0.005196375587417313,-0.0062062816675920816,-0.01171422039465036,0.0005372485621347727,0.00035377916846523105,0.0005739583795646701,0.0003471477078861829,0.000557158801528271,-0.0001388371084940854,-0.0002181679144513617,-0.0001595680110861162,-4.821641089510995e-05,-9.745322908329948e-05,0.0002280155428539775,0.00012375942446892605,4.6310053923943756e-05,-0.00019431050990900296,-9.549199703936859e-05,-0.0004176550830229554,0.0014968208807840833,0.0008725296128436471,0.003434022222316866,-0.00033805275352819913,-0.00020523298544946697,-0.0002775833979373715,-0.00043581468230817114,-0.00040762021888244383,0.16999748009297028,0.005493797515765952,0.0055,0.0
32,-0.00041710973388847525,0.006598051916901307,-0.0007020395818140532,0.0009950190253223549,-0.00013203604552261374,-0.00036622826114552997,-0.0006414990122895288,9.77780987110264e-05,0.0007467042482197568,-0.0007788595386505512,0.0005854796831354043,0.0005499502582286594,-0.0009355396855018314,0.0009544794327034293,0.0005611666221472941,0.0002859990421610058,0.0005918528804854978,0.0008315483897561182,0.0006826982979098147,0.0005268003842058472,0.00038078096397328444,0.00036826289292107384,0.0003287088616791218,4.626748062324094e-05,0.00031464667742646217,0.0001824973369023424,0.00033825327483921904,0.00033270243403458495,-0.0003068466522577666,-0.0013799393958123982,-0.0007938695247431173,-0.00036321735098253805,-0.0008092805179488561,-0.0004912262850986644,-0.0003973144284051763,-0.000600168594837583,-0.00033663462754899583,-0.0005590093529194965,-0.000774644374021716,-0.0004887411532041942,-0.0005479684052256139,0.00014782171790149654,0.00010557326739729842,0.00029796868062628224,0.00018439545597072663,0.0004686165299521335,0.000215975299788054,0.00024948743903365297,0.0002842657712974799,1.7923858201605247e-05,0.0001465930366522038,0.0003220700921534318,-2.5892420687198407e-05,0.0002171209201627635,3.574696798570141e-05,0.0001679428265561325,0.00023021896315569306,-2.9134741497284863e-06,0.0003248017246266344,5.276096654499244e-05,0.000394841943303767,-9.684447427043095e-05,0.0013830100537384226,0.001560686493396385,0.0001616462575106146,0.0004743877268300589,-0.0005697234333673812,0.0003660827869942623,-0.0003470238414536684,-0.00011988676912708564,-5.446121540884755e-05,-0.00075893106454778,-0.0008765611626482645,0.00020414244982306534,0.0005628415635800262,0.0005184972524160066,0.0005099558794697382,-0.0012615643946357366,-0.0013577991815085823,-2.995791597349065e-05,-0.003334833336224075,-0.0024145746602946636,0.0008611907040325253,-0.005577840659553079,-0.005616255375229546,-0.0036643135167954855,-0.013702647212068283,-0.013430003852318495,0.001319225970994642,0.0016632102053597653,0.0014994371835898128,0.003044106832607174,0.0014704127435592128,0.0021239535922391584,0.0031867947455845157,0.0005034101080704745,0.0009836505188523504,0.0031138434498350913,0.0004831910686318128,-3.235052153040092e-05,0.0021481409647089115,-0.004089218288820269,-0.003749131979966318,-0.0005220737805757377,-0.0005007810115828223,-0.0009845151810211634,-0.00029386479852553337,-0.004269147960978007,-0.002768573507203612,-0.0011697758902366262,-0.004173538527383804,-0.005323111256193951,-0.0023418681558313873,-0.007696951760824712,-0.006757579088163662,-0.00714082315283366,-0.012519766508485148,-0.013480044791413173,-0.00326101760023186,-0.001188435217603043,-0.00028049892157310836,-0.0007947768812845537,-0.0012090782709434714,-0.0008882228578404607,-0.0007562986662097078,-0.0008313409967383199,-0.00026541863662895546,-0.00030835078625431457,-0.0002021430089026137,0.0001587106744413774,0.00026354885434655656,0.0005513474330763617,-0.0002888842096588303,-0.0001745487204622163,5.677305257295171e-05,0.0002097771983319258,0.0006558531959961614,-0.001028232748195741,0.00030889712592975,-0.00227194161213982,-0.003353945884957575,-0.005253504241704679,-0.007790687768907038,-0.01515684176391788,-0.0008206123066792175,-7.820685845882593e-05,0.00020556851251102577,0.0006029114105890339,0.0005902824859508548,-0.0005602615235056244,-0.0005521259073542106,-0.0008292068872600054,-0.0003298105474191562,-0.00031412399201469676,-0.00030890057687551256,-0.0002051649542016911,-6.542571632291661e-05,7.676436755005181e-05,0.0002112858812160717,-0.000619968225550568,0.00048053284992732273,4.776241588085835e-05,-0.000852840692923729,0.004966037976492976,-0.0008596167963195792,-0.0002971149478005905,-0.00040581753990587467,-0.0004101219570367211,0.16999748009297028,0.03199832087577084,0.032,0.0
33,-0.000718564751648134,-0.0010986624050829076,0.0015673601022088792,5.270426420646354e-05,-6.535512106157102e-05,-9.518820146383777e-05,0.00037128650192418984,-0.0003711547842313343,-0.00019359016575015768,-0.00037006351826889873,0.0005098709900969409,0.00041301701309170345,-0.000803842547948381,0.0002582099065318019,0.00046418368883555637,0.00025524497369071064,0.00019321001770521097,0.0004440239133792522,0.0001708955342086274,0.00043207347038979444,0.0004381662597634418,0.00047857553925880495,0.0006864261753662618,0.0003531826593349589,0.0005189095468523854,0.0007585375702537627,0.0005604364184586254,0.0006375380203661846,0.0003307192444943967,-0.000415331289933104,0.0006827574859039361,-2.505857521018676e-06,-0.0012759015994238117,-0.0011615964997213,-0.000426206766959645,-0.0030719208643690643,-0.0026837804891477277,-0.0016442859470118722,-0.0028558640371654995,-0.0017269387637398428,-0.0008283872616880525,-0.0022370992033390455,-0.004026062232695478,-0.0002587454963834747,-0.0002841494286950131,-0.0003090711074664919,1.002835011559112e-08,-0.00022203790676627645,-0.00010431961618836941,0.00010881885892754152,0.00011335175873068877,-0.000266616606904435,8.383319259832392e-05,-0.00014644783056517226,-0.00012116884419712958,0.00013142315182923883,6.516715603430271e-05,0.00014915886632896306,-0.00015392947964286996,-0.0001515950482566411,6.109685813975198e-05,-0.0001480392300076505,-1.9597002126073974e-05,6.49383476613927e-05,-0.0001715137769334748,-0.0001953132031530264,-6.307838114139005e-05,-3.882268380412767e-05,-0.0005463366125924035,-0.0004223646223073538,-0.0005300284311793074,-0.0012055310487752763,-0.0013262554563430165,-0.0003719925984620022,-0.00023729275062092992,8.387831800876349e-05,0.0001245408698649481,-0.0016852185027967845,-0.0014790174455846447,-0.0009670667025956028,-0.003383700814732664,-0.0025923720315758894,-0.0007559169849317528,-0.0061174994460121875,-0.006402779715340708,-0.0034396566892334387,-0.013020554755753937,-0.012801707536871437,9.587881563597692e-05,0.00013765730222020016,-4.530213029826358e-05,-0.0001631787629758158,0.0006692142413701261,0.00048192116343057545,0.0009517630120249853,0.0008482293892322027,0.0007375879903353172,0.0030749529692708846,0.0006753860177862576,0.0005049427732383601,0.003908531920962033,-0.0021228569141706097,-0.0018118650730322703,-9.527704054511031e-05,-0.0002177363846248275,-0.0008953559193368609,-0.0005529339119891012,-0.003160986074242392,-0.002141014861619828,-0.0009203096083574204,-0.0034397665777881076,-0.00451209521227711,-0.0022883312131647296,-0.007344289402913853,-0.006418618958955553,-0.007432405340907283,-0.01373361005243133,-0.013956897920984545,0.00010876349388964522,0.0003940530852862263,-0.0006998934134331232,4.558769544455817e-05,0.0010235242046063415,0.0009325739408513396,0.0003171412192526677,0.00013692539930962774,-4.3344607564730565e-05,-0.00033194096708236603,-0.00021564379115911845,-0.00016756617217432134,-0.0005574091908348335,-0.0009248994585096688,-0.0005110733033321239,-9.327160498431175e-05,-3.880997104603182e-05,-0.0001079095271400745,-0.0007110858554979617,-0.000439846351864785,-0.001395363148375599,0.0009120672989595943,-0.0009224185145926591,-0.0020916559980637905,-0.0035199583288998896,-0.011331494687429253,-0.0007595454425773873,-0.000546566108566764,-0.00043433026085324094,-0.000506029746804962,-0.0008738117849331802,0.000660329253028648,0.0011076644363993914,0.00030786577519267415,0.00015424176328082893,0.00014991585382086175,1.4283097216837623e-05,-0.0003259755384360901,-0.00016861505883130758,-0.0003463622633266229,-0.000535392090332333,0.0005442628973697758,0.0018435090313158663,0.0012314539475838345,0.001160145783024825,-0.0005270636445859151,0.0007524388917912421,0.0015920396815350024,-0.00041047417154569467,-0.00023205267705359828,0.16999748009297028,0.02000120400387459,0.02,0.0
34,-0.0008872741284338196,-0.0007075304007425271,-0.003397032863324298,-0.00043625231296076433,-0.0004950626923359065,0.00021322307872255507,-0.00014482497399298248,5.403938676473751e-05,-0.0011651915779025922,4.6995415432598654e-05,-0.0007028586915865947,-0.00047601470232689567,0.00016612946712959336,-0.0008249004200416135,-0.0003499409709100606,-0.0004829580855273584,-0.0004972832612845151,-0.0002263734877745641,-0.00041767056957923374,-0.0003248275227482748,-0.0004290464879751671,-0.0003731991654247853,-0.00027282119195434903,-0.0005089121474567808,-0.000540382639249687,-0.00036206373612401936,-0.0002888763448341356,-0.000681613169149647,-4.730088488236199e-05,0.00032563103370181407,0.0004338165505470259,-6.202462887569742e-05,8.64750904278586e-05,-0.0003896891403292075,0.00033619423735668124,-0.0001747289782453194,-0.00035380183573307275,-0.0005152633721280019,-0.00036707920433079943,-9.666723459552499e-05,-0.0002908827912384758,0.0005629771026812869,8.10150331957235e-05,-0.0009715794277900776,-0.001045304988095829,-0.0008974160480666202,-0.0008120633148043487,-0.0008055193732838171,-0.0005517034878917972,-0.000992141176725832,-0.0007716730597742109,-0.0007523646505340393,-0.0006894863626877399,-0.0009815295619005318,-0.0005920589827645705,-0.0004996968115996009,-0.0005742196981207199,-0.0005870230420246051,-0.0004988690557090277,-0.0004044465557424535,-0.0006191858629403161,-0.0009023627149736775,-0.0001542779100306279,-0.00047857596809900083,-0.0009668378082849736,-0.0007354496563159091,-0.0004916694276411697,-0.0008252105115828469,6.204148576305117e-06,-0.0005362129600284069,-0.0009100237308696708,-0.001815915397292669,-0.0019536423710499193,-9.06095008564652e-05,-1.5082005857297707e-05,-0.0002030297310713714,0.0007336059155507816,-0.0003652746844500971,-0.00124851479073207,-7.862158453992478e-05,-0.001848324544901871,-0.0018573733673391576,0.00018898461932717616,-0.00425062086686225,-0.003844496022195968,-0.0009517638216252961,-0.007372048718632366,-0.00817797434039469,-0.00040221396882939784,-0.00013869652463608154,1.043144344769102e-05,-0.00013509815010544554,0.0009883378644731562,0.0010264115009421424,0.0005262485864185896,0.0017449249399395057,0.0018599798776188065,-0.0006047975809081084,0.0018375986121431204,0.00195369476482401,0.0003151597892685283,0.005517320599630771,0.004204739498332609,-0.0007506806868588625,-0.001166682393168318,-0.0009497002170339415,-0.0007350476297490384,-0.0018305352729280772,-0.0013346233651869248,-0.0005895284060042672,-0.0017408891625571765,-0.0034744857544766537,-0.0017975443758257142,-0.0043788123113888515,-0.0024839539710648137,-0.0038396154139256054,-0.0033367445408931623,-0.0044852404815106765,-0.0025257406244805036,-0.0003812520521858064,-0.000187879801727008,0.0002209145729851988,-3.082078889285323e-05,-0.0006670580379125097,-0.0005816778144997377,-0.0010002979874389347,-0.0012569779193939941,0.0004395067920617738,0.00017431594263496133,-0.0001313843608902762,-4.6782300795618706e-05,-0.00012057536239375441,5.6624366027025934e-05,0.0002764742270148934,-4.6081313536260826e-05,0.0005312841273054087,0.00044882012090961305,-0.0012555379124330568,-0.0010890960018702868,-0.003517055726385501,-0.004454596038808821,-0.004548961794972447,-0.006548959608314565,-0.01459002697413057,0.0005103628174568358,0.00013645296788962732,0.0003333582534301376,0.000254449886302918,8.084108565739767e-05,-0.00016522292867782182,-0.000228531297556885,-0.000389945608360088,-0.0009644647274558547,-0.001120997675472371,-0.0002251414245400945,3.5225582934590264e-06,1.1387048086851305e-05,8.646596908927785e-05,0.0003332249630072281,-0.0007761019851500805,-0.0004100757525466346,-0.0009321503352436259,-0.0017174092877473872,-0.0024984077585695082,-0.0023539079852337814,-0.002045322791741654,0.0002321118044125454,-0.00045144504626087065,0.16999748009297028,0.03550241540923532,0.0355,0.0
35,0.0002521216747607774,-0.0019685316586095427,-0.001553504154655971,0.0005052890311656537,0.0002701172303033374,-0.00030173251213515734,0.00015416718729963777,-0.000280271699623684,-0.0010642072825131834,-0.0007567005766355155,-0.001355731997498161,-0.0009830766094783467,0.00026960713888683616,-0.0009720876886416288,-0.0011461697854363068,-0.0009392425290951273,-0.0005726842510449441,-0.00032838605772662725,-0.0006670594928211779,-0.0007495389076328918,-0.000503123646477173,-0.0005259483555846102,-0.0003588912390395855,-0.0003769573078265981,-0.0002573742012465976,0.00017010643248438015,-5.5677660318891284e-05,3.543299528052493e-05,-0.000455993523817459,-0.0013525513199695745,0.00033022673191731097,-0.0005356398039362269,-0.0012372064185029634,-0.00075406363455384,-0.0003903689773257968,-0.0011912850256517978,-0.0006588139062009239,-0.0003352730365922649,-0.0008649322573712119,-0.0014993428493962871,-6.348555733817379e-05,-0.001504128914442276,-0.0020080417993705306,-0.001169328711152932,-0.0008705255582470284,-0.0013444031332254878,-0.0005554292163457768,-0.0006100163109276013,-0.0006388439756781491,-7.372229167781211e-05,-0.00037030517878954597,-0.0005934410690638353,-0.0002882150276556355,2.6943617805181768e-05,-0.00019486957094482424,-1.5793287657807153e-05,-0.00031322191138337066,-0.00010234460974544555,0.0006311614924828412,0.0008516047934238971,0.0007608492193368631,2.672876498424557e-05,-0.00036488657471837427,-0.0001715548247167929,0.00010918602733772057,-8.97243584961814e-06,2.8521113509483863e-05,1.5120270277238786e-06,-0.0002667150658973002,-0.0002464383372564467,-0.0003814872900946003,-0.000495369508394725,-0.000505253794712046,0.00010730253975218226,0.00020166640994699904,8.875626817715799e-05,0.0010131836440616978,-0.001077950097577754,-0.0011264085697976793,0.0007883250309943289,-0.0035761326276087485,-0.0021658934595899042,0.0011988907797233982,-0.0050882310939211655,-0.005156122671575054,-0.0018567742894411395,-0.012020899080018377,-0.011593723081333789,0.0004311355207189332,0.0005133554881280425,0.0005182285597629985,0.0003949711952922756,0.00018939669247023625,0.00027000351970315865,0.0014879706715747916,-0.00032241800257848906,6.032330756880945e-05,0.0009710314633688718,-0.000979873539252051,-0.001113516125992603,-0.0005257441184729355,-0.005563013033975968,-0.005352147176361567,-0.0002752034301804516,-0.000582355622075232,-0.0003478134935847528,-0.0004118656257874092,-0.0034636670970630144,-0.0025025508348034435,-0.0005424725090826345,-0.0032584238703707,-0.004725896017670248,-0.0013556754329771864,-0.006860514600646833,-0.006166213395691236,-0.004152891329941279,-0.011301572852641646,-0.011995123824111414,0.0013977068229057991,-0.0003913343441306223,0.0006033534754260549,-0.00011305865191521566,-0.00035925884907110763,-0.00021912801864612893,0.00018600252001209813,-0.0003584130219384277,-0.0007810025931225244,0.0004852081091683489,0.0005789270777386545,0.00046899961422667934,0.000362760221778392,0.0002998345215612007,0.00022954092502644848,-7.618829821855851e-05,0.00033541045551722167,0.00025525620030989317,0.00019264287880290792,0.0005538210245352057,-0.0009948817536263885,0.0004916605850366517,-0.0006968324055443268,-0.0025183582914930533,-0.0028652359700955705,-0.005073248000224086,-0.0004971893912666367,-0.0003367214369274155,-0.0003253245977446074,6.71956144631369e-05,0.000194313126221087,-0.00011176627398812514,-0.0002657360614339219,-0.00019736870833594663,-0.0005055874196046852,-0.00047425146838549263,0.000598705984143537,0.00030247309526171956,0.0005179273207010474,0.0002998228691695982,0.0001859769749104276,-0.0005843317005141381,-0.0005015875910308041,-0.00087782503414236,-0.000796544100715326,-0.00021416946880572227,-0.0002365837514545231,-0.0031754009972213134,-0.0008411129881977664,-0.0010939854589225562,0.16999748009297028,0.012170460205648437,0.012,0.0
36,-0.0017114774249542824,-0.0013992305869775417,-0.0008029086825614356,0.0021430343702134864,0.0001585002551013634,-0.00011212772925712277,-0.0008054054686329827,-9.94932351854959e-05,-0.0023693624056114453,-0.0002325335947926198,-0.001189917981209784,-0.0009559828300700432,0.00019913117141293933,-0.000328970325130753,-0.0008866883208278255,-0.0009165835637884193,-0.0004223595239383644,-0.00043910275377962544,-0.0004168117745404892,-0.0006230213976882741,-0.0006843447733136987,-0.0004164978737801299,-0.00044891290116709986,-0.0006918842073559303,-0.0005617833560651978,0.0002719319044785616,6.572039070198875e-05,-0.00020033842146486934,-0.0003858476162395638,-0.0005579001082490281,-0.0003262885922099021,-0.0004562139587480962,-0.000591047453288824,-0.0005786165165849437,-0.0004503882633945936,-0.000804964699608515,-0.0007668372054336486,-0.00022529209372630535,-0.0009288671820082022,-0.000523579826661214,-0.0007375174519668056,-0.0005054248889066356,-0.0004921298575340895,-0.0014220775124872591,-0.0013850159454842825,-0.0016918107627605801,-0.001407068921953553,-0.0014946981297402988,-0.0012144775023973512,-0.001071757837914228,-0.0013851463798825628,-0.001167917687835538,-0.001082145439487321,-0.001404767958849567,-0.0010405440143514356,-0.00023979002584356338,-0.0006108713243864437,-0.0004923043743019936,-0.0004113933832162789,-0.00045281847183936523,-0.0003907701097800653,-0.00048052984107274606,-0.0007322475400492031,-0.00036902446797328834,-0.0003020164424070285,-0.0004169009733482089,-0.00064838738096142,-0.00022389564706305447,0.0003858116584074761,-0.00010693043965838521,-0.00031243563859663934,-0.0004827869294936615,-0.0006278512265738485,1.7284389457365994e-05,-0.00019064054631865322,-0.00020690387157682277,0.0005176278720396155,-0.0011685752137307933,-0.0014918637450519706,-0.0003473891368631979,-0.0033299134505826505,-0.0027546069130947306,0.00043754695391255314,-0.005624426741075898,-0.00565393892058751,-0.0019281475375642623,-0.010271615411783733,-0.009970233406422448,0.00030000966965054845,0.00036985342648309516,0.0002960357829270056,0.0011406590426384223,0.0007166840257857506,0.0011432803563273942,0.00118194667031599,6.42500738625812e-06,1.21244403464093e-05,0.001577034201543749,-0.00043060875545015,-0.0007560329237076908,-0.00025596715504415895,-0.006295996445299829,-0.005547678396403324,-0.0005662740754412632,-0.0006204855608915962,-0.0006674396720854113,-0.000526435781000384,-0.003816291254298618,-0.002207992728243274,-0.0011875816438504153,-0.00388037358669431,-0.004681847603775998,-0.001916622777465758,-0.006632097781022457,-0.005592097239316943,-0.0026207202965823563,-0.00953108941588212,-0.010376723094988518,0.0011757929510963006,-0.0004559204519396895,-9.924736852570893e-06,0.0003129467927413818,-0.000563613039470892,-0.00043322509728904756,-0.0008535615243516218,-0.0008255104958524107,-0.0009487342102409841,-0.00019400937453388243,0.00035359527884638116,0.00041217774167455137,0.00048050001016949916,0.0008287233471407552,0.0006511229165184538,0.0008115525610152553,0.0004864275459634307,0.0008136612253275135,0.0011731479494395194,0.0039131557868841305,-0.00031928687956367076,-9.076420299231384e-05,-0.0011263342171140753,-0.0007852458052250407,-0.0002892551745405679,0.0019720134267456188,0.0007073399019053961,0.0006960099375321507,0.0005847644225233123,0.0008230916006807632,0.0006626214991623436,-0.000539895353491256,-0.0006433020496500493,-0.0006403313676415787,-0.0006705106342818801,-0.0009678013661425225,4.933877515582454e-05,6.876774217639368e-05,0.00036727285670319756,0.00036598873931921217,0.00039072737658771983,-0.00013543207361281978,-0.0007127159914988403,-0.0007198650638514096,-0.0009001986203064762,-0.0013125374923115291,-0.0005574126921465966,0.0006860801971340253,-0.00016314534928143433,-0.00020761396588830238,0.16999748009297028,0.025495146796011642,0.0255,0.0
37,-0.0007069346508781283,0.005040907678427733,0.00037176924121802904,-8.999286496053377e-05,0.0002690472372813161,-0.0004652086493791251,-0.00019988558486699776,0.0004835251772205248,-0.00025848502174867125,-0.0005782547793325361,0.0004475562553143093,0.00039582798112770915,-0.00086373634463058,1.715299242262844e-05,0.0002080986118837403,0.00016953783356593732,5.4042296322138656e-05,0.00020233420370210591,-0.0004471945359579203,0.00025525048929612824,-0.0003035423464803873,3.519026215466683e-05,-0.0003673160030446253,-9.105188897659686e-05,-4.322258117296001e-05,-0.0002648066984721489,-2.2193747563846796e-05,-9.358152648857252e-05,-0.0004334561673689546,-0.00019598324059110623,-0.00032065147379540046,-0.0003779952177233711,-0.0005298731437126344,-0.0005675150575436475,-0.0007026494417796523,-0.0007823533039024087,-0.0004151348683797125,-0.0007328554412732899,-0.0006306531726137645,-0.0007270690496973689,-0.0008647278168261728,-0.0004401794207244406,-0.0007893653742327862,0.00012173025190410053,-5.041550311722967e-05,-0.00037599561443754225,-0.0004616947573485818,-0.0006007875869168603,-0.0004134512588737449,-0.0004320624411225062,-0.0005715336909653429,-0.0009186588211215817,7.693510102740525e-05,-0.0005250613651428523,-0.000550163855778553,0.00011147045297687495,7.228178311147474e-06,-5.897052735607327e-05,4.2631940588494867e-05,2.8109537744765947e-05,-4.707596388124702e-06,-2.801232976169176e-05,-0.00047724445122416896,-0.0003660622484924064,-0.0005888008927199393,-0.0003673122969257286,-0.00023667273714239923,-0.00013027852681141575,-0.00023590323987257846,-0.00046083121008907914,0.0001289166639397871,0.0007006351238502167,0.0004431266330686559,-4.093161315202676e-05,0.00020861820994162516,0.00015599665013556365,5.663280942876071e-05,0.0010981714172274644,0.0014522071672747254,-7.639805774271005e-05,0.0002634619544205363,0.00012497244138876782,-0.0004154138413119919,-0.00346815519611379,-0.0028143883079597737,-0.0021980154374659,-0.005299148096152558,-0.005161251561313497,7.019349027429038e-06,-0.00023722063415759057,-0.00019734458273725812,-0.0007119493851961996,-0.0002873361215112628,-0.00044968759198859323,-0.0005586056121683395,-0.0014907536732462051,-0.0012116612805878166,-0.00032692188350807446,-0.0014733292202654797,-0.0020072574761149094,-0.0009920456778507315,-0.0041563744052834995,-0.004128757944040087,-0.0009993753254072953,-0.0007622769278344451,-0.0012527765514369796,-0.0003061819624932517,-0.0017911527547408736,-0.0008513378306760363,-0.000721866607852297,-0.0016664964572941866,-0.0025120230136589485,-0.0019381034716198977,-0.003951925412357317,-0.002446578465332424,-0.002741847669099201,-0.005382987552090692,-0.005535625320742232,-0.006193278783285958,-0.0011547212215342873,-0.00012726560111946944,-0.0007657641556881105,-0.0008442174239205707,-0.0012763129865357087,-0.0015119857570561198,-0.0016251818065117056,-0.0015988048466609485,6.997096130107131e-06,0.00010394317864436179,3.4479532852353746e-05,1.931940604567005e-05,0.00020887138896432035,-0.001106747843461697,-0.000961604378451156,-0.0013505922387396436,-0.0010690617175998216,-0.0007247117751602466,-0.0015039065180320337,0.0011677214897843167,-0.004074119632027228,-0.005043285550747985,-0.0046265491058338415,-0.008216193118564823,-0.01727167229568169,-0.0010775891024864086,-0.0010016901925184115,-0.001013908275435621,-0.00094005149543749,-0.0007138534030402999,-0.0008113853618240947,-0.0013297358787581037,-0.0013151586237460096,-0.0012409169174046888,-0.001381930621857091,-0.0001554632694964108,-0.00014073016727772855,-0.0001372446556294433,-0.00010329117164362688,0.00019174808395984086,-0.0006339333449841158,-0.0007988330123314929,-0.001028739137535303,-0.0008900184753819488,-0.0019256562978885185,-0.0028652387208262875,-0.0016780136903920705,-0.0009711091720189191,-0.0017845623403780742,0.16999748009297028,0.007999641038408195,0.008,0.0
38,-0.0010762019214646304,0.004103594693310686,-0.0014714852979921117,0.000699197685017652,-0.0003172570096990543,-0.00018823351967152982,-0.0008648541940047007,-0.00037538965603671953,-0.0007414171954969634,-0.0003363305621417585,-0.00025859779355014563,-0.0004083400810187528,0.00033495961244464986,-0.0003072810763180524,-0.00013399511816364383,2.2118255039699524e-05,-0.0004159167883798996,-0.000651085857870264,-0.0004869777384258499,-2.4738092400184024e-05,-0.0006680933985919245,-0.0006496520242465629,-0.0010189347818355754,-0.0006261988467049202,-0.0003462170137273473,-0.0006467743561537845,-0.0005079129642041642,-0.0009688937451173585,-0.0003060671657740448,-0.00018038328747242786,-0.00026700035525424154,-0.0005449605236910835,-0.0005198856508255931,-0.000579041875456533,-0.0006684668884507869,-0.0008025284883948801,-0.0007215977931341604,-0.0010526489485882223,-0.0013567204395452054,-0.0010482966022213069,-0.0017902363580044164,-0.0016359383814959806,-0.0015943088386832932,-0.0003417153298130507,-0.0007511934713104948,-0.00037878460880476567,-0.00028819281660144,-0.0013532443936591476,-0.0005048029816508319,-0.0007146915140576627,-0.0011251509825372932,-0.0005242636745047103,2.5850392833001407e-05,-0.0010599629477181596,-0.0001208559029472481,3.9884268045828365e-05,7.015767416835607e-05,-0.00046985165365080576,-0.0003626089770731573,-0.00045845199766294804,-0.00035968983237723843,-0.0005783782892373482,-0.00014008464970303273,-8.259079286736873e-05,-0.000448338143122196,0.0005110162857445108,0.0005765244421436331,-0.0005415143499291293,0.0003210240827480086,0.00036678716282695134,-0.00047574625652009074,0.001644372296597883,0.0010277913452316199,-0.00027551495120179293,-4.4828818041320106e-05,-0.00034499777916085784,6.362430975273118e-05,-0.0009415822775188118,-0.001300482675551303,-0.000471981143134995,-0.002165724269265668,-0.0015877839100244045,-0.0004936951666733426,-0.003282989500330006,-0.0033904297189774,-0.0022737732505226107,-0.00227049353619314,-0.0015711456892774458,-0.00010147569531105977,-0.00014889131812772014,-0.00014746022025651976,0.0007371900933354414,-0.00028822834913683415,-0.0001488302971660635,-0.00046527766597258003,-0.0011878103524631276,-0.0007389664690550259,-0.0006473817693039262,-0.0007523432124740959,-0.0009225073177325451,-0.0009577911274562093,-0.0019298124370869048,-0.0018390347520421434,-0.0011262336962122046,-0.0007569536959087774,-0.0010493599655222916,-0.00034013615395948275,-0.002127666010004793,-0.0011085168216036197,-0.0007179726773904284,-0.0016282624290033109,-0.0024017842455740794,-0.0003877122777030647,-0.0032965526452085918,-0.003020384214948767,4.655089156405671e-06,0.00010072068388968865,0.0008575601742126212,-0.004257075087625513,-0.001153173815334082,6.84733001392066e-05,-0.0015135138789754688,-0.001306465075034845,-0.0014090989906319657,-0.0013742029899759948,-0.0018191587600541585,-0.002107099123380101,-0.00022090930993709664,4.7131018839024185e-05,-6.9292014514650515e-06,-0.00041106510605031844,-0.0001760902138011828,-0.0015081598536956498,-0.0011746001359639207,-0.0013289492590822123,-0.0014956378201400734,-0.001461665495947208,0.0017727253840068007,-0.0021305526779005703,-0.0046770860413690935,-0.0066570346674278275,-0.006765341240206283,-0.006655741505041794,-0.007802505416070503,-0.0013120450753338476,-0.0017349845185798518,-0.0014607354452206565,-0.0014637941406744329,-0.0015608593477986117,-0.001194646018856884,-0.0014145504695758774,-0.0014752954035288771,-0.0016849625230719568,-0.0022925253531616402,-0.00021132578573094577,-0.00018865374675254402,-0.00021489127346091275,0.0003422519286736095,-7.525904359832144e-05,-0.000822407614984291,-0.0005804622024791766,-0.0008083147742583451,-7.184322826102341e-05,0.00019574308156813317,-0.0034929577594447524,-0.0015163718427687095,-0.0012887552941802853,-0.0018659954000431172,0.16999748009297028,0.013495398727380592,0.0135,0.0
39,-0.0008179049626572708,-0.00030239417684800135,-0.00030489984753033847,-0.00022500414396800787,-0.0004579577147131843,-0.0005999526164240728,-0.0003067841349704244,0.00020964784199350292,0.000116721063636491,-0.00013045261643948193,-0.00023739677744080205,6.249351686222203e-05,-0.0013661089279308107,-0.00040413057398638804,-0.0003812046932149996,8.078365241634525e-05,-0.00036136874876485447,-1.2855876255346746e-05,-0.0004634060671158338,-0.00031555248329141804,-0.00021229617048339907,-0.0005606073182907519,-0.0006729668515152815,-0.0005690213337735462,-0.0003784208898460698,-0.00047657373880791463,-0.00038752592596934043,-0.0007904532422835186,-0.0001848818182321441,4.697045876345741e-05,0.00044026644796507517,-0.0003260769910730562,-0.00042684513468358077,-0.00037833716587044934,-7.869965895222571e-05,-0.0007096173505975659,-0.0003198358040092654,-0.00037778217697502714,-0.0007372970322560082,-0.0004410762381845926,-0.0009998553063977642,-0.0007649694361288884,-0.0011909442549426356,-0.0001721475723035236,-0.00029754796345710934,-0.0011719296070663834,-0.00046790541299903353,-0.00012286152425118696,-3.335369050799003e-05,-0.001022964290836753,-0.0006323550787033834,-0.0011298103682324727,-0.00028755586390471685,0.00014312761950197172,-0.0004353293825814303,0.00012261438958720332,4.235017565269639e-06,-8.75188180729529e-05,-0.0006430943037602113,-0.0004893949010793285,-0.0003107041673665133,-0.0006229457777002493,-0.0003377796343896654,-0.00024725845670942964,-0.0011834752778819798,-0.000549792607399732,4.523134612335435e-05,-0.0008069545044750846,-8.593273888635315e-05,-0.0005640443833381542,-0.001713028630441401,-0.00041359077020180547,-0.0007726075070457655,4.121977589711497e-06,8.784478763267238e-05,-8.25989698573051e-05,0.0004480998669273284,-0.0016344716095630484,-0.0010327879077546413,-0.00014958095518683806,-0.0026594619301149383,-0.002542675275892879,0.0006998959162561067,-0.004463466252070547,-0.004372555611488863,-0.002723020086203879,-0.010484410931273882,-0.010268668951249447,-0.0002581999342425785,-5.6633973694677896e-05,-0.00029611550790897443,-0.0003485550508966774,-0.00039041910497250235,-1.5513103834489007e-06,-1.5939417037593336e-06,7.478002368164387e-05,0.0007895249942823626,-0.0008207432104443533,0.0012539245005752484,0.0006066037360774971,-0.0009910450593221811,0.003598568088041161,0.0031333063783600284,-0.0005134442092298873,-0.0010080011337005455,-0.001164315609616169,-0.0005922926450332707,-0.0011233626600908693,-0.0010102125659526204,-0.00011737381427805582,-0.0011742925832222372,-0.0017254077771799812,-0.001486384428164587,-0.0018260642328193743,-0.0017585575023854186,-0.0011213484969520612,-0.0014637061883230156,-0.0021866502311989407,-0.004291105844341655,0.0006897518132671476,-0.0004501010214105519,-0.0014277775636157462,0.0010868382921117733,0.00012936427063015504,-0.000532624847488013,-0.0005251143359553793,-0.0007345748141389435,-0.000304485577723393,-0.0003833742737337987,-0.0010932214400733746,-0.0009928550258134217,-0.0014601568507127145,-0.0016075838018121292,-0.002350662484979735,-0.001630965269170355,-0.0024754373528621675,-0.00329545749752389,-0.0011626840911539045,-0.002321976242238525,-0.003248662923890821,-0.0018975970088120117,-0.0021215111598181157,-0.001552800890380193,-0.005553546873463061,-0.0017146557603858062,-0.0011454595286259507,-0.001864965773414917,-0.002241693818039386,-0.0027623407018103822,0.0003133326042204131,0.00018614428861126985,-0.00015607974861484762,-0.0006409382970030672,-0.0012967337820123563,-0.00044548863224791555,-0.0009776023136434681,-0.00108099352634655,-0.0009306021080407991,-0.0009344080442225366,-0.00035405580070618217,-2.522959274231022e-05,-0.0006777149449362712,-0.001229114986037534,-0.0014480133234415489,0.0014002817563818436,0.0026631231691123173,0.0015391996934485278,0.0019894059431019595,0.16999748009297028,0.03650000458752134,0.0365,0.0
