,Mouse_nose_to_tail,Mouse_head_to_tail,Mouse_Ear_distance,Movement_mouse_nose,Movement_mouse_tail_base,Movement_mouse_left_ear,Movement_mouse_right_ear,Movement_mouse_head_base,M1_largest_euclidean_distance_hull,M1_smallest_euclidean_distance_hull,M1_mean_euclidean_distance_hull,M1_sum_euclidean_distance_hull,Total_movement_all_bodyparts_M1,Mouse1_mean_euclid_distances_median_2,Mouse1_mean_euclid_distances_mean_2,Mouse1_mean_euclid_distances_sum_2,Mouse1_mean_euclid_distances_median_5,Mouse1_mean_euclid_distances_mean_5,Mouse1_mean_euclid_distances_sum_5,Mouse1_mean_euclid_distances_median_6,Mouse1_mean_euclid_distances_mean_6,Mouse1_mean_euclid_distances_sum_6,Mouse1_mean_euclid_distances_median_7.5,Mouse1_mean_euclid_distances_mean_7.5,Mouse1_mean_euclid_distances_sum_7.5,Mouse1_mean_euclid_distances_median_10,Mouse1_mean_euclid_distances_mean_10,Mouse1_mean_euclid_distances_sum_10,Mouse1_smallest_euclid_distances_median_2,Mouse1_smallest_euclid_distances_mean_2,Mouse1_smallest_euclid_distances_sum_2,Mouse1_smallest_euclid_distances_median_5,Mouse1_smallest_euclid_distances_mean_5,Mouse1_smallest_euclid_distances_sum_5,Mouse1_smallest_euclid_distances_median_6,Mouse1_smallest_euclid_distances_mean_6,Mouse1_smallest_euclid_distances_sum_6,Mouse1_smallest_euclid_distances_median_7.5,Mouse1_smallest_euclid_distances_mean_7.5,Mouse1_smallest_euclid_distances_sum_7.5,Mouse1_smallest_euclid_distances_median_10,Mouse1_smallest_euclid_distances_mean_10,Mouse1_smallest_euclid_distances_sum_10,Mouse1_largest_euclid_distances_median_2,Mouse1_largest_euclid_distances_mean_2,Mouse1_largest_euclid_distances_sum_2,Mouse1_largest_euclid_distances_median_5,Mouse1_largest_euclid_distances_mean_5,Mouse1_largest_euclid_distances_sum_5,Mouse1_largest_euclid_distances_median_6,Mouse1_largest_euclid_distances_mean_6,Mouse1_largest_euclid_distances_sum_6,Mouse1_largest_euclid_distances_median_7.5,Mouse1_largest_euclid_distances_mean_7.5,Mouse1_largest_euclid_distances_sum_7.5,Mouse1_largest_euclid_distances_median_10,Mouse1_largest_euclid_distances_mean_10,Mouse1_largest_euclid_distances_sum_10,Tail_base_movement_M1_median_2,Tail_base_movement_M1_mean_2,Tail_base_movement_M1_sum_2,Tail_base_movement_M1_median_5,Tail_base_movement_M1_mean_5,Tail_base_movement_M1_sum_5,Tail_base_movement_M1_median_6,Tail_base_movement_M1_mean_6,Tail_base_movement_M1_sum_6,Tail_base_movement_M1_median_7.5,Tail_base_movement_M1_mean_7.5,Tail_base_movement_M1_sum_7.5,Tail_base_movement_M1_median_10,Tail_base_movement_M1_mean_10,Tail_base_movement_M1_sum_10,Head_base_movement_M1_median_2,Head_base_movement_M1_mean_2,Head_base_movement_M1_sum_2,Head_base_movement_M1_median_5,Head_base_movement_M1_mean_5,Head_base_movement_M1_sum_5,Head_base_movement_M1_median_6,Head_base_movement_M1_mean_6,Head_base_movement_M1_sum_6,Head_base_movement_M1_median_7.5,Head_base_movement_M1_mean_7.5,Head_base_movement_M1_sum_7.5,Head_base_movement_M1_median_10,Head_base_movement_M1_mean_10,Head_base_movement_M1_sum_10,Nose_movement_M1_median_2,Nose_movement_M1_mean_2,Nose_movement_M1_sum_2,Nose_movement_M1_median_5,Nose_movement_M1_mean_5,Nose_movement_M1_sum_5,Nose_movement_M1_median_6,Nose_movement_M1_mean_6,Nose_movement_M1_sum_6,Nose_movement_M1_median_7.5,Nose_movement_M1_mean_7.5,Nose_movement_M1_sum_7.5,Nose_movement_M1_median_10,Nose_movement_M1_mean_10,Nose_movement_M1_sum_10,Total_movement_M1_median_2,Total_movement_M1_mean_2,Total_movement_M1_sum_2,Total_movement_M1_median_5,Total_movement_M1_mean_5,Total_movement_M1_sum_5,Total_movement_M1_median_6,Total_movement_M1_mean_6,Total_movement_M1_sum_6,Total_movement_M1_median_7.5,Total_movement_M1_mean_7.5,Total_movement_M1_sum_7.5,Total_movement_M1_median_10,Total_movement_M1_mean_10,Total_movement_M1_sum_10,Total_movement_all_bodyparts_deviation,M1_smallest_euclid_distances_hull_deviation,M1_largest_euclid_distances_hull_deviation,M1_mean_euclid_distances_hull_deviation,Mouse1_smallest_euclid_distances_mean_2_deviation,Mouse1_smallest_euclid_distances_mean_5_deviation,Mouse1_smallest_euclid_distances_mean_6_deviation,Mouse1_smallest_euclid_distances_mean_7.5_deviation,Mouse1_smallest_euclid_distances_mean_10_deviation,Mouse1_largest_euclid_distances_mean_2_deviation,Mouse1_largest_euclid_distances_mean_5_deviation,Mouse1_largest_euclid_distances_mean_6_deviation,Mouse1_largest_euclid_distances_mean_7.5_deviation,Mouse1_largest_euclid_distances_mean_10_deviation,Mouse1_mean_euclid_distances_mean_2_deviation,Mouse1_mean_euclid_distances_mean_5_deviation,Mouse1_mean_euclid_distances_mean_6_deviation,Mouse1_mean_euclid_distances_mean_7.5_deviation,Mouse1_mean_euclid_distances_mean_10_deviation,Movement_mouse_nose_percentile_rank,Movement_mouse_head_base_percentile_rank,Total_movement_M1_mean_2_percentile_rank,Total_movement_M1_mean_5_percentile_rank,Total_movement_M1_mean_6_percentile_rank,Total_movement_M1_mean_7.5_percentile_rank,Total_movement_M1_mean_10_percentile_rank,Mouse1_mean_euclid_distances_mean_2_percentile_rank,Mouse1_mean_euclid_distances_mean_5_percentile_rank,Mouse1_mean_euclid_distances_mean_6_percentile_rank,Mouse1_mean_euclid_distances_mean_7.5_percentile_rank,Mouse1_mean_euclid_distances_mean_10_percentile_rank,Mouse1_smallest_euclid_distances_mean_2_percentile_rank,Mouse1_smallest_euclid_distances_mean_5_percentile_rank,Mouse1_smallest_euclid_distances_mean_6_percentile_rank,Mouse1_smallest_euclid_distances_mean_7.5_percentile_rank,Mouse1_smallest_euclid_distances_mean_10_percentile_rank,Mouse1_largest_euclid_distances_mean_2_percentile_rank,Mouse1_largest_euclid_distances_mean_5_percentile_rank,Mouse1_largest_euclid_distances_mean_6_percentile_rank,Mouse1_largest_euclid_distances_mean_7.5_percentile_rank,Mouse1_largest_euclid_distances_mean_10_percentile_rank,Tortuosity_Mouse1_2,Tortuosity_Mouse1_5,Tortuosity_Mouse1_6,Tortuosity_Mouse1_7.5,Tortuosity_Mouse1_10,Sum_probabilities,Sum_probabilities_deviation,Sum_probabilities_deviation_percentile_rank,Sum_probabilities_percentile_rank
0,205.5623016357422,171.6717071533203,25.798099517822266,1.212399959564209,0.0,0.3310999870300293,0.3310999870300293,0.0,205.5623016357422,16.667299270629883,89.6874008178711,1793.74755859375,1.8746000528335571,89.96520233154297,89.96520233154297,179.93040466308594,90.6458969116211,90.46549987792969,452.3276062011719,90.73670196533203,90.56400299072266,543.3837890625,90.82749938964844,90.61840057373047,634.3289184570312,90.47669982910156,90.32839965820312,903.2836303710938,16.715200424194336,16.715200424194336,33.430301666259766,16.763099670410156,16.82710075378418,84.1353988647461,16.82939910888672,16.933300018310547,101.59970092773438,16.895700454711914,17.00909996032715,119.06390380859375,16.885099411010742,16.971099853515625,169.7111053466797,206.16810607910156,206.16810607910156,412.3363037109375,207.77499389648438,207.32530212402344,1036.6265869140625,207.94760131835938,207.54859924316406,1245.2913818359375,208.1201934814453,207.66949462890625,1453.6865234375,207.3721923828125,206.98519897460938,2069.8515625,0.1688999980688095,0.1688999980688095,0.337799996137619,0.0,0.13379999995231628,0.6689000129699707,0.1656000018119812,0.16670000553131104,1.0,0.3310999870300293,0.19110000133514404,1.3378000259399414,0.3310999870300293,0.2337999939918518,2.3378000259399414,0.0,0.0,0.0,0.0,0.0,0.0,0.0,0.0,0.0,0.0,0.09459999948740005,0.6621999740600586,0.0,0.30000001192092896,3.0,1.205899953842163,1.205899953842163,2.411799907684326,0.6621999740600586,0.7486000061035156,3.7428998947143555,0.5,0.6237999796867371,3.7428998947143555,0.6621999740600586,0.7759000062942505,5.43120002746582,0.9699000120162964,1.104099988937378,11.041199684143066,2.040299892425537,2.040299892425537,4.080699920654297,1.7973999977111816,1.4701999425888062,7.351099967956543,1.3041000366210938,1.280400037765503,7.682199954986572,1.7973999977111816,1.8184000253677368,12.729000091552734,2.040299892425537,2.9570000171661377,29.569700241088867,10.966500282287598,0.8992000222206116,-9.659500122070312,-1.3622000217437744,0.8514000177383423,0.739799976348877,0.6338000297546387,0.5580999851226807,0.5964999794960022,-10.263500213623047,-11.416000366210938,-11.637900352478027,-11.757699966430664,-11.071999549865723,-1.63919997215271,-2.137399911880493,-2.2351999282836914,-2.289099931716919,-1.9982999563217163,0.4970000088214874,0.08749999850988388,10.80049991607666,11.376899719238281,11.569600105285645,11.03439998626709,9.90310001373291,-1.63919997215271,-2.137399911880493,-2.2351999282836914,-2.289099931716919,-1.9982999563217163,0.8514000177383423,0.739799976348877,0.6338000297546387,0.5580999851226807,0.5964999794960022,-10.263500213623047,-11.416000366210938,-11.637900352478027,-11.757699966430664,-11.071999549865723,34.00979995727539,117.01930236816406,152.75680541992188,181.55029296875,245.97120666503906,4.263599872589111,-0.16349999606609344,0.5508999824523926,0.5508999824523926
1,168.0238037109375,142.37579345703125,25.383899688720703,0.337799996137619,0.47769999504089355,0.0,0.3310999870300293,0.4729999899864197,168.0238037109375,11.796199798583984,73.8833999633789,1477.667236328125,1.6196000576019287,73.77559661865234,73.77559661865234,147.5511932373047,73.66790008544922,73.70079803466797,368.5038146972656,73.69159698486328,73.70939636230469,442.25640869140625,73.71540069580078,73.71730041503906,516.0211181640625,73.75869750976562,73.78900146484375,737.8895874023438,11.673199653625488,11.673199653625488,23.346399307250977,11.101799964904785,11.321499824523926,56.60770034790039,11.227499961853027,11.326800346374512,67.96089935302734,11.142200469970703,11.300399780273438,79.10310363769531,11.091899871826172,11.017900466918945,110.17890167236328,167.8603057861328,167.8603057861328,335.7204895019531,167.6967010498047,167.76519775390625,838.8258056640625,167.78439331054688,167.7830047607422,1006.6978149414062,167.8719940185547,167.7957000732422,1174.56982421875,167.8719940185547,168.05160522460938,1680.5157470703125,0.4729999899864197,0.4729999899864197,0.945900022983551,0.0,0.1891999989748001,0.945900022983551,0.0,0.15770000219345093,0.945900022983551,0.0,0.20200000703334808,1.414199948310852,0.4683000147342682,0.31049999594688416,3.105299949645996,0.4706000089645386,0.4706000089645386,0.9412999749183655,0.32440000772476196,0.2558000087738037,1.2790000438690186,0.3278000056743622,0.26840001344680786,1.6101000308990479,0.3310999870300293,0.3246000111103058,2.2723000049591064,0.40299999713897705,0.4025999903678894,4.026100158691406,0.3310999870300293,0.3310999870300293,0.6621999740600586,0.337799996137619,0.2937000095844269,1.4682999849319458,0.3310999870300293,0.24469999969005585,1.4682999849319458,0.32440000772476196,0.20980000495910645,1.4682999849319458,0.16220000386238098,0.21310000121593475,2.130500078201294,1.4402999877929688,1.4402999877929688,2.8805999755859375,1.2609000205993652,1.0723999738693237,5.362199783325195,0.9715999960899353,1.00409996509552,6.024400234222412,1.2609000205993652,1.0884000062942505,7.618500232696533,1.5245000123977661,1.3279000520706177,13.279399871826172,9.75409984588623,2.528899908065796,-11.555700302124023,-3.633500099182129,2.651900053024292,3.0039000511169434,2.998800039291382,3.0253000259399414,3.3083999156951904,-11.39169979095459,-11.297699928283691,-11.316300392150879,-11.329899787902832,-11.586199760437012,-3.525399923324585,-3.4504001140594482,-3.459199905395508,-3.4672999382019043,-3.538599967956543,0.18250000476837158,0.29490000009536743,9.933300018310547,10.305500030517578,10.375100135803223,10.291600227355957,10.053299903869629,-3.525399923324585,-3.4504001140594482,-3.459199905395508,-3.4672999382019043,-3.538599967956543,2.651900053024292,3.0039000511169434,2.998800039291382,3.0253000259399414,3.3083999156951904,-11.39169979095459,-11.297699928283691,-11.316300392150879,-11.329899787902832,-11.586199760437012,21.48590087890625,93.10559844970703,136.07749938964844,136.07749938964844,222.02110290527344,3.894700050354004,-0.14659999310970306,0.5023999810218811,0.5023999810218811
2,162.35740661621094,133.86459350585938,26.90719985961914,0.0,0.755299985408783,0.0,0.0,0.0,162.35740661621094,15.621899604797363,71.97470092773438,1439.493896484375,0.755299985408783,72.1239013671875,72.1239013671875,144.247802734375,72.31169891357422,72.30419921875,361.52081298828125,72.29239654541016,72.2760009765625,433.65570068359375,72.27310180664062,72.2136001586914,505.4952087402344,72.05909729003906,72.12020111083984,721.2022094726562,15.621899604797363,15.621899604797363,31.243799209594727,15.953499794006348,15.951000213623047,79.75489807128906,16.116199493408203,16.005599975585938,96.03369903564453,16.221099853515625,16.036399841308594,112.25479888916016,16.221099853515625,16.09749984741211,160.97459411621094,162.73019409179688,162.73019409179688,325.46038818359375,163.1748046875,163.14329528808594,815.71630859375,163.13890075683594,163.05799865722656,978.3477783203125,163.10299682617188,162.89190673828125,1140.2430419921875,162.4945068359375,162.63519287109375,1626.352294921875,0.7477999925613403,0.7477999925613403,1.4957000017166138,0.6689000129699707,0.499099999666214,2.495699882507324,0.7045999765396118,0.5403000116348267,3.2421000003814697,0.6689000129699707,0.5105000138282776,3.573199987411499,0.3310999870300293,0.4235000014305115,4.235400199890137,0.1688999980688095,0.1688999980688095,0.337799996137619,0.0,0.13379999995231628,0.6689000129699707,0.0,0.11150000244379044,0.6689000129699707,0.0,0.16249999403953552,1.1371999979019165,0.3343999981880188,0.26930001378059387,2.693000078201294,0.1688999980688095,0.1688999980688095,0.337799996137619,0.0,0.13379999995231628,0.6689000129699707,0.0,0.11150000244379044,0.6689000129699707,0.0,0.1429000049829483,1.0,0.1656000018119812,0.16689999401569366,1.6689000129699707,1.0856000185012817,1.0856000185012817,2.1712000370025635,0.755299985408783,0.9275000095367432,4.637599945068359,0.9485999941825867,1.0312999486923218,6.188000202178955,1.1418999433517456,1.1604000329971313,8.122699737548828,1.4478000402450562,1.3286999464035034,13.286800384521484,10.265600204467773,0.382099986076355,-6.0157999992370605,-1.2376999855041504,0.38199999928474426,0.052799999713897705,-0.0019000000320374966,-0.03269999846816063,-0.09390000253915787,-6.390399932861328,-6.804299831390381,-6.719099998474121,-6.553100109100342,-6.2967000007629395,-1.3875999450683594,-1.5683000087738037,-1.5401999950408936,-1.4779000282287598,-1.3847999572753906,0.03999999910593033,0.07450000196695328,9.93280029296875,10.089500427246094,9.985899925231934,9.857099533081055,9.689900398254395,-1.3875999450683594,-1.5683000087738037,-1.5401999950408936,-1.4779000282287598,-1.3847999572753906,0.38199999928474426,0.052799999713897705,-0.0019000000320374966,-0.03269999846816063,-0.09390000253915787,-6.390399932861328,-6.804299831390381,-6.719099998474121,-6.553100109100342,-6.2967000007629395,71.61969757080078,157.5634002685547,157.5634002685547,186.2113037109375,250.66900634765625,4.356400012969971,-0.2222999930381775,0.4068000018596649,0.4068000018596649
3,148.00680541992188,125.3196029663086,29.229299545288086,0.0,0.0,0.3310999870300293,0.3310999870300293,0.0,148.00680541992188,15.91919994354248,67.66780090332031,1353.35595703125,0.6621999740600586,67.69219970703125,67.69219970703125,135.3843994140625,67.802001953125,67.83039855957031,339.1520080566406,67.84429931640625,67.89830017089844,407.389892578125,67.8864974975586,67.96849822998047,475.7795104980469,68.15850067138672,68.08540344238281,680.8543090820312,15.865300178527832,15.865300178527832,31.730600357055664,15.811400413513184,15.833000183105469,79.16480255126953,15.811400413513184,15.881799697875977,95.29060363769531,15.811400413513184,15.932600021362305,111.52850341796875,16.022499084472656,16.057600021362305,160.57569885253906,148.00680541992188,148.00680541992188,296.01348876953125,148.00680541992188,148.06979370117188,740.3491821289062,148.00680541992188,148.14889526367188,888.8934936523438,148.00680541992188,148.23609924316406,1037.6524658203125,148.43319702148438,148.3634033203125,1483.634521484375,0.0,0.0,0.0,0.0,0.1607999950647354,0.804099977016449,0.1656000018119812,0.21289999783039093,1.2770999670028687,0.3310999870300293,0.2296999990940094,1.608199954032898,0.0,0.1607999950647354,1.608199954032898,0.0,0.0,0.0,0.0,0.0,0.0,0.0,0.0551999993622303,0.3310999870300293,0.0,0.09459999948740005,0.6622999906539917,0.0,0.13379999995231628,1.3380000591278076,0.0,0.0,0.0,0.0,0.0,0.0,0.0,0.0,0.0,0.0,0.0,0.0,0.0,0.03310000151395798,0.3310999870300293,0.5,0.5,1.0,0.6621999740600586,0.5608000159263611,2.8041000366210938,0.6621999740600586,0.6812999844551086,4.087900161743164,0.6621999740600586,0.7731999754905701,5.412499904632568,0.6621999740600586,0.6757000088691711,6.7571001052856445,6.297999858856201,0.6553999781608582,2.2562999725341797,0.8504999876022339,0.7095999717712402,0.7427999973297119,0.6941999793052673,0.6435999870300293,0.5194000005722046,2.253999948501587,2.184299945831299,2.1029999256134033,2.0136001110076904,1.879699945449829,0.8252999782562256,0.6848000288009644,0.616100013256073,0.545199990272522,0.4260999858379364,0.04320000112056732,0.10429999977350235,6.460000038146973,6.39900016784668,6.278500080108643,6.186600208282471,6.284200191497803,0.8252999782562256,0.6848000288009644,0.616100013256073,0.545199990272522,0.4260999858379364,0.7095999717712402,0.7427999973297119,0.6941999793052673,0.6435999870300293,0.5194000005722046,2.253999948501587,2.184299945831299,2.1029999256134033,2.0136001110076904,1.879699945449829,64.54889678955078,171.8874053955078,171.8874053955078,200.5352020263672,272.1549987792969,4.560999870300293,-0.44429999589920044,0.03550000116229057,0.03550000116229057
4,191.7602996826172,154.8708953857422,29.36669921875,0.3310999870300293,0.0,0.0,0.4683000147342682,0.3310999870300293,191.7602996826172,18.045799255371094,85.61000061035156,1712.199951171875,1.1304999589920044,85.61710357666016,85.61710357666016,171.23410034179688,85.60389709472656,85.56710052490234,427.8356018066406,85.5707015991211,85.50389862060547,513.0236206054688,85.53739929199219,85.37550354003906,597.628173828125,85.3240966796875,85.11840057373047,851.1834716796875,18.080900192260742,18.080900192260742,36.161800384521484,18.432600021362305,18.693899154663086,93.46949768066406,18.729299545288086,18.94890022277832,113.69319915771484,19.025999069213867,19.037500381469727,133.26229858398438,18.667200088500977,18.866100311279297,188.66070556640625,191.6013946533203,191.6013946533203,383.2027893066406,190.57749938964844,190.14639282226562,950.732177734375,190.03309631347656,189.39559936523438,1136.373291015625,189.4886932373047,188.63290405273438,1320.430419921875,186.55209350585938,187.35609436035156,1873.560546875,0.0,0.0,0.0,0.3310999870300293,0.20000000298023224,1.0,0.1656000018119812,0.16670000553131104,1.0,0.3310999870300293,0.19020000100135803,1.3310999870300293,0.3310999870300293,0.20000000298023224,2.0,0.3343999981880188,0.3343999981880188,0.6689000129699707,0.4683000147342682,0.47099998593330383,2.3552000522613525,0.40299999713897705,0.39250001311302185,2.3552000522613525,0.337799996137619,0.33649998903274536,2.3552000522613525,0.1656000018119812,0.23549999296665192,2.3552000522613525,0.692300021648407,0.692300021648407,1.3845000267028809,1.2086000442504883,1.2807999849319458,6.403900146484375,1.4354000091552734,1.3443000316619873,8.066100120544434,1.2086000442504883,1.1995999813079834,8.397199630737305,0.7608000040054321,0.8865000009536743,8.865500450134277,1.5918999910354614,1.5918999910354614,3.1839001178741455,3.176100015640259,2.8454999923706055,14.227399826049805,2.7502999305725098,2.7585999965667725,16.551799774169922,2.324399948120117,2.6029999256134033,18.220699310302734,1.861199975013733,2.0696001052856445,20.69569969177246,11.710599899291992,-0.47929999232292175,4.142600059509277,2.7151999473571777,-0.5142999887466431,-1.1269999742507935,-1.3818000555038452,-1.4702999591827393,-1.2984000444412231,4.303299903869629,5.762899875640869,6.515100002288818,7.278900146484375,8.557100296020508,2.7090001106262207,2.760999917984009,2.8248000144958496,2.953900098800659,3.211699962615967,0.15520000457763672,0.25679999589920044,11.248900413513184,10.00160026550293,10.091400146484375,10.249799728393555,10.790499687194824,2.7090001106262207,2.760999917984009,2.8248000144958496,2.953900098800659,3.211699962615967,-0.5142999887466431,-1.1269999742507935,-1.3818000555038452,-1.4702999591827393,-1.2984000444412231,4.303299903869629,5.762899875640869,6.515100002288818,7.278900146484375,8.557100296020508,0.0,0.0,0.0,32.839500427246094,121.66280364990234,4.607399940490723,-0.5073000192642212,0.1664000004529953,0.1664000004529953
5,127.4573974609375,93.77330017089844,30.265499114990234,0.4729999899864197,0.3310999870300293,0.337799996137619,0.337799996137619,0.0,127.4573974609375,16.002199172973633,59.667198181152344,1193.344970703125,1.479599952697754,59.68199920654297,59.68199920654297,119.36409759521484,59.833900451660156,59.77439880371094,298.8721923828125,59.833900451660156,59.814701080322266,358.88800048828125,59.833900451660156,59.886199951171875,419.2033996582031,59.928001403808594,60.04100036621094,600.4096069335938,16.1018009185791,16.1018009185791,32.2036018371582,16.401199340820312,16.2814998626709,81.40730285644531,16.401199340820312,16.345399856567383,98.07219696044922,16.401199340820312,16.391799926757812,114.74240112304688,16.401199340820312,16.321500778198242,163.21510314941406,127.39710235595703,127.39710235595703,254.79409790039062,127.38919830322266,127.41739654541016,637.0867919921875,127.42330169677734,127.46379852294922,764.78271484375,127.4573974609375,127.58550262451172,893.0986938476562,127.6051025390625,127.86669921875,1278.667236328125,0.1656000018119812,0.1656000018119812,0.3310999870300293,0.0,0.06620000302791595,0.3310999870300293,0.0,0.133200004696846,0.7993999719619751,0.0,0.16249999403953552,1.1371999979019165,0.3310999870300293,0.21310000121593475,2.1305999755859375,0.0,0.0,0.0,0.0,0.0,0.0,0.0,0.0,0.0,0.0,0.04729999974370003,0.3310999870300293,0.0,0.1006999984383583,1.006700038909912,0.4729999899864197,0.4729999899864197,0.9459999799728394,0.3310999870300293,0.3215999901294708,1.608199954032898,0.40209999680519104,0.34689998626708984,2.081199884414673,0.4729999899864197,0.36489999294281006,2.5541999340057373,0.3310999870300293,0.28850001096725464,2.8852999210357666,1.3073999881744385,1.3073999881744385,2.6149001121520996,0.6621999740600586,0.7215999960899353,3.6082000732421875,0.8051000237464905,0.7594000101089478,4.55620002746582,0.9478999972343445,0.8149999976158142,5.704800128936768,0.8083999752998352,0.803600013256073,8.03600025177002,9.541299819946289,0.0017999999690800905,28.884199142456055,11.06980037689209,-0.09790000319480896,-0.2777000069618225,-0.3416999876499176,-0.3880999982357025,-0.3179999887943268,28.942699432373047,28.921600341796875,28.875099182128906,28.75320053100586,28.471799850463867,11.054200172424316,10.961400032043457,10.921099662780762,10.849499702453613,10.694499969482422,0.28360000252723694,0.07450000196695328,9.71090030670166,10.29539966583252,10.25790023803711,10.202500343322754,10.21500015258789,11.054200172424316,10.961400032043457,10.921099662780762,10.849499702453613,10.694499969482422,-0.09790000319480896,-0.2777000069618225,-0.3416999876499176,-0.3880999982357025,-0.3179999887943268,28.942699432373047,28.921600341796875,28.875099182128906,28.75320053100586,28.471799850463867,14.32390022277832,85.9437026977539,100.2676010131836,100.2676010131836,179.14039611816406,4.05620002746582,0.0778999999165535,0.690500020980835,0.690500020980835
6,158.3175048828125,118.03780364990234,25.88599967956543,0.3310999870300293,0.7404000163078308,0.0,0.7493000030517578,0.3310999870300293,158.3175048828125,14.48639965057373,69.63140106201172,1392.6282958984375,2.151900053024292,69.62100219726562,69.62100219726562,139.24200439453125,69.55159759521484,69.36669921875,346.8337097167969,69.37419891357422,69.27660369873047,415.6596984863281,69.19670104980469,69.24720001220703,484.7301940917969,69.2396011352539,69.24749755859375,692.4752197265625,14.793999671936035,14.793999671936035,29.58799934387207,15.726200103759766,15.625,78.125,16.003799438476562,15.807900428771973,94.84719848632812,16.281400680541992,15.919500350952148,111.43669891357422,16.348499298095703,16.05470085144043,160.54649353027344,158.043701171875,158.043701171875,316.08740234375,157.27760314941406,156.9427032470703,784.7136840820312,156.70880126953125,156.59950256347656,939.5966796875,156.13999938964844,156.423095703125,1094.9620361328125,155.82789611816406,156.2375030517578,1562.3751220703125,0.8734999895095825,0.8734999895095825,1.7470999956130981,0.7404000163078308,0.654699981212616,3.273400068283081,0.8734999895095825,0.792900025844574,4.757199764251709,1.006700038909912,0.8949999809265137,6.264900207519531,0.8734999895095825,0.7630000114440918,7.630000114440918,0.3343999981880188,0.3343999981880188,0.6689000129699707,0.675599992275238,0.6769999861717224,3.3847999572753906,0.5766000151634216,0.6438000202178955,3.862499952316284,0.47769999504089355,0.6187000274658203,4.3308000564575195,0.40299999713897705,0.4675000011920929,4.675300121307373,0.5,0.5,1.0,0.6689000129699707,0.6000000238418579,3.0,0.5,0.5551999807357788,3.3310999870300293,0.3310999870300293,0.47679999470710754,3.3378000259399414,0.3345000147819519,0.4675999879837036,4.675600051879883,2.6214001178741455,2.6214001178741455,5.242800235748291,3.0908000469207764,3.067500114440918,15.337300300598145,3.200500011444092,3.1168999671936035,18.7012996673584,3.0908000469207764,2.9558000564575195,20.69059944152832,2.474100112915039,2.407599925994873,24.075899124145508,10.081299781799316,0.8292999863624573,-9.522899627685547,-2.0034000873565674,0.5217999815940857,-0.3086000084877014,-0.49129998683929443,-0.6028000116348267,-0.7372999787330627,-9.247099876403809,-8.142800331115723,-7.799900054931641,-7.624199867248535,-7.441299915313721,-1.9922000169754028,-1.736299991607666,-1.6461999416351318,-1.6168999671936035,-1.6180000305175781,0.11140000075101852,0.18629999458789825,9.611599922180176,9.163800239562988,9.114399909973145,9.275699615478516,9.824999809265137,-1.9922000169754028,-1.736299991607666,-1.6461999416351318,-1.6168999671936035,-1.6180000305175781,0.5217999815940857,-0.3086000084877014,-0.49129998683929443,-0.6028000116348267,-0.7372999787330627,-9.247099876403809,-8.142800331115723,-7.799900054931641,-7.624199867248535,-7.441299915313721,52.36790084838867,133.1071014404297,160.5341033935547,193.37350463867188,293.8251037597656,4.611599922180176,-0.48989999294281006,0.11429999768733978,0.11429999768733978
7,158.5258026123047,114.1416015625,27.182300567626953,0.7404000163078308,2.0139999389648438,0.743399977684021,0.4729999899864197,0.4729999899864197,158.5258026123047,12.556099891662598,71.24109649658203,1424.8214111328125,4.44379997253418,71.3396987915039,71.3396987915039,142.67950439453125,71.29750061035156,71.29850006103516,356.4924011230469,71.26930236816406,71.26529693603516,427.59161376953125,71.24109649658203,71.1323013305664,497.9259948730469,71.15049743652344,71.02890014648438,710.2890014648438,12.524700164794922,12.524700164794922,25.049400329589844,12.11460018157959,12.244799613952637,61.22420120239258,12.225099563598633,12.260000228881836,73.55970001220703,12.335599899291992,12.318400382995605,86.22859954833984,12.524700164794922,12.523699760437012,125.23719787597656,158.71009826660156,158.71009826660156,317.4201965332031,158.96490478515625,158.94459533691406,794.7230224609375,158.98779296875,158.95559692382812,953.7338256835938,158.96490478515625,158.7801971435547,1111.461669921875,158.92970275878906,158.7949981689453,1587.9500732421875,1.0069999694824219,1.0069999694824219,2.0139999389648438,0.6689000129699707,0.7365999817848206,3.6828999519348145,0.6689000129699707,1.003999948501587,6.024199962615967,0.6689000129699707,0.9003000259399414,6.301799774169922,0.5066999793052673,0.7633000016212463,7.632999897003174,0.40209999680519104,0.40209999680519104,0.804099977016449,0.3310999870300293,0.22699999809265137,1.135200023651123,0.3310999870300293,0.24549999833106995,1.4730000495910645,0.3310999870300293,0.25769999623298645,1.8041000366210938,0.3310999870300293,0.31349998712539673,3.135200023651123,0.7448999881744385,0.7448999881744385,1.4896999597549438,0.7493000030517578,0.9287999868392944,4.644100189208984,0.9715999960899353,1.0089000463485718,6.053599834442139,0.7493000030517578,0.9714000225067139,6.800000190734863,0.746399998664856,0.848800003528595,8.487600326538086,3.3039000034332275,3.3039000034332275,6.607699871063232,2.531599998474121,2.900399923324585,14.501799583435059,2.911600112915039,3.2785000801086426,19.670799255371094,2.531599998474121,3.138200044631958,21.967199325561523,2.4140000343322754,2.8120999336242676,28.121200561523438,7.7932000160217285,1.0887999534606934,29.560300827026367,19.950599670410156,1.1202000379562378,1.4003000259399414,1.3853000402450562,1.3269000053405762,1.121899962425232,29.371599197387695,29.131200790405273,29.118799209594727,29.29319953918457,29.276599884033203,19.850200653076172,19.889299392700195,19.922199249267578,20.05500030517578,20.15839958190918,0.4724000096321106,0.39010000228881836,8.930800437927246,9.334799766540527,8.957099914550781,9.097800254821777,9.42770004272461,19.850200653076172,19.889299392700195,19.922199249267578,20.05500030517578,20.15839958190918,1.1202000379562378,1.4003000259399414,1.3853000402450562,1.3269000053405762,1.121899962425232,29.371599197387695,29.131200790405273,29.118799209594727,29.29319953918457,29.276599884033203,50.04309844970703,135.98680114746094,164.63470458984375,193.2825927734375,286.2974853515625,3.3884999752044678,-0.0714000016450882,0.599399983882904,0.599399983882904
8,150.56739807128906,126.1427993774414,24.839500427246094,0.337799996137619,0.4683000147342682,0.0,0.0,0.0,150.56739807128906,14.14210033416748,69.01930236816406,1380.385498046875,0.8061000108718872,68.91619873046875,68.91619873046875,137.83250427246094,68.37590026855469,68.43990325927734,342.1995849609375,68.38629913330078,68.43270111083984,410.5964050292969,68.39679718017578,68.4885025024414,479.4197082519531,68.69550323486328,68.56880187988281,685.6876831054688,14.14210033416748,14.14210033416748,28.284299850463867,13.814399719238281,13.845499992370605,69.22769927978516,13.871399879455566,13.859399795532227,83.15609741210938,13.928400039672852,13.869199752807617,97.08450317382812,13.866399765014648,13.851799964904785,138.51829528808594,150.40310668945312,150.40310668945312,300.80621337890625,149.95770263671875,150.00210571289062,750.0103759765625,150.09820556640625,150.106201171875,900.6370849609375,150.23880004882812,150.2805938720703,1051.964599609375,150.5970001220703,150.6125946044922,1506.1265869140625,0.4729999899864197,0.4729999899864197,0.945900022983551,0.47769999504089355,0.5820000171661377,2.909899950027466,0.609000027179718,0.6083999872207642,3.6503000259399414,0.47769999504089355,0.5214999914169312,3.6503000259399414,0.4683000147342682,0.39879998564720154,3.988100051879883,0.0,0.0,0.0,0.3310999870300293,0.20000000298023224,1.0,0.1656000018119812,0.16670000553131104,1.0,0.0,0.1429000049829483,1.0,0.0,0.10000000149011612,1.0,0.6656000018119812,0.6656000018119812,1.3310999870300293,0.6621999740600586,0.6000000238418579,3.0,0.6656000018119812,0.6115000247955322,3.6689000129699707,0.6689000129699707,0.619700014591217,4.337800025939941,0.6689000129699707,0.6876000165939331,6.875899791717529,1.3041000366210938,1.3041000366210938,2.608099937438965,1.7553000450134277,1.583299994468689,7.916600227355957,1.7786999940872192,1.6324000358581543,9.794099807739258,1.7553000450134277,1.5902999639511108,11.1318998336792,1.7477999925613403,1.54830002784729,15.48270034790039,10.214799880981445,1.861799955368042,5.774199962615967,1.7177000045776367,1.861799955368042,2.1582000255584717,2.144399881362915,2.134399890899658,2.151700019836426,5.936699867248535,6.3368000984191895,6.232699871063232,6.05810022354126,5.725900173187256,1.8200000524520874,2.2959001064300537,2.303100109100342,2.2472000122070312,2.1666998863220215,0.23749999701976776,0.07450000196695328,9.714300155639648,9.433699607849121,9.384900093078613,9.427200317382812,9.47029972076416,1.8200000524520874,2.2959001064300537,2.303100109100342,2.2472000122070312,2.1666998863220215,1.861799955368042,2.1582000255584717,2.144399881362915,2.134399890899658,2.151700019836426,5.936699867248535,6.3368000984191895,6.232699871063232,6.05810022354126,5.725900173187256,28.647899627685547,121.84480285644531,166.55360412597656,188.52059936523438,250.66900634765625,4.099699974060059,0.03440000116825104,0.6610000133514404,0.6610000133514404
9,141.82339477539062,107.60220336914062,10.35789966583252,0.0066999997943639755,0.3310999870300293,3.5241000652313232,0.0,3.734800100326538,141.82339477539062,6.4695000648498535,62.63600158691406,1252.7208251953125,7.596700191497803,62.740699768066406,62.740699768066406,125.4813003540039,63.348201751708984,63.3047981262207,316.52410888671875,63.47610092163086,63.354698181152344,380.12799072265625,63.517398834228516,63.377899169921875,443.6453857421875,63.5806999206543,63.652400970458984,636.5238037109375,7.393599987030029,7.393599987030029,14.787300109863281,11.695099830627441,11.575799942016602,57.87900161743164,13.468600273132324,12.338899612426758,74.03340148925781,15.242199897766113,12.883999824523926,90.18779754638672,16.154399871826172,14.041600227355957,140.41580200195312,141.65939331054688,141.65939331054688,283.31890869140625,141.16319274902344,140.90550231933594,704.5272827148438,140.80979919433594,140.48069763183594,842.8843994140625,140.4564971923828,140.110107421875,980.7706298828125,140.02259826660156,139.8778076171875,1398.77783203125,0.3343999981880188,0.3343999981880188,0.6689000129699707,0.3310999870300293,0.4000000059604645,2.0,0.3343999981880188,0.4577000141143799,2.7464001178741455,0.337799996137619,0.45989999175071716,3.2193000316619873,0.3310999870300293,0.35499998927116394,3.55049991607666,3.206700086593628,3.206700086593628,6.413300037384033,1.5017000436782837,1.7924000024795532,8.9621000289917,1.274399995803833,1.4937000274658203,8.9621000289917,1.0470999479293823,1.3472000360488892,9.430299758911133,1.0576000213623047,1.2457000017166138,12.456899642944336,0.0066999997943639755,0.0066999997943639755,0.013399999588727951,0.4681999981403351,0.6208999752998352,3.1045000553131104,0.6072999835014343,0.6417999863624573,3.850800037384033,0.4681999981403351,0.5974000096321106,4.1819000244140625,0.9775000214576721,0.9538999795913696,9.539400100708008,8.09850025177002,8.09850025177002,16.197099685668945,7.596700191497803,6.322299957275391,31.611600875854492,6.2855000495910645,5.6828999519348145,34.097599029541016,4.974400043487549,5.1595001220703125,36.11629867553711,4.480100154876709,4.85830020904541,48.58300018310547,4.6402997970581055,7.175300121307373,46.26279830932617,28.555700302124023,6.251299858093262,2.0692999362945557,1.3063000440597534,0.7613000273704529,-0.39590001106262207,46.422298431396484,47.1702995300293,47.59370040893555,47.963401794433594,48.19380187988281,28.44930076599121,27.882999420166016,27.832799911499023,27.80929946899414,27.534900665283203,0.23019999265670776,0.8515999913215637,4.136199951171875,5.912899971008301,6.552599906921387,7.076499938964844,7.381499767303467,28.44930076599121,27.882999420166016,27.832799911499023,27.80929946899414,27.534900665283203,6.251299858093262,2.0692999362945557,1.3063000440597534,0.7613000273704529,-0.39590001106262207,46.422298431396484,47.1702995300293,47.59370040893555,47.963401794433594,48.19380187988281,59.508399963378906,157.5634002685547,186.2113037109375,210.63119506835938,290.7013854980469,2.7314000129699707,0.5857999920845032,0.7465999722480774,0.7465999722480774
10,198.84640502929688,159.40370178222656,29.880399703979492,0.9933000206947327,0.3310999870300293,1.0555000305175781,0.4683000147342682,0.746399998664856,198.84640502929688,16.5757999420166,86.79779815673828,1735.9560546875,3.5945000648498535,86.58619689941406,86.58619689941406,173.17239379882812,86.11239624023438,86.08100128173828,430.40478515625,85.92230224609375,85.87159729003906,515.2293701171875,85.7322006225586,85.56169891357422,598.9320068359375,85.106201171875,84.22679901123047,842.2675170898438,16.5221004486084,16.5221004486084,33.0442008972168,16.5757999420166,16.650699615478516,83.25350189208984,16.62299919128418,16.665300369262695,99.99169921875,16.67020034790039,16.716699600219727,117.0167007446289,16.88159942626953,17.11199951171875,171.1197052001953,198.37100219726562,198.37100219726562,396.74200439453125,197.23080444335938,196.9429931640625,984.7150268554688,196.5695037841797,196.40899658203125,1178.45361328125,195.90809631347656,195.5742950439453,1369.020263671875,194.28640747070312,191.58639526367188,1915.8642578125,0.1656000018119812,0.1656000018119812,0.3310999870300293,0.3310999870300293,0.20000000298023224,1.0,0.3310999870300293,0.2770000100135803,1.6621999740600586,0.3310999870300293,0.2856999933719635,2.0,0.337799996137619,0.34139999747276306,3.414299964904785,0.7042999863624573,0.7042999863624573,1.4085999727249146,0.746399998664856,1.05840003490448,5.291900157928467,0.7477999925613403,1.4402999877929688,8.64169979095459,0.7493000030517578,1.874899983406067,13.124600410461426,2.088399887084961,2.1802000999450684,21.802000045776367,0.8310999870300293,0.8310999870300293,1.6621999740600586,1.0598000288009644,1.0500999689102173,5.2505998611450195,1.128600001335144,1.4200999736785889,8.520400047302246,1.1974999904632568,1.8838000297546387,13.18690013885498,1.7805999517440796,2.4091999530792236,24.091899871826172,2.9628000259399414,2.9628000259399414,5.9257001876831055,3.211699962615967,3.7583000659942627,18.791400909423828,3.40310001373291,5.236400127410889,31.418100357055664,3.5945000648498535,6.903600215911865,48.325199127197266,7.851500034332275,8.65939998626709,86.59369659423828,6.739999771118164,-0.2833000123500824,-31.20549964904785,-11.111800193786621,-0.22949999570846558,-0.3578999936580658,-0.3723999857902527,-0.423799991607666,-0.8187999725341797,-30.731399536132812,-29.305400848388672,-28.771299362182617,-27.936899185180664,-23.95210075378418,-10.900699615478516,-10.396300315856934,-10.18690013885498,-9.877099990844727,-8.542900085449219,0.44020000100135803,0.5246999859809875,7.371600151062012,6.573299884796143,5.0945000648498535,3.426800012588501,1.673799991607666,-10.900699615478516,-10.396300315856934,-10.18690013885498,-9.877099990844727,-8.542900085449219,-0.22949999570846558,-0.3578999936580658,-0.3723999857902527,-0.423799991607666,-0.8187999725341797,-30.731399536132812,-29.305400848388672,-28.771299362182617,-27.936899185180664,-23.95210075378418,54.8385009765625,169.3748016357422,196.91700744628906,225.50869750976562,324.00421142578125,4.291500091552734,-0.2734000086784363,0.30709999799728394,0.30709999799728394
11,174.9427947998047,153.00149536132812,25.69580078125,0.0,0.0,0.0066999997943639755,0.0,0.337799996137619,174.9427947998047,17.013200759887695,79.22540283203125,1584.50830078125,0.34450000524520874,79.25450134277344,79.25450134277344,158.50900268554688,79.22540283203125,79.21099853515625,396.05499267578125,79.20320129394531,79.19270324707031,475.15618896484375,79.18099975585938,79.1760025024414,554.231689453125,79.15450286865234,79.14669799804688,791.4669189453125,17.00819969177246,17.00819969177246,34.01639938354492,17.331100463867188,17.40329933166504,87.01640319824219,17.5,17.447500228881836,104.685302734375,17.331100463867188,17.43090057373047,122.01640319824219,17.331100463867188,17.33930015563965,173.3927001953125,174.9427947998047,174.9427947998047,349.8857116699219,174.8939971923828,174.88429260253906,874.4213256835938,174.86929321289062,174.87770080566406,1049.2659912109375,174.8939971923828,174.8800048828125,1224.1600341796875,174.91839599609375,175.1197967529297,1751.1976318359375,0.0,0.0,0.0,0.0,0.06620000302791595,0.3310999870300293,0.0,0.11150000244379044,0.6689000129699707,0.0,0.19020000100135803,1.3310999870300293,0.1656000018119812,0.20000000298023224,2.0,0.40299999713897705,0.40299999713897705,0.8059999942779541,0.337799996137619,0.3612000048160553,1.805999994277954,0.337799996137619,0.3573000133037567,2.1438000202178955,0.337799996137619,0.35359999537467957,2.474900007247925,0.337799996137619,0.513700008392334,5.1371002197265625,0.1656000018119812,0.1656000018119812,0.3310999870300293,0.3310999870300293,0.2937000095844269,1.4682999849319458,0.3343999981880188,0.32429999113082886,1.9459999799728394,0.337799996137619,0.3837999999523163,2.686300039291382,0.4729999899864197,0.8651000261306763,8.65060043334961,0.737500011920929,0.737500011920929,1.4749000072479248,0.675599992275238,0.7886000275611877,3.94320011138916,0.902999997138977,0.849399983882904,5.096399784088135,1.1304999589920044,1.0230000019073486,7.161300182342529,1.1418999433517456,2.3503000736236572,23.503299713134766,9.990099906921387,-0.7206000089645386,-7.3018999099731445,-3.539400100708008,-0.7156000137329102,-1.1104999780654907,-1.1547000408172607,-1.1380000114440918,-1.0461000204086304,-7.303299903869629,-7.246699810028076,-7.239999771118164,-7.242499828338623,-7.485400199890137,-3.569000005722046,-3.526400089263916,-3.507999897003174,-3.491300106048584,-3.462899923324585,0.0348999984562397,0.3082999885082245,9.597000122070312,9.542900085449219,9.481499671936035,9.307299613952637,7.982800006866455,-3.569000005722046,-3.526400089263916,-3.507999897003174,-3.491300106048584,-3.462899923324585,-0.7156000137329102,-1.1104999780654907,-1.1547000408172607,-1.1380000114440918,-1.0461000204086304,-7.303299903869629,-7.246699810028076,-7.239999771118164,-7.242499828338623,-7.485400199890137,70.61180114746094,154.21859741210938,183.55349731445312,229.18310546875,286.4789123535156,3.9704999923706055,0.04769999906420708,0.6299999952316284,0.6299999952316284
12,166.05709838867188,116.10440063476562,31.101600646972656,0.0,0.337799996137619,0.4683000147342682,0.0,0.0,166.05709838867188,17.69179916381836,73.87449645996094,1477.4891357421875,0.8059999942779541,73.89550018310547,73.89550018310547,147.79100036621094,74.07209777832031,74.02469635009766,370.1234130859375,74.0270004272461,74.0176010131836,444.10540771484375,73.98190307617188,74.01100158691406,518.076904296875,73.94400024414062,73.97779846191406,739.777587890625,17.69179916381836,17.69179916381836,35.38359832763672,18.18400001525879,18.2947998046875,91.47380065917969,18.440399169921875,18.413000106811523,110.47810363769531,18.696800231933594,18.46809959411621,129.27679443359375,18.64900016784668,18.534799575805664,185.3480987548828,166.01589965820312,166.01589965820312,332.03179931640625,165.97470092773438,165.79750061035156,828.9876098632812,165.8148956298828,165.6385955810547,993.831787109375,165.6551971435547,165.5135955810547,1158.5950927734375,165.08509826660156,165.21800231933594,1652.1795654296875,0.1688999980688095,0.1688999980688095,0.337799996137619,0.0066999997943639755,0.13510000705718994,0.6754999756813049,0.1655000001192093,0.16779999434947968,1.006700038909912,0.0066999997943639755,0.14380000531673431,1.006700038909912,0.0032999999821186066,0.1006999984383583,1.006700038909912,0.1656000018119812,0.1656000018119812,0.3310999870300293,0.3310999870300293,0.2662000060081482,1.3310999870300293,0.3310999870300293,0.27810001373291016,1.6689000129699707,0.3310999870300293,0.2856999933719635,2.0,0.3310999870300293,0.20000000298023224,2.0,0.0,0.0,0.0,0.3310999870300293,0.3100999891757965,1.5505000352859497,0.40209999680519104,0.3698999881744385,2.2193000316619873,0.4729999899864197,0.4117000102996826,2.8815999031066895,0.3343999981880188,0.35499998927116394,3.55049991607666,0.9682999849319458,0.9682999849319458,1.9364999532699585,1.4219000339508057,1.4098999500274658,7.049499988555908,1.4565000534057617,1.4530999660491943,8.718400001525879,1.4219000339508057,1.4347000122070312,10.042799949645996,1.2274999618530273,1.1394000053405762,11.393899917602539,7.703100204467773,0.32100000977516174,12.759499549865723,6.900400161743164,0.32120001316070557,-0.2809999883174896,-0.39899998903274536,-0.4537999927997589,-0.5195000171661377,12.8016996383667,13.02280044555664,13.182100296020508,13.30739974975586,13.602899551391602,6.879899978637695,6.750999927520752,6.757900238037109,6.764200210571289,6.796199798583984,0.066600002348423,0.12349999696016312,7.539400100708008,7.094399929046631,7.0507001876831055,7.068699836730957,7.362400054931641,6.879899978637695,6.750999927520752,6.757900238037109,6.764200210571289,6.796199798583984,0.32120001316070557,-0.2809999883174896,-0.39899998903274536,-0.4537999927997589,-0.5195000171661377,12.8016996383667,13.02280044555664,13.182100296020508,13.30739974975586,13.602899551391602,42.9718017578125,107.52030181884766,135.98680114746094,157.5634002685547,210.6676025390625,4.089000225067139,-0.014499999582767487,0.6057000160217285,0.6057000160217285
13,63.799198150634766,69.9114990234375,32.347801208496094,1.344499945640564,0.4683000147342682,0.7404000163078308,0.0,0.3310999870300293,82.5833969116211,17.888500213623047,44.90079879760742,898.0153198242188,2.884200096130371,44.823699951171875,44.823699951171875,89.64739990234375,44.90079879760742,44.930999755859375,224.6551971435547,44.902801513671875,45.03889846801758,270.2331848144531,44.90480041503906,45.249000549316406,316.7427978515625,45.45819854736328,45.89250183105469,458.9248046875,17.81730079650879,17.81730079650879,35.63460159301758,17.846200942993164,17.820899963378906,89.10459899902344,17.811899185180664,17.795000076293945,106.77010345458984,17.846200942993164,17.81679916381836,124.71759796142578,17.867399215698242,17.937599182128906,179.37570190429688,82.57340240478516,82.57340240478516,165.1468048095703,82.52639770507812,82.39720153808594,411.9862060546875,82.5448989868164,82.45429992675781,494.72601318359375,82.56340026855469,82.69599914550781,578.8720092773438,82.6615982055664,83.36699676513672,833.67041015625,0.6057999730110168,0.6057999730110168,1.2115999460220337,0.4636000096797943,0.4648999869823456,2.3243000507354736,0.4659000039100647,0.46619999408721924,2.797300100326538,0.4636000096797943,0.44690001010894775,3.1284000873565674,0.3312999904155731,0.31279999017715454,3.1284000873565674,0.4966999888420105,0.4966999888420105,0.9933000206947327,0.7493000030517578,0.7384999990463257,3.692500114440918,0.7508999705314636,0.789900004863739,4.73960018157959,0.7523999810218811,0.820900022983551,5.746300220489502,0.7508999705314636,0.8151999711990356,8.151900291442871,1.3378000259399414,1.3378000259399414,2.675600051879883,0.337799996137619,0.7350999712944031,3.675600051879883,0.5,0.7229999899864197,4.337800025939941,0.6621999740600586,0.7720000147819519,5.403900146484375,0.8640999794006348,0.8361999988555908,8.361900329589844,3.577500104904175,3.577500104904175,7.155099868774414,3.171600103378296,3.306299924850464,16.531400680541992,3.341900110244751,3.464200019836426,20.78510093688965,3.5120999813079834,3.5636000633239746,24.94499969482422,3.7246999740600586,3.621999979019165,36.219600677490234,8.136699676513672,-1.884600043296814,73.7582015991211,25.836299896240234,-1.8134000301361084,-1.817199945449829,-1.7913000583648682,-1.813099980354309,-1.9341000318527222,73.76640319824219,73.94170379638672,73.8844985961914,73.6427993774414,72.97149658203125,25.912599563598633,25.804800033569336,25.6968994140625,25.4867000579834,24.842899322509766,0.5253999829292297,0.17630000412464142,7.440800189971924,7.710700035095215,7.553100109100342,7.45389986038208,7.396599769592285,25.912599563598633,25.804800033569336,25.6968994140625,25.4867000579834,24.842899322509766,-1.8134000301361084,-1.817199945449829,-1.7913000583648682,-1.813099980354309,-1.9341000318527222,73.76640319824219,73.94170379638672,73.8844985961914,73.6427993774414,72.97149658203125,82.9729995727539,157.5634002685547,182.53799438476562,206.36680603027344,284.9679870605469,3.547800064086914,0.5863000154495239,0.8841999769210815,0.8841999769210815
14,181.0283966064453,154.0924072265625,28.23940086364746,1.0,0.337799996137619,0.0066999997943639755,0.337799996137619,0.0066999997943639755,181.0283966064453,16.54669952392578,82.39469909667969,1647.89404296875,1.6888999938964844,82.15299987792969,82.15299987792969,164.30599975585938,81.43329620361328,81.481201171875,407.406005859375,81.19830322265625,81.30780029296875,487.8468933105469,80.96330261230469,81.214599609375,568.502197265625,81.19830322265625,81.31490325927734,813.1488037109375,16.472700119018555,16.472700119018555,32.945499420166016,16.853599548339844,16.758499145507812,83.79239654541016,16.924999237060547,16.803600311279297,100.82170104980469,16.996400833129883,16.835899353027344,117.8510971069336,17.013099670410156,16.980899810791016,169.8090057373047,180.4029998779297,180.4029998779297,360.8059997558594,178.8865966796875,179.148193359375,895.7412109375,178.45660400390625,178.90159606933594,1073.4095458984375,178.53469848632812,178.8491973876953,1251.9443359375,178.89529418945312,179.32029724121094,1793.2027587890625,0.3343999981880188,0.3343999981880188,0.6689000129699707,0.0,0.13379999995231628,0.6689000129699707,0.0,0.11150000244379044,0.6689000129699707,0.0,0.1429000049829483,1.0,0.0066999997943639755,0.13439999520778656,1.344499945640564,0.3345000147819519,0.3345000147819519,0.6689000129699707,0.0066999997943639755,0.20270000398159027,1.0133999586105347,0.0066999997943639755,0.1688999980688095,1.0133999586105347,0.0066999997943639755,0.14480000734329224,1.0133999586105347,0.1688999980688095,0.2012999951839447,2.013400077819824,1.2071000337600708,1.2071000337600708,2.4142000675201416,1.414199948310852,1.3631999492645264,6.815899848937988,1.2071000337600708,1.292099952697754,7.752399921417236,1.0,1.215000033378601,8.504799842834473,1.357800006866455,1.3236000537872314,13.23550033569336,2.2137999534606934,2.2137999534606934,4.427599906921387,2.0120999813079834,2.1036999225616455,10.51830005645752,1.9757000207901,1.90910005569458,11.45479965209961,1.9393999576568604,1.791200041770935,12.538299560546875,2.0755999088287354,2.0945000648498535,20.944599151611328,11.152199745178223,1.0198999643325806,14.87440013885498,5.930500030517578,1.0937999486923218,0.8083999752998352,0.7634000182151794,0.7312999963760376,0.5867000222206116,15.501700401306152,16.76110076904297,17.009000778198242,17.062700271606445,16.592899322509766,6.172999858856201,6.84689998626709,7.020899772644043,7.114699840545654,7.015200138092041,0.4438999891281128,0.1800999939441681,10.627099990844727,10.743399620056152,10.940899848937988,11.061599731445312,10.765600204467773,6.172999858856201,6.84689998626709,7.020899772644043,7.114699840545654,7.015200138092041,1.0937999486923218,0.8083999752998352,0.7634000182151794,0.7312999963760376,0.5867000222206116,15.501700401306152,16.76110076904297,17.009000778198242,17.062700271606445,16.592899322509766,50.194801330566406,143.28500366210938,199.72520446777344,229.16920471191406,300.80279541015625,4.351200103759766,-0.25110000371932983,0.4674000144004822,0.4674000144004822
15,240.19020080566406,199.91250610351562,32.1156005859375,0.3310999870300293,0.0,0.0,0.7404000163078308,0.0,240.19020080566406,18.881200790405273,104.05599975585938,2081.119873046875,1.0714999437332153,104.02890014648438,104.02890014648438,208.05780029296875,103.88490295410156,103.89430236816406,519.4714965820312,103.94339752197266,103.93509674072266,623.6104125976562,104.00180053710938,104.0031967163086,728.0223999023438,104.09750366210938,104.10669708251953,1041.066650390625,18.881200790405273,18.881200790405273,37.76250076293945,18.881200790405273,18.925100326538086,94.62539672851562,18.881200790405273,18.95509910583496,113.73040008544922,18.881200790405273,18.944499969482422,132.61160278320312,18.881200790405273,18.814599990844727,188.14610290527344,240.02749633789062,240.02749633789062,480.05499267578125,239.5330047607422,239.64059448242188,1198.2030029296875,239.6988983154297,239.73219299316406,1438.39306640625,239.86480712890625,239.88259887695312,1679.17822265625,240.09820556640625,240.0301055908203,2400.30078125,0.1656000018119812,0.1656000018119812,0.3310999870300293,0.337799996137619,0.29499998688697815,1.4749000072479248,0.3343999981880188,0.3009999990463257,1.805999994277954,0.337799996137619,0.3249000012874603,2.2743000984191895,0.337799996137619,0.32199999690055847,3.2202999591827393,0.1656000018119812,0.1656000018119812,0.3310999870300293,0.3310999870300293,0.20000000298023224,1.0,0.3310999870300293,0.22190000116825104,1.3310999870300293,0.3310999870300293,0.2856999933719635,2.0,0.3310999870300293,0.30000001192092896,3.0,0.5401999950408936,0.5401999950408936,1.080399990081787,0.3310999870300293,0.3781999945640564,1.8911999464035034,0.40209999680519104,0.39480000734329224,2.3689000606536865,0.3310999870300293,0.385699987411499,2.700000047683716,0.3310999870300293,0.3043999969959259,3.0445001125335693,1.579300045967102,1.579300045967102,3.158600091934204,1.0714999437332153,1.2889000177383423,6.444300174713135,1.271299958229065,1.319200038909912,7.91540002822876,1.4709999561309814,1.455399990081787,10.187700271606445,1.635200023651123,1.5362000465393066,15.361599922180176,11.769599914550781,-1.3147000074386597,-44.28730010986328,-15.730799674987793,-1.3147000074386597,-1.358199954032898,-1.3880000114440918,-1.3773000240325928,-1.246999979019165,-44.122798919677734,-43.731201171875,-43.82149887084961,-43.970699310302734,-44.11690139770508,-15.702899932861328,-15.566200256347656,-15.606300354003906,-15.67389965057373,-15.776599884033203,0.11190000176429749,0.08749999850988388,11.26159954071045,11.558199882507324,11.530799865722656,11.39739990234375,11.32390022277832,-15.702899932861328,-15.566200256347656,-15.606300354003906,-15.67389965057373,-15.776599884033203,-1.3147000074386597,-1.358199954032898,-1.3880000114440918,-1.3773000240325928,-1.246999979019165,-44.122798919677734,-43.731201171875,-43.82149887084961,-43.970699310302734,-44.11690139770508,57.295799255371094,93.01470184326172,143.1488037109375,178.77780151367188,264.902099609375,3.5192999839782715,0.5807999968528748,0.8745999932289124,0.8745999932289124
16,204.44009399414062,159.3267059326172,31.20639991760254,2.4321000576019287,0.337799996137619,0.3312000036239624,0.6621999740600586,0.6621999740600586,204.44020080566406,16.999799728393555,90.38089752197266,1807.618408203125,4.42549991607666,90.497802734375,90.497802734375,180.99560546875,90.39340209960938,90.44200134277344,452.2099914550781,90.38719940185547,90.4124984741211,542.4747924804688,90.38089752197266,90.3917007446289,632.7415771484375,90.37640380859375,90.3270034790039,903.269775390625,17.161500930786133,17.161500930786133,34.32310104370117,16.93670082092285,16.906299591064453,84.53150177001953,16.840700149536133,16.8794002532959,101.27619934082031,16.813800811767578,16.8700008392334,118.08999633789062,16.87529945373535,16.918800354003906,169.18809509277344,204.41070556640625,204.41070556640625,408.8214111328125,203.8408966064453,203.3769073486328,1016.8847045898438,203.3032989501953,202.9243927001953,1217.546142578125,202.7657928466797,202.5596923828125,1417.918212890625,201.0590057373047,201.818603515625,2018.185546875,0.3343999981880188,0.3343999981880188,0.6689000129699707,0.337799996137619,0.4000000059604645,2.0,0.337799996137619,0.38960000872612,2.3378000259399414,0.337799996137619,0.3813000023365021,2.6689000129699707,0.3310999870300293,0.30000001192092896,3.0,0.6656000018119812,0.6656000018119812,1.3310999870300293,0.6689000129699707,0.6155999898910522,3.078200101852417,0.6656000018119812,0.5681999921798706,3.40939998626709,0.6621999740600586,0.4871000051498413,3.40939998626709,0.6656000018119812,0.6000999808311462,6.001100063323975,2.620800018310547,2.620800018310547,5.241600036621094,2.361999988555908,2.3315999507904053,11.65820026397705,2.1979000568389893,2.1196000576019287,12.717900276184082,2.033799886703491,1.9229999780654907,13.461299896240234,2.1979000568389893,2.239300012588501,22.393199920654297,5.015900135040283,5.015900135040283,10.031800270080566,5.527299880981445,5.098100185394287,25.4906005859375,4.976399898529053,4.53879976272583,27.23270034790039,4.42549991607666,4.043900012969971,28.307199478149414,4.893899917602539,4.504899978637695,45.04859924316406,8.415499687194824,0.5666999816894531,-8.537300109863281,-2.0557000637054443,0.4050000011920929,0.6606000065803528,0.6876999735832214,0.6972000002861023,0.6488000154495239,-8.505999565124512,-7.467599868774414,-7.013700008392334,-6.647900104522705,-5.905399799346924,-2.171799898147583,-2.1138999462127686,-2.083699941635132,-2.062299966812134,-1.996899962425232,0.6485999822616577,0.4514000117778778,7.824999809265137,7.749000072479248,8.311200141906738,8.808899879455566,8.355199813842773,-2.171799898147583,-2.1138999462127686,-2.083699941635132,-2.062299966812134,-1.996899962425232,0.4050000011920929,0.6606000065803528,0.6876999735832214,0.6972000002861023,0.6488000154495239,-8.505999565124512,-7.467599868774414,-7.013700008392334,-6.647900104522705,-5.905399799346924,60.14139938354492,174.31399536132812,205.1475067138672,232.10159301757812,319.31201171875,4.535299777984619,-0.4352000057697296,0.25450000166893005,0.25450000166893005
17,178.2196044921875,121.10330200195312,36.40620040893555,0.7404000163078308,0.0,0.6689000129699707,0.6689000129699707,0.6689000129699707,178.2196044921875,18.49090003967285,79.98670196533203,1599.7333984375,2.7471001148223877,80.11380004882812,80.11380004882812,160.22760009765625,79.98670196533203,79.73760223388672,398.68780517578125,79.94049835205078,79.24610137939453,475.4765930175781,79.89430236816406,78.72650146484375,551.085693359375,77.55789947509766,77.51280212402344,775.12841796875,18.48900032043457,18.48900032043457,36.97800064086914,18.487199783325195,18.382699966430664,91.91339874267578,18.398500442504883,18.23579978942871,109.41449737548828,18.309799194335938,17.988399505615234,125.91889953613281,17.819799423217773,17.34749984741211,173.47540283203125,178.53689575195312,178.53689575195312,357.07379150390625,178.2196044921875,177.61279296875,888.0637817382812,178.0417022705078,176.41720581054688,1058.5029296875,177.86380004882812,175.1417999267578,1225.992919921875,172.3524932861328,171.97039794921875,1719.70361328125,0.0,0.0,0.0,0.0,0.0,0.0,0.0,0.0,0.0,0.0,0.0,0.0,0.0,0.03310000151395798,0.3310999870300293,0.6656000018119812,0.6656000018119812,1.3310999870300293,0.4729999899864197,0.5230000019073486,2.6149001121520996,0.4729999899864197,0.4357999861240387,2.6149001121520996,0.4729999899864197,0.42179998755455017,2.9526000022888184,0.5676000118255615,0.6606000065803528,6.606299877166748,0.3749000132083893,0.3749000132083893,0.7498000264167786,1.0,1.9917000532150269,9.958499908447266,2.36080002784729,2.44569993019104,14.674200057983398,3.4356000423431396,2.587100028991699,18.109800338745117,2.078900098800659,2.4065001010894775,24.065500259399414,2.4137001037597656,2.4137001037597656,4.827300071716309,2.7471001148223877,3.9755001068115234,19.877300262451172,3.899899959564209,4.731100082397461,28.38640022277832,5.052599906921387,5.045100212097168,35.31570053100586,5.991000175476074,5.480199813842773,54.80220031738281,10.093999862670898,-0.9243999719619751,17.68320083618164,8.338500022888184,-0.9223999977111816,-0.8158000111579895,-0.6686999797821045,-0.4212000072002411,0.22010000050067902,17.367799758911133,18.296600341796875,19.493499755859375,20.770000457763672,23.942800521850586,8.212200164794922,8.59060001373291,9.082599639892578,9.602800369262695,10.81719970703125,0.3788999915122986,0.4634000062942505,10.427200317382812,8.871600151062012,8.118900299072266,7.807700157165527,7.379799842834473,8.212200164794922,8.59060001373291,9.082599639892578,9.602800369262695,10.81719970703125,-0.9223999977111816,-0.8158000111579895,-0.6686999797821045,-0.4212000072002411,0.22010000050067902,17.367799758911133,18.296600341796875,19.493499755859375,20.770000457763672,23.942800521850586,28.647899627685547,133.17970275878906,164.72540283203125,200.5352020263672,310.8988037109375,4.096799850463867,0.0032999999821186066,0.6686999797821045,0.6686999797821045
18,373.0564880371094,10.63010025024414,4.0543999671936035,0.0,0.0,0.6621999740600586,0.0,0.0,408.4411926269531,4.0543999671936035,205.81179809570312,4116.2353515625,0.6621999740600586,205.84539794921875,205.84539794921875,411.6907958984375,206.15020751953125,206.2617950439453,1031.3087158203125,206.3372039794922,206.3686065673828,1238.211669921875,206.15020751953125,205.77020263671875,1440.391357421875,205.84539794921875,203.44720458984375,2034.4715576171875,4.027200222015381,4.027200222015381,8.054400444030762,5.192599773406982,6.493800163269043,32.46900177001953,6.636099815368652,7.310500144958496,43.86309814453125,8.079700469970703,7.503499984741211,52.52429962158203,6.484399795532227,7.0868000984191895,70.86759948730469,408.4411926269531,408.4411926269531,816.8825073242188,408.8023986816406,408.9530944824219,2044.765380859375,409.0486145019531,409.091796875,2454.551025390625,409.2947082519531,409.12078857421875,2863.845703125,408.9909973144531,409.06298828125,4090.6298828125,0.0,0.0,0.0,0.3310999870300293,0.20000000298023224,1.0,0.1656000018119812,0.16670000553131104,1.0,0.0,0.1429000049829483,1.0,0.1656000018119812,0.16689999401569366,1.6689000129699707,0.0,0.0,0.0,0.0,0.0,0.0,0.0,6.285399913787842,37.712398529052734,0.0,10.88379955291748,76.18669891357422,18.856199264526367,19.00860023498535,190.08580017089844,0.0,0.0,0.0,0.0,0.0,0.0,0.0,0.0,0.0,0.0,0.0,0.0,0.0,0.0,0.0,1.9866000413894653,1.9866000413894653,3.9732000827789307,3.311000108718872,2.466200113296509,12.331100463867188,3.6487998962402344,8.838299751281738,53.03010177612305,3.986599922180176,13.510000228881836,94.56999969482422,21.917999267578125,21.4601993560791,214.60169982910156,11.574799537658691,9.590399742126465,-220.3551025390625,-114.62000274658203,9.61769962310791,7.151299953460693,6.334700107574463,6.1417999267578125,6.558899879455566,-220.3594970703125,-220.87730407714844,-221.01739501953125,-221.04730224609375,-220.99139404296875,-114.65550231933594,-115.0739974975586,-115.18119812011719,-114.58290100097656,-112.25990295410156,0.11259999871253967,0.07530000060796738,10.248100280761719,9.769000053405762,3.397200107574463,-1.2740999460220337,-9.220399856567383,-114.65550231933594,-115.0739974975586,-115.18119812011719,-114.58290100097656,-112.25990295410156,9.61769962310791,7.151299953460693,6.334700107574463,6.1417999267578125,6.558899879455566,-220.3594970703125,-220.87730407714844,-221.01739501953125,-221.04730224609375,-220.99139404296875,0.0,0.0,0.0,0.0,0.0,1.350000023841858,1.9671000242233276,0.9038000106811523,0.9038000106811523
19,176.89889526367188,151.39059448242188,28.098499298095703,0.3310999870300293,0.3310999870300293,0.0,0.4683000147342682,0.0066999997943639755,176.89889526367188,15.887999534606934,81.0708999633789,1621.418212890625,1.1371999979019165,81.03890228271484,81.03890228271484,162.0778045654297,81.00679779052734,81.01309967041016,405.0653076171875,81.0156021118164,81.01490020751953,486.089599609375,81.00679779052734,81.00879669189453,567.0618286132812,80.96900177001953,80.98169708251953,809.8165893554688,15.758199691772461,15.758199691772461,31.516399383544922,15.621899604797363,15.59939956665039,77.99700164794922,15.594499588012695,15.593999862670898,93.56410217285156,15.621899604797363,15.628600120544434,109.3998031616211,15.732099533081055,15.763099670410156,157.63119506835938,176.89889526367188,176.89889526367188,353.79779052734375,176.94500732421875,176.9947967529297,884.973876953125,176.9488067626953,177.03329467773438,1062.1998291015625,176.95269775390625,177.06080627441406,1239.4256591796875,177.22579956054688,177.1103057861328,1771.1031494140625,0.3310999870300293,0.3310999870300293,0.6622999906539917,0.3310999870300293,0.2667999863624573,1.3339999914169312,0.3310999870300293,0.2222999930381775,1.3339999914169312,0.3310999870300293,0.19059999287128448,1.3339999914169312,0.004699999932199717,0.13339999318122864,1.3339999914169312,0.1688999980688095,0.1688999980688095,0.337799996137619,0.0066999997943639755,0.13379999995231628,0.6689000129699707,0.1688999980688095,0.16779999434947968,1.006700038909912,0.3310999870300293,0.19110000133514404,1.3378000259399414,0.3310999870300293,0.2337999939918518,2.3378000259399414,0.1656000018119812,0.1656000018119812,0.3310999870300293,0.0,0.06620000302791595,0.3310999870300293,0.0,0.0551999993622303,0.3310999870300293,0.0,0.04729999974370003,0.3310999870300293,0.0,0.03310000151395798,0.3310999870300293,1.2342000007629395,1.2342000007629395,2.4683001041412354,1.1371999979019165,1.1217000484466553,5.608399868011475,1.2342000007629395,1.170199990272522,7.021399974822998,1.1371999979019165,1.145900011062622,8.021400451660156,1.1304999589920044,1.1159000396728516,11.158599853515625,9.764100074768066,1.252500057220459,-7.994999885559082,-4.448500156402588,1.3825000524520874,1.5418000221252441,1.5473999977111816,1.513100028038025,1.3791999816894531,-7.984899997711182,-8.050299644470215,-8.079099655151367,-8.097100257873535,-8.12030029296875,-4.412300109863281,-4.373799800872803,-4.371699810028076,-4.361700057983398,-4.323599815368652,0.1265999972820282,0.20890000462532043,9.66670036315918,9.77869987487793,9.729999542236328,9.754199981689453,9.784199714660645,-4.412300109863281,-4.373799800872803,-4.371699810028076,-4.361700057983398,-4.323599815368652,1.3825000524520874,1.5418000221252441,1.5473999977111816,1.513100028038025,1.3791999816894531,-7.984899997711182,-8.050299644470215,-8.079099655151367,-8.097100257873535,-8.12030029296875,71.61969757080078,176.0789031982422,214.8592071533203,257.6506042480469,372.422607421875,4.208700180053711,-0.1695999950170517,0.4377000033855438,0.4377000033855438
20,157.0601043701172,125.05860137939453,28.7947998046875,20.336000442504883,2.9914000034332275,11.727999687194824,13.7253999710083,9.0447998046875,157.0601043701172,17.304000854492188,72.2125015258789,1444.2491455078125,57.825599670410156,71.95040130615234,71.95040130615234,143.9008026123047,74.27420043945312,75.11299896240234,375.565185546875,75.78900146484375,76.02140045166016,456.1283874511719,77.30390167236328,76.68409729003906,536.7886962890625,80.07540130615234,77.76339721679688,777.6339721679688,16.632699966430664,16.632699966430664,33.26530075073242,15.458399772644043,15.759099960327148,78.79570007324219,15.329700469970703,15.644800186157227,93.86900329589844,15.201000213623047,15.550299644470215,108.85240173339844,15.230899810791016,15.47760009765625,154.7761993408203,157.27549743652344,157.27549743652344,314.5509948730469,166.51980590820312,168.17970275878906,840.8984985351562,171.2552032470703,170.92930603027344,1025.5760498046875,175.99049377441406,172.90890502929688,1210.3619384765625,183.30880737304688,176.13400268554688,1761.340576171875,2.70740008354187,2.70740008354187,5.414700031280518,1.0,1.4154000282287598,7.077000141143799,0.6689000129699707,1.23580002784729,7.414700031280518,0.337799996137619,1.1065000295639038,7.745800018310547,0.3343999981880188,0.8414999842643738,8.41469955444336,8.471199989318848,8.471199989318848,16.942399978637695,4.30079984664917,5.007199764251709,25.03619956970215,3.6767001152038574,4.298600196838379,25.791500091552734,3.0525999069213867,3.790299892425537,26.53190040588379,1.8918999433517456,3.1510000228881836,31.50950050354004,19.119800567626953,19.119800567626953,38.239601135253906,13.179300308227539,12.095499992370605,60.477699279785156,10.742899894714355,10.156900405883789,60.94129943847656,8.306500434875488,8.8125,61.687599182128906,1.1689000129699707,6.477200031280518,64.77179718017578,53.137901306152344,53.137901306152344,106.27580261230469,30.097999572753906,31.334999084472656,156.6750946044922,23.76420021057129,26.429399490356445,158.57620239257812,17.430400848388672,22.961700439453125,160.73190307617188,6.199699878692627,17.614299774169922,176.1428985595703,-45.592498779296875,-1.9882999658584595,-8.26550006866455,-4.584499835968018,-1.3167999982833862,-0.44279998540878296,-0.32829999923706055,-0.23360000550746918,-0.16019999980926514,-8.478899955749512,-19.37969970703125,-22.12969970703125,-24.109899520874023,-27.337900161743164,-4.321599960327148,-7.482600212097168,-8.390999794006348,-9.053799629211426,-10.133899688720703,0.984000027179718,0.9556000232696533,-40.90489959716797,-19.10379981994629,-14.198100090026855,-10.73009967803955,-5.381700038909912,-4.321599960327148,-7.482600212097168,-8.390999794006348,-9.053799629211426,-10.133899688720703,-1.3167999982833862,-0.44279998540878296,-0.32829999923706055,-0.23360000550746918,-0.16019999980926514,-8.478899955749512,-19.37969970703125,-22.12969970703125,-24.109899520874023,-27.337900161743164,56.35060119628906,129.5843048095703,143.908203125,176.74749755859375,263.1007080078125,4.730999946594238,-0.6093000173568726,0.03500000014901161,0.03500000014901161
21,146.28289794921875,113.60810089111328,30.050399780273438,2.3601999282836914,0.4729999899864197,0.337799996137619,1.2050000429153442,0.4683000147342682,146.28289794921875,15.468999862670898,66.09439849853516,1321.88818359375,4.844200134277344,65.4552993774414,65.4552993774414,130.9105987548828,66.09439849853516,66.3386001586914,331.69281005859375,66.4811019897461,67.30960083007812,403.8576965332031,66.8677978515625,67.99939727783203,475.9960021972656,70.07520294189453,68.93329620361328,689.3330078125,15.367600440979004,15.367600440979004,30.735200881958008,15.350899696350098,15.358499526977539,76.7927017211914,15.308500289916992,15.295999526977539,91.7761001586914,15.266200065612793,15.210700035095215,106.47489929199219,15.172499656677246,15.085800170898438,150.85760498046875,144.88290405273438,144.88290405273438,289.7658996582031,146.28289794921875,147.27850341796875,736.3927001953125,147.52699279785156,149.63209533691406,897.7927856445312,148.7711944580078,151.31329345703125,1059.1929931640625,156.6363983154297,153.72430419921875,1537.2432861328125,0.23980000615119934,0.23980000615119934,0.4796999990940094,0.3244999945163727,0.2563999891281128,1.2819000482559204,0.3278000056743622,0.2687999904155731,1.6130000352859497,0.3310999870300293,0.27869999408721924,1.9507999420166016,0.3278000056743622,0.2282000035047531,2.281899929046631,0.23409999907016754,0.23409999907016754,0.4683000147342682,0.0,0.1598999947309494,0.7993999719619751,0.1656000018119812,0.18950000405311584,1.1371999979019165,0.3310999870300293,0.20980000495910645,1.4682999849319458,0.1688999980688095,0.18129999935626984,1.8128000497817993,1.7036000490188599,1.7036000490188599,3.4072000980377197,6.555500030517578,4.641200065612793,23.206199645996094,4.457900047302246,3.9228999614715576,23.53730010986328,2.3601999282836914,3.5525999069213867,24.86840057373047,2.197499990463257,3.0311999320983887,30.311500549316406,3.280100107192993,3.280100107192993,6.560100078582764,8.56309986114502,6.578499794006348,32.892601013183594,6.70359992980957,5.648799896240234,33.892601013183594,4.844200134277344,5.23330020904541,36.632999420166016,3.614799976348877,4.538400173187256,45.384498596191406,7.388999938964844,-0.15330000221729279,2.511699914932251,1.5335999727249146,-0.05169999971985817,-0.0421999990940094,0.020600000396370888,0.10610000044107437,0.23160000145435333,3.9137001037597656,1.521399974822998,-0.8324999809265137,-2.5143001079559326,-4.928199768066406,2.1735000610351562,1.2919000387191772,0.3208000063896179,-0.3691999912261963,-1.3037999868392944,0.5997999906539917,0.36899998784065247,8.95300006866455,5.652699947357178,6.582499980926514,6.998300075531006,7.6940999031066895,2.1735000610351562,1.2919000387191772,0.3208000063896179,-0.3691999912261963,-1.3037999868392944,-0.05169999971985817,-0.0421999990940094,0.020600000396370888,0.10610000044107437,0.23160000145435333,3.9137001037597656,1.521399974822998,-0.8324999809265137,-2.5143001079559326,-4.928199768066406,36.50270080566406,136.82899475097656,164.02389526367188,194.15809631347656,266.5284118652344,3.836400032043457,0.28540000319480896,0.7936000227928162,0.7936000227928162
22,146.4965057373047,107.71949768066406,29.520999908447266,5.682300090789795,0.0,3.024899959564209,3.7095999717712402,3.397599935531616,146.4965057373047,15.732000350952148,65.9541015625,1319.081298828125,15.814299583435059,65.41629791259766,65.41629791259766,130.83270263671875,63.77790069580078,64.2925033569336,321.46270751953125,63.711299896240234,64.18460083007812,385.1073913574219,63.77790069580078,64.15779876708984,449.10430908203125,63.78229904174805,64.04750061035156,640.4754028320312,15.86769962310791,15.86769962310791,31.73539924621582,15.732000350952148,15.879500389099121,79.39759826660156,15.86769962310791,15.955900192260742,95.73539733886719,16.003400802612305,16.10409927368164,112.72879791259766,16.331100463867188,16.240100860595703,162.40089416503906,144.74630737304688,144.74630737304688,289.4927062988281,140.23089599609375,141.48179626464844,707.4089965820312,139.55589294433594,141.01930236816406,846.1157836914062,139.05099487304688,140.73809814453125,985.1666870117188,139.19219970703125,140.2993927001953,1402.994140625,0.0,0.0,0.0,0.0,0.16120000183582306,0.8061000108718872,0.1656000018119812,0.18950000405311584,1.1373000144958496,0.3310999870300293,0.20980000495910645,1.468400001525879,0.3310999870300293,0.21369999647140503,2.1373000144958496,2.712399959564209,2.712399959564209,5.424799919128418,1.4867000579833984,1.8696000576019287,9.347999572753906,1.4349000453948975,1.7236000299453735,10.341400146484375,1.3831000328063965,1.618299961090088,11.32800006866455,1.4349000453948975,1.8056000471115112,18.056400299072266,5.1722002029418945,5.1722002029418945,10.344499588012695,2.0271999835968018,2.69950008392334,13.4975004196167,1.3446999788284302,2.3276000022888184,13.965800285339355,0.6621999740600586,1.9960999488830566,13.97249984741211,1.059000015258789,2.2734999656677246,22.734600067138672,13.025099754333496,13.025099754333496,26.050199508666992,4.9359002113342285,8.03950023651123,40.19729995727539,4.8628997802734375,7.3755998611450195,44.25389862060547,4.789899826049805,6.777299880981445,47.441001892089844,4.8628997802734375,7.702899932861328,77.02860260009766,-4.4405999183654785,-1.406999945640564,9.971599578857422,4.29580020904541,-1.5426000356674194,-1.5540000200271606,-1.6303000450134277,-1.7783000469207764,-1.9138000011444092,11.722200393676758,14.985699653625488,15.44729995727539,15.72760009765625,16.1658992767334,4.833899974822998,5.957799911499023,6.0655999183654785,6.092199802398682,6.2027997970581055,0.8590999841690063,0.8220999836921692,-1.6516000032424927,3.338399887084961,4.003499984741211,4.60260009765625,3.6784000396728516,4.833899974822998,5.957799911499023,6.0655999183654785,6.092199802398682,6.2027997970581055,-1.5426000356674194,-1.5540000200271606,-1.6303000450134277,-1.7783000469207764,-1.9138000011444092,11.722200393676758,14.985699653625488,15.44729995727539,15.72760009765625,16.1658992767334,54.62620162963867,136.07730102539062,157.5634002685547,186.2113037109375,275.0828857421875,4.170899868011475,-0.4228000044822693,0.3319000005722046,0.3319000005722046
23,149.6324005126953,139.92860412597656,25.015600204467773,3.044800043106079,0.4729999899864197,1.670199990272522,1.0470999479293823,1.0,153.3686065673828,13.501500129699707,70.97899627685547,1419.57958984375,7.235099792480469,71.02580261230469,71.02580261230469,142.05160522460938,71.07260131835938,71.15149688720703,355.75750732421875,71.08070373535156,71.30970001220703,427.85809326171875,71.08889770507812,71.54900360107422,500.84320068359375,71.831298828125,72.31449890136719,723.1445922851562,13.410200119018555,13.410200119018555,26.820499420166016,13.318900108337402,13.206600189208984,66.033203125,13.410200119018555,13.31879997253418,79.91259765625,13.407400131225586,13.331399917602539,93.31999969482422,13.454500198364258,13.420299530029297,134.20350646972656,153.6907958984375,153.6907958984375,307.381591796875,154.54339599609375,154.39830017089844,771.9913940429688,154.606201171875,154.7111053466797,928.2664184570312,154.66900634765625,155.2353057861328,1086.64697265625,155.83619689941406,157.39979553222656,1573.9984130859375,0.40209999680519104,0.40209999680519104,0.804099977016449,0.0,0.1607999950647354,0.804099977016449,0.1656000018119812,0.21209999918937683,1.2724000215530396,0.3310999870300293,0.25,1.750100016593933,0.1688999980688095,0.2094999998807907,2.0945000648498535,0.8343999981880188,0.8343999981880188,1.6689000129699707,1.0470999479293823,1.1761000156402588,5.880300045013428,1.1223000288009644,1.1796000003814697,7.0777997970581055,1.1974999904632568,1.392899990081787,9.75059986114502,1.3451000452041626,1.676300048828125,16.763099670410156,3.024899959564209,3.024899959564209,6.049699783325195,2.119499921798706,2.3773999214172363,11.887100219726562,2.3945000171661377,2.426100015640259,14.556599617004395,2.6693999767303467,2.5683999061584473,17.97909927368164,2.6417999267578125,2.663300037384033,26.633399963378906,6.533699989318848,6.533699989318848,13.067500114440918,7.054200172424316,6.842400074005127,34.212100982666016,7.144599914550781,7.177599906921387,43.06570053100586,7.235099792480469,7.870200157165527,55.09159851074219,8.1427001953125,9.237700462341309,92.37660217285156,4.9980998039245605,1.8142000436782837,-4.573999881744385,-3.3510000705718994,1.9055999517440796,2.1096999645233154,1.9977999925613403,1.9852999448776245,1.8969999551773071,-4.894199848175049,-5.598299980163574,-5.911499977111816,-6.436299800872803,-8.603699684143066,-3.396899938583374,-3.5209999084472656,-3.67930006980896,-3.9186999797821045,-4.684999942779541,0.6561999917030334,0.5231000185012817,5.6992998123168945,5.388800144195557,5.053699970245361,4.361299991607666,2.9948999881744385,-3.396899938583374,-3.5209999084472656,-3.67930006980896,-3.9186999797821045,-4.684999942779541,1.9055999517440796,2.1096999645233154,1.9977999925613403,1.9852999448776245,1.8969999551773071,-4.894199848175049,-5.598299980163574,-5.911499977111816,-6.436299800872803,-8.603699684143066,67.12519836425781,126.66539764404297,155.31329345703125,183.96119689941406,284.2287902832031,3.7428998947143555,0.3788999915122986,0.828000009059906,0.828000009059906
24,103.90499877929688,86.9990005493164,24.844600677490234,0.0,0.7493000030517578,0.32440000772476196,0.337799996137619,0.3310999870300293,103.90499877929688,14.47659969329834,51.915000915527344,1038.3001708984375,1.7425999641418457,51.81610107421875,51.81610107421875,103.6322021484375,51.62590026855469,51.692298889160156,258.4613037109375,51.61690139770508,51.668399810791016,310.0107116699219,51.6078987121582,51.64720153808594,361.5304870605469,51.58470153808594,51.609798431396484,516.0980224609375,14.473299980163574,14.473299980163574,28.94659996032715,14.470000267028809,14.416899681091309,72.08429718017578,14.473299980163574,14.513999938964844,87.08429718017578,14.47659969329834,14.583999633789062,102.08789825439453,14.826600074768066,14.711700439453125,147.11680603027344,103.71489715576172,103.71489715576172,207.42979431152344,103.48650360107422,103.36250305175781,516.8123168945312,103.30719757080078,103.22660064697266,619.359619140625,103.12799835205078,103.20330047607422,722.4234008789062,103.48570251464844,103.3489990234375,1033.490478515625,0.7057999968528748,0.7057999968528748,1.4115999937057495,0.6621999740600586,0.816100001335144,4.08050012588501,0.7057999968528748,1.0771000385284424,6.462399959564209,0.7493000030517578,1.2108999490737915,8.476499557495117,1.1689000129699707,1.2807999849319458,12.807600021362305,0.3343999981880188,0.3343999981880188,0.6689000129699707,0.3310999870300293,0.26759999990463257,1.3378000259399414,0.3310999870300293,0.22300000488758087,1.3378000259399414,0.3310999870300293,0.19110000133514404,1.3378000259399414,0.3343999981880188,0.33379998803138733,3.3378000259399414,0.0,0.0,0.0,0.4683000147342682,0.28279998898506165,1.414199948310852,0.23409999907016754,0.23569999635219574,1.414199948310852,0.0,0.20200000703334808,1.414199948310852,0.23409999907016754,0.3361000120639801,3.3613998889923096,1.7024999856948853,1.7024999856948853,3.404900074005127,2.166599988937378,2.38070011138916,11.903300285339355,2.1905999183654785,2.4911999702453613,14.947500228881836,2.2146999835968018,2.5195999145507812,17.636999130249023,2.7083001136779785,2.8814001083374023,28.81369972229004,9.631099700927734,-0.15160000324249268,52.5630989074707,18.334800720214844,-0.14820000529289246,-0.09139999747276306,-0.188400000333786,-0.2581999897956848,-0.3853999972343445,52.75360107421875,53.10499954223633,53.2400016784668,53.26240158081055,53.11629867553711,18.434099197387695,18.5580997467041,18.58169937133789,18.602800369262695,18.640600204467773,0.02669999934732914,0.15639999508857727,9.671099662780762,8.997200012207031,8.887900352478027,8.860300064086914,8.499899864196777,18.434099197387695,18.5580997467041,18.58169937133789,18.602800369262695,18.640600204467773,-0.14820000529289246,-0.09139999747276306,-0.188400000333786,-0.2581999897956848,-0.3853999972343445,52.75360107421875,53.10499954223633,53.2400016784668,53.26240158081055,53.11629867553711,71.80380249023438,140.9949951171875,166.52529907226562,186.2113037109375,257.83099365234375,3.553100109100342,0.19509999454021454,0.676800012588501,0.676800012588501
25,99.86270141601562,90.86730194091797,28.814699172973633,1.6796000003814697,0.337799996137619,1.0577000379562378,1.0597000122070312,0.6621999740600586,106.1500015258789,15.28849983215332,51.144901275634766,1022.89697265625,4.796999931335449,51.13719940185547,51.13719940185547,102.27439880371094,51.129600524902344,51.131099700927734,255.6553955078125,51.117401123046875,51.126800537109375,306.7605895996094,51.129600524902344,51.219398498535156,358.5361022949219,51.0984001159668,46.606300354003906,466.06280517578125,14.981300354003906,14.981300354003906,29.96269989013672,14.619099617004395,14.643500328063965,73.21739959716797,14.468500137329102,14.589200019836426,87.53520202636719,14.619099617004395,14.636699676513672,102.45659637451172,14.797800064086914,14.81820011138916,148.1822052001953,106.20379638671875,106.20379638671875,212.4075927734375,106.1500015258789,105.95130157470703,529.7564086914062,105.9478988647461,105.7645034790039,634.5869140625,105.74579620361328,105.75849914550781,740.3092041015625,105.53230285644531,94.23650360107422,942.3646850585938,0.1688999980688095,0.1688999980688095,0.337799996137619,0.337799996137619,0.40139999985694885,2.0067999362945557,0.40540000796318054,0.4133000075817108,2.4797000885009766,0.4729999899864197,4.382599830627441,30.6781005859375,0.6689000129699707,9.10669994354248,91.06729888916016,0.4966999888420105,0.4966999888420105,0.9933000206947327,0.337799996137619,0.46619999408721924,2.3310999870300293,0.5,0.5446000099182129,3.2676000595092773,0.6621999740600586,0.7444000244140625,5.210899829864502,0.7013000249862671,1.0156999826431274,10.156599998474121,1.6721999645233154,1.6721999645233154,3.3445000648498535,0.9933000206947327,0.9611999988555908,4.806099891662598,1.3291000127792358,1.3901000022888184,8.340800285339355,1.6648999452590942,2.2370998859405518,15.659600257873535,1.6721999645233154,2.646399974822998,26.46419906616211,4.252200126647949,4.252200126647949,8.504400253295898,2.805999994277954,3.2263998985290527,16.131999969482422,3.256700038909912,4.197400093078613,25.184499740600586,3.70740008354187,9.6673002243042,67.6707992553711,6.924699783325195,15.587800025939941,155.87759399414062,7.436200141906738,0.0272000003606081,42.64459991455078,16.48310089111328,0.3345000147819519,0.6729000210762024,0.727400004863739,0.6801000237464905,0.4991999864578247,42.59280014038086,42.84870147705078,43.035099029541016,43.04050064086914,54.55970001220703,16.491600036621094,16.499399185180664,16.503700256347656,16.41080093383789,21.0231990814209,0.527999997138977,0.4154999852180481,7.980800151824951,9.004899978637695,8.033900260925293,2.564300060272217,-3.3552000522613525,16.491600036621094,16.499399185180664,16.503700256347656,16.41080093383789,21.0231990814209,0.3345000147819519,0.6729000210762024,0.727400004863739,0.6801000237464905,0.4991999864578247,42.59280014038086,42.84870147705078,43.035099029541016,43.04050064086914,54.55970001220703,79.93360137939453,141.46969604492188,168.08999633789062,195.468505859375,277.5168151855469,3.4405999183654785,0.6812000274658203,0.907800018787384,0.907800018787384
26,163.0930938720703,121.74150085449219,36.271400451660156,0.6689000129699707,0.0,0.4683000147342682,0.3310999870300293,0.3310999870300293,163.0930938720703,19.565200805664062,74.5593032836914,1491.1856689453125,1.799399971961975,74.65989685058594,74.65989685058594,149.3199005126953,75.3738021850586,75.44229888916016,377.2113037109375,75.68609619140625,75.62439727783203,453.7463073730469,75.99849700927734,75.72129821777344,530.0491943359375,75.66130065917969,75.66300201416016,756.6295776367188,19.501800537109375,19.501800537109375,39.00360107421875,19.378299713134766,19.34980010986328,96.74919891357422,19.408300399780273,19.380599975585938,116.28369903564453,19.438400268554688,19.469200134277344,136.2845001220703,19.54990005493164,19.73859977722168,197.38619995117188,163.26519775390625,163.26519775390625,326.5303955078125,164.8079071044922,165.01620483398438,825.0811157226562,165.55450439453125,165.41140747070312,992.468505859375,166.30099487304688,165.56309509277344,1158.94189453125,164.89639282226562,165.0841064453125,1650.8409423828125,0.0,0.0,0.0,0.0,0.0,0.0,0.0,0.0,0.0,0.0,0.04729999974370003,0.3310999870300293,0.0,0.1331000030040741,1.3310999870300293,0.5,0.5,1.0,0.47769999504089355,0.49549999833106995,2.4776999950408936,0.5733000040054321,0.536300003528595,3.218100070953369,0.47769999504089355,0.5080000162124634,3.555799961090088,0.4729999899864197,0.510200023651123,5.102200031280518,1.041599988937378,1.041599988937378,2.0831000804901123,1.3310999870300293,1.1306999921798706,5.653299808502197,1.1385999917984009,1.0999000072479248,6.599400043487549,1.2049000263214111,1.11489999294281,7.804299831390381,1.3726999759674072,1.4673000574111938,14.673199653625488,2.4769999980926514,2.4769999980926514,4.953999996185303,2.7337000370025635,2.499500036239624,12.497599601745605,2.378999948501587,2.420300006866455,14.52180004119873,2.6731998920440674,2.456399917602539,17.19499969482422,2.944200038909912,3.246500015258789,32.46540069580078,5.76039981842041,-1.1588000059127808,16.090599060058594,6.500100135803223,-1.0953999757766724,-0.9431999921798706,-0.973800003528595,-1.0622999668121338,-1.3313000202178955,15.920900344848633,14.175100326538086,13.779899597167969,13.6274995803833,14.103500366210938,6.400400161743164,5.620200157165527,5.4380998611450195,5.34089994430542,5.397900104522705,0.45579999685287476,0.3465000092983246,5.082799911499023,5.059800148010254,5.139200210571289,5.103499889373779,4.310800075531006,6.400400161743164,5.620200157165527,5.4380998611450195,5.34089994430542,5.397900104522705,-1.0953999757766724,-0.9431999921798706,-0.973800003528595,-1.0622999668121338,-1.3313000202178955,15.920900344848633,14.175100326538086,13.779899597167969,13.6274995803833,14.103500366210938,57.295799255371094,119.9811019897461,148.57330322265625,167.65919494628906,250.76019287109375,4.0625,-0.15049999952316284,0.47620001435279846,0.47620001435279846
27,128.4102020263672,109.43070220947266,33.00170135498047,1.6756000518798828,0.0,1.4867000579833984,1.414199948310852,1.1937999725341797,128.4102020263672,16.899599075317383,61.98400115966797,1239.679931640625,5.770299911499023,62.0625,62.0625,124.1249008178711,62.1525993347168,62.13629913330078,310.681396484375,62.17399978637695,62.15700149536133,372.94219970703125,62.1953010559082,62.170101165771484,435.1907958984375,62.17399978637695,62.14780044555664,621.4782104492188,16.743200302124023,16.743200302124023,33.48649978637695,16.552900314331055,16.601600646972656,83.00810241699219,16.552900314331055,16.5935001373291,99.56099700927734,16.552900314331055,16.58769989013672,116.11399841308594,16.552900314331055,16.577299118041992,165.77279663085938,128.81239318847656,128.81239318847656,257.62469482421875,129.7445068359375,129.42979431152344,647.149169921875,129.7884063720703,129.4969024658203,776.9813842773438,129.7445068359375,129.52040100097656,906.6431274414062,129.6024932861328,129.49940490722656,1294.9940185546875,0.0,0.0,0.0,0.3310999870300293,0.20000000298023224,1.0,0.1656000018119812,0.16670000553131104,1.0,0.0,0.1429000049829483,1.0,0.3310999870300293,0.20000000298023224,2.0,1.2030999660491943,1.2030999660491943,2.4061999320983887,1.1937999725341797,0.7872999906539917,3.9367001056671143,0.762499988079071,0.6560999751091003,3.9367001056671143,0.3310999870300293,0.5623999834060669,3.9367001056671143,0.0,0.3937000036239624,3.9367001056671143,1.6885000467300415,1.6885000467300415,3.377000093460083,0.743399977684021,0.9564999938011169,4.782599925994873,0.5406000018119812,0.8533999919891357,5.1203999519348145,0.337799996137619,0.7788000106811523,5.451499938964844,0.7027999758720398,0.7609000205993652,7.609399795532227,5.5507001876831055,5.5507001876831055,11.101400375366211,3.9554998874664307,3.476300001144409,17.381399154663086,2.6433000564575195,3.009500026702881,18.056900024414062,1.3310999870300293,2.6742000579833984,18.719100952148438,1.2106000185012817,2.2207999229431152,22.208200454711914,6.462800025939941,-1.583899974822998,20.3843994140625,5.644000053405762,-1.42739999294281,-1.2851999998092651,-1.276900053024292,-1.270900011062622,-1.2598999738693237,19.98419952392578,19.370100021362305,19.30270004272461,19.278499603271484,19.29680061340332,5.566400051116943,5.494200229644775,5.473400115966797,5.46019983291626,5.4816999435424805,0.5267000198364258,0.5590999722480774,6.682300090789795,8.755000114440918,9.221799850463867,9.55739974975586,10.011699676513672,5.566400051116943,5.494200229644775,5.473400115966797,5.46019983291626,5.4816999435424805,-1.42739999294281,-1.2851999998092651,-1.276900053024292,-1.270900011062622,-1.2598999738693237,19.98419952392578,19.370100021362305,19.30270004272461,19.278499603271484,19.29680061340332,57.30659866333008,151.67529296875,179.01710510253906,202.76919555664062,277.34100341796875,4.077099800109863,0.04470000043511391,0.6559000015258789,0.6559000015258789
28,144.24749755859375,124.55039978027344,32.601600646972656,0.0,0.0,0.0,0.3310999870300293,0.47769999504089355,144.24749755859375,17.746000289916992,69.12120056152344,1382.423828125,0.8087999820709229,69.1061019897461,69.1061019897461,138.21209716796875,68.6415023803711,68.73770141601562,343.6885986328125,68.54460144042969,68.68190002441406,412.0911865234375,68.44760131835938,68.61589813232422,480.3111877441406,68.3949966430664,68.3904037475586,683.9039916992188,17.67919921875,17.67919921875,35.358299255371094,17.209800720214844,17.2268009185791,86.13420104980469,17.066299438476562,17.100099563598633,102.60079956054688,16.922800064086914,16.984600067138672,118.89209747314453,16.55500030517578,16.755399703979492,167.5540008544922,144.24749755859375,144.24749755859375,288.4949035644531,143.6199951171875,143.79690551757812,718.9843139648438,143.61669921875,143.76629638671875,862.5977172851562,143.6134033203125,143.70030212402344,1005.9017944335938,143.44520568847656,143.39320373535156,1433.931640625,0.5340999960899353,0.5340999960899353,1.0681999921798706,0.337799996137619,0.49549999833106995,2.477400064468384,0.3343999981880188,0.46810001134872437,2.808500051498413,0.337799996137619,0.46880000829696655,3.2815001010894775,0.3343999981880188,0.4417000114917755,4.416800022125244,0.4729999899864197,0.4729999899864197,0.9459999799728394,0.0,0.1891999989748001,0.9459999799728394,0.0,0.15770000219345093,0.9459999799728394,0.0,0.13510000705718994,0.9459999799728394,0.0,0.17499999701976776,1.750100016593933,0.1656000018119812,0.1656000018119812,0.3310999870300293,0.3310999870300293,0.2012999951839447,1.006700038909912,0.3310999870300293,0.22300000488758087,1.3378000259399414,0.3310999870300293,0.19110000133514404,1.3378000259399414,0.0,0.13379999995231628,1.3378000259399414,1.5037000179290771,1.5037000179290771,3.0074000358581543,1.0,1.218500018119812,6.092299938201904,1.0,1.1820000410079956,7.092299938201904,1.0,1.128100037574768,7.896399974822998,0.9043999910354614,1.016700029373169,10.166799545288086,11.424400329589844,-2.430299997329712,4.547100067138672,-1.4931999444961548,-2.363300085067749,-1.9105000495910645,-1.7835999727249146,-1.667799949645996,-1.437999963760376,4.549099922180176,5.0030999183654785,5.033299922943115,5.098700046539307,5.4029998779296875,-1.4772000312805176,-1.107200026512146,-1.0513999462127686,-0.9855999946594238,-0.7609000205993652,0.0414000004529953,0.4065999984741211,10.729299545288086,11.012800216674805,11.049300193786621,11.103500366210938,11.215900421142578,-1.4772000312805176,-1.107200026512146,-1.0513999462127686,-0.9855999946594238,-0.7609000205993652,-2.363300085067749,-1.9105000495910645,-1.7835999727249146,-1.667799949645996,-1.437999963760376,4.549099922180176,5.0030999183654785,5.033299922943115,5.098700046539307,5.4029998779296875,0.0,85.9437026977539,100.2676010131836,128.91549682617188,223.2716064453125,4.157700061798096,-0.03590000048279762,0.5859000086784363,0.5859000086784363
29,200.29339599609375,173.71339416503906,28.995100021362305,0.945900022983551,0.9365000128746033,0.746399998664856,1.0,0.746399998664856,200.29339599609375,16.763099670410156,88.57129669189453,1771.4251708984375,4.375199794769287,88.27649688720703,88.27649688720703,176.55299377441406,87.14340209960938,87.24140167236328,436.2070007324219,86.79650115966797,86.97599792480469,521.8560791015625,86.44950103759766,86.70030212402344,606.9022216796875,85.8551025390625,85.94770050048828,859.4769897460938,16.87420082092285,16.87420082092285,33.74850082397461,17.542999267578125,17.396099090576172,86.98040008544922,17.5221004486084,17.41360092163086,104.48159790039062,17.54010009765625,17.431699752807617,122.02169799804688,17.520599365234375,17.353500366210938,173.535400390625,199.3563995361328,199.3563995361328,398.71270751953125,195.60479736328125,195.73280334472656,978.6640014648438,194.343505859375,194.84039306640625,1169.0426025390625,193.08230590820312,194.0614013671875,1358.4296875,190.82139587402344,192.36019897460938,1923.6015625,0.8059999942779541,0.8059999942779541,1.6121000051498413,0.7404000163078308,0.7153000235557556,3.5764999389648438,0.7080000042915344,0.6513000130653381,3.9077000617980957,0.675599992275238,0.6054999828338623,4.238800048828125,0.5766000151634216,0.5785999894142151,5.786300182342529,1.1151000261306763,1.1151000261306763,2.23009991645813,1.2142000198364258,1.0806000232696533,5.4028000831604,0.9803000092506409,1.023900032043457,6.143099784851074,0.746399998664856,0.9258000254631042,6.480899810791016,0.743399977684021,0.7804999947547913,7.8053998947143555,1.6713999509811401,1.6713999509811401,3.342900037765503,2.128499984741211,1.7563999891281128,8.78219985961914,1.5642000436782837,1.6303999423980713,9.78219985961914,1.0,1.5403000116348267,10.78219985961914,1.0,1.5478999614715576,15.478699684143066,6.040200233459473,6.040200233459473,12.080400466918945,6.886099815368652,5.898399829864502,29.49209976196289,5.6305999755859375,5.428400039672852,32.5703010559082,4.375199794769287,5.089099884033203,35.62369918823242,3.7267000675201416,4.661399841308594,46.61399841308594,8.465900421142578,0.8034999966621399,-4.390500068664551,-0.24609999358654022,0.692300021648407,0.17080000042915344,0.1534000039100647,0.1354999989271164,0.21410000324249268,-3.45169997215271,0.17649999260902405,1.070199966430664,1.8504999876022339,3.552999973297119,0.0494999997317791,1.0866999626159668,1.3526999950408936,1.628999948501587,2.3824000358581543,0.4235999882221222,0.5152999758720398,6.8007001876831055,6.948699951171875,7.421599864959717,7.763700008392334,8.198599815368652,0.0494999997317791,1.0866999626159668,1.3526999950408936,1.628999948501587,2.3824000358581543,0.692300021648407,0.17080000042915344,0.1534000039100647,0.1354999989271164,0.21410000324249268,-3.45169997215271,0.17649999260902405,1.070199966430664,1.8504999876022339,3.552999973297119,53.06779861450195,137.23240661621094,165.39320373535156,189.14529418945312,286.4425048828125,4.263299942016602,-0.1632000058889389,0.5514000058174133,0.5514000058174133
30,187.591796875,156.36099243164062,36.23529815673828,0.3310999870300293,0.4729999899864197,0.0,0.3310999870300293,0.3310999870300293,187.591796875,19.333999633789062,85.54840087890625,1710.967041015625,1.4663000106811523,85.50599670410156,85.50599670410156,171.01210021972656,85.40399932861328,85.43569946289062,427.1785888671875,85.39510345458984,85.41719818115234,512.5032958984375,85.40399932861328,85.43289947509766,598.0303955078125,85.49539947509766,85.47879791259766,854.7880249023438,19.332500457763672,19.332500457763672,38.66510009765625,19.668899536132812,19.666799545288086,98.33399963378906,19.834400177001953,19.722299575805664,118.33399963378906,20.0,19.761999130249023,138.33399963378906,20.0,19.84309959411621,198.4311981201172,187.4445037841797,187.4445037841797,374.8890075683594,187.2971954345703,187.2978057861328,936.48876953125,187.31809997558594,187.30459594726562,1123.8277587890625,187.33900451660156,187.35110473632812,1311.4578857421875,187.31809997558594,187.3000030517578,1872.9996337890625,0.4729999899864197,0.4729999899864197,0.9459999799728394,0.337799996137619,0.38920000195503235,1.9459999799728394,0.3343999981880188,0.37950000166893005,2.277100086212158,0.3310999870300293,0.325300008058548,2.277100086212158,0.3310999870300293,0.2939000129699707,2.939300060272217,0.3343999981880188,0.3343999981880188,0.6689000129699707,0.3310999870300293,0.20000000298023224,1.0,0.3310999870300293,0.22179999947547913,1.3310999870300293,0.3310999870300293,0.23839999735355377,1.6689000129699707,0.3310999870300293,0.30000001192092896,3.0,0.3310999870300293,0.3310999870300293,0.6621999740600586,0.4729999899864197,0.5101000070571899,2.55049991607666,0.40209999680519104,0.4250999987125397,2.55049991607666,0.4729999899864197,0.4318999946117401,3.0234999656677246,0.4729999899864197,0.5044999718666077,5.045199871063232,1.4730000495910645,1.4730000495910645,2.946000099182129,1.4663000106811523,1.299299955368042,6.496399879455566,1.2719000577926636,1.2482999563217163,7.489799976348877,1.0774999856948853,1.1868000030517578,8.307299613952637,1.4663000106811523,1.4737000465393066,14.736900329589844,6.093500137329102,-0.9275000095367432,-8.408100128173828,-4.488999843597412,-0.9261000156402588,-1.26010000705719,-1.315500020980835,-1.3550000190734863,-1.4357999563217163,-8.258500099182129,-8.106399536132812,-8.113300323486328,-8.160499572753906,-8.11240005493164,-4.445700168609619,-4.373300075531006,-4.354700088500977,-4.370699882507324,-4.417900085449219,0.1542000025510788,0.2639000117778778,6.0868000984191895,6.260000228881836,6.311200141906738,6.3730998039245605,6.083700180053711,-4.445700168609619,-4.373300075531006,-4.354700088500977,-4.370699882507324,-4.417900085449219,-0.9261000156402588,-1.26010000705719,-1.315500020980835,-1.3550000190734863,-1.4357999563217163,-8.258500099182129,-8.106399536132812,-8.113300323486328,-8.160499572753906,-8.11240005493164,42.9718017578125,114.59159851074219,143.23939514160156,157.5634002685547,214.8592071533203,4.377799987792969,-0.4657999873161316,0.16899999976158142,0.16899999976158142
31,178.93299865722656,148.9228057861328,25.639699935913086,0.3310999870300293,0.0,0.7523999810218811,0.3310999870300293,0.0,178.93299865722656,15.351099967956543,79.0687026977539,1581.373779296875,1.4146000146865845,79.04889678955078,79.04889678955078,158.09779357910156,78.78450012207031,78.64540100097656,393.22698974609375,78.65650177001953,78.62590026855469,471.7554016113281,78.71720123291016,78.63890075683594,550.4725952148438,78.60079956054688,78.50650024414062,785.0648803710938,15.581999778747559,15.581999778747559,31.16390037536621,16.281400680541992,16.028499603271484,80.14240264892578,16.22559928894043,16.052000045776367,96.31220245361328,16.16990089416504,16.037399291992188,112.2615966796875,15.881099700927734,15.921899795532227,159.218994140625,178.81370544433594,178.81370544433594,357.6272888183594,177.7451934814453,177.50559997558594,887.528076171875,177.5028076171875,177.4647979736328,1064.78857421875,177.7451934814453,177.53819274902344,1242.767333984375,177.5028076171875,177.3101043701172,1773.1005859375,0.3702000081539154,0.3702000081539154,0.7404000163078308,0.7494000196456909,0.814300000667572,4.071700096130371,0.7448999881744385,0.7901999950408936,4.741099834442139,0.7404000163078308,0.7476999759674072,5.23360013961792,0.746399998664856,0.904699981212616,9.04699993133545,0.0,0.0,0.0,0.3310999870300293,0.227400004863739,1.1371999979019165,0.3343999981880188,0.24580000340938568,1.4749000072479248,0.3310999870300293,0.257999986410141,1.805999994277954,0.1656000018119812,0.18060000240802765,1.805999994277954,0.3343999981880188,0.3343999981880188,0.6689000129699707,0.3310999870300293,0.33379998803138733,1.6689000129699707,0.3310999870300293,0.33329999446868896,2.0,0.3310999870300293,0.2856999933719635,2.0,0.3310999870300293,0.26759999990463257,2.675600051879883,1.7835999727249146,1.7835999727249146,3.567199945449829,2.152600049972534,2.102099895477295,10.510600090026855,2.0195999145507812,2.0299999713897705,12.180000305175781,1.8865000009536743,1.857699990272522,13.003600120544434,1.777999997138977,1.8162000179290771,18.16160011291504,9.959099769592285,-1.0260000228881836,-22.46489906311035,-8.818900108337402,-1.2568000555038452,-1.7029999494552612,-1.7264000177383423,-1.7115999460220337,-1.5956000089645386,-22.34510040283203,-21.03809928894043,-20.99810028076172,-21.072500228881836,-20.84469985961914,-8.798700332641602,-8.395099639892578,-8.375699996948242,-8.388999938964844,-8.256099700927734,0.1128000020980835,0.04450000077486038,9.589900016784668,9.275799751281738,9.349100112915039,9.522299766540527,9.565099716186523,-8.798700332641602,-8.395099639892578,-8.375699996948242,-8.388999938964844,-8.256099700927734,-1.2568000555038452,-1.7029999494552612,-1.7264000177383423,-1.7115999460220337,-1.5956000089645386,-22.34510040283203,-21.03809928894043,-20.99810028076172,-21.072500228881836,-20.84469985961914,14.32390022277832,114.59159851074219,157.74380493164062,193.37330627441406,229.18310546875,4.110000133514404,-0.3619000017642975,0.37059998512268066,0.37059998512268066
32,158.23080444335938,114.2844009399414,34.89120101928711,0.0,0.0,0.6621999740600586,0.3310999870300293,0.0066999997943639755,158.23080444335938,19.2898006439209,75.2217025756836,1504.4346923828125,1.0,75.2605972290039,75.2605972290039,150.52110290527344,75.2217025756836,75.10269927978516,375.5133972167969,75.12259674072266,74.9354019165039,449.61260986328125,75.02349853515625,74.84220123291016,523.8955078125,75.12259674072266,74.94819641113281,749.4815063476562,19.32040023803711,19.32040023803711,38.64080047607422,19.810400009155273,20.082199096679688,100.41079711914062,20.212900161743164,20.292499542236328,121.75489807128906,20.61549949645996,20.44260025024414,143.09800720214844,20.934200286865234,20.605300903320312,206.05299377441406,158.23080444335938,158.23080444335938,316.4617004394531,158.23080444335938,157.6510009765625,788.2548828125,157.74949645996094,157.2895965576172,943.7374267578125,157.26809692382812,157.02330017089844,1099.163330078125,157.02330017089844,156.97959899902344,1569.7962646484375,0.0,0.0,0.0,0.0,0.13379999995231628,0.6689000129699707,0.0032999999821186066,0.11259999871253967,0.675599992275238,0.0066999997943639755,0.09749999642372131,0.6822999715805054,0.0066999997943639755,0.13439999520778656,1.344499945640564,0.3734999895095825,0.3734999895095825,0.7470999956130981,0.7404000163078308,0.621399998664856,3.1071999073028564,0.6043000221252441,0.5958999991416931,3.575500011444092,0.4683000147342682,0.5590999722480774,3.9133999347686768,0.4683000147342682,0.5457000136375427,5.456900119781494,0.0,0.0,0.0,1.655500054359436,1.0,5.0,1.655500054359436,1.1304999589920044,6.7829999923706055,1.655500054359436,1.2288999557495117,8.602100372314453,1.7051000595092773,1.5187000036239624,15.186599731445312,1.4726999998092651,1.4726999998092651,2.9453001022338867,2.5920000076293945,3.050100088119507,15.25059986114502,2.663800001144409,2.9976999759674072,17.986299514770508,2.6319000720977783,2.9453999996185303,20.618099212646484,2.8973000049591064,3.260699987411499,32.6067008972168,6.559800148010254,-0.8833000063896179,20.952800750732422,5.837699890136719,-0.9139999747276306,-1.6755000352859497,-1.885699987411499,-2.035599946975708,-2.1979000568389893,20.9552001953125,21.5403995513916,21.90169906616211,22.167299270629883,22.20789909362793,5.799799919128418,5.959799766540527,6.126999855041504,6.21999979019165,6.11269998550415,0.05270000174641609,0.23149999976158142,6.087100028991699,4.509200096130371,4.561800003051758,4.6143999099731445,4.2967000007629395,5.799799919128418,5.959799766540527,6.126999855041504,6.21999979019165,6.11269998550415,-0.9139999747276306,-1.6755000352859497,-1.885699987411499,-2.035599946975708,-2.1979000568389893,20.9552001953125,21.5403995513916,21.90169906616211,22.167299270629883,22.20789909362793,57.38650131225586,168.9532928466797,207.69700622558594,236.3448944091797,328.3164978027344,3.6763999462127686,0.23559999465942383,0.7773000001907349,0.7773000001907349
33,162.28829956054688,125.74510192871094,24.82069969177246,0.0,0.3310999870300293,0.0,0.3310999870300293,0.0,162.28829956054688,13.0,71.28119659423828,1425.6234130859375,0.6621999740600586,71.2655029296875,71.2655029296875,142.531005859375,71.24980163574219,71.25679779052734,356.2840881347656,71.252197265625,71.25650024414062,427.5389099121094,71.25460052490234,71.25640106201172,498.7950134277344,71.24980163574219,71.21089935302734,712.1085815429688,13.0,13.0,26.0,13.0,12.949999809265137,64.7500991821289,12.93809986114502,12.937700271606445,77.62640380859375,13.0,12.946599960327148,90.62640380859375,13.0,12.932100296020508,129.32139587402344,162.2982940673828,162.2982940673828,324.5965881347656,162.3083953857422,162.30029296875,811.5015869140625,162.2982940673828,162.29820251464844,973.7894897460938,162.28829956054688,162.2967987060547,1136.0777587890625,162.28829956054688,162.19639587402344,1621.964111328125,0.1656000018119812,0.1656000018119812,0.3310999870300293,0.0066999997943639755,0.13379999995231628,0.6689000129699707,0.0066999997943639755,0.11259999871253967,0.675599992275238,0.0066999997943639755,0.16339999437332153,1.1439000368118286,0.17030000686645508,0.18160000443458557,1.8157000541687012,0.0,0.0,0.0,0.3310999870300293,0.20000000298023224,1.0,0.1656000018119812,0.16670000553131104,1.0,0.0,0.1429000049829483,1.0,0.0,0.10000000149011612,1.0,0.0,0.0,0.0,0.0,0.0,0.0,0.0,0.0,0.0,0.0,0.0,0.0,0.0,0.0,0.0,0.3310999870300293,0.3310999870300293,0.6621999740600586,0.6621999740600586,0.7337999939918518,3.6689000129699707,0.6621999740600586,0.6678000092506409,4.006700038909912,0.6621999740600586,0.6392999887466431,4.474999904632568,0.5651999711990356,0.58160001039505,5.815700054168701,10.71150016784668,1.3250999450683594,-5.820199966430664,-1.0312999486923218,1.3250999450683594,1.375499963760376,1.3878999948501587,1.3791999816894531,1.3941999673843384,-5.829800128936768,-5.832799911499023,-5.831600189208984,-5.831099987030029,-5.730999946594238,-1.0153000354766846,-1.006500005722046,-1.0062999725341797,-1.006500005722046,-0.9605000019073486,0.02669999934732914,0.04450000077486038,11.042400360107422,10.644100189208984,10.711299896240234,10.740599632263184,10.799699783325195,-1.0153000354766846,-1.006500005722046,-1.0062999725341797,-1.006500005722046,-0.9605000019073486,1.3250999450683594,1.375499963760376,1.3878999948501587,1.3791999816894531,1.3941999673843384,-5.829800128936768,-5.832799911499023,-5.831600189208984,-5.831099987030029,-5.730999946594238,0.0,57.11130142211914,100.2676010131836,136.07769775390625,207.60629272460938,4.2667999267578125,-0.5187000036239624,0.26429998874664307,0.26429998874664307
34,152.226806640625,120.21649932861328,29.732099533081055,0.0,0.0,0.0,0.0,0.0,152.226806640625,16.763099670410156,68.59590148925781,1371.918212890625,0.0,68.59590148925781,68.59590148925781,137.19180297851562,68.59590148925781,68.57520294189453,342.8760986328125,68.59590148925781,68.5551986694336,411.3312072753906,68.59590148925781,68.53630065917969,479.75421142578125,68.4926986694336,68.52320098876953,685.232421875,16.763099670410156,16.763099670410156,33.526100158691406,16.763099670410156,16.763099670410156,83.81529998779297,16.763099670410156,16.763099670410156,100.57830047607422,16.763099670410156,16.763099670410156,117.34140014648438,16.763099670410156,16.763099670410156,167.6304931640625,152.226806640625,152.226806640625,304.45361328125,152.226806640625,152.17770385742188,760.888427734375,152.226806640625,152.14039611816406,912.8421020507812,152.226806640625,152.11129760742188,1064.779296875,152.16110229492188,152.12620544433594,1521.2625732421875,0.0,0.0,0.0,0.0,0.0,0.0,0.0,0.0,0.0,0.0,0.0,0.0,0.0,0.0,0.0,0.0,0.0,0.0,0.0,0.0,0.0,0.0,0.0,0.0,0.0,0.0,0.0,0.0,0.0,0.0,0.0,0.0,0.0,0.0,0.1607999950647354,0.804099977016449,0.1656000018119812,0.21289999783039093,1.2770999670028687,0.3310999870300293,0.2296999990940094,1.608199954032898,0.1656000018119812,0.193900004029274,1.9392999410629272,0.0,0.0,0.0,0.0,0.1607999950647354,0.804099977016449,0.1656000018119812,0.21289999783039093,1.2770999670028687,0.3310999870300293,0.2296999990940094,1.608199954032898,0.1656000018119812,0.193900004029274,1.9392999410629272,10.334500312805176,-0.47049999237060547,15.41409969329834,7.090099811553955,-0.47049999237060547,-0.47029998898506165,-0.4702000021934509,-0.4700999855995178,-0.4699000120162964,15.412699699401855,15.45989990234375,15.497300148010254,15.526100158691406,15.508099555969238,7.089600086212158,7.109399795532227,7.129499912261963,7.1483001708984375,7.160600185394287,0.0348999984562397,0.0681999996304512,10.334500312805176,10.17080020904541,10.118000030517578,10.100600242614746,10.139200210571289,7.089600086212158,7.109399795532227,7.129499912261963,7.1483001708984375,7.160600185394287,-0.47049999237060547,-0.47029998898506165,-0.4702000021934509,-0.4700999855995178,-0.4699000120162964,15.412699699401855,15.45989990234375,15.497300148010254,15.526100158691406,15.508099555969238,0.0,0.0,0.0,0.0,47.20000076293945,4.035299777984619,-0.01720000058412552,0.5685999989509583,0.5685999989509583
35,153.4438018798828,117.41380310058594,31.112699508666992,0.0,3.311000108718872,0.3310999870300293,0.3310999870300293,0.0,153.4438018798828,16.46339988708496,68.85379791259766,1377.0758056640625,3.973299980163574,69.31880187988281,69.31880187988281,138.63760375976562,70.77459716796875,70.57759857177734,352.8883056640625,71.13890075683594,70.73190307617188,424.3916015625,70.77459716796875,70.69000244140625,494.8298034667969,70.30039978027344,70.3488998413086,703.4888916015625,16.30940055847168,16.30940055847168,32.618900299072266,16.155500411987305,16.217100143432617,81.08540344238281,16.155500411987305,16.20680046081543,97.24089813232422,16.155500411987305,16.217500686645508,113.52220153808594,16.155500411987305,16.122900009155273,161.22900390625,154.6284942626953,154.6284942626953,309.2569885253906,158.26539611816406,157.78509521484375,788.9255981445312,159.36099243164062,158.2303924560547,949.3822021484375,158.26539611816406,158.20010375976562,1107.40087890625,157.2718048095703,157.36590576171875,1573.6588134765625,3.3445000648498535,3.3445000648498535,6.689000129699707,3.311000108718872,2.066200017929077,10.331100463867188,3.311000108718872,2.2748000621795654,13.648799896240234,3.311000108718872,2.4314000606536865,17.020099639892578,3.311000108718872,2.6350998878479004,26.351200103759766,0.0,0.0,0.0,0.0,0.0,0.0,0.0,0.07800000160932541,0.4683000147342682,0.0,0.13510000705718994,0.945900022983551,0.0,0.14139999449253082,1.414199948310852,0.0,0.0,0.0,0.0,0.0,0.0,0.0,0.0,0.0,0.0,0.04729999974370003,0.3310999870300293,0.0,0.188400000333786,1.8834999799728394,3.675600051879883,3.675600051879883,7.351200103759766,3.311000108718872,2.359499931335449,11.79740047454834,3.3445000648498535,2.731300115585327,16.38759994506836,3.3778998851776123,3.0810999870300293,21.56760025024414,4.207399845123291,3.558799982070923,35.58829879760742,6.361299991607666,-0.17080000042915344,14.197099685668945,6.832200050354004,-0.01679999940097332,0.07569999992847443,0.0860000029206276,0.0754999965429306,0.17030000686645508,13.01099967956543,9.852399826049805,9.407299995422363,9.437399864196777,10.268400192260742,6.366700172424316,5.10699987411499,4.952700138092041,4.994699954986572,5.33489990234375,0.0348999984562397,0.0681999996304512,6.658899784088135,7.972099781036377,7.599599838256836,7.249300003051758,6.7743000984191895,6.366700172424316,5.10699987411499,4.952700138092041,4.994699954986572,5.33489990234375,-0.01679999940097332,0.07569999992847443,0.0860000029206276,0.0754999965429306,0.17030000686645508,13.01099967956543,9.852399826049805,9.407299995422363,9.437399864196777,10.268400192260742,57.295799255371094,85.9437026977539,128.91549682617188,157.5634002685547,257.83099365234375,3.791100025177002,0.22709999978542328,0.775600016117096,0.775600016117096
36,181.5323944091797,125.02400207519531,37.0442008972168,0.3310999870300293,0.3310999870300293,0.3310999870300293,0.0,0.3310999870300293,181.5323944091797,19.84939956665039,81.95059967041016,1639.01171875,1.3243999481201172,82.03919982910156,82.03919982910156,164.07839965820312,82.18080139160156,82.2853012084961,411.4266052246094,82.331298828125,82.3864974975586,494.3190002441406,82.48179626464844,82.43560028076172,577.0493774414062,82.4551010131836,82.43180084228516,824.3181762695312,19.84939956665039,19.84939956665039,39.69889831542969,19.84939956665039,19.951000213623047,99.75499725341797,19.975099563598633,19.97599983215332,119.85579681396484,19.84939956665039,19.95789909362793,139.70530700683594,19.84939956665039,19.897199630737305,198.9718017578125,181.64019775390625,181.64019775390625,363.2803955078125,181.87049865722656,182.01730346679688,910.08642578125,182.08839416503906,182.18850708007812,1093.1309814453125,182.3061981201172,182.2935028076172,1276.0546875,182.43580627441406,182.36279296875,1823.62841796875,0.3343999981880188,0.3343999981880188,0.6689000129699707,0.3310999870300293,0.33379998803138733,1.6689000129699707,0.3310999870300293,0.33329999446868896,2.0,0.3310999870300293,0.2856999933719635,2.0,0.3310999870300293,0.2669000029563904,2.6689000129699707,0.1656000018119812,0.1656000018119812,0.3310999870300293,0.3310999870300293,0.20000000298023224,1.0,0.3310999870300293,0.22190000116825104,1.3310999870300293,0.3310999870300293,0.19020000100135803,1.3310999870300293,0.3310999870300293,0.22769999504089355,2.277100086212158,0.40209999680519104,0.40209999680519104,0.804099977016449,0.4729999899864197,0.47029998898506165,2.351599931716919,0.4706000089645386,0.4699999988079071,2.8199000358581543,0.4729999899864197,0.47110000252723694,3.297600030899048,0.4683000147342682,0.4097000062465668,4.09689998626709,1.7297999858856201,1.7297999858856201,3.459700107574463,2.135200023651123,2.24399995803833,11.219900131225586,2.4660000801086426,2.472100019454956,14.8326997756958,2.504499912261963,2.4767000675201416,17.337099075317383,2.4639999866485596,2.4458000659942627,24.457700729370117,5.635799884796143,-3.2748000621795654,-31.26930046081543,-13.432299613952637,-3.2744998931884766,-3.3752999305725098,-3.4000000953674316,-3.381700038909912,-3.320199966430664,-31.3794002532959,-31.763200759887695,-31.936599731445312,-32.043800354003906,-32.11970138549805,-13.521699905395508,-13.770099639892578,-13.872099876403809,-13.921899795532227,-13.920299530029297,0.1354999989271164,0.336899995803833,5.230199813842773,4.715799808502197,4.48769998550415,4.483099937438965,4.514100074768066,-13.521699905395508,-13.770099639892578,-13.872099876403809,-13.921899795532227,-13.920299530029297,-3.2744998931884766,-3.3752999305725098,-3.4000000953674316,-3.381700038909912,-3.320199966430664,-31.3794002532959,-31.763200759887695,-31.936599731445312,-32.043800354003906,-32.11970138549805,57.295799255371094,128.91549682617188,157.5634002685547,186.2113037109375,229.18310546875,3.734499931335449,0.3822999894618988,0.8944000005722046,0.8944000005722046
37,184.2436065673828,141.2958984375,30.008100509643555,7.979000091552734,2.837599992752075,2.4105000495910645,6.226900100708008,3.663800001144409,184.2436065673828,16.02429962158203,81.75800323486328,1635.1610107421875,23.117799758911133,80.69239807128906,80.69239807128906,161.38470458984375,77.89440155029297,78.40470123291016,392.023193359375,77.57350158691406,78.21260070800781,469.2759094238281,77.89440155029297,78.20880126953125,547.46142578125,78.3290023803711,78.30180358886719,783.017578125,16.088699340820312,16.088699340820312,32.17729949951172,16.59819984436035,16.647499084472656,83.23760223388672,16.375600814819336,16.487499237060547,98.92500305175781,16.152999877929688,16.277099609375,113.9395980834961,15.855899810791016,15.89430046081543,158.94320678710938,180.6248016357422,180.6248016357422,361.2496032714844,172.44830322265625,174.173095703125,870.8654174804688,172.78289794921875,173.9971923828125,1043.98291015625,173.11749267578125,174.44439697265625,1221.11083984375,177.06689453125,175.47850036621094,1754.7847900390625,3.013700008392334,3.013700008392334,6.027299880981445,2.8380000591278076,3.160099983215332,15.80049991607666,2.8378000259399414,2.9558000564575195,17.734600067138672,2.837599992752075,2.6291000843048096,18.403499603271484,2.3835999965667725,1.8416999578475952,18.416799545288086,4.68120002746582,4.68120002746582,9.36240005493164,7.2017998695373535,7.189599990844727,35.94810104370117,6.450200080871582,6.345399856567383,38.0723991394043,5.698599815368652,5.486199855804443,38.40340042114258,2.8940999507904053,3.9072000980377197,39.0723991394043,7.526800155639648,7.526800155639648,15.05370044708252,11.85319995880127,10.375399589538574,51.87699890136719,9.916099548339844,9.869799613952637,59.21900177001953,7.979000091552734,8.565999984741211,59.962398529052734,7.2083001136779785,6.029300212860107,60.293399810791016,24.281700134277344,24.281700134277344,48.56340026855469,40.508399963378906,35.964500427246094,179.82260131835938,32.97700119018555,33.277000427246094,199.66180419921875,25.445600509643555,28.925199508666992,202.47669982910156,21.478500366210938,20.415199279785156,204.15220642089844,-12.783300399780273,0.26829999685287476,-16.602699279785156,-6.072000026702881,0.20389999449253082,-0.3547999858856201,-0.19470000267028809,0.015799999237060547,0.39890000224113464,-12.985199928283691,-6.5355000495910645,-6.359499931335449,-6.8069000244140625,-7.844200134277344,-5.006899833679199,-2.7200000286102295,-2.5280001163482666,-2.5241000652313232,-2.6178998947143555,0.9254999756813049,0.876800000667572,-13.94729995727539,-25.632999420166016,-22.94610023498535,-18.594900131225586,-10.082099914550781,-5.006899833679199,-2.7200000286102295,-2.5280001163482666,-2.5241000652313232,-2.6178998947143555,0.20389999449253082,-0.3547999858856201,-0.19470000267028809,0.015799999237060547,0.39890000224113464,-12.985199928283691,-6.5355000495910645,-6.359499931335449,-6.8069000244140625,-7.844200134277344,53.83509826660156,114.89600372314453,143.37680053710938,171.21409606933594,240.15570068359375,3.7421000003814697,0.2761000096797943,0.8041999936103821,0.8041999936103821
38,230.0679931640625,182.7368927001953,34.82720184326172,0.6621999740600586,0.0,0.7404000163078308,1.6835999488830566,1.4957000017166138,230.0679931640625,20.136199951171875,100.56900024414062,2011.3790283203125,4.581900119781494,100.48590087890625,100.48590087890625,200.97169494628906,100.48249816894531,100.47959899902344,502.39801025390625,100.46759796142578,100.47509765625,602.8505859375,100.45269775390625,100.43489837646484,703.0440063476562,100.42739868164062,100.21530151367188,1002.1525268554688,20.27090072631836,20.27090072631836,40.54180145263672,20.35569953918457,20.274200439453125,101.37090301513672,20.380599975585938,20.406299591064453,122.43769836425781,20.40559959411621,20.58989906311035,144.12930297851562,20.74799919128418,20.913700103759766,209.13699340820312,229.8043975830078,229.8043975830078,459.60870361328125,229.7050018310547,229.76220703125,1148.8109130859375,229.6894989013672,229.62989807128906,1377.7794189453125,229.6739959716797,229.402099609375,1605.8145751953125,229.2545928955078,228.58929443359375,2285.892578125,0.1656000018119812,0.1656000018119812,0.3310999870300293,0.3310999870300293,0.20000000298023224,1.0,0.1656000018119812,0.16670000553131104,1.0,0.0,0.1429000049829483,1.0,0.0,0.10000000149011612,1.0,1.2745000123977661,1.2745000123977661,2.549099922180176,1.0534000396728516,1.010200023651123,5.05109977722168,1.2101000547409058,1.180799961090088,7.08489990234375,1.3667999505996704,1.3494000434875488,9.446000099182129,1.2101000547409058,1.222000002861023,12.21969985961914,0.5676000118255615,0.5676000118255615,1.135200023651123,0.6621999740600586,0.620199978351593,3.1008999347686768,0.7013000249862671,0.6736999750137329,4.042200088500977,0.6689000129699707,0.6729999780654907,4.711100101470947,0.7404000163078308,0.8154000043869019,8.154399871826172,4.160900115966797,4.160900115966797,8.321800231933594,3.7399001121520996,3.8731000423431396,19.36549949645996,4.009200096130371,4.390200138092041,26.341400146484375,4.27839994430542,4.6894001960754395,32.82609939575195,4.009200096130371,4.515900135040283,45.15909957885742,8.259200096130371,-2.5696001052856445,-34.165199279785156,-12.243800163269043,-2.7042999267578125,-2.7072999477386475,-2.839200019836426,-3.022700071334839,-3.346100091934204,-33.89970016479492,-33.85279846191406,-33.71929931640625,-33.49020004272461,-32.67610168457031,-12.159799575805664,-12.15149974822998,-12.146400451660156,-12.105500221252441,-11.885199546813965,0.32919999957084656,0.6463000178337097,8.680000305175781,8.973999977111816,8.459799766540527,8.163399696350098,8.344099998474121,-12.159799575805664,-12.15149974822998,-12.146400451660156,-12.105500221252441,-11.885199546813965,-2.7042999267578125,-2.7072999477386475,-2.839200019836426,-3.022700071334839,-3.346100091934204,-33.89970016479492,-33.85279846191406,-33.71929931640625,-33.49020004272461,-32.67610168457031,60.229698181152344,161.864501953125,189.10899353027344,211.9434051513672,300.80279541015625,3.6998000144958496,0.400299996137619,0.8418999910354614,0.8418999910354614
39,109.84510040283203,97.24710083007812,26.940900802612305,0.47769999504089355,0.0,0.4729999899864197,0.3310999870300293,0.0,113.25140380859375,14.338600158691406,56.50170135498047,1130.0333251953125,1.2818000316619873,56.47930145263672,56.47930145263672,112.95860290527344,56.44969940185547,56.42900085449219,282.14520263671875,56.45330047607422,56.439701080322266,338.6382141113281,56.457000732421875,56.468299865722656,395.2781066894531,56.48360061645508,56.50809860229492,565.0811767578125,14.128499984741211,14.128499984741211,28.256900787353516,13.507800102233887,13.705300331115723,68.52639770507812,13.586199760437012,13.69849967956543,82.19090270996094,13.66450023651123,13.740699768066406,96.18509674072266,13.956299781799316,13.874600410461426,138.74569702148438,113.3927993774414,113.3927993774414,226.78550720214844,113.25140380859375,113.27069854736328,566.3535766601562,113.2197036743164,113.22859954833984,679.3712768554688,113.25140380859375,113.23899841308594,792.6734008789062,113.302001953125,113.25849914550781,1132.5850830078125,0.0,0.0,0.0,0.0,0.0,0.0,0.0,0.0,0.0,0.0,0.04729999974370003,0.3310999870300293,0.0,0.1006999984383583,1.006700038909912,0.1656000018119812,0.1656000018119812,0.3310999870300293,0.3310999870300293,0.2662000060081482,1.3310999870300293,0.3310999870300293,0.27810001373291016,1.6689000129699707,0.3310999870300293,0.3052999973297119,2.1370999813079834,0.3310999870300293,0.28060001134872437,2.805999994277954,0.4043999910354614,0.4043999910354614,0.8087999820709229,0.3310999870300293,0.2955000102519989,1.4776999950408936,0.3310999870300293,0.30149999260902405,1.8087999820709229,0.3310999870300293,0.3066999912261963,2.1466000080108643,0.337799996137619,0.3560999929904938,3.5608999729156494,1.3030999898910522,1.3030999898910522,2.6061999797821045,1.0133999586105347,0.9887999892234802,4.943999767303467,1.006700038909912,0.9907000064849854,5.943999767303467,1.0133999586105347,1.0599000453948975,7.419000148773193,1.2795000076293945,1.1785999536514282,11.785900115966797,9.739100456237793,1.6653000116348267,43.0901985168457,14.235400199890137,1.8753999471664429,2.2985000610351562,2.3052000999450684,2.2629001140594482,2.1289000511169434,42.946998596191406,43.068199157714844,43.11029815673828,43.099700927734375,43.08000183105469,14.256999969482422,14.30679988861084,14.296099662780762,14.267399787902832,14.227299690246582,0.3122999966144562,0.07450000196695328,9.715299606323242,10.028200149536133,10.026599884033203,9.9576997756958,9.84000015258789,14.256999969482422,14.30679988861084,14.296099662780762,14.267399787902832,14.227299690246582,1.8753999471664429,2.2985000610351562,2.3052000999450684,2.2629001140594482,2.1289000511169434,42.946998596191406,43.068199157714844,43.11029815673828,43.099700927734375,43.08000183105469,68.68609619140625,168.9532928466797,190.4394073486328,219.08729553222656,319.5353088378906,4.42140007019043,-0.2874000072479248,0.329800009727478,0.329800009727478
40,141.73899841308594,120.26740264892578,25.94219970703125,1.0597000122070312,0.3310999870300293,0.0,0.0,0.3310999870300293,141.73899841308594,14.365900039672852,64.55740356445312,1291.14794921875,1.722000002861023,64.3594970703125,64.3594970703125,128.718994140625,63.805599212646484,64.00469970703125,320.0235900878906,63.798099517822266,63.88349914550781,383.3008117675781,63.79059982299805,63.70909881591797,445.96380615234375,63.492698669433594,63.36240005493164,633.6242065429688,14.200799942016602,14.200799942016602,28.401599884033203,14.365900039672852,14.500800132751465,72.50379943847656,14.53439998626709,14.534500122070312,87.20680236816406,14.392800331115723,14.514200210571289,101.59950256347656,14.379400253295898,14.431099891662598,144.31080627441406,141.3345947265625,141.3345947265625,282.669189453125,140.61199951171875,140.85569763183594,704.2786254882812,140.60940551757812,140.6947021484375,844.168212890625,140.60690307617188,140.40390014648438,982.8272705078125,140.13999938964844,139.78399658203125,1397.8399658203125,0.3310999870300293,0.3310999870300293,0.6621999740600586,0.337799996137619,0.44290000200271606,2.214600086212158,0.40299999713897705,0.5450000166893005,3.2701001167297363,0.4683000147342682,0.5346999764442444,3.7430999279022217,0.337799996137619,0.44190001487731934,4.418799877166748,0.3310999870300293,0.3310999870300293,0.6621999740600586,0.3310999870300293,0.33379998803138733,1.6689000129699707,0.3310999870300293,0.2793000042438507,1.6756000518798828,0.3310999870300293,0.2867000102996826,2.006700038909912,0.1688999980688095,0.20069999992847443,2.006700038909912,1.1313999891281128,1.1313999891281128,2.2627999782562256,0.6689000129699707,0.680899977684021,3.4047000408172607,0.570900022983551,0.6237000226974487,3.742500066757202,0.4729999899864197,0.534600019454956,3.742500066757202,0.3345000147819519,0.44119998812675476,4.411499977111816,1.7935999631881714,1.7935999631881714,3.5873000621795654,1.722000002861023,1.7238999605178833,8.619400024414062,1.7935999631881714,1.749500036239624,10.497099876403809,1.722000002861023,1.663699984550476,11.645700454711914,1.3832999467849731,1.46589994430542,14.659299850463867,9.651800155639648,-0.04089999943971634,14.729100227355957,5.692399978637695,0.12430000305175781,-0.1753000020980835,-0.20880000293254852,-0.188400000333786,-0.10480000078678131,15.133899688720703,15.611800193786621,15.771900177001953,16.061800003051758,16.681400299072266,5.890699863433838,6.24560022354126,6.366700172424316,6.540900230407715,6.887899875640869,0.4133000075817108,0.1128000020980835,9.579899787902832,9.654000282287598,9.629599571228027,9.716300010681152,9.915300369262695,5.890699863433838,6.24560022354126,6.366700172424316,6.540900230407715,6.887899875640869,0.12430000305175781,-0.1753000020980835,-0.20880000293254852,-0.188400000333786,-0.10480000078678131,15.133899688720703,15.611800193786621,15.771900177001953,16.061800003051758,16.681400299072266,50.13399887084961,131.90469360351562,186.3032989501953,214.8592071533203,300.80279541015625,3.7939999103546143,-0.04580000042915344,0.5583999752998352,0.5583999752998352
41,176.76119995117188,133.82240295410156,33.11800003051758,6.0696001052856445,0.3312000036239624,6.84250020980835,6.865900039672852,6.250800132751465,176.76119995117188,19.512800216674805,79.12159729003906,1582.4322509765625,26.360000610351562,77.98320007324219,77.98320007324219,155.9665069580078,74.20700073242188,74.69419860839844,373.4710998535156,73.1093978881836,74.09549713134766,444.57281494140625,72.01180267333984,73.72209930419922,516.0548095703125,72.58300018310547,73.497802734375,734.9782104492188,19.473600387573242,19.473600387573242,38.94729995727539,18.650299072265625,18.859699249267578,94.29869842529297,18.716299057006836,18.846799850463867,113.08100128173828,18.78230094909668,18.862699508666992,132.03909301757812,19.1387996673584,19.04159927368164,190.41639709472656,174.03770446777344,174.03770446777344,348.0754089355469,165.65780639648438,166.59579467773438,832.9788818359375,163.07870483398438,165.11880493164062,990.7130126953125,160.49969482421875,164.12100219726562,1148.8468017578125,160.9846954345703,163.2698974609375,1632.6990966796875,0.39980000257492065,0.39980000257492065,0.7994999885559082,0.3312000036239624,0.38600000739097595,1.9300999641418457,0.39969998598098755,0.40130001306533813,2.4077999591827393,0.4683000147342682,0.4108999967575073,2.875999927520752,0.3312000036239624,0.3206999897956848,3.2070999145507812,6.453499794006348,6.453499794006348,12.907099723815918,5.828100204467773,4.555099964141846,22.77549934387207,4.410699844360352,3.920799970626831,23.524799346923828,2.993299961090088,3.511199951171875,24.57819938659668,2.242000102996826,3.072200059890747,30.721900939941406,6.558800220489502,6.558800220489502,13.117500305175781,6.023099899291992,4.382800102233887,21.914199829101562,4.063899993896484,3.9902000427246094,23.9414005279541,2.3445000648498535,3.7551000118255615,26.285900115966797,2.5099000930786133,3.4179000854492188,34.17900085449219,27.482200622558594,27.482200622558594,54.96440124511719,23.86090087890625,19.193700790405273,95.96869659423828,17.99250030517578,17.07699966430664,102.46209716796875,12.124099731445312,15.624699592590332,109.37259674072266,10.05739974975586,13.761300086975098,137.61270141601562,-13.518899917602539,-1.9462000131607056,19.141700744628906,9.20359992980957,-1.907099962234497,-1.292799949645996,-1.2798000574111938,-1.2955000400543213,-1.4739999771118164,21.867000579833984,29.313600540161133,30.791799545288086,31.7908992767334,32.6432991027832,10.34280014038086,13.633899688720703,14.23330020904541,14.607199668884277,14.832200050354004,0.8424000144004822,0.920199990272522,-14.641300201416016,-6.346700191497803,-4.2270002365112305,-2.771899938583374,-0.901199996471405,10.34280014038086,13.633899688720703,14.23330020904541,14.607199668884277,14.832200050354004,-1.907099962234497,-1.292799949645996,-1.2798000574111938,-1.2955000400543213,-1.4739999771118164,21.867000579833984,29.313600540161133,30.791799545288086,31.7908992767334,32.6432991027832,35.89099884033203,115.2927017211914,142.8715057373047,176.8531951904297,288.5216979980469,3.6566998958587646,0.4433000087738037,0.8513000011444092,0.8513000011444092
42,168.17359924316406,140.5699005126953,32.0276985168457,1.0681999921798706,0.4683000147342682,0.0,0.6621999740600586,0.0066999997943639755,168.17359924316406,18.071300506591797,76.3479995727539,1526.9609375,2.205399990081787,76.39990234375,76.39990234375,152.7998046875,76.45169830322266,76.37809753417969,381.89068603515625,76.39990234375,76.22039794921875,457.322509765625,76.3479995727539,76.03109741210938,532.2177734375,75.79630279541016,75.78900146484375,757.8895874023438,18.068700790405273,18.068700790405273,36.137298583984375,18.071300506591797,18.2450008392334,91.22509765625,18.127599716186523,18.234800338745117,109.40899658203125,18.071300506591797,18.19219970703125,127.34549713134766,18.127599716186523,18.191200256347656,181.91160583496094,168.08450317382812,168.08450317382812,336.16900634765625,167.7563018798828,167.72560119628906,838.6279907226562,167.7563018798828,167.393798828125,1004.3624877929688,167.7563018798828,167.03030395507812,1169.2120361328125,166.51060485839844,166.5330047607422,1665.3299560546875,0.40299999713897705,0.40299999713897705,0.8059999942779541,0.4683000147342682,0.6172000169754028,3.086199998855591,0.6043000221252441,0.714900016784668,4.2891998291015625,0.4683000147342682,0.660099983215332,4.6203999519348145,0.337799996137619,0.5619999766349792,5.6203999519348145,0.0032999999821186066,0.0032999999821186066,0.0066999997943639755,0.0066999997943639755,0.1363999992609024,0.682200014591217,0.0032999999821186066,0.1137000024318695,0.682200014591217,0.0066999997943639755,0.14569999277591705,1.0199999809265137,0.1688999980688095,0.1688999980688095,1.6888999938964844,1.0576000213623047,1.0576000213623047,2.1152000427246094,0.337799996137619,0.6230000257492065,3.1152000427246094,0.3343999981880188,0.5192000269889832,3.1152000427246094,0.3310999870300293,0.49230000376701355,3.4463000297546387,0.3345000147819519,0.5001999735832214,5.0015997886657715,1.9639999866485596,1.9639999866485596,3.927999973297119,2.024199962615967,2.0213000774383545,10.10669994354248,1.944700002670288,1.995300054550171,11.972000122070312,1.8653000593185425,1.9199999570846558,13.440299987792969,1.7939000129699707,1.8603999614715576,18.603700637817383,8.129199981689453,-1.7786999940872192,-0.5327000021934509,-0.6620000004768372,-1.7761000394821167,-1.952299952507019,-1.9420000314712524,-1.8992999792099,-1.8980000019073486,-0.4449000060558319,-0.08799999952316284,0.24390000104904175,0.607200026512146,1.1013000011444092,-0.7143999934196472,-0.6934999823570251,-0.5357999801635742,-0.3465000092983246,-0.10509999841451645,0.5031999945640564,0.14139999449253082,8.370499610900879,8.310199737548828,8.335599899291992,8.410300254821777,8.472800254821777,-0.7143999934196472,-0.6934999823570251,-0.5357999801635742,-0.3465000092983246,-0.10509999841451645,-1.7761000394821167,-1.952299952507019,-1.9420000314712524,-1.8992999792099,-1.8980000019073486,-0.4449000060558319,-0.08799999952316284,0.24390000104904175,0.607200026512146,1.1013000011444092,55.0619010925293,112.4480972290039,140.94410705566406,169.65350341796875,241.273193359375,3.4655001163482666,0.5526000261306763,0.9067999720573425,0.9067999720573425
43,127.63739776611328,95.68769836425781,27.949899673461914,1.0534000396728516,0.47769999504089355,1.0470999479293823,2.106800079345703,1.0,127.63739776611328,15.6673002243042,59.765499114990234,1195.3094482421875,5.684899806976318,59.832401275634766,59.832401275634766,119.66480255126953,60.1349983215332,60.16790008544922,300.839599609375,60.28620147705078,60.269500732421875,361.6170959472656,60.437400817871094,60.379398345947266,422.6559143066406,60.689998626708984,60.79309844970703,607.931396484375,15.604900360107422,15.604900360107422,31.20989990234375,15.54259967803955,15.64169979095459,78.20860290527344,15.604900360107422,15.723699569702148,94.34230041503906,15.6673002243042,15.774800300598145,110.42330169677734,16.083900451660156,16.069900512695312,160.6988983154297,127.44979858398438,127.44979858398438,254.8997039794922,127.63739776611328,127.83660125732422,639.1829833984375,127.90499877929688,128.07200622558594,768.4321899414062,128.17269897460938,128.456298828125,899.194091796875,128.97569274902344,130.1636962890625,1301.6373291015625,0.4729999899864197,0.4729999899864197,0.945900022983551,0.337799996137619,0.3230000138282776,1.614799976348877,0.3343999981880188,0.32429999113082886,1.9458999633789062,0.3310999870300293,0.325300008058548,2.277100086212158,0.3343999981880188,0.34139999747276306,3.4142000675201416,1.1689000129699707,1.1689000129699707,2.3378000259399414,1.0,1.0671000480651855,5.3354997634887695,1.0234999656677246,1.1868000030517578,7.121099948883057,1.0470999479293823,1.2094000577926636,8.465499877929688,1.3410999774932861,1.5187000036239624,15.187100410461426,1.7043999433517456,1.7043999433517456,3.408799886703491,2.0,2.0183000564575195,10.091400146484375,2.1777000427246094,2.460900068283081,14.765399932861328,2.3554000854492188,2.9286000728607178,20.500200271606445,2.887399911880493,3.3835999965667725,33.83649826049805,6.779799938201904,6.779799938201904,13.559499740600586,6.437399864196777,6.617099761962891,33.08549880981445,6.802800178527832,7.460599899291992,44.76359939575195,7.168099880218506,8.140899658203125,56.98640060424805,9.26360034942627,9.536800384521484,95.36799621582031,5.688799858093262,-1.3422000408172607,28.830699920654297,10.484399795532227,-1.2798000574111938,-1.3162000179290771,-1.3981000185012817,-1.4490000009536743,-1.7436000108718872,29.018699645996094,28.63089942932129,28.39459991455078,28.0093994140625,26.301599502563477,10.417799949645996,10.08240032196045,9.980600357055664,9.870599746704102,9.457200050354004,0.4036000072956085,0.4609000086784363,4.593800067901611,4.760799884796143,3.9184999465942383,3.239000082015991,1.844499945640564,10.417799949645996,10.08240032196045,9.980600357055664,9.870599746704102,9.457200050354004,-1.2798000574111938,-1.3162000179290771,-1.3981000185012817,-1.4490000009536743,-1.7436000108718872,29.018699645996094,28.63089942932129,28.39459991455078,28.0093994140625,26.301599502563477,50.133399963378906,140.34190368652344,171.8874053955078,214.8592071533203,322.2886047363281,4.537700176239014,-0.7894999980926514,0.0925000011920929,0.0925000011920929
44,169.1273956298828,131.08619689941406,25.444799423217773,0.4683000147342682,0.337799996137619,0.47769999504089355,0.3310999870300293,0.0,169.1273956298828,14.72920036315918,73.9303970336914,1478.60693359375,1.614799976348877,74.05719757080078,74.05719757080078,148.11439514160156,74.18409729003906,74.13469696044922,370.6733093261719,74.11499786376953,74.06590270996094,444.39520263671875,74.0458984375,73.97899627685547,517.8533935546875,73.82610321044922,73.856201171875,738.56201171875,14.57859992980957,14.57859992980957,29.157100677490234,14.14210033416748,14.2923002243042,71.46150207519531,14.120599746704102,14.25409984588623,85.52459716796875,14.099100112915039,14.226900100708008,99.5884017944336,14.253999710083008,14.272000312805176,142.7198028564453,169.5001983642578,169.5001983642578,339.00030517578125,169.87289428710938,169.73919677734375,848.6961059570312,169.6739959716797,169.556396484375,1017.3381958007812,169.47509765625,169.32650756835938,1185.28515625,168.88479614257812,168.9521942138672,1689.5224609375,0.3343999981880188,0.3343999981880188,0.6689000129699707,0.0,0.13379999995231628,0.6689000129699707,0.0,0.11150000244379044,0.6689000129699707,0.0,0.09560000151395798,0.6689000129699707,0.0,0.06689999997615814,0.6689000129699707,0.0,0.0,0.0,0.0,0.13379999995231628,0.6689000129699707,0.0032999999821186066,0.11259999871253967,0.675599992275238,0.0066999997943639755,0.09749999642372131,0.6822999715805054,0.1688999980688095,0.1818999946117401,1.8193999528884888,0.23409999907016754,0.23409999907016754,0.4683000147342682,0.4683000147342682,0.5838000178337097,2.9189999103546143,0.6072999835014343,0.663100004196167,3.978800058364868,0.6621999740600586,0.6629999876022339,4.640999794006348,0.8697999715805054,0.7695000171661377,7.694699764251709,1.3726999759674072,1.3726999759674072,2.745300054550171,1.3732999563217163,1.3068000078201294,6.533899784088135,1.2518999576568604,1.266700029373169,7.600299835205078,1.1304999589920044,1.228600025177002,8.600299835205078,1.3942999839782715,1.479099988937378,14.791199684143066,10.618300437927246,0.5864999890327454,-20.332799911499023,-6.3024001121521,0.7372999787330627,1.0240999460220337,1.0625,1.089900016784668,1.0454000234603882,-20.703500747680664,-20.939199447631836,-20.756799697875977,-20.52750015258789,-20.156099319458008,-6.428400039672852,-6.504199981689453,-6.435400009155273,-6.348800182342529,-6.2266998291015625,0.25760000944137573,0.07880000025033951,10.860400199890137,10.924500465393066,10.964599609375,11.002900123596191,10.753399848937988,-6.428400039672852,-6.504199981689453,-6.435400009155273,-6.348800182342529,-6.2266998291015625,0.7372999787330627,1.0240999460220337,1.0625,1.089900016784668,1.0454000234603882,-20.703500747680664,-20.939199447631836,-20.756799697875977,-20.52750015258789,-20.156099319458008,35.809898376464844,78.78170013427734,107.42960357666016,136.07749938964844,226.32229614257812,3.9388999938964844,0.18279999494552612,0.7398999929428101,0.7398999929428101
45,212.7200927734375,172.62770080566406,29.856700897216797,2.54010009765625,0.3310999870300293,2.134700059890747,1.655500054359436,1.6608999967575073,212.7200927734375,16.738100051879883,92.29280090332031,1845.8565673828125,8.32229995727539,92.80619812011719,92.80619812011719,185.61239624023438,94.02349853515625,93.95120239257812,469.7560119628906,94.3311996459961,94.34809875488281,566.08837890625,94.63890075683594,94.7593994140625,663.3156127929688,95.90679931640625,95.69770050048828,956.9766235351562,16.738100051879883,16.738100051879883,33.476200103759766,16.17140007019043,16.170400619506836,80.85220336914062,15.967700004577637,16.102699279785156,96.61620330810547,16.09269905090332,16.101299285888672,112.70890045166016,15.927599906921387,16.008800506591797,160.0883026123047,214.06619262695312,214.06619262695312,428.13238525390625,217.45469665527344,217.27479553222656,1086.3741455078125,218.32679748535156,218.3303985595703,1309.982666015625,219.19900512695312,219.37120056152344,1535.5985107421875,222.59829711914062,221.8800048828125,2218.7998046875,0.1656000018119812,0.1656000018119812,0.3310999870300293,0.3310999870300293,0.3481000065803528,1.740399956703186,0.3343999981880188,0.36970001459121704,2.218100070953369,0.337799996137619,0.42260000109672546,2.9584999084472656,0.3310999870300293,0.3303000032901764,3.302999973297119,1.4375,1.4375,2.8750998973846436,1.2142000198364258,1.2790000438690186,6.395100116729736,1.2897000312805176,1.2934000492095947,7.760300159454346,1.2142000198364258,1.281499981880188,8.970800399780273,1.205899953842163,1.1497000455856323,11.496500015258789,2.5699000358581543,2.5699000358581543,5.139800071716309,2.749799966812134,2.740999937057495,13.7052001953125,2.674799919128418,2.6884000301361084,16.130399703979492,2.5996999740600586,2.561199903488159,17.928300857543945,2.482599973678589,2.0192999839782715,20.193300247192383,7.797599792480469,7.797599792480469,15.595199584960938,7.2729997634887695,7.053800106048584,35.26900100708008,7.008999824523926,7.002299785614014,42.01409912109375,6.745100021362305,6.947700023651123,48.63420104980469,6.356200218200684,6.020599842071533,60.20560073852539,2.0123000144958496,-0.445499986410141,-45.079200744628906,-16.606800079345703,-0.445499986410141,0.12229999899864197,0.19009999930858612,0.1915999948978424,0.28439998626708984,-46.42660140991211,-49.637298583984375,-50.69279861450195,-51.733699798583984,-54.24570083618164,-17.12070083618164,-18.266599655151367,-18.663400650024414,-19.07469940185547,-20.0137996673584,0.718999981880188,0.7110000252723694,2.536799907684326,3.2778000831604004,3.3285999298095703,3.3826000690460205,4.312600135803223,-17.12070083618164,-18.266599655151367,-18.663400650024414,-19.07469940185547,-20.0137996673584,-0.445499986410141,0.12229999899864197,0.19009999930858612,0.1915999948978424,0.28439998626708984,-46.42660140991211,-49.637298583984375,-50.69279861450195,-51.733699798583984,-54.24570083618164,55.77510070800781,117.26239776611328,141.7187957763672,184.6905975341797,234.9154052734375,4.037300109863281,-0.019200000911951065,0.5666999816894531,0.5666999816894531
46,184.0634002685547,155.56350708007812,31.612600326538086,0.675599992275238,0.3310999870300293,0.746399998664856,0.0,0.0,184.0634002685547,19.416500091552734,84.73190307617188,1694.6387939453125,1.753100037574768,84.7156982421875,84.7156982421875,169.431396484375,84.6677017211914,84.65670013427734,423.28338623046875,84.64579772949219,84.6261978149414,507.7572937011719,84.6239013671875,84.60379791259766,592.226806640625,84.5302963256836,84.55879974365234,845.5875854492188,19.325899124145508,19.325899124145508,38.65190124511719,19.23539924621582,19.171600341796875,95.85790252685547,19.163999557495117,19.075599670410156,114.45359802246094,19.092599868774414,18.99530029296875,132.96730041503906,18.679100036621094,18.82159996032715,188.21560668945312,183.89939880371094,183.89939880371094,367.7987060546875,183.73410034179688,183.6741943359375,918.3707275390625,183.73410034179688,183.68409729003906,1102.1048583984375,183.73410034179688,183.69039916992188,1285.8326416015625,183.73410034179688,183.7664031982422,1837.66455078125,0.3310999870300293,0.3310999870300293,0.6622999906539917,0.3312000036239624,0.2924000024795532,1.4617999792099,0.3312000036239624,0.29989999532699585,1.7996000051498413,0.3312000036239624,0.3043999969959259,2.13070011138916,0.3310999870300293,0.2800000011920929,2.7995998859405518,0.0,0.0,0.0,0.0,0.13379999995231628,0.6689000129699707,0.1656000018119812,0.16779999434947968,1.006700038909912,0.3310999870300293,0.19110000133514404,1.3378000259399414,0.0,0.13379999995231628,1.3378000259399414,0.6689000129699707,0.6689000129699707,1.3378000259399414,0.0,0.26759999990463257,1.3378000259399414,0.1656000018119812,0.2782000005245209,1.6689000129699707,0.3310999870300293,0.2867000102996826,2.006700038909912,0.337799996137619,0.4000000059604645,4.0,1.7077000141143799,1.7077000141143799,3.415299892425537,1.4616999626159668,1.2430000305175781,6.214799880981445,1.2342000007629395,1.2036000490188599,7.221499919891357,1.006700038909912,1.1744999885559082,8.221500396728516,1.006700038909912,1.1884000301361084,11.883700370788574,11.088000297546387,-1.850000023841858,11.839400291442871,3.5933001041412354,-1.7594000101089478,-1.604699969291687,-1.5085999965667725,-1.4280999898910522,-1.2539000511169434,12.00529956817627,12.235199928283691,12.226499557495117,12.221500396728516,12.146699905395508,3.610300064086914,3.6714999675750732,3.702500104904175,3.7255001068115234,3.7713000774383545,0.35910001397132874,0.08749999850988388,11.133199691772461,11.604100227355957,11.646400451660156,11.678299903869629,11.671699523925781,3.610300064086914,3.6714999675750732,3.702500104904175,3.7255001068115234,3.7713000774383545,-1.7594000101089478,-1.604699969291687,-1.5085999965667725,-1.4280999898910522,-1.2539000511169434,12.00529956817627,12.235199928283691,12.226499557495117,12.221500396728516,12.146699905395508,71.61969757080078,172.0677947998047,207.69720458984375,229.18310546875,286.4789123535156,4.492300033569336,-0.3921999931335449,0.30709999799728394,0.30709999799728394
47,192.7823028564453,161.00929260253906,25.631999969482422,0.0,0.6689000129699707,0.0,0.0,0.0,192.7823028564453,13.601499557495117,84.61750030517578,1692.3499755859375,0.6689000129699707,84.48519897460938,84.48519897460938,168.97039794921875,83.86479949951172,83.71900177001953,418.5950012207031,83.56559753417969,83.43669891357422,500.6203918457031,83.2665023803711,83.21610260009766,582.5126953125,82.80470275878906,83.01830291748047,830.1834106445312,13.601499557495117,13.601499557495117,27.202899932861328,13.601499557495117,13.54640007019043,67.7322006225586,13.55459976196289,13.512299537658691,81.07389831542969,13.507800102233887,13.487899780273438,94.41549682617188,13.601499557495117,13.639200210571289,136.39210510253906,192.45440673828125,192.45440673828125,384.9088134765625,191.218994140625,190.8498992919922,954.24951171875,190.531494140625,190.25790405273438,1141.5474853515625,189.843994140625,189.84689331054688,1328.92822265625,188.889404296875,189.44189453125,1894.4189453125,0.5,0.5,1.0,0.9933000206947327,0.9323999881744385,4.662199974060059,0.8310999870300293,0.8343999981880188,5.006700038909912,0.6689000129699707,0.7616000175476074,5.331099987030029,0.5662000179290771,0.7131999731063843,7.132500171661377,0.0,0.0,0.0,0.3310999870300293,0.20000000298023224,1.0,0.1656000018119812,0.16670000553131104,1.0,0.3310999870300293,0.19020000100135803,1.3310999870300293,0.3310999870300293,0.288100004196167,2.880500078201294,0.6826000213623047,0.6826000213623047,1.3652000427246094,0.6625000238418579,0.7731000185012817,3.865499973297119,1.00409996509552,0.8920000195503235,5.35230016708374,0.6625000238418579,0.8592000007629395,6.014500141143799,0.5771999955177307,0.635200023651123,6.35230016708374,1.1826000213623047,1.1826000213623047,2.3652000427246094,1.816499948501587,1.905500054359436,9.527700424194336,1.8238999843597412,1.8932000398635864,11.359000205993652,1.816499948501587,1.858299970626831,13.00790023803711,1.8238999843597412,1.8974000215530396,18.973600387573242,10.2322998046875,3.5390000343322754,-23.878400802612305,-7.995100021362305,3.5392000675201416,3.5947999954223633,3.6291000843048096,3.653700113296509,3.5030999183654785,-23.5403995513916,-21.905500411987305,-21.303699493408203,-20.88319969177246,-20.451900482177734,-7.85860013961792,-7.079800128936768,-6.793499946594238,-6.568900108337402,-6.360300064086914,0.04749999940395355,0.09700000286102295,9.718299865722656,8.994799613952637,9.007100105285645,9.041799545288086,9.002699851989746,-7.85860013961792,-7.079800128936768,-6.793499946594238,-6.568900108337402,-6.360300064086914,3.5392000675201416,3.5947999954223633,3.6291000843048096,3.653700113296509,3.5030999183654785,-23.5403995513916,-21.905500411987305,-21.303699493408203,-20.88319969177246,-20.451900482177734,45.90589904785156,128.91549682617188,157.5634002685547,186.2113037109375,229.18310546875,4.131700038909912,-0.09260000288486481,0.5049999952316284,0.5049999952316284
48,94.76290130615234,73.91280364990234,30.88279914855957,0.0,0.0,0.3310999870300293,0.0,0.3310999870300293,94.76290130615234,16.492399215698242,46.24409866333008,924.8825073242188,0.6621999740600586,46.232398986816406,46.232398986816406,92.46489715576172,46.24409866333008,46.24190139770508,231.2095947265625,46.23649978637695,46.23970031738281,277.4383850097656,46.22880172729492,46.21260070800781,323.4881896972656,46.22079849243164,46.05950164794922,460.5953063964844,16.492399215698242,16.492399215698242,32.984798431396484,16.492399215698242,16.492399215698242,82.46209716796875,16.492399215698242,16.54599952697754,99.2760009765625,16.492399215698242,16.609699249267578,116.26789855957031,16.49839973449707,16.58060073852539,165.80560302734375,94.76290130615234,94.76290130615234,189.52569580078125,94.76290130615234,94.78880310058594,473.94378662109375,94.78410339355469,94.806396484375,568.8385009765625,94.76290130615234,94.77220153808594,663.4052124023438,94.76290130615234,94.54460144042969,945.4456787109375,0.0,0.0,0.0,0.0,0.0,0.0,0.0,0.0551999993622303,0.3310999870300293,0.0,0.09560000151395798,0.6689000129699707,0.0,0.1467999964952469,1.4682999849319458,0.1656000018119812,0.1656000018119812,0.3310999870300293,0.0,0.1324000060558319,0.6621999740600586,0.1656000018119812,0.1891999989748001,1.135200023651123,0.3310999870300293,0.2296999990940094,1.608199954032898,0.3310999870300293,0.26080000400543213,2.6082000732421875,0.0,0.0,0.0,0.3310999870300293,0.20000000298023224,1.0,0.1656000018119812,0.16670000553131104,1.0,0.0,0.1429000049829483,1.0,0.0,0.1331000030040741,1.3310999870300293,0.3310999870300293,0.3310999870300293,0.6621999740600586,0.337799996137619,0.4648999869823456,2.32450008392334,0.5,0.5777000188827515,3.4663000106811523,0.6621999740600586,0.6779000163078308,4.7453999519348145,0.8277999758720398,0.7875999808311462,7.875899791717529,11.574700355529785,-2.847599983215332,93.32330322265625,44.947601318359375,-2.8475000858306885,-2.8473000526428223,-2.9007999897003174,-2.964400053024292,-2.9349000453948975,93.31890106201172,93.28700256347656,93.26799774169922,93.30130004882812,93.5270004272461,44.95750045776367,44.945899963378906,44.94770050048828,44.974700927734375,45.12770080566406,0.11259999871253967,0.22930000722408295,11.903599739074707,11.770299911499023,11.65779972076416,11.557999610900879,11.452199935913086,44.95750045776367,44.945899963378906,44.94770050048828,44.974700927734375,45.12770080566406,-2.8475000858306885,-2.8473000526428223,-2.9007999897003174,-2.964400053024292,-2.9349000453948975,93.31890106201172,93.28700256347656,93.26799774169922,93.30130004882812,93.5270004272461,0.0,64.45780181884766,100.2676010131836,143.23939514160156,257.83099365234375,2.896899938583374,0.4203000068664551,0.7203999757766724,0.7203999757766724
49,147.1768035888672,113.71900177001953,27.073999404907227,0.3310999870300293,0.3310999870300293,0.0,0.0,0.0,147.1768035888672,13.038399696350098,66.14759826660156,1322.9520263671875,0.6621999740600586,66.05139923095703,66.05139923095703,132.10279846191406,65.64730072021484,65.68350219726562,328.4176025390625,65.50559997558594,65.63020324707031,393.7814025878906,65.36389923095703,65.58989715576172,459.12939453125,65.34459686279297,65.41349792480469,654.1351928710938,13.038399696350098,13.038399696350098,26.076799392700195,13.038399696350098,13.038399696350098,65.19200134277344,13.038399696350098,12.99209976196289,77.95230102539062,13.038399696350098,12.945799827575684,90.62030029296875,13.038399696350098,13.0423002243042,130.42320251464844,146.9530029296875,146.9530029296875,293.9059143066406,145.9799041748047,146.01220703125,730.0609741210938,145.60690307617188,145.8336944580078,875.0023803710938,145.23379516601562,145.72850036621094,1020.0994262695312,145.0308074951172,145.4423065185547,1454.422607421875,0.3343999981880188,0.3343999981880188,0.6689000129699707,0.3310999870300293,0.20000000298023224,1.0,0.1656000018119812,0.16670000553131104,1.0,0.3310999870300293,0.19020000100135803,1.3310999870300293,0.3310999870300293,0.20000000298023224,2.0,0.1656000018119812,0.1656000018119812,0.3310999870300293,0.3310999870300293,0.20000000298023224,1.0,0.1656000018119812,0.16670000553131104,1.0,0.3310999870300293,0.19020000100135803,1.3310999870300293,0.3310999870300293,0.20000000298023224,2.0,0.5,0.5,1.0,0.3310999870300293,0.4000000059604645,2.0,0.3310999870300293,0.38850000500679016,2.3310999870300293,0.3310999870300293,0.3813000023365021,2.6689000129699707,0.3310999870300293,0.33309999108314514,3.3310999870300293,1.3310999870300293,1.3310999870300293,2.6621999740600586,1.4615999460220337,1.361199975013733,6.806000232696533,1.1327999830245972,1.268399953842163,7.610099792480469,1.4615999460220337,1.3652000427246094,9.556099891662598,1.2273999452590942,1.3021999597549438,13.02239990234375,10.71150016784668,1.2867000102996826,9.291299819946289,4.102200031280518,1.2867000102996826,1.2870999574661255,1.3336000442504883,1.3799999952316284,1.284000039100647,9.515600204467773,10.455300331115723,10.63290023803711,10.737299919128418,11.023099899291992,4.198800086975098,4.566800117492676,4.619900226593018,4.660099983215332,4.8368000984191895,0.07930000126361847,0.04450000077486038,10.042499542236328,10.01669979095459,10.110799789428711,10.014800071716309,10.079000473022461,4.198800086975098,4.566800117492676,4.619900226593018,4.660099983215332,4.8368000984191895,1.2867000102996826,1.2870999574661255,1.3336000442504883,1.3799999952316284,1.284000039100647,9.515600204467773,10.455300331115723,10.63290023803711,10.737299919128418,11.023099899291992,14.32390022277832,85.9437026977539,114.59159851074219,114.59159851074219,114.59159851074219,4.89709997177124,-1.148900032043457,0.004399999976158142,0.004399999976158142
50,132.15960693359375,103.76309967041016,27.154300689697266,0.3312000036239624,0.0,0.0,0.337799996137619,0.337799996137619,132.15960693359375,16.416200637817383,59.95830154418945,1199.165283203125,1.006700038909912,59.96879959106445,59.96879959106445,119.9375991821289,61.190101623535156,61.52750015258789,307.6376953125,61.84379959106445,61.99700164794922,371.9818115234375,62.49760055541992,62.36470031738281,436.5530090332031,63.430999755859375,62.76179885864258,627.618408203125,16.56909942626953,16.56909942626953,33.138099670410156,16.69890022277832,16.71619987487793,83.5811996459961,16.710399627685547,16.733600616455078,100.40149688720703,16.69890022277832,16.664499282836914,116.65149688720703,16.55419921875,16.3882999420166,163.88259887695312,132.03469848632812,132.03469848632812,264.06939697265625,134.87750244140625,135.76539611816406,678.826904296875,136.52670288085938,136.8762969970703,821.2579956054688,138.1759033203125,137.7747039794922,964.4227294921875,140.9550018310547,138.89280700683594,1388.9273681640625,2.1521999835968018,2.1521999835968018,4.3043999671936035,4.3043999671936035,2.7323999404907227,13.662199974060059,2.490000009536743,2.3896000385284424,14.337800025939941,0.675599992275238,2.1150999069213867,14.805999755859375,0.6689000129699707,2.071899890899658,20.7185001373291,0.3343999981880188,0.3343999981880188,0.6689000129699707,0.0,0.13379999995231628,0.6689000129699707,0.1656000018119812,0.16670000553131104,1.0,0.3310999870300293,0.19110000133514404,1.3378000259399414,0.1688999980688095,0.2012999951839447,2.013400077819824,0.3345000147819519,0.3345000147819519,0.6690000295639038,0.337799996137619,0.3612000048160553,1.8062000274658203,0.3345000147819519,0.3562000095844269,2.1373000144958496,0.337799996137619,0.4472000002861023,3.1305999755859375,0.337799996137619,0.513700008392334,5.13730001449585,2.990000009536743,2.990000009536743,5.980000019073486,4.866199970245361,3.67330002784729,18.366300582885742,3.6740000247955322,3.4746999740600586,20.847999572753906,2.4816999435424805,3.329900026321411,23.309499740600586,2.6486001014709473,3.390399932861328,33.904300689697266,10.014200210571289,-0.412200003862381,24.18199920654297,10.778800010681152,-0.5651999711990356,-0.7124999761581421,-0.7299000024795532,-0.6607999801635742,-0.3847000002861023,24.305099487304688,20.57360076904297,19.462499618530273,18.56410026550293,17.44580078125,10.767499923706055,9.20829963684082,8.738800048828125,8.371000289916992,7.973599910736084,0.1956000030040741,0.31279999017715454,8.028400421142578,7.343800067901611,7.542600154876709,7.687600135803223,7.6280999183654785,10.767499923706055,9.20829963684082,8.738800048828125,8.371000289916992,7.973599910736084,-0.5651999711990356,-0.7124999761581421,-0.7299000024795532,-0.6607999801635742,-0.3847000002861023,24.305099487304688,20.57360076904297,19.462499618530273,18.56410026550293,17.44580078125,42.9718017578125,100.2676010131836,114.59159851074219,143.23939514160156,200.5352020263672,3.901900053024292,0.2320999950170517,0.7771999835968018,0.7771999835968018
51,82.80380249023438,86.21279907226562,33.576900482177734,1.4808000326156616,0.3310999870300293,0.6621999740600586,0.7494000196456909,0.4729999899864197,104.34639739990234,15.324000358581543,48.37739944458008,967.548583984375,3.696500062942505,48.175498962402344,48.175498962402344,96.3510971069336,47.74449920654297,47.735599517822266,238.6781005859375,47.66429901123047,47.53889846801758,285.2333984375,47.58409881591797,47.3650016784668,331.5549011230469,47.07809829711914,47.22380065917969,472.23760986328125,15.798999786376953,15.798999786376953,31.597900390625,17.250200271606445,16.94029998779297,84.70130157470703,17.142200469970703,16.955900192260742,101.73560333251953,17.03420066833496,16.85849952697754,118.0094985961914,16.27389907836914,16.590299606323242,165.9031982421875,103.84539794921875,103.84539794921875,207.6907958984375,102.3447036743164,102.15039825439453,510.7521057128906,101.85469818115234,101.45980072021484,608.7587890625,101.3646011352539,100.82659912109375,705.7863159179688,98.73970031738281,99.87409973144531,998.7415161132812,0.40209999680519104,0.40209999680519104,0.804099977016449,0.3312000036239624,0.32199999690055847,1.610200047492981,0.3345000147819519,0.3246999979019165,1.9479999542236328,0.337799996137619,0.3840999901294708,2.6884000301361084,0.4706000089645386,0.4577000141143799,4.577300071716309,0.40209999680519104,0.40209999680519104,0.804099977016449,0.4729999899864197,0.41620001196861267,2.081199884414673,0.4729999899864197,0.45719999074935913,2.743499994277954,0.4729999899864197,0.44020000100135803,3.081199884414673,0.4729999899864197,0.4494999945163727,4.495500087738037,1.2733999490737915,1.2733999490737915,2.546799898147583,1.066100001335144,1.018399953842163,5.092100143432617,0.8675000071525574,0.9283000230789185,5.569799900054932,1.066100001335144,0.9907000064849854,6.934999942779541,1.1402000188827515,1.2024999856948853,12.024700164794922,3.1549999713897705,3.1549999713897705,6.310100078582764,3.696500062942505,3.3612000942230225,16.80620002746582,3.414900064468384,3.3232998847961426,19.93950080871582,3.696500062942505,3.3868000507354736,23.707300186157227,3.7253000736236572,3.624000072479248,36.239898681640625,8.536700248718262,-0.008299999870359898,44.44820022583008,19.250499725341797,-0.4830999970436096,-1.623900055885315,-1.6394000053405762,-1.541700005531311,-1.2728999853134155,44.95119857788086,46.649600982666016,47.33980178833008,47.9723014831543,48.922000885009766,19.45330047607422,19.894800186157227,20.09149932861328,20.265300750732422,20.40570068359375,0.5040000081062317,0.3880000114440918,9.07800006866455,8.869999885559082,8.908100128173828,8.844799995422363,8.608599662780762,19.45330047607422,19.894800186157227,20.09149932861328,20.265300750732422,20.40570068359375,-0.4830999970436096,-1.623900055885315,-1.6394000053405762,-1.541700005531311,-1.2728999853134155,44.95119857788086,46.649600982666016,47.33980178833008,47.9723014831543,48.922000885009766,51.3911018371582,147.46710205078125,180.3428955078125,211.9248046875,290.70660400390625,2.969599962234497,1.1521999835968018,0.9593999981880188,0.9593999981880188
52,204.08689880371094,156.04159545898438,31.764799118041992,1.386299967765808,0.746399998664856,0.746399998664856,0.6689000129699707,0.6621999740600586,204.08689880371094,17.013200759887695,89.12259674072266,1782.45263671875,4.210100173950195,89.22049713134766,89.22049713134766,178.4409942626953,89.12259674072266,89.1323013305664,445.6614074707031,89.10489654541016,89.03510284423828,534.2105102539062,89.08719635009766,88.99749755859375,622.9826049804688,89.10489654541016,89.03189849853516,890.3187255859375,17.178499221801758,17.178499221801758,34.35689926147461,17.343700408935547,17.410900115966797,87.0542984008789,17.339000701904297,17.398099899291992,104.38849639892578,17.343700408935547,17.488000869750977,122.41629791259766,17.68160057067871,17.679100036621094,176.79100036621094,204.22000122070312,204.22000122070312,408.4399108886719,204.08689880371094,203.99029541015625,1019.9514770507812,203.96319580078125,203.78419494628906,1222.705078125,203.839599609375,203.65660095214844,1425.5965576171875,203.40699768066406,203.52609252929688,2035.26123046875,0.5386999845504761,0.5386999845504761,1.0774999856948853,0.0,0.21549999713897705,1.0774999856948853,0.1656000018119812,0.23479999601840973,1.4085999727249146,0.3310999870300293,0.3077999949455261,2.154900074005127,0.4966999888420105,0.43160000443458557,4.315800189971924,0.5676000118255615,0.5676000118255615,1.135200023651123,0.4729999899864197,0.45410001277923584,2.270400047302246,0.4729999899864197,0.5027999877929688,3.0167999267578125,0.4729999899864197,0.6438000202178955,4.506499767303467,0.7042999863624573,0.9538999795913696,9.538900375366211,1.2166999578475952,1.2166999578475952,2.433300018310547,0.7404000163078308,0.8238999843597412,4.11959981918335,0.8937000036239624,0.8615000247955322,5.168799877166748,1.0470000505447388,0.9524999856948853,6.667500019073486,1.0480999946594238,1.1188000440597534,11.188300132751465,3.361799955368042,3.361799955368042,6.723499774932861,2.2848000526428223,2.556999921798706,12.784899711608887,2.3991000652313232,2.7300000190734863,16.37980079650879,2.513400077819824,3.3526999950408936,23.469100952148438,3.9024999141693115,4.453800201416016,44.53850173950195,2.7500998973846436,-0.43849998712539673,-53.82379913330078,-20.604400634765625,-0.6035000085830688,-0.835099995136261,-0.8220999836921692,-0.9118000268936157,-1.1021000146865845,-53.95920181274414,-53.73619842529297,-53.53229904174805,-53.406898498535156,-53.28300094604492,-20.702999114990234,-20.61709976196289,-20.520599365234375,-20.483800888061523,-20.520299911499023,0.6208999752998352,0.5468999743461609,3.598299980163574,4.4028000831604,4.229800224304199,3.607100009918213,2.50600004196167,-20.702999114990234,-20.61709976196289,-20.520599365234375,-20.483800888061523,-20.520299911499023,-0.6035000085830688,-0.835099995136261,-0.8220999836921692,-0.9118000268936157,-1.1021000146865845,-53.95920181274414,-53.73619842529297,-53.53229904174805,-53.406898498535156,-53.28300094604492,53.74589920043945,134.76150512695312,163.40939331054688,192.0572967529297,278.0010070800781,3.901599884033203,0.2152000069618225,0.8141999840736389,0.8141999840736389
53,213.17539978027344,167.1697998046875,36.52949905395508,6.87060022354126,10.23900032043457,6.894000053405762,9.603400230407715,9.748900413513184,213.17539978027344,19.33329963684082,94.4198989868164,1888.3984375,43.355899810791016,94.42230224609375,94.42230224609375,188.84449768066406,89.64929962158203,88.84459686279297,444.222900390625,87.38300323486328,87.1729965209961,523.0380249023438,85.1166000366211,85.93150329589844,601.5208129882812,80.2344970703125,83.75900268554688,837.589599609375,18.92020034790039,18.92020034790039,37.84040069580078,18.43910026550293,18.148500442504883,90.74259948730469,18.126399993896484,18.09269905090332,108.55619812011719,18.0093994140625,18.080799102783203,126.56559753417969,17.965599060058594,18.072900772094727,180.72909545898438,213.964599609375,213.964599609375,427.92919921875,203.414794921875,200.7270050048828,1003.6350708007812,197.78599548339844,196.460205078125,1178.76123046875,192.15719604492188,193.39739990234375,1353.7821044921875,179.83810424804688,188.30630493164062,1883.0626220703125,7.387199878692627,7.387199878692627,14.774499893188477,3.2841999530792236,4.480500221252441,22.40239906311035,2.98009991645813,3.9814999103546143,23.88920021057129,2.676100015640259,3.6247000694274902,25.372900009155273,3.1257998943328857,3.5023999214172363,35.02399826049805,10.379199981689453,10.379199981689453,20.758499145507812,8.767000198364258,8.167200088500977,40.83620071411133,7.565800189971924,7.866799831390381,47.200801849365234,8.167699813842773,7.909800052642822,55.368499755859375,9.229100227355957,8.756500244140625,87.56529998779297,10.252300262451172,10.252300262451172,20.504499435424805,11.36709976196289,10.08489990234375,50.424598693847656,11.362799644470215,10.297200202941895,61.78310012817383,11.36709976196289,10.79640007019043,75.57489776611328,13.088899612426758,12.15149974822998,121.51509857177734,46.263999938964844,46.263999938964844,92.5280990600586,39.872398376464844,37.96590042114258,189.82969665527344,37.67179870605469,37.55009841918945,225.30079650878906,39.872398376464844,38.07059860229492,266.493896484375,42.27450180053711,42.50740051269531,425.0736083984375,-32.4547004699707,-2.1928000450134277,-44.27159881591797,-17.797500610351562,-1.7795000076293945,-1.0073000192642212,-0.9513000249862671,-0.9391999840736389,-0.9305999875068665,-45.05059814453125,-31.78260040283203,-27.506000518798828,-24.433700561523438,-19.316200256347656,-17.795700073242188,-12.205300331115723,-10.52970027923584,-9.28439998626709,-7.100900173187256,0.8665000200271606,0.9736999869346619,-35.36309814453125,-27.06559944152832,-26.649900436401367,-27.170499801635742,-31.6072998046875,-17.795700073242188,-12.205300331115723,-10.52970027923584,-9.28439998626709,-7.100900173187256,-1.7795000076293945,-1.0073000192642212,-0.9513000249862671,-0.9391999840736389,-0.9305999875068665,-45.05059814453125,-31.78260040283203,-27.506000518798828,-24.433700561523438,-19.316200256347656,58.68600082397461,137.422607421875,163.84019470214844,187.06219482421875,269.2966003417969,4.239799976348877,-0.20069999992847443,0.41110000014305115,0.41110000014305115
54,190.1988067626953,159.10079956054688,30.77389907836914,1.7855000495910645,0.3310999870300293,1.0,0.7523999810218811,0.4729999899864197,190.1988067626953,16.668899536132812,85.30280303955078,1706.0555419921875,4.3420000076293945,85.44339752197266,85.44339752197266,170.88690185546875,85.90360260009766,85.89920043945312,429.49609375,86.11229705810547,86.02660369873047,516.159423828125,86.30280303955078,86.06600189208984,602.4622192382812,85.8750991821289,85.78179931640625,857.817626953125,16.5,16.5,33.0,16.344499588012695,16.387699127197266,81.9384994506836,16.337799072265625,16.302600860595703,97.81580352783203,16.331100463867188,16.241600036621094,113.69100189208984,16.06719970703125,16.118900299072266,161.1885986328125,190.9626007080078,190.9626007080078,381.9252014160156,193.47650146484375,193.16319274902344,965.815673828125,194.34080505371094,193.66879272460938,1162.0126953125,195.02859497070312,193.86300659179688,1357.041259765625,193.67149353027344,193.32650756835938,1933.2647705078125,0.1688999980688095,0.1688999980688095,0.337799996137619,0.32440000772476196,0.20000000298023224,1.0,0.1655000001192093,0.16670000553131104,1.0,0.0066999997943639755,0.1429000049829483,1.0,0.0066999997943639755,0.1331000030040741,1.3310999870300293,0.9799000024795532,0.9799000024795532,1.9596999883651733,1.0448999404907227,0.9624999761581421,4.812699794769287,1.194700002670288,1.030500054359436,6.182799816131592,1.344499945640564,1.0752999782562256,7.527299880981445,1.0460000038146973,0.8574000000953674,8.574299812316895,1.8011000156402588,1.8011000156402588,3.602099895477295,1.7855000495910645,1.346500039100647,6.732600212097168,1.4859999418258667,1.3171000480651855,7.902299880981445,1.2274999618530273,1.3042999505996704,9.129799842834473,1.2070000171661377,1.2386000156402588,12.386099815368652,5.127699851989746,5.127699851989746,10.255499839782715,4.3420000076293945,4.331900119781494,21.659400939941406,4.656499862670898,4.438399791717529,26.630300521850586,4.9710001945495605,4.514800071716309,31.603700637817383,4.656499862670898,3.9512999057769775,39.513301849365234,5.992499828338623,-0.37630000710487366,-22.557899475097656,-9.616700172424316,-0.20739999413490295,-0.09489999711513519,-0.009800000116229057,0.05130000039935112,0.17430000007152557,-23.322999954223633,-25.52560043334961,-26.031200408935547,-26.22559928894043,-25.69219970703125,-9.758000373840332,-10.214599609375,-10.341899871826172,-10.381400108337402,-10.097900390625,0.6309000253677368,0.40209999680519104,5.206699848175049,5.99970006942749,5.892499923706055,5.815499782562256,6.381800174713135,-9.758000373840332,-10.214599609375,-10.341899871826172,-10.381400108337402,-10.097900390625,-0.20739999413490295,-0.09489999711513519,-0.009800000116229057,0.05130000039935112,0.17430000007152557,-23.322999954223633,-25.52560043334961,-26.031200408935547,-26.22559928894043,-25.69219970703125,50.10369873046875,140.70159912109375,166.9967041015625,195.77310180664062,280.8622131347656,4.486800193786621,-0.46860000491142273,0.12060000002384186,0.12060000002384186
55,156.4488067626953,115.68840026855469,26.01919937133789,0.337799996137619,0.337799996137619,0.3310999870300293,0.3310999870300293,0.0,156.4488067626953,16.278799057006836,69.31559753417969,1386.3125,1.3378000259399414,69.42169952392578,69.42169952392578,138.84339904785156,69.68070220947266,69.65679931640625,348.28399658203125,69.76589965820312,69.7301025390625,418.3804016113281,69.8511962890625,69.77249908447266,488.40740966796875,69.82460021972656,69.77050018310547,697.705078125,16.401599884033203,16.401599884033203,32.803199768066406,16.365800857543945,16.39699935913086,81.98490142822266,16.41510009765625,16.437999725341797,98.6281967163086,16.464399337768555,16.46739959716797,115.27149963378906,16.365800857543945,16.391599655151367,163.9156951904297,156.60020446777344,156.60020446777344,313.2004089355469,157.15370178222656,157.06309509277344,785.3157958984375,157.31610107421875,157.22669982910156,943.3602905273438,157.47850036621094,157.34449768066406,1101.4114990234375,157.44790649414062,157.3430938720703,1573.431396484375,0.3345000147819519,0.3345000147819519,0.6690000295639038,0.9933000206947327,0.7551000118255615,3.775399923324585,0.6656000018119812,0.6304000020027161,3.782099962234497,0.337799996137619,0.5412999987602234,3.788800001144409,0.7307999730110168,0.7129999995231628,7.13040018081665,0.1656000018119812,0.1656000018119812,0.3310999870300293,0.3310999870300293,0.20000000298023224,1.0,0.1656000018119812,0.16670000553131104,1.0,0.3310999870300293,0.19020000100135803,1.3310999870300293,0.3310999870300293,0.26080000400543213,2.6082000732421875,0.6923999786376953,0.6923999786376953,1.3847999572753906,1.0470000505447388,0.7662000060081482,3.831199884414673,0.6923999786376953,0.6384999752044678,3.831199884414673,0.337799996137619,0.5472999811172485,3.831199884414673,0.5033000111579895,0.5577999949455261,5.577600002288818,1.9289000034332275,1.9289000034332275,3.8578999042510986,2.5201001167297363,2.6470999717712402,13.235400199890137,2.3512001037597656,2.262200117111206,13.573200225830078,2.182300090789795,1.9873000383377075,13.91100025177002,2.3512001037597656,2.2079999446868896,22.0802001953125,10.895400047302246,-0.963100016117096,-7.654300212860107,-1.6877000331878662,-1.085800051689148,-1.0806000232696533,-1.121500015258789,-1.1505999565124512,-1.0742000341415405,-7.803599834442139,-8.263199806213379,-8.42710018157959,-8.545599937438965,-8.54699993133545,-1.7928999662399292,-2.0262999534606934,-2.099600076675415,-2.142199993133545,-2.1410000324249268,0.22360000014305115,0.07880000025033951,10.304100036621094,9.584199905395508,9.969099998474121,10.24429988861084,10.024499893188477,-1.7928999662399292,-2.0262999534606934,-2.099600076675415,-2.142199993133545,-2.1410000324249268,-1.085800051689148,-1.0806000232696533,-1.121500015258789,-1.1505999565124512,-1.0742000341415405,-7.803599834442139,-8.263199806213379,-8.42710018157959,-8.545599937438965,-8.54699993133545,55.0724983215332,128.91549682617188,155.77040100097656,181.94679260253906,272.1549987792969,4.57889986038208,-0.4571000039577484,0.1412000060081482,0.1412000060081482
56,154.38299560546875,130.03460693359375,26.333200454711914,0.746399998664856,0.3310999870300293,0.6689000129699707,0.337799996137619,0.0,154.38299560546875,15.440400123596191,68.5468978881836,1370.9383544921875,2.0841000080108643,68.52799987792969,68.52799987792969,137.0561065673828,68.53970336914062,68.50920104980469,342.5461120605469,68.52439880371094,68.46219635009766,410.7734069824219,68.50920104980469,68.46510314941406,479.2554931640625,68.54329681396484,68.73699951171875,687.3699951171875,15.532899856567383,15.532899856567383,31.06570053100586,15.811400413513184,15.699999809265137,78.4999008178711,15.811400413513184,15.718500137329102,94.3113021850586,15.811400413513184,15.784500122070312,110.49169921875,15.811400413513184,16.039400100708008,160.39450073242188,154.0614013671875,154.0614013671875,308.122802734375,153.41259765625,153.539794921875,767.6987915039062,153.2471923828125,153.45849609375,920.751220703125,153.3488006591797,153.4427947998047,1074.0999755859375,153.57620239257812,153.72940063476562,1537.29443359375,0.3343999981880188,0.3343999981880188,0.6689000129699707,0.3310999870300293,0.20000000298023224,1.0,0.3310999870300293,0.22190000116825104,1.3310999870300293,0.3310999870300293,0.23839999735355377,1.6689000129699707,0.3343999981880188,0.45489999651908875,4.548900127410889,0.0,0.0,0.0,0.0,0.19869999587535858,0.9933000206947327,0.0,0.45019999146461487,2.7012999057769775,0.0,0.7483000159263611,5.237800121307373,1.350600004196167,1.3151999711990356,13.152000427246094,0.5386999845504761,0.5386999845504761,1.0774999856948853,0.3310999870300293,0.4142000079154968,2.0708000659942627,0.5386999845504761,0.6244000196456909,3.7464001178741455,0.746399998664856,0.8715999722480774,6.100900173187256,1.3344000577926636,1.4215999841690063,14.216400146484375,1.8765000104904175,1.8765000104904175,3.753000020980835,1.6689000129699707,1.9706000089645386,9.852899551391602,1.8765000104904175,3.025099992752075,18.150400161743164,2.0841000080108643,4.066199779510498,28.463300704956055,6.536499977111816,6.008200168609619,60.082298278808594,9.289600372314453,-1.115399956703186,2.085099935531616,1.7029000520706177,-1.2077000141143799,-1.374500036239624,-1.392899990081787,-1.4586999416351318,-1.7130999565124512,2.4072000980377197,2.9277000427246094,3.0081000328063965,3.022900104522705,2.7358999252319336,1.7222000360488892,1.7410999536514282,1.7878999710083008,1.7848999500274658,1.5133999586105347,0.32919999957084656,0.04450000077486038,9.496999740600586,9.407299995422363,8.354100227355957,7.313700199127197,5.373000144958496,1.7222000360488892,1.7410999536514282,1.7878999710083008,1.7848999500274658,1.5133999586105347,-1.2077000141143799,-1.374500036239624,-1.392899990081787,-1.4586999416351318,-1.7130999565124512,2.4072000980377197,2.9277000427246094,3.0081000328063965,3.022900104522705,2.7358999252319336,71.71080017089844,143.33059692382812,171.9783935546875,200.6262969970703,200.6262969970703,3.843100070953369,-0.0949999988079071,0.5327000021934509,0.5327000021934509
57,140.68310546875,124.13159942626953,31.240999221801758,0.3310999870300293,0.0,0.0,0.0,0.0,140.68310546875,16.552900314331055,66.72810363769531,1334.5626220703125,0.3310999870300293,66.68289947509766,66.68289947509766,133.3657989501953,66.41190338134766,66.50920104980469,332.5459899902344,66.4000015258789,66.48889923095703,398.93359375,66.38819885253906,66.45770263671875,465.2040100097656,66.4000015258789,66.45559692382812,664.5557861328125,16.552900314331055,16.552900314331055,33.105899810791016,16.552900314331055,16.52549934387207,82.62740325927734,16.552900314331055,16.50670051574707,99.04039764404297,16.552900314331055,16.49370002746582,115.45610046386719,16.552900314331055,16.497800827026367,164.97760009765625,140.51759338378906,140.51759338378906,281.0351867675781,139.77059936523438,140.05850219726562,700.2924194335938,139.77059936523438,139.9967041015625,839.980224609375,139.77059936523438,139.95350646972656,979.6743774414062,140.0605926513672,140.07440185546875,1400.7445068359375,0.1688999980688095,0.1688999980688095,0.337799996137619,0.0066999997943639755,0.07020000368356705,0.35120001435279846,0.0066999997943639755,0.1137000024318695,0.6822999715805054,0.0066999997943639755,0.14480000734329224,1.0133999586105347,0.0066999997943639755,0.13580000400543213,1.3579000234603882,0.0,0.0,0.0,0.0,0.06620000302791595,0.3310999870300293,0.0,0.11150000244379044,0.6689000129699707,0.0,0.1429000049829483,1.0,0.0,0.10000000149011612,1.0,0.3343999981880188,0.3343999981880188,0.6689000129699707,0.337799996137619,0.3612000048160553,1.8061000108718872,0.337799996137619,0.3573000133037567,2.143899917602539,0.337799996137619,0.35359999537467957,2.475100040435791,0.3345000147819519,0.28130000829696655,2.8129000663757324,0.5033000111579895,0.5033000111579895,1.006700038909912,0.675599992275238,0.697700023651123,3.4883999824523926,0.675599992275238,0.8607000112533569,5.164000034332275,0.675599992275238,0.9269000291824341,6.488500118255615,0.675599992275238,0.7839999794960022,7.839700222015381,6.6290998458862305,0.021700000390410423,9.579899787902832,1.7900999784469604,0.02199999988079071,0.050200000405311584,0.06920000165700912,0.08250000327825546,0.07930000126361847,9.743200302124023,10.195599555969238,10.255200386047363,10.296199798583984,10.168700218200684,1.8345999717712402,2.00600004196167,2.0255000591278076,2.055999994277954,2.055999994277954,0.18520000576972961,0.10429999977350235,6.456699848175049,6.2621002197265625,6.099100112915039,6.032899856567383,6.175899982452393,1.8345999717712402,2.00600004196167,2.0255000591278076,2.055999994277954,2.055999994277954,0.02199999988079071,0.050200000405311584,0.06920000165700912,0.08250000327825546,0.07930000126361847,9.743200302124023,10.195599555969238,10.255200386047363,10.296199798583984,10.168700218200684,57.295799255371094,157.5634002685547,186.2113037109375,186.2113037109375,257.83099365234375,4.387899875640869,-0.2711000144481659,0.18440000712871552,0.18440000712871552
58,207.45120239257812,165.16099548339844,27.65679931640625,3.145400047302246,0.3310999870300293,0.7404000163078308,3.418600082397461,1.6822999715805054,207.45120239257812,16.82539939880371,91.40630340576172,1828.1259765625,9.317700386047363,92.16510009765625,92.16510009765625,184.3302001953125,93.85269927978516,93.24359893798828,466.2182922363281,93.38829803466797,92.8467025756836,557.0803833007812,92.92389678955078,92.15619659423828,645.0933837890625,91.13420104980469,90.122802734375,901.228515625,17.08810043334961,17.08810043334961,34.17610168457031,18.028099060058594,17.67289924621582,88.3646011352539,18.015600204467773,17.7278995513916,106.3676986694336,18.028099060058594,17.788400650024414,124.5188980102539,18.0802001953125,17.944400787353516,179.44410705566406,208.14059448242188,208.14059448242188,416.28118896484375,209.7718048095703,209.17849731445312,1045.892333984375,209.3009033203125,208.16909790039062,1249.014892578125,208.83009338378906,206.47439575195312,1445.32080078125,205.28680419921875,201.32550048828125,2013.2547607421875,0.3343999981880188,0.3343999981880188,0.6689000129699707,0.3310999870300293,0.2662000060081482,1.3310999870300293,0.3310999870300293,0.27810001373291016,1.6689000129699707,0.3310999870300293,0.2856999933719635,2.0,0.3310999870300293,0.23309999704360962,2.3310999870300293,1.5032999515533447,1.5032999515533447,3.006700038909912,0.0,0.6013000011444092,3.006700038909912,0.0,0.5011000037193298,3.006700038909912,0.0,0.429500013589859,3.006700038909912,0.0,0.30070000886917114,3.006700038909912,1.9458999633789062,1.9458999633789062,3.891700029373169,0.746399998664856,2.3340001106262207,11.670100212097168,1.9458999633789062,3.17930006980896,19.0757999420166,3.145400047302246,3.7832000255584717,26.482500076293945,0.7075999975204468,2.7827000617980957,27.82699966430664,7.635700225830078,7.635700225830078,15.271499633789062,5.953700065612793,5.7667999267578125,28.833999633789062,7.635700225830078,6.70989990234375,40.25960159301758,9.317700386047363,7.285299777984619,50.997398376464844,3.8756000995635986,5.466599941253662,54.66630172729492,3.523400068283081,0.741100013256073,-11.548299789428711,-3.0810999870300293,0.47850000858306885,-0.10599999874830246,-0.16089999675750732,-0.22120000422000885,-0.376800000667572,-12.235899925231934,-13.269100189208984,-12.258500099182129,-10.5625,-5.412300109863281,-3.839099884033203,-4.915500164031982,-4.51800012588501,-3.826900005340576,-1.792799949645996,0.7009999752044678,0.6650000214576721,5.205100059509277,7.0802998542785645,6.140100002288818,5.567399978637695,7.393400192260742,-3.839099884033203,-4.915500164031982,-4.51800012588501,-3.826900005340576,-1.792799949645996,0.47850000858306885,-0.10599999874830246,-0.16089999675750732,-0.22120000422000885,-0.376800000667572,-12.235899925231934,-13.269100189208984,-12.258500099182129,-10.5625,-5.412300109863281,59.985198974609375,131.60499572753906,131.60499572753906,160.2528076171875,246.19650268554688,3.477400064468384,0.6226999759674072,0.8798999786376953,0.8798999786376953
59,117.6520004272461,74.09120178222656,30.27560043334961,1.006700038909912,0.0,0.3310999870300293,0.4729999899864197,0.337799996137619,117.6520004272461,16.006099700927734,55.65359878540039,1113.0718994140625,2.1486001014709473,55.56639862060547,55.56639862060547,111.13279724121094,55.372798919677734,55.40380096435547,277.0191955566406,55.325599670410156,55.38290023803711,332.297607421875,55.372798919677734,55.38840103149414,387.718994140625,55.345401763916016,55.360198974609375,553.6021728515625,16.004100799560547,16.004100799560547,32.008201599121094,16.084699630737305,16.220399856567383,81.10209655761719,16.225299835205078,16.2908992767334,97.74539947509766,16.365800857543945,16.34119987487793,114.38870239257812,16.504499435424805,16.40410041809082,164.04110717773438,117.4541015625,117.4541015625,234.908203125,117.0,116.99710083007812,584.985595703125,116.84719848632812,116.86530303955078,701.1917724609375,116.69439697265625,116.79000091552734,817.5303955078125,116.36070251464844,116.51010131835938,1165.1005859375,0.0,0.0,0.0,0.0,0.0,0.0,0.0,0.0,0.0,0.0,0.0,0.0,0.0,0.0,0.0,0.3343999981880188,0.3343999981880188,0.6689000129699707,0.0,0.13379999995231628,0.6689000129699707,0.0,0.11150000244379044,0.6689000129699707,0.0,0.09560000151395798,0.6689000129699707,0.0032999999821186066,0.1331000030040741,1.3310999870300293,0.8343999981880188,0.8343999981880188,1.6689000129699707,0.4683000147342682,0.5612000226974487,2.805999994277954,0.40299999713897705,0.5239999890327454,3.1438000202178955,0.4683000147342682,0.515999972820282,3.6120998859405518,0.337799996137619,0.4611999988555908,4.612100124359131,1.9730000495910645,1.9730000495910645,3.946000099182129,1.0,1.2828999757766724,6.414299964904785,0.8996999859809875,1.1815999746322632,7.089799880981445,0.9365000128746033,1.1466000080108643,8.026300430297852,1.3107999563217163,1.3127000331878662,13.12720012664795,4.811699867248535,0.5685999989509583,32.61109924316406,12.864700317382812,0.5708000063896179,0.35530000925064087,0.2851000130176544,0.23499999940395355,0.1729000061750412,32.80670166015625,33.25699996948242,33.386600494384766,33.45970153808594,33.73310089111328,12.95110034942627,13.11139965057373,13.131500244140625,13.125300407409668,13.151300430297852,0.5273000001907349,0.39570000767707825,4.986999988555908,5.677000045776367,5.778200149536133,5.813199996948242,5.647200107574463,12.95110034942627,13.11139965057373,13.131500244140625,13.125300407409668,13.151300430297852,0.5708000063896179,0.35530000925064087,0.2851000130176544,0.23499999940395355,0.1729000061750412,32.80670166015625,33.25699996948242,33.386600494384766,33.45970153808594,33.73310089111328,71.61969757080078,171.8874053955078,200.5352020263672,229.18310546875,339.47320556640625,4.133200168609619,-0.01640000008046627,0.5645999908447266,0.5645999908447266
60,112.86329650878906,87.80470275878906,33.73429870605469,1.2030999660491943,1.051300048828125,0.0,0.0,0.4683000147342682,112.86329650878906,16.036300659179688,56.70309829711914,1134.0618896484375,2.7227001190185547,56.4281005859375,56.4281005859375,112.8561019897461,55.49340057373047,55.75279998779297,278.7638854980469,55.82320022583008,55.83549880981445,335.0130920410156,56.15299987792969,56.123199462890625,392.8622131347656,56.476200103759766,57.7775993347168,577.7764282226562,16.270299911499023,16.270299911499023,32.54069900512695,17.445100784301758,17.91230010986328,89.5613021850586,18.28689956665039,18.335100173950195,110.0103988647461,19.128599166870117,18.80699920654297,131.64930725097656,20.447999954223633,19.668100357055664,196.68069458007812,112.052001953125,112.052001953125,224.10409545898438,109.09970092773438,110.1895980834961,550.9478149414062,109.40959930419922,110.11119842529297,660.6672973632812,109.71949768066406,110.29840087890625,772.0889892578125,111.331298828125,112.8853988647461,1128.8541259765625,0.694599986076355,0.694599986076355,1.3890999555587769,0.337799996137619,0.4390999972820282,2.1953001022338867,0.40310001373291016,0.6635000109672546,3.980799913406372,0.4683000147342682,0.8910999894142151,6.2378997802734375,1.4184000492095947,1.4291000366210938,14.290800094604492,0.9200000166893005,0.9200000166893005,1.839900016784668,1.3717000484466553,1.4458999633789062,7.229300022125244,1.2883000373840332,1.26010000705719,7.560400009155273,1.3717000484466553,1.3990999460220337,9.793499946594238,2.0922000408172607,1.9158999919891357,19.159000396728516,1.9013999700546265,1.9013999700546265,3.802799940109253,2.094099998474121,1.905400037765503,9.527000427246094,2.1217000484466553,2.2929000854492188,13.757399559020996,2.149399995803833,2.569700002670288,17.987899780273438,3.41510009765625,3.3889000415802,33.88850021362305,3.8469998836517334,3.8469998836517334,7.6940999031066895,5.581999778747559,5.065999984741211,25.32979965209961,5.771100044250488,5.845699787139893,35.07400131225586,5.96019983291626,6.89109992980957,48.237998962402344,7.918900012969971,9.630599975585938,96.30570220947266,8.298299789428711,-0.03240000084042549,43.47829818725586,14.033900260925293,-0.266400009393692,-1.9084999561309814,-2.331399917602539,-2.8034000396728516,-3.664599895477295,44.28770065307617,46.14939880371094,46.22760009765625,46.04029846191406,43.45309829711914,14.308199882507324,14.983099937438965,14.900300025939941,14.612500190734863,12.957799911499023,0.5044000148773193,0.3619000017642975,7.17140007019043,5.951099872589111,5.171599864959717,4.126399993896484,1.3880000114440918,14.308199882507324,14.983099937438965,14.900300025939941,14.612500190734863,12.957799911499023,-0.266400009393692,-1.9084999561309814,-2.331399917602539,-2.8034000396728516,-3.664599895477295,44.28770065307617,46.14939880371094,46.22760009765625,46.04029846191406,43.45309829711914,83.31079864501953,162.72830200195312,188.8780975341797,217.9427947998047,307.964599609375,3.373699903488159,0.7602999806404114,0.9103999733924866,0.9103999733924866
61,163.9178924560547,124.62870025634766,27.743900299072266,0.6689000129699707,0.0,0.743399977684021,0.0,0.3310999870300293,163.9178924560547,16.453100204467773,72.73619842529297,1454.7249755859375,1.743399977684021,72.85929870605469,72.85929870605469,145.7187042236328,73.36309814453125,73.2238998413086,366.1192932128906,73.38839721679688,73.25550079345703,439.5329895019531,73.36309814453125,73.2698974609375,512.8889770507812,73.32569885253906,73.27120208740234,732.71240234375,16.642099380493164,16.642099380493164,33.28419876098633,16.82029914855957,16.744600296020508,83.72319793701172,16.817100524902344,16.756200790405273,100.53700256347656,16.813800811767578,16.7185001373291,117.02940368652344,16.62070083618164,16.52359962463379,165.2364044189453,164.23899841308594,164.23899841308594,328.4779052734375,165.61270141601562,165.24819946289062,826.2410278320312,165.75399780273438,165.3560028076172,992.13623046875,165.89520263671875,165.4468994140625,1158.128173828125,165.85240173339844,165.560302734375,1655.603271484375,0.0,0.0,0.0,0.3310999870300293,0.227400004863739,1.1371999979019165,0.3343999981880188,0.24580000340938568,1.4749000072479248,0.3310999870300293,0.257999986410141,1.805999994277954,0.3343999981880188,0.4569999873638153,4.570300102233887,0.39969998598098755,0.39969998598098755,0.7993999719619751,0.4683000147342682,0.47099998593330383,2.3552000522613525,0.40299999713897705,0.44769999384880066,2.686300039291382,0.337799996137619,0.4311000108718872,3.017400026321411,0.40299999713897705,0.4876999855041504,4.8769001960754395,0.8611000180244446,0.8611000180244446,1.7223000526428223,0.6689000129699707,0.5879999995231628,2.9398999214172363,0.5685999989509583,0.49000000953674316,2.9398999214172363,0.4683000147342682,0.4672999978065491,3.2709999084472656,0.5709999799728394,0.7031999826431274,7.031899929046631,2.1591999530792236,2.1591999530792236,4.318399906158447,2.289799928665161,2.1389000415802,10.6943998336792,2.0165998935699463,1.9501999616622925,11.701000213623047,1.743399977684021,1.9081000089645386,13.356599807739258,2.0889999866485596,2.4893999099731445,24.893699645996094,5.216899871826172,0.12150000035762787,-13.654899597167969,-4.2179999351501465,-0.06719999760389328,-0.1688999980688095,-0.18019999563694,-0.14229999482631683,0.05339999869465828,-13.97819995880127,-14.994099617004395,-15.104100227355957,-15.197199821472168,-15.31719970703125,-4.341899871826172,-4.708700180053711,-4.741099834442139,-4.756100177764893,-4.759699821472168,0.4009999930858612,0.26330000162124634,4.80079984664917,4.820899963378906,5.0096001625061035,5.051700115203857,4.4704999923706055,-4.341899871826172,-4.708700180053711,-4.741099834442139,-4.756100177764893,-4.759699821472168,-0.06719999760389328,-0.1688999980688095,-0.18019999563694,-0.14229999482631683,0.05339999869465828,-13.97819995880127,-14.994099617004395,-15.104100227355957,-15.197199821472168,-15.31719970703125,60.19300079345703,122.7780990600586,154.96530151367188,185.57139587402344,257.83099365234375,4.289700031280518,-0.1729000061750412,0.3244999945163727,0.3244999945163727
62,156.75270080566406,111.8677978515625,48.78160095214844,2.533900022506714,0.6621999740600586,1.2105000019073486,0.0,0.7404000163078308,156.75270080566406,11.659500122070312,74.82689666748047,1496.5377197265625,5.14709997177124,75.06829833984375,75.06829833984375,150.13650512695312,75.34300231933594,75.28890228271484,376.44439697265625,75.3604965209961,75.47270202636719,452.8362121582031,75.37789916992188,75.72949981689453,530.1066284179688,75.9894027709961,76.12660217285156,761.265625,11.935799598693848,11.935799598693848,23.871599197387695,13.53219985961914,13.7322998046875,68.6614990234375,14.191699981689453,14.356100082397461,86.1365966796875,14.851200103759766,14.802499771118164,103.61730194091797,16.557600021362305,15.45359992980957,154.53640747070312,157.47909545898438,157.47909545898438,314.95819091796875,158.6750946044922,158.41929626464844,792.0963745117188,158.86610412597656,158.92739868164062,953.564208984375,159.0572052001953,159.61399841308594,1117.2982177734375,160.43690490722656,160.60040283203125,1606.004150390625,0.5,0.5,1.0,0.6621999740600586,0.5612000226974487,2.805999994277954,0.5651999711990356,0.5228999853134155,3.137200117111206,0.4683000147342682,0.49549999833106995,3.4683001041412354,0.337799996137619,0.41370001435279846,4.137199878692627,1.3838000297546387,1.3838000297546387,2.7676000595092773,1.6949000358581543,1.4987000226974487,7.4934000968933105,1.2175999879837036,1.25,7.500100135803223,0.7404000163078308,1.0723999738693237,7.506700038909912,0.5,0.8176000118255615,8.175800323486328,2.442500114440918,2.442500114440918,4.8850998878479,2.533900022506714,3.131500005722046,15.657400131225586,2.922499895095825,3.8434998989105225,23.06100082397461,3.311000108718872,4.178999900817871,29.253000259399414,2.442500114440918,3.307300090789795,33.07270050048828,5.532299995422363,5.532299995422363,11.064499855041504,5.917500019073486,5.941299915313721,29.706499099731445,6.032700061798096,6.241300106048584,37.447898864746094,6.1479997634887695,6.329800128936768,44.30870056152344,5.532299995422363,5.135499954223633,51.35459899902344,7.089900016784668,1.9852999448776245,31.33340072631836,16.36479949951172,1.7091000080108643,-0.08720000088214874,-0.7109000086784363,-1.1571999788284302,-1.8079999685287476,30.60260009765625,29.6564998626709,29.14699935913086,28.459400177001953,27.471200942993164,16.121700286865234,15.898900032043457,15.714699745178223,15.4576997756958,15.060700416564941,0.7343999743461609,0.47360000014305115,6.702400207519531,6.293900012969971,5.99429988861084,5.906099796295166,7.104300022125244,16.121700286865234,15.898900032043457,15.714699745178223,15.4576997756958,15.060700416564941,1.7091000080108643,-0.08720000088214874,-0.7109000086784363,-1.1571999788284302,-1.8079999685287476,30.60260009765625,29.6564998626709,29.14699935913086,28.459400177001953,27.471200942993164,59.8760986328125,162.3990936279297,191.07839965820312,217.45399475097656,273.51458740234375,2.7488999366760254,0.5683000087738037,0.7444000244140625,0.7444000244140625
63,54.45180130004883,70.60449981689453,26.84160041809082,0.3310999870300293,0.0,0.337799996137619,0.0,0.0,77.15570068359375,14.560199737548828,45.46099853515625,909.2191772460938,0.6689000129699707,45.429500579833984,45.429500579833984,90.85900115966797,45.39799880981445,44.33509826660156,221.67529296875,44.275001525878906,44.125701904296875,264.7539978027344,43.152000427246094,43.957000732421875,307.6993103027344,44.275001525878906,44.466400146484375,444.6637878417969,14.560199737548828,14.560199737548828,29.120399475097656,14.560199737548828,14.560199737548828,72.80110168457031,14.560199737548828,14.576000213623047,87.45570373535156,14.560199737548828,14.60200023651123,102.21369934082031,14.607399940490723,14.811599731445312,148.11570739746094,77.15570068359375,77.15570068359375,154.3114013671875,77.15570068359375,75.02420043945312,375.12078857421875,76.7260971069336,75.23619842529297,451.4173889160156,76.29660034179688,75.25869750976562,526.8106079101562,76.7260971069336,78.12740325927734,781.2738037109375,0.0,0.0,0.0,0.3310999870300293,10.27299976348877,51.364898681640625,0.4174000024795532,8.644800186157227,51.86859893798828,0.5037000179290771,7.481800079345703,52.37229919433594,0.42080000042915344,7.804100036621094,78.04119873046875,0.0,0.0,0.0,0.0,0.06620000302791595,0.3310999870300293,0.0,0.11150000244379044,0.6689000129699707,0.0,0.19020000100135803,1.3310999870300293,0.3343999981880188,0.4652999937534332,4.6528000831604,0.1688999980688095,0.1688999980688095,0.337799996137619,0.32440000772476196,0.20000000298023224,1.0,0.3278000056743622,0.2770000100135803,1.6621999740600586,0.3310999870300293,0.5271000266075134,3.6893999576568604,0.4966999888420105,1.155500054359436,11.55519962310791,0.5033000111579895,0.5033000111579895,1.006700038909912,1.4615999460220337,10.766599655151367,53.833099365234375,1.721500039100647,9.302399635314941,55.81449890136719,1.9814000129699707,8.535400390625,59.74810028076172,4.478300094604492,10.1072998046875,101.07270050048828,11.564299583435059,0.7555000185966492,71.63890075683594,22.16699981689453,0.7555999755859375,0.7562000155448914,0.7405999898910522,0.7148000001907349,0.5058000087738037,71.64089965820312,73.77580261230469,73.56340026855469,73.54029846191406,70.6688003540039,22.199399948120117,23.295400619506836,23.50480079650879,23.673200607299805,23.16309928894043,0.15309999883174896,0.07880000025033951,11.729700088500977,1.4645999670028687,2.9289000034332275,3.6960999965667725,2.1252999305725098,22.199399948120117,23.295400619506836,23.50480079650879,23.673200607299805,23.16309928894043,0.7555999755859375,0.7562000155448914,0.7405999898910522,0.7148000001907349,0.5058000087738037,71.64089965820312,73.77580261230469,73.56340026855469,73.54029846191406,70.6688003540039,42.9718017578125,125.97540283203125,148.3332977294922,167.73190307617188,229.18310546875,3.1477999687194824,0.9739000201225281,0.945900022983551,0.945900022983551
64,160.60470581054688,112.80069732666016,35.34120178222656,0.4729999899864197,0.0,0.0,0.0,0.0,160.60470581054688,19.104999542236328,73.98909759521484,1479.7818603515625,0.4729999899864197,73.90350341796875,73.90350341796875,147.80690002441406,73.9207992553711,73.93569946289062,369.6785888671875,73.95490264892578,73.98629760742188,443.9176025390625,73.98909759521484,74.0457992553711,518.3206787109375,74.07779693603516,74.10140228271484,741.0137939453125,19.104999542236328,19.104999542236328,38.20989990234375,19.104999542236328,18.906099319458008,94.53050231933594,18.94029998779297,18.77359962463379,112.64129638671875,18.775699615478516,18.731399536132812,131.1199951171875,18.959800720214844,18.818199157714844,188.1822052001953,160.36839294433594,160.36839294433594,320.7367858886719,160.36289978027344,160.41259765625,802.0628051757812,160.48379516601562,160.56370544433594,963.38232421875,160.60470581054688,160.77389526367188,1125.4169921875,161.0751953125,161.16879272460938,1611.6884765625,0.1656000018119812,0.1656000018119812,0.3310999870300293,0.3310999870300293,0.20000000298023224,1.0,0.1656000018119812,0.16670000553131104,1.0,0.0,0.1429000049829483,1.0,0.0,0.16619999706745148,1.6621999740600586,0.0,0.0,0.0,0.0,0.0,0.0,0.0,0.0551999993622303,0.3310999870300293,0.0,0.09560000151395798,0.6689000129699707,0.0,0.10000000149011612,1.0,0.40209999680519104,0.40209999680519104,0.804099977016449,0.3310999870300293,0.36079999804496765,1.8041000366210938,0.40209999680519104,0.4250999987125397,2.55049991607666,0.337799996137619,0.41260001063346863,2.8882999420166016,0.4729999899864197,0.4496000111103058,4.496500015258789,0.5676000118255615,0.5676000118255615,1.135200023651123,1.0,0.9883000254631042,4.941299915313721,1.1689000129699707,1.1370999813079834,6.822800159454346,1.1553000211715698,1.1397000551223755,7.978099822998047,1.1485999822616577,1.1579999923706055,11.57960033416748,11.760199546813965,-3.789299964904785,-11.810099601745605,-6.361100196838379,-3.789099931716919,-3.5896999835968018,-3.4570000171661377,-3.4147000312805176,-3.5007998943328857,-11.571800231933594,-11.612600326538086,-11.764100074768066,-11.974900245666504,-12.372699737548828,-6.274600028991699,-6.305300235748291,-6.355800151824951,-6.415500164031982,-6.47189998626709,0.287200003862381,0.07880000025033951,11.665399551391602,11.243000030517578,11.094200134277344,11.09179973602295,11.074600219726562,-6.274600028991699,-6.305300235748291,-6.355800151824951,-6.415500164031982,-6.47189998626709,-3.789099931716919,-3.5896999835968018,-3.4570000171661377,-3.4147000312805176,-3.5007998943328857,-11.571800231933594,-11.612600326538086,-11.764100074768066,-11.974900245666504,-12.372699737548828,64.3667984008789,150.79710388183594,184.01939392089844,216.4573974609375,322.19781494140625,4.21150016784668,-0.08980000019073486,0.5303999781608582,0.5303999781608582
65,37.205299377441406,21.355600357055664,28.155899047851562,4.661099910736084,38.39419937133789,6.119100093841553,5.92609977722168,6.156700134277344,42.31959915161133,4.027500152587891,26.88990020751953,537.7984008789062,61.257301330566406,32.89149856567383,32.89149856567383,65.78299713134766,55.02510070800781,50.87839889526367,254.39210510253906,60.664398193359375,53.44929885864258,320.69580078125,64.71900177001953,55.05929946899414,385.414794921875,56.673099517822266,53.57529830932617,535.7528076171875,9.822400093078613,9.822400093078613,19.644899368286133,14.232000350952148,12.590700149536133,62.95330047607422,14.062199592590332,12.807600021362305,76.845703125,14.232000350952148,13.044699668884277,91.31310272216797,14.671699523925781,13.839300155639648,138.3925018310547,60.161399841308594,60.161399841308594,120.3228988647461,120.42859649658203,108.65390014648438,543.2695922851562,135.12240600585938,115.51429748535156,693.085693359375,145.50990295410156,119.79940032958984,838.5955810546875,124.92680358886719,116.3113021850586,1163.1129150390625,38.43470001220703,38.43470001220703,76.86940002441406,28.482999801635742,21.73270034790039,108.66339874267578,16.43000030517578,18.840099334716797,113.04049682617188,17.625999450683594,18.66659927368164,130.66650390625,19.414499282836914,19.75279998779297,197.52760314941406,6.92579984664917,6.92579984664917,13.85159969329834,4.2220001220703125,3.952399969100952,19.761899948120117,2.955199956893921,3.575000047683716,21.450199127197266,2.764400005340576,3.459199905395508,24.214599609375,4.373300075531006,3.988100051879883,39.881099700927734,5.03980016708374,5.03980016708374,10.07960033416748,4.661099910736084,3.0961999893188477,15.481100082397461,3.1747000217437744,2.861599922180176,17.16939926147461,3.4414000511169434,2.9444000720977783,20.61079978942871,4.576700210571289,3.7042999267578125,37.042999267578125,63.33169937133789,63.33169937133789,126.66339874267578,46.633201599121094,36.60380172729492,183.01890563964844,29.534700393676758,32.57590103149414,195.45509338378906,30.82029914855957,32.32509994506836,226.27540588378906,38.99369812011719,35.47840118408203,354.7842102050781,-49.020301818847656,9.617300033569336,145.7666015625,64.30180358886719,3.822499990463257,1.0544999837875366,0.8375999927520752,0.600600004196167,-0.19359999895095825,127.92030334472656,79.42179870605469,72.56009674072266,68.27410125732422,71.76029968261719,58.29840087890625,40.30939865112305,37.73809814453125,36.12799835205078,37.61199951171875,0.8428000211715698,0.9225000143051147,-51.09700012207031,-24.368600845336914,-20.340299606323242,-20.089099884033203,-23.23859977722168,58.29840087890625,40.30939865112305,37.73809814453125,36.12799835205078,37.61199951171875,3.822499990463257,1.0544999837875366,0.8375999927520752,0.600600004196167,-0.19359999895095825,127.92030334472656,79.42179870605469,72.56009674072266,68.27410125732422,71.76029968261719,62.0458984375,153.71470642089844,185.5157928466797,214.86109924316406,311.65679931640625,2.79830002784729,0.5188999772071838,0.7371000051498413,0.7371000051498413
66,168.71279907226562,144.72360229492188,25.34000015258789,0.337799996137619,8.410499572753906,0.337799996137619,0.6621999740600586,0.6621999740600586,168.71279907226562,15.540300369262695,74.22750091552734,1484.5501708984375,10.410499572753906,74.9739990234375,74.9739990234375,149.94810485839844,77.42900085449219,77.03340148925781,385.16680908203125,78.01260375976562,77.4520034790039,464.7121887207031,78.59619903564453,77.752197265625,544.2651977539062,78.99579620361328,78.15740203857422,781.5737915039062,15.540300369262695,15.540300369262695,31.08060073852539,15.144800186157227,15.265899658203125,76.32959747314453,15.342499732971191,15.374799728393555,92.2488021850586,15.540300369262695,15.435099601745605,108.0457992553711,15.234399795532227,15.283900260925293,152.83900451660156,170.5644073486328,170.5644073486328,341.1286926269531,177.42759704589844,175.94500732421875,879.7249755859375,178.73069763183594,176.7335968017578,1060.401611328125,180.03379821777344,177.25030517578125,1240.7523193359375,179.69869995117188,177.93150329589844,1779.314453125,8.729900360107422,8.729900360107422,17.459699630737305,7.4217000007629395,5.91480016708374,29.574100494384766,5.057199954986572,5.039400100708008,30.236299514770508,2.692699909210205,4.366799831390381,30.567399978637695,3.0167999267578125,3.8015999794006348,38.01620101928711,1.1655999422073364,1.1655999422073364,2.3310999870300293,3.7945001125335693,3.07069993019104,15.353599548339844,3.7316999435424805,3.1703999042510986,19.022499084472656,3.6689000129699707,3.148699998855591,22.040700912475586,2.5232999324798584,2.5453999042510986,25.453500747680664,0.3343999981880188,0.3343999981880188,0.6689000129699707,1.655500054359436,1.5356999635696411,7.678699970245361,1.8378000259399414,1.8938000202178955,11.363100051879883,2.0201001167297363,2.245699882507324,15.720199584960938,1.8378000259399414,2.0713000297546387,20.713499069213867,12.289899826049805,12.289899826049805,24.57990074157715,17.847000122070312,16.249900817871094,81.24949645996094,16.112600326538086,15.937999725341797,95.62770080566406,14.378199577331543,15.479599952697754,108.35749816894531,13.449600219726562,13.103899955749512,131.03939819335938,0.9631999731063843,-1.2151999473571777,-12.24470043182373,-3.9776999950408936,-1.2151999473571777,-0.9404000043869019,-1.0492000579833984,-1.1093000173568726,-0.9575999975204468,-14.095800399780273,-19.477500915527344,-20.26689910888672,-20.78459930419922,-21.466100692749023,-4.723800182342529,-6.7829999923706055,-7.201900005340576,-7.502200126647949,-7.9070000648498535,0.1632000058889389,0.32339999079704285,-0.9164000153541565,-4.872000217437744,-4.558800220489502,-4.099699974060059,-1.7226999998092651,-4.723800182342529,-6.7829999923706055,-7.201900005340576,-7.502200126647949,-7.9070000648498535,-1.2151999473571777,-0.9404000043869019,-1.0492000579833984,-1.1093000173568726,-0.9575999975204468,-14.095800399780273,-19.477500915527344,-20.26689910888672,-20.78459930419922,-21.466100692749023,42.9718017578125,124.6874008178711,157.5634002685547,185.45689392089844,272.1549987792969,4.063700199127197,-0.3156000077724457,0.4016000032424927,0.4016000032424927
67,142.06570434570312,107.96179962158203,30.356399536132812,0.4729999899864197,0.3310999870300293,0.337799996137619,0.4683000147342682,0.0,142.06570434570312,16.46660041809082,64.23729705810547,1284.7464599609375,1.6101000308990479,64.1344985961914,64.1344985961914,128.2689971923828,63.97330093383789,64.01119995117188,320.05609130859375,64.00250244140625,64.035400390625,384.2123107910156,64.03170013427734,64.07050323486328,448.4938049316406,64.1968002319336,64.18699645996094,641.8701171875,16.378999710083008,16.378999710083008,32.757999420166016,16.124500274658203,16.226299285888672,81.13150024414062,16.124500274658203,16.189899444580078,97.13919830322266,16.124500274658203,16.148700714111328,113.04100036621094,16.066099166870117,16.066600799560547,160.66600036621094,141.9344024658203,141.9344024658203,283.8688049316406,141.8031005859375,141.8903045654297,709.4512939453125,141.91490173339844,141.9945068359375,851.9666748046875,142.02670288085938,142.0727996826172,994.509521484375,142.2906036376953,142.2362060546875,1422.361572265625,0.1656000018119812,0.1656000018119812,0.3310999870300293,0.3310999870300293,0.2662000060081482,1.3310999870300293,0.3310999870300293,0.22190000116825104,1.3310999870300293,0.3310999870300293,0.19020000100135803,1.3310999870300293,0.0,0.1331000030040741,1.3310999870300293,0.1656000018119812,0.1656000018119812,0.3310999870300293,0.3310999870300293,0.20000000298023224,1.0,0.3310999870300293,0.22190000116825104,1.3310999870300293,0.3310999870300293,0.23839999735355377,1.6689000129699707,0.3310999870300293,0.28060001134872437,2.805999994277954,0.4729999899864197,0.4729999899864197,0.9459999799728394,0.3310999870300293,0.3215999901294708,1.608199954032898,0.40209999680519104,0.34689998626708984,2.081199884414673,0.4729999899864197,0.4318000078201294,3.0225000381469727,0.4683000147342682,0.3970000147819519,3.970400094985962,1.7724000215530396,1.7724000215530396,3.544800043106079,1.3472000360488892,1.4707000255584717,7.353600025177002,1.478700041770935,1.5633000135421753,9.38010025024414,1.6101000308990479,1.6766999959945679,11.736599922180176,1.3806999921798706,1.5235999822616577,15.235899925231934,8.72439956665039,-0.17399999499320984,25.575199127197266,11.448699951171875,-0.08640000224113464,0.06650000065565109,0.10300000011920929,0.14419999718666077,0.22660000622272491,25.7052001953125,25.747299194335938,25.643199920654297,25.564699172973633,25.3981990814209,11.550999641418457,11.673399925231934,11.649299621582031,11.614100456237793,11.496800422668457,0.2750000059604645,0.0681999996304512,8.562100410461426,8.860799789428711,8.767600059509277,8.65369987487793,8.809499740600586,11.550999641418457,11.673399925231934,11.649299621582031,11.614100456237793,11.496800422668457,-0.08640000224113464,0.06650000065565109,0.10300000011920929,0.14419999718666077,0.22660000622272491,25.7052001953125,25.747299194335938,25.643199920654297,25.564699172973633,25.3981990814209,61.48740005493164,133.14349365234375,164.63470458984375,193.46400451660156,276.3465881347656,3.903899908065796,0.11429999768733978,0.6887999773025513,0.6887999773025513
68,180.95309448242188,145.2626953125,32.27360153198242,4.020899772644043,0.337799996137619,3.5562000274658203,3.086699962615967,2.548799991607666,180.95309448242188,17.62299919128418,81.62190246582031,1632.437744140625,13.55049991607666,81.6073989868164,81.6073989868164,163.2147979736328,81.59290313720703,81.54789733886719,407.7394104003906,81.54750061035156,81.54019927978516,489.2414855957031,81.502197265625,81.51589965820312,570.6110229492188,81.47920227050781,81.52429962158203,815.24267578125,17.446699142456055,17.446699142456055,34.89350128173828,17.27039909362793,17.25909996032715,86.29560089111328,17.315000534057617,17.27589988708496,103.65550231933594,17.337799072265625,17.284799575805664,120.99330139160156,17.359699249267578,17.61400032043457,176.1396942138672,181.01019287109375,181.01019287109375,362.0205078125,181.19180297851562,181.293701171875,906.4683227539062,181.327392578125,181.3529052734375,1088.117431640625,181.19180297851562,181.3031005859375,1269.1217041015625,181.03590393066406,180.9156951904297,1809.1572265625,0.3343999981880188,0.3343999981880188,0.6689000129699707,0.3310999870300293,0.33379998803138733,1.6689000129699707,0.3343999981880188,0.38960000872612,2.3378000259399414,0.3310999870300293,0.3813000023365021,2.6689000129699707,0.5033000111579895,0.5831000208854675,5.831200122833252,2.1054999828338623,2.1054999828338623,4.210999965667725,0.6689000129699707,1.164199948310852,5.821199893951416,1.0,1.1921000480651855,7.152299880981445,1.3310999870300293,1.322700023651123,9.259099960327148,1.2625000476837158,1.292199969291687,12.921799659729004,3.5826001167297363,3.5826001167297363,7.16510009765625,1.666200041770935,1.9013999700546265,9.506999969482422,1.8401000499725342,1.920199990272522,11.520999908447266,2.0139999389648438,2.222599983215332,15.558300018310547,2.634200096130371,2.697499990463257,26.974599838256836,11.93220043182373,11.93220043182373,23.86440086364746,4.132599830627441,6.707799911499023,33.53900146484375,5.728799819946289,6.810699939727783,40.86410140991211,7.325099945068359,7.530200004577637,52.711700439453125,8.416000366210938,8.12090015411377,81.20870208740234,-5.990699768066406,0.7833999991416931,-1.7694000005722046,-0.5625,0.9596999883651733,1.1476000547409058,1.1309000253677368,1.1222000122070312,0.79339998960495,-1.8242000341415405,-2.102299928665161,-2.161600112915039,-2.1124000549316406,-1.7281999588012695,-0.5471000075340271,-0.48539999127388,-0.47780001163482666,-0.4535999894142151,-0.4634000062942505,0.8614000082015991,0.8774999976158142,-4.372399806976318,0.8514999747276306,0.7487999796867371,0.029600000008940697,-0.5634999871253967,-0.5471000075340271,-0.48539999127388,-0.47780001163482666,-0.4535999894142151,-0.4634000062942505,0.9596999883651733,1.1476000547409058,1.1309000253677368,1.1222000122070312,0.79339998960495,-1.8242000341415405,-2.102299928665161,-2.161600112915039,-2.1124000549316406,-1.7281999588012695,53.28179931640625,132.28289794921875,159.9246063232422,200.04110717773438,292.235107421875,4.043399810791016,-0.131400004029274,0.4950999915599823,0.4950999915599823
69,168.29139709472656,134.4868927001953,33.65299987792969,0.746399998664856,0.3310999870300293,1.993299961090088,1.0,1.1937999725341797,168.29139709472656,21.970699310302734,79.75070190429688,1595.0130615234375,5.264599800109863,79.66799926757812,79.66799926757812,159.33599853515625,79.68280029296875,79.70320129394531,398.5162048339844,79.7166976928711,79.85579681396484,479.1347961425781,79.75070190429688,79.99440002441406,559.9608154296875,80.35140228271484,80.41410064697266,804.1409912109375,21.643800735473633,21.643800735473633,43.287601470947266,21.3169002532959,21.646099090576172,108.23049926757812,21.643800735473633,22.039199829101562,132.23500061035156,21.970699310302734,22.319900512695312,156.239501953125,22.531400680541992,22.5039005279541,225.0386962890625,168.08389282226562,168.08389282226562,336.16778564453125,167.14230346679688,167.01339721679688,835.06689453125,166.69540405273438,166.88589477539062,1001.3154907226562,167.14230346679688,166.97300720214844,1168.8114013671875,167.6862030029297,167.78599548339844,1677.8597412109375,0.40209999680519104,0.40209999680519104,0.804099977016449,0.7462999820709229,0.6086000204086304,3.0432000160217285,0.7075999975204468,0.6187000274658203,3.712100028991699,0.6689000129699707,0.5303000211715698,3.712100028991699,0.5709999799728394,0.5102999806404114,5.103300094604492,1.1002000570297241,1.1002000570297241,2.200500011444092,2.0,1.773900032043457,8.869400024414062,1.5968999862670898,1.6438000202178955,9.862700462341309,1.1937999725341797,1.457200050354004,10.200499534606934,1.2030999660491943,1.4092999696731567,14.093400001525879,0.7448999881744385,0.7448999881744385,1.4896999597549438,0.746399998664856,1.0936000347137451,5.467899799346924,1.055799961090088,1.3461999893188477,8.07699966430664,1.3652000427246094,1.391700029373169,9.741900444030762,1.5149999856948853,2.204400062561035,22.044300079345703,5.605199813842773,5.605199813842773,11.21049976348877,8.0068998336792,7.220300197601318,36.10169982910156,7.466899871826172,7.17140007019043,43.02859878540039,6.9268999099731445,6.672399997711182,46.7067985534668,7.466899871826172,8.205599784851074,82.05590057373047,3.244499921798706,-3.957900047302246,10.525199890136719,1.0242999792099,-3.6308000087738037,-3.6324000358581543,-4.025100231170654,-4.305600166320801,-4.488500118255615,10.733599662780762,11.806900024414062,11.934800148010254,11.847900390625,11.034899711608887,1.1073999404907227,1.0723999738693237,0.919700026512146,0.7807999849319458,0.3598000109195709,0.5672000050544739,0.7301999926567078,2.902400016784668,1.284000039100647,1.3323999643325806,1.8309999704360962,0.2962000072002411,1.1073999404907227,1.0723999738693237,0.919700026512146,0.7807999849319458,0.3598000109195709,-3.6308000087738037,-3.6324000358581543,-4.025100231170654,-4.305600166320801,-4.488500118255615,10.733599662780762,11.806900024414062,11.934800148010254,11.847900390625,11.034899711608887,50.08789825439453,163.3105926513672,191.6873016357422,199.9763946533203,299.5169982910156,4.257699966430664,-0.18320000171661377,0.4684999883174896,0.4684999883174896
70,142.27090454101562,109.1238021850586,31.47330093383789,0.0,0.0,0.3310999870300293,0.337799996137619,0.4683000147342682,142.27090454101562,16.401199340820312,64.51319885253906,1290.263916015625,1.1371999979019165,64.44509887695312,64.44509887695312,128.89019775390625,64.18219757080078,64.23580169677734,321.1791076660156,64.12539672851562,64.18779754638672,385.1265869140625,64.06849670410156,64.15129852294922,449.05938720703125,64.05329895019531,64.09480285644531,640.9484252929688,16.533100128173828,16.533100128173828,33.06610107421875,16.385299682617188,16.307600021362305,81.53790283203125,16.236000061035156,16.27079963684082,97.62470245361328,16.08679962158203,16.192100524902344,113.34490203857422,16.070999145507812,16.085500717163086,160.85459899902344,142.27090454101562,142.27090454101562,284.54180908203125,142.27090454101562,142.27090454101562,711.3543701171875,142.27090454101562,142.27090454101562,853.6251831054688,142.27090454101562,142.27090454101562,995.8961181640625,142.27090454101562,142.29530334472656,1422.9532470703125,0.0,0.0,0.0,0.0,0.0,0.0,0.0,0.0,0.0,0.0,0.0,0.0,0.0,0.0,0.0,0.4729999899864197,0.4729999899864197,0.945900022983551,0.4683000147342682,0.28279998898506165,1.414199948310852,0.23409999907016754,0.23569999635219574,1.414199948310852,0.0,0.20200000703334808,1.414199948310852,0.0,0.14139999449253082,1.414199948310852,0.0,0.0,0.0,0.0,0.0,0.0,0.0,0.0,0.0,0.0,0.0,0.0,0.0,0.033799998462200165,0.337799996137619,1.3073999881744385,1.3073999881744385,2.614799976348877,1.1371999979019165,1.044100046157837,5.220300197601318,1.0414999723434448,1.0276999473571777,6.166200160980225,0.945900022983551,0.929099977016449,6.504000186920166,0.8759999871253967,0.8323000073432922,8.323399543762207,9.197400093078613,-0.10859999805688858,25.3700008392334,11.172800064086914,-0.24050000309944153,-0.014800000004470348,0.022099999710917473,0.10080000013113022,0.2076999992132187,25.36870002746582,25.36669921875,25.36680030822754,25.366600036621094,25.339000701904297,11.240400314331055,11.448800086975098,11.496899604797363,11.533300399780273,11.58899974822998,0.0348999984562397,0.37139999866485596,9.027000427246094,9.287500381469727,9.303199768066406,9.401200294494629,9.500800132751465,11.240400314331055,11.448800086975098,11.496899604797363,11.533300399780273,11.58899974822998,-0.24050000309944153,-0.014800000004470348,0.022099999710917473,0.10080000013113022,0.2076999992132187,25.36870002746582,25.36669921875,25.36680030822754,25.366600036621094,25.339000701904297,0.0,57.295799255371094,78.78170013427734,100.2676010131836,164.72540283203125,3.9205000400543213,0.09769999980926514,0.6748999953269958,0.6748999953269958
71,151.36740112304688,115.66889953613281,31.114700317382812,1.9421000480651855,0.6689000129699707,0.0,1.6689000129699707,0.6621999740600586,151.36740112304688,18.5221004486084,68.53500366210938,1370.699462890625,4.9421000480651855,68.70980072021484,68.70980072021484,137.41949462890625,68.53500366210938,68.47200012207031,342.3599853515625,68.37969970703125,68.38030242919922,410.281494140625,68.22429656982422,68.30590057373047,478.1416015625,68.26460266113281,68.31739807128906,683.1744995117188,18.662500381469727,18.662500381469727,37.32490158081055,18.5221004486084,18.526399612426758,92.63179779052734,18.648000717163086,18.56760025024414,111.40560150146484,18.773799896240234,18.61669921875,130.3166046142578,18.609100341796875,18.503799438476562,185.03819274902344,151.8592071533203,151.8592071533203,303.7182922363281,151.36740112304688,151.28610229492188,756.430419921875,151.07119750976562,150.9687042236328,905.8118896484375,150.77499389648438,150.74530029296875,1055.2169189453125,151.07119750976562,150.94659423828125,1509.4664306640625,0.8343999981880188,0.8343999981880188,1.6689000129699707,0.4729999899864197,0.5622000098228455,2.8108999729156494,0.40540000796318054,0.46959999203681946,2.817500114440918,0.337799996137619,0.4487999975681305,3.141900062561035,0.5709999799728394,0.7300999760627747,7.301300048828125,1.0202000141143799,1.0202000141143799,2.0404000282287598,1.3782000541687012,1.2802000045776367,6.400899887084961,1.4325000047683716,1.3443000316619873,8.065799713134766,1.3782000541687012,1.3249000310897827,9.274499893188477,1.3782000541687012,1.2174999713897705,12.17490005493164,1.4392999410629272,1.4392999410629272,2.8785998821258545,2.221100091934204,2.1630001068115234,10.814800262451172,2.0815999507904053,1.857699990272522,11.145899772644043,1.9421000480651855,1.6598000526428223,11.618900299072266,0.704800009727478,1.2754000425338745,12.75409984588623,5.645400047302246,5.645400047302246,11.290900230407715,7.010499954223633,6.802199840545654,34.01089859008789,6.748499870300293,6.749599933624268,40.497398376464844,6.486499786376953,6.500500202178955,45.50379943847656,6.315499782562256,5.978300094604492,59.78310012817383,2.0181000232696533,-1.9474999904632568,-1.1043000221252441,-0.016699999570846558,-2.087599992752075,-1.950600028038025,-1.9916000366210938,-2.0404000282287598,-1.926800012588501,-1.5983999967575073,-1.031999945640564,-0.71670001745224,-0.49559998512268066,-0.703499972820282,-0.1923000067472458,0.04320000112056732,0.13420000672340393,0.2078000009059906,0.1941000074148178,0.6948999762535095,0.5468999743461609,1.3145999908447266,0.15760000050067902,0.2101999968290329,0.4593000113964081,0.9815999865531921,-0.1923000067472458,0.04320000112056732,0.13420000672340393,0.2078000009059906,0.1941000074148178,-2.087599992752075,-1.950600028038025,-1.9916000366210938,-2.0404000282287598,-1.926800012588501,-1.5983999967575073,-1.031999945640564,-0.71670001745224,-0.49559998512268066,-0.703499972820282,36.596900939941406,101.07230377197266,129.5740966796875,148.19949340820312,229.8791046142578,4.293300151824951,-0.17649999260902405,0.3192000091075897,0.3192000091075897
72,217.77699279785156,180.28269958496094,25.22960090637207,8.236700057983398,4.738399982452393,6.537499904632568,7.513599872589111,7.076700210571289,217.77699279785156,14.31779956817627,93.54900360107422,1870.9796142578125,34.10300064086914,92.84380340576172,92.84380340576172,185.68760681152344,90.27220153808594,90.21920013427734,451.0957946777344,89.00959777832031,89.43080139160156,536.5848999023438,87.74710083007812,88.4645004272461,619.2512817382812,86.43900299072266,86.7780990600586,867.7813720703125,14.077300071716309,14.077300071716309,28.154600143432617,13.836799621582031,13.864999771118164,69.32510375976562,13.9266996383667,13.890299797058105,83.3416976928711,14.016599655151367,13.955400466918945,97.68810272216797,14.189800262451172,14.803500175476074,148.03460693359375,216.0261993408203,216.0261993408203,432.0523986816406,208.54449462890625,208.56289672851562,1042.814697265625,205.3123016357422,206.3018035888672,1237.810791015625,202.0802001953125,203.7646942138672,1426.3531494140625,197.56689453125,199.43380737304688,1994.3377685546875,6.327000141143799,6.327000141143799,12.653900146484375,7.915599822998047,7.484399795532227,37.42190170288086,7.298900127410889,7.017000198364258,42.10210037231445,6.682300090789795,6.298399925231934,44.08869934082031,4.709199905395508,4.489299774169922,44.892799377441406,9.15470027923584,9.15470027923584,18.30929946899414,11.928299903869629,12.322799682617188,61.61389923095703,13.476699829101562,13.381600379943848,80.28939819335938,12.695599555969238,13.283599853515625,92.98509979248047,11.580499649047852,10.028300285339355,100.28279876708984,10.265800476074219,10.265800476074219,20.531700134277344,12.648799896240234,12.727100372314453,63.63560104370117,13.732399940490723,14.373000144958496,86.23819732666016,14.816100120544434,15.655599594116211,109.58930206298828,13.732399940490723,13.233499526977539,132.3350067138672,44.15330123901367,44.15330123901367,88.30650329589844,62.570499420166016,57.88159942626953,289.40789794921875,64.5103988647461,62.29560089111328,373.7735900878906,66.45030212402344,63.180301666259766,442.26220703125,58.387001037597656,49.26810073852539,492.68060302734375,-23.768400192260742,1.9747999906539917,-50.13610076904297,-17.863000869750977,2.2153000831604004,2.4277000427246094,2.402600049972534,2.3375000953674316,1.4896999597549438,-48.386600494384766,-40.92539978027344,-38.66419982910156,-36.12730026245117,-31.79949951171875,-17.158300399780273,-14.534500122070312,-13.746199607849121,-12.779800415039062,-11.094300270080566,0.929099977016449,0.9528999924659729,-33.81880187988281,-47.54999923706055,-51.964698791503906,-52.849998474121094,-38.934898376464844,-17.158300399780273,-14.534500122070312,-13.746199607849121,-12.779800415039062,-11.094300270080566,2.2153000831604004,2.4277000427246094,2.402600049972534,2.3375000953674316,1.4896999597549438,-48.386600494384766,-40.92539978027344,-38.66419982910156,-36.12730026245117,-31.79949951171875,58.915199279785156,99.66380310058594,128.31170654296875,156.9595947265625,247.0948028564453,4.379000186920166,-0.36079999804496765,0.22130000591278076,0.22130000591278076
73,166.32179260253906,139.69479370117188,26.95039939880371,1.1937999725341797,0.3310999870300293,1.4047000408172607,3.291599988937378,1.789199948310852,166.32179260253906,15.725899696350098,74.30030059814453,1486.005615234375,8.01039981842041,74.5813980102539,74.5813980102539,149.16290283203125,75.80909729003906,76.02439880371094,380.1217956542969,76.47760009765625,76.27839660644531,457.67041015625,76.89299774169922,76.36620330810547,534.5634765625,76.94560241699219,76.59210205078125,765.9212036132812,15.5108003616333,15.5108003616333,31.0216007232666,14.807000160217285,15.04740047454834,75.23680114746094,14.771699905395508,14.873700141906738,89.24220275878906,14.73639965057373,14.748299598693848,103.23809814453125,14.34119987487793,14.463899612426758,144.63909912109375,166.75259399414062,166.75259399414062,333.50518798828125,170.71620178222656,171.33700561523438,856.6848754882812,172.64889526367188,172.4163055419922,1034.4976806640625,174.5814971923828,173.0677947998047,1211.4747314453125,176.89999389648438,174.48460388183594,1744.8455810546875,0.40209999680519104,0.40209999680519104,0.804099977016449,0.9412000179290771,0.7709000110626221,3.854300022125244,0.9973000288009644,1.063099980354309,6.378499984741211,1.0534000396728516,1.5521999597549438,10.865599632263184,1.1274000406265259,1.9565999507904053,19.5664005279541,2.1126999855041504,2.1126999855041504,4.225399971008301,1.789199948310852,1.6523000001907349,8.261300086975098,1.739400029182434,1.6584999561309814,9.950900077819824,1.6895999908447266,1.620300054550171,11.342100143432617,1.6726000308990479,1.6728999614715576,16.729400634765625,3.6844000816345215,3.6844000816345215,7.368899822235107,6.110400199890137,4.4604997634887695,22.30270004272461,4.274199962615967,4.1234002113342285,24.740699768066406,2.7385001182556152,3.925600051879883,27.47920036315918,2.3963000774383545,3.13919997215271,31.392200469970703,11.99470043182373,11.99470043182373,23.989500045776367,13.246999740600586,12.189599990844727,60.948001861572266,11.482799530029297,11.777700424194336,70.66639709472656,10.942500114440918,11.65839958190918,81.60890197753906,10.186699867248535,11.07979965209961,110.79769897460938,3.363300085067749,-1.4007999897003174,-9.853699684143066,-4.0503997802734375,-1.1857000589370728,-0.7218999862670898,-0.5480999946594238,-0.42250001430511475,-0.13760000467300415,-10.284000396728516,-14.869500160217285,-15.949600219726562,-16.602100372314453,-18.01919937133789,-4.331200122833252,-5.774099826812744,-6.028200149536133,-6.116199970245361,-6.341700077056885,0.42160001397132874,0.6395999789237976,-0.6212000250816345,-0.8116999864578247,-0.3986000120639801,-0.2784999907016754,0.30149999260902405,-4.331200122833252,-5.774099826812744,-6.028200149536133,-6.116199970245361,-6.341700077056885,-1.1857000589370728,-0.7218999862670898,-0.5480999946594238,-0.42250001430511475,-0.13760000467300415,-10.284000396728516,-14.869500160217285,-15.949600219726562,-16.602100372314453,-18.01919937133789,56.542999267578125,111.90809631347656,141.30320739746094,166.98069763183594,252.23179626464844,4.553800106048584,-0.8057000041007996,0.08489999920129776,0.08489999920129776
74,189.85220336914062,159.7541046142578,30.273399353027344,0.3310999870300293,0.4683000147342682,0.3310999870300293,0.337799996137619,0.0,189.85220336914062,17.159099578857422,83.57240295410156,1671.447021484375,1.4682999849319458,83.51380157470703,83.51380157470703,167.02760314941406,83.55989837646484,83.59539794921875,417.97698974609375,83.56610107421875,83.75189971923828,502.5111999511719,83.57240295410156,83.9385986328125,587.5700073242188,84.2605972290039,84.45059967041016,844.506103515625,17.138200759887695,17.138200759887695,34.27629852294922,17.159099578857422,17.142499923706055,85.71260070800781,17.138200759887695,17.088300704956055,102.53009796142578,17.11720085144043,16.975900650024414,118.83159637451172,16.967300415039062,16.75830078125,167.58290100097656,189.60670471191406,189.60670471191406,379.2134094238281,189.66299438476562,189.7886962890625,948.943603515625,189.75759887695312,190.2805938720703,1141.6834716796875,189.85220336914062,190.8979949951172,1336.2862548828125,191.8083953857422,192.55929565429688,1925.5931396484375,0.39969998598098755,0.39969998598098755,0.7993999719619751,0.3310999870300293,0.35989999771118164,1.799399971961975,0.3343999981880188,0.3562000095844269,2.1370999813079834,0.3310999870300293,0.35260000824928284,2.4683001041412354,0.3343999981880188,0.4189999997615814,4.190199851989746,0.6621999740600586,0.6621999740600586,1.3243999481201172,1.3911999464035034,1.2152999639511108,6.076499938964844,1.5254000425338745,1.291100025177002,7.746799945831299,1.659500002861023,1.4529000520706177,10.170100212097168,1.5254000425338745,1.4549000263214111,14.548600196838379,0.6656000018119812,0.6656000018119812,1.3310999870300293,1.2050000429153442,1.1648999452590942,5.8242998123168945,1.3487999439239502,1.2697999477386475,7.618500232696533,1.414199948310852,1.2904000282287598,9.03279972076416,1.4119000434875488,1.2884999513626099,12.885199546813965,3.3863000869750977,3.3863000869750977,6.772600173950195,5.649199962615967,5.191999912261963,25.95989990234375,6.076399803161621,5.410600185394287,32.463600158691406,6.503600120544434,5.841300010681152,40.88890075683594,6.3394999504089355,5.940000057220459,59.40019989013672,9.55270004272461,-1.1550999879837036,-33.51060104370117,-12.83530044555664,-1.1342999935150146,-1.138800024986267,-1.0845999717712402,-0.9722999930381775,-0.754800021648407,-33.26689910888672,-33.449798583984375,-33.94169998168945,-34.55929946899414,-36.22079849243164,-12.77750015258789,-12.85949993133545,-13.01609992980957,-13.202899932861328,-13.715200424194336,0.15860000252723694,0.07450000196695328,7.6321001052856445,5.824999809265137,5.606599807739258,5.176199913024902,5.078499794006348,-12.77750015258789,-12.85949993133545,-13.01609992980957,-13.202899932861328,-13.715200424194336,-1.1342999935150146,-1.138800024986267,-1.0845999717712402,-0.9722999930381775,-0.754800021648407,-33.26689910888672,-33.449798583984375,-33.94169998168945,-34.55929946899414,-36.22079849243164,60.55229949951172,155.32949829101562,186.2113037109375,213.7335968017578,300.15631103515625,4.806700229644775,-0.6726999878883362,0.01140000019222498,0.01140000019222498
75,171.27310180664062,145.39199829101562,30.149599075317383,0.0,0.3310999870300293,0.0,0.0,0.0,171.27310180664062,17.029399871826172,76.41690063476562,1528.3387451171875,0.3310999870300293,76.4209976196289,76.4209976196289,152.84190368652344,76.41690063476562,76.31890106201172,381.5946044921875,76.3468017578125,76.19319915771484,457.15948486328125,76.27660369873047,76.06169891357422,532.4321899414062,75.80039978027344,75.54219818115234,755.4224243164062,17.029399871826172,17.029399871826172,34.058799743652344,16.777999877929688,16.581600189208984,82.90779876708984,16.528400421142578,16.41069984436035,98.46410369873047,16.278799057006836,16.35650062561035,114.49559783935547,16.12619972229004,16.261699676513672,162.61709594726562,171.2825927734375,171.2825927734375,342.5653076171875,171.29220581054688,171.34300231933594,856.7152709960938,171.2825927734375,171.12359619140625,1026.7415771484375,171.27310180664062,170.82040405273438,1195.742919921875,170.5498046875,169.6092071533203,1696.091552734375,0.3310999870300293,0.3310999870300293,0.6621999740600586,0.3310999870300293,0.2662000060081482,1.3310999870300293,0.3310999870300293,0.22190000116825104,1.3310999870300293,0.3310999870300293,0.19020000100135803,1.3310999870300293,0.0,0.1331000030040741,1.3310999870300293,0.0,0.0,0.0,0.0,0.14810000360012054,0.7404000163078308,0.0,0.42239999771118164,2.534600019454956,0.0,0.664900004863739,4.654099941253662,0.40209999680519104,0.7153000235557556,7.15310001373291,0.4966999888420105,0.4966999888420105,0.9933000206947327,1.3846999406814575,1.4729000329971313,7.364500045776367,1.8163000345230103,1.6490999460220337,9.89490032196045,1.6689000129699707,1.6519999504089355,11.563799858093262,1.3995000123977661,1.458799958229065,14.588199615478516,1.3243999481201172,1.3243999481201172,2.6487998962402344,3.0669000148773193,3.50570011138916,17.528499603271484,4.411799907684326,4.288400173187256,25.730300903320312,5.7565999031066895,4.671299934387207,32.69879913330078,4.411799907684326,4.314300060272217,43.143001556396484,10.689800262451172,-1.0254000425338745,-14.931500434875488,-5.679900169372559,-1.0255000591278076,-0.5777999758720398,-0.40700000524520874,-0.35280001163482666,-0.2581999897956848,-14.942899703979492,-15.00409984588623,-14.784700393676758,-14.481599807739258,-13.270600318908691,-5.684700012207031,-5.583099842071533,-5.457499980926514,-5.326000213623047,-4.80679988861084,0.03999999910593033,0.07450000196695328,9.694000244140625,7.511300086975098,6.728899955749512,6.34630012512207,6.7042999267578125,-5.684700012207031,-5.583099842071533,-5.457499980926514,-5.326000213623047,-4.80679988861084,-1.0255000591278076,-0.5777999758720398,-0.40700000524520874,-0.35280001163482666,-0.2581999897956848,-14.942899703979492,-15.00409984588623,-14.784700393676758,-14.481599807739258,-13.270600318908691,28.647899627685547,85.9437026977539,85.9437026977539,85.9437026977539,85.9437026977539,4.570400238037109,-0.43639999628067017,0.16439999639987946,0.16439999639987946
76,134.61050415039062,103.64029693603516,38.47079849243164,0.3310999870300293,0.4729999899864197,0.3310999870300293,0.4683000147342682,0.3310999870300293,134.61050415039062,21.023799896240234,64.75379943847656,1295.075439453125,1.9345999956130981,64.78810119628906,64.78810119628906,129.57620239257812,64.92970275878906,64.87779998779297,324.3888854980469,64.8760986328125,64.84439849853516,389.0661926269531,64.82240295410156,64.80400085449219,453.6278076171875,64.71549987792969,64.67549896240234,646.7550048828125,21.023799896240234,21.023799896240234,42.04759979248047,21.35449981689453,21.368999481201172,106.84490203857422,21.22480010986328,21.323299407958984,127.93990325927734,21.094999313354492,21.191299438476562,148.3394012451172,21.045000076293945,21.054100036621094,210.54080200195312,134.8011932373047,134.8011932373047,269.602294921875,135.34579467773438,135.26620483398438,676.3309936523438,135.35760498046875,135.2834014892578,811.7003173828125,135.3636932373047,135.29490661621094,947.0640258789062,135.16879272460938,134.95460510253906,1349.5465087890625,0.40540000796318054,0.40540000796318054,0.8108000159263611,0.337799996137619,0.3249000012874603,1.624400019645691,0.3343999981880188,0.27230000495910645,1.6338000297546387,0.3310999870300293,0.2806999981403351,1.964900016784668,0.3310999870300293,0.26339998841285706,2.6338000297546387,0.3310999870300293,0.3310999870300293,0.6622999906539917,0.3312000036239624,0.3767000138759613,1.8837000131607056,0.39980000257492065,0.4383000135421753,2.630000114440918,0.3312000036239624,0.4230000078678131,2.961199998855591,0.3345000147819519,0.3774000108242035,3.773900032043457,0.3310999870300293,0.3310999870300293,0.6621999740600586,0.3310999870300293,0.36309999227523804,1.815600037574768,0.3310999870300293,0.3037000000476837,1.8222999572753906,0.3310999870300293,0.32519999146461487,2.276400089263916,0.34119999408721924,0.3675000071525574,3.6745998859405518,1.7049000263214111,1.7049000263214111,3.4096999168395996,1.7019000053405762,1.5752999782562256,7.876399993896484,1.5885000228881836,1.5194000005722046,9.116600036621094,1.7019000053405762,1.5759999752044678,11.032299995422363,1.5885000228881836,1.6055999994277954,16.056100845336914,8.399900436401367,-4.731200218200684,33.030399322509766,10.932299613952637,-4.731200218200684,-5.076200008392334,-5.0304999351501465,-4.898399829864502,-4.760900020599365,32.838401794433594,32.37139892578125,32.35419845581055,32.34260177612305,32.6796989440918,10.89739990234375,10.80679988861084,10.840299606323242,10.88070011138916,11.008299827575684,0.14149999618530273,0.22280000150203705,8.629599571228027,8.75629997253418,8.81149959564209,8.754300117492676,8.727499961853027,10.89739990234375,10.80679988861084,10.840299606323242,10.88070011138916,11.008299827575684,-4.731200218200684,-5.076200008392334,-5.0304999351501465,-4.898399829864502,-4.760900020599365,32.838401794433594,32.37139892578125,32.35419845581055,32.34260177612305,32.6796989440918,50.04309844970703,114.59159851074219,114.59159851074219,143.23939514160156,186.2113037109375,3.956199884414673,0.061900001019239426,0.6424999833106995,0.6424999833106995
77,195.7982940673828,157.49600219726562,31.284000396728516,0.3310999870300293,0.0,0.0066999997943639755,0.3310999870300293,0.3310999870300293,195.7982940673828,17.398399353027344,86.09300231933594,1721.8602294921875,1.0,86.09600067138672,86.09600067138672,172.1920928955078,86.09880065917969,86.10449981689453,430.5223083496094,86.09629821777344,86.09629821777344,516.5780029296875,86.09380340576172,86.08489990234375,602.593994140625,86.07440185546875,86.03260040283203,860.326171875,17.186500549316406,17.186500549316406,34.37300109863281,17.28700065612793,17.26959991455078,86.34819793701172,17.34269905090332,17.395999908447266,104.3759994506836,17.398399353027344,17.486299514770508,122.40380096435547,17.87179946899414,17.648700714111328,176.48699951171875,195.96029663085938,195.96029663085938,391.9206848144531,195.7982940673828,195.86180114746094,979.3090209960938,195.7982940673828,195.74209594726562,1174.4525146484375,195.7982940673828,195.65660095214844,1369.5960693359375,195.30560302734375,195.4687042236328,1954.68701171875,0.0,0.0,0.0,0.0,0.0,0.0,0.0,0.0,0.0,0.0,0.0,0.0,0.0,0.0,0.0,0.1688999980688095,0.1688999980688095,0.337799996137619,0.0066999997943639755,0.13510000705718994,0.675599992275238,0.0066999997943639755,0.11259999871253967,0.675599992275238,0.0066999997943639755,0.09650000184774399,0.675599992275238,0.0,0.06759999692440033,0.675599992275238,0.1656000018119812,0.1656000018119812,0.3310999870300293,0.3310999870300293,0.2662000060081482,1.3310999870300293,0.3310999870300293,0.22190000116825104,1.3310999870300293,0.3310999870300293,0.23749999701976776,1.6621999740600586,0.3310999870300293,0.2337999939918518,2.3378000259399414,0.6689000129699707,0.6689000129699707,1.3378000259399414,0.6689000129699707,0.7350999712944031,3.675600051879883,0.6656000018119812,0.6678000092506409,4.006700038909912,0.6689000129699707,0.667900025844574,4.675600051879883,0.6656000018119812,0.5681999921798706,5.682300090789795,11.841099739074707,0.1680999994277954,0.10459999740123749,2.2321999073028564,0.3801000118255615,0.2971999943256378,0.17100000381469727,0.08089999854564667,-0.08110000193119049,-0.05570000037550926,0.04749999940395355,0.16859999299049377,0.25529998540878296,0.44449999928474426,2.2300000190734863,2.2237000465393066,2.2323999404907227,2.2444000244140625,2.2973999977111816,0.15520000457763672,0.25679999589920044,12.17199993133545,12.112000465393066,12.18220043182373,12.184900283813477,12.291799545288086,2.2300000190734863,2.2237000465393066,2.2323999404907227,2.2444000244140625,2.2973999977111816,0.3801000118255615,0.2971999943256378,0.17100000381469727,0.08089999854564667,-0.08110000193119049,-0.05570000037550926,0.04749999940395355,0.16859999299049377,0.25529998540878296,0.44449999928474426,71.61969757080078,81.71549987792969,110.36389923095703,128.91549682617188,186.2113037109375,4.782299995422363,-0.682200014591217,0.02500000037252903,0.02500000037252903
78,151.15859985351562,118.2688980102539,27.702699661254883,20.542699813842773,1.6822999715805054,11.944600105285645,9.711600303649902,8.518400192260742,151.15859985351562,13.420000076293945,67.20760345458984,1344.1527099609375,52.399600982666016,66.10810089111328,66.10810089111328,132.21620178222656,67.20760345458984,66.42050170898438,332.1026916503906,67.25250244140625,66.65119934082031,399.9070129394531,67.29730224609375,66.82620239257812,467.7832946777344,67.41349792480469,67.02660369873047,670.2659912109375,13.572799682617188,13.572799682617188,27.145599365234375,15.085000038146973,15.154600143432617,75.77300262451172,15.890399932861328,15.411399841308594,92.46859741210938,16.69569969177246,15.594900131225586,109.16429901123047,16.697099685668945,15.970100402832031,159.70140075683594,147.3365936279297,147.3365936279297,294.6733093261719,139.72149658203125,142.5980987548828,712.9906005859375,139.87060546875,142.16839599609375,853.0103149414062,140.0196990966797,141.94859313964844,993.6400146484375,140.58749389648438,141.62579345703125,1416.2581787109375,1.5236999988555908,1.5236999988555908,3.0473999977111816,0.4683000147342682,0.8382999897003174,4.191299915313721,0.40299999713897705,0.7537000179290771,4.52239990234375,0.337799996137619,0.6460999846458435,4.52239990234375,0.40299999713897705,0.5799000263214111,5.799499988555908,7.802499771118164,7.802499771118164,15.604999542236328,2.591099977493286,3.705399990081787,18.52720069885254,1.4610999822616577,3.087899923324585,18.52720069885254,0.3310999870300293,2.646699905395508,18.52720069885254,0.0,1.8526999950408936,18.52720069885254,18.533899307250977,18.533899307250977,37.06779861450195,12.047900199890137,10.035099983215332,50.17539978027344,6.553800106048584,8.475199699401855,50.85100173950195,1.0597000122070312,7.406300067901611,51.844398498535156,0.964900016784668,5.427700042724609,54.2765998840332,47.208900451660156,47.208900451660156,94.41780090332031,23.450700759887695,24.149499893188477,120.74759674072266,12.827099800109863,20.292400360107422,121.75430297851562,2.2035999298095703,17.63089942932129,123.41649627685547,1.698099970817566,12.812600135803223,128.12579345703125,-40.166500091552734,1.8956999778747559,-2.364000082015991,0.4203000068664551,1.7430000305175781,0.16179999709129333,-0.09489999711513519,-0.27810001373291016,-0.6527000069618225,1.4600000381469727,6.201900005340576,6.631199836730957,6.850399971008301,7.170400142669678,1.5206999778747559,1.2099000215530396,0.9793000221252441,0.804099977016449,0.6029000282287598,0.9847000241279602,0.949400007724762,-34.975799560546875,-11.91819953918457,-8.061100006103516,-5.399400234222412,-0.5799999833106995,1.5206999778747559,1.2099000215530396,0.9793000221252441,0.804099977016449,0.6029000282287598,1.7430000305175781,0.16179999709129333,-0.09489999711513519,-0.27810001373291016,-0.6527000069618225,1.4600000381469727,6.201900005340576,6.631199836730957,6.850399971008301,7.170400142669678,59.208499908447266,146.1575927734375,176.1811065673828,205.4134979248047,288.3916931152344,4.4944000244140625,-0.3727000057697296,0.21969999372959137,0.21969999372959137
79,140.4927978515625,110.39019775390625,25.612499237060547,0.0066999997943639755,0.3310999870300293,0.0,0.0,0.0,140.4927978515625,16.0,62.904300689697266,1258.08642578125,0.337799996137619,62.858001708984375,62.858001708984375,125.71600341796875,62.66120147705078,62.65420150756836,313.27099609375,62.626800537109375,62.541099548339844,375.2467041015625,62.592498779296875,62.468299865722656,437.2778015136719,62.33769989013672,62.40019989013672,624.002197265625,16.0,16.0,32.0,16.331100463867188,16.203500747680664,81.01730346679688,16.331100463867188,16.224700927734375,97.34839630126953,16.331100463867188,16.19260025024414,113.34839630126953,16.00349998474121,16.1205997467041,161.20620727539062,140.375,140.375,280.75,139.78919982910156,139.78599548339844,698.9301147460938,139.67160034179688,139.5084991455078,837.05078125,139.5540008544922,139.3428955078125,975.400390625,139.1811065673828,139.23660278320312,1392.36572265625,0.3343999981880188,0.3343999981880188,0.6689000129699707,0.337799996137619,0.7433000206947327,3.716399908065796,0.40059998631477356,0.6966999769210815,4.179900169372559,0.35120001435279846,0.6473000049591064,4.531099796295166,0.4074000120162964,0.6348000168800354,6.348400115966797,0.1656000018119812,0.1656000018119812,0.3310999870300293,0.3310999870300293,0.2012999951839447,1.006700038909912,0.3310999870300293,0.22300000488758087,1.3378000259399414,0.3310999870300293,0.23839999735355377,1.6689000129699707,0.3278000056743622,0.20069999992847443,2.006700038909912,0.1655000001192093,0.1655000001192093,0.3310999870300293,0.0066999997943639755,0.13510000705718994,0.6754999756813049,0.1655000001192093,0.16779999434947968,1.006700038909912,0.0066999997943639755,0.14380000531673431,1.006700038909912,0.0032999999821186066,0.1006999984383583,1.006700038909912,0.6654999852180481,0.6654999852180481,1.3310999870300293,0.9933000206947327,1.079699993133545,5.398600101470947,1.059499979019165,1.087399959564209,6.5243000984191895,0.9933000206947327,1.0295000076293945,7.206699848175049,0.7530999779701233,0.9362000226974487,9.361700057983398,10.683099746704102,0.0038999998942017555,15.848799705505371,7.832699775695801,0.0038999998942017555,-0.1996999979019165,-0.22100000083446503,-0.1889999955892563,-0.11710000038146973,15.964799880981445,16.552900314331055,16.830400466918945,16.995899200439453,17.101999282836914,7.878300189971924,8.081700325012207,8.194700241088867,8.267399787902832,8.335200309753418,0.08550000190734863,0.07450000196695328,10.352800369262695,9.937299728393555,9.929800033569336,9.98799991607666,10.08240032196045,7.878300189971924,8.081700325012207,8.194700241088867,8.267399787902832,8.335200309753418,0.0038999998942017555,-0.1996999979019165,-0.22100000083446503,-0.1889999955892563,-0.11710000038146973,15.964799880981445,16.552900314331055,16.830400466918945,16.995899200439453,17.101999282836914,0.0,28.647899627685547,57.295799255371094,85.9437026977539,128.91549682617188,4.096099853515625,0.03799999877810478,0.6636000275611877,0.6636000275611877
80,222.22549438476562,181.9228973388672,32.20539855957031,9.344200134277344,0.47769999504089355,5.664899826049805,4.95419979095459,5.673999786376953,222.22549438476562,16.3346004486084,97.1635971069336,1943.2728271484375,26.114999771118164,97.72380065917969,97.72380065917969,195.44760131835938,98.85890197753906,98.51139831542969,492.5567932128906,98.90859985351562,98.69309997558594,592.1583862304688,98.9583969116211,98.89109802246094,692.2374267578125,99.44670104980469,99.44049835205078,994.4053955078125,16.33799934387207,16.33799934387207,32.67599868774414,16.34510040283203,16.706600189208984,83.53279876708984,16.584800720214844,16.90920066833496,101.45539855957031,16.824499130249023,17.18779945373535,120.31430053710938,17.80500030517578,17.612699508666992,176.12710571289062,224.18429565429688,224.18429565429688,448.36859130859375,228.5153045654297,226.88699340820312,1134.4349365234375,228.54510498046875,227.3271026611328,1363.9627685546875,228.5749053955078,227.7729949951172,1594.41064453125,229.2519989013672,229.02609252929688,2290.26123046875,0.4729999899864197,0.4729999899864197,0.945900022983551,0.47769999504089355,0.48829999566078186,2.4416000843048096,0.4729999899864197,0.40689998865127563,2.4416000843048096,0.47769999504089355,0.45669999718666077,3.197000026702881,0.4683000147342682,0.4471000134944916,4.47130012512207,4.4045000076293945,4.4045000076293945,8.809000015258789,3.134999990463257,3.3996999263763428,16.99850082397461,2.9154999256134033,3.147599935531616,18.885700225830078,2.696000099182129,2.8036999702453613,19.626100540161133,2.117500066757202,2.2964000701904297,22.963899612426758,7.672399997711182,7.672399997711182,15.344799995422363,5.004300117492676,5.403600215911865,27.01799964904785,4.343299865722656,4.875199794769287,29.251100540161133,3.682300090789795,4.485599994659424,31.39940071105957,2.675600051879883,3.776599884033203,37.7661018371582,21.169700622558594,21.169700622558594,42.339500427246094,12.488699913024902,15.666299819946289,78.33170318603516,12.338600158691406,14.379199981689453,86.27549743652344,12.188400268554688,13.237799644470215,92.66439819335938,10.38949966430664,11.1943998336792,111.9437026977539,-18.555200576782227,2.071899890899658,-43.04180145263672,-16.10420036315918,2.0683999061584473,1.7000999450683594,1.4975999593734741,1.2192000150680542,0.7946000099182129,-44.998199462890625,-47.69559860229492,-48.135799407958984,-48.582298278808594,-49.838600158691406,-16.66349983215332,-17.44890022277832,-17.630599975585938,-17.828800201416016,-18.37969970703125,0.9660000205039978,0.9664999842643738,-13.609999656677246,-8.107000350952148,-6.819799900054932,-5.6778998374938965,-3.63700008392334,-16.66349983215332,-17.44890022277832,-17.630599975585938,-17.828800201416016,-18.37969970703125,2.0683999061584473,1.7000999450683594,1.4975999593734741,1.2192000150680542,0.7946000099182129,-44.998199462890625,-47.69559860229492,-48.135799407958984,-48.582298278808594,-49.838600158691406,60.013999938964844,145.15589904785156,170.12840270996094,190.9342041015625,274.2373046875,4.241399765014648,-0.3294000029563904,0.29589998722076416,0.29589998722076416
81,164.94239807128906,134.6781005859375,29.756900787353516,1.0,0.337799996137619,0.4729999899864197,0.3310999870300293,0.3310999870300293,164.94239807128906,17.449899673461914,73.65969848632812,1473.1939697265625,2.4730000495910645,73.7020034790039,73.7020034790039,147.4040069580078,73.65969848632812,73.46040344238281,367.3017883300781,73.4636001586914,73.3511962890625,440.1072998046875,73.26750183105469,73.24130249023438,512.6887817382812,72.85179901123047,72.2677001953125,722.6766967773438,17.56220054626465,17.56220054626465,35.1244010925293,17.599599838256836,17.51300048828125,87.56500244140625,17.524799346923828,17.36870002746582,104.21199798583984,17.449899673461914,17.224899291992188,120.5740966796875,16.933500289916992,16.99850082397461,169.98489379882812,165.031005859375,165.031005859375,330.06201171875,164.94239807128906,164.39990234375,821.9995727539062,164.4053955078125,164.13729858398438,984.8237915039062,163.86849975585938,163.85690307617188,1146.99853515625,162.9163055419922,161.19839477539062,1611.984375,0.3343999981880188,0.3343999981880188,0.6689000129699707,0.3310999870300293,0.4000000059604645,2.0,0.3343999981880188,0.5011000037193298,3.006700038909912,0.337799996137619,0.5241000056266785,3.6689000129699707,0.6621999740600586,0.6668999791145325,6.668900012969971,0.3343999981880188,0.3343999981880188,0.6689000129699707,0.4683000147342682,0.5105000138282776,2.5524001121520996,0.5685999989509583,0.6531999707221985,3.9191999435424805,0.6689000129699707,0.991100013256073,6.937399864196777,1.0565999746322632,1.5753999948501587,15.753899574279785,0.7365000247955322,0.7365000247955322,1.4730000495910645,1.659500002861023,1.294600009918213,6.473100185394287,1.659500002861023,1.3559000492095947,8.135299682617188,1.659500002861023,1.732699990272522,12.128600120544434,1.6715999841690063,2.397700071334839,23.976600646972656,2.348099946975708,2.348099946975708,4.696100234985352,3.8306000232696533,3.6900999546051025,18.45039939880371,4.093599796295166,4.24429988861084,25.465599060058594,4.356500148773193,5.519400119781494,38.63570022583008,6.291200160980225,8.064900398254395,80.6488037109375,4.487199783325195,-0.8752999901771545,-14.679300308227539,-5.14139986038208,-0.9872999787330627,-0.9373000264167786,-0.7926999926567078,-0.6485999822616577,-0.42149999737739563,-14.770299911499023,-14.14579963684082,-13.88539981842041,-13.607199668884277,-10.955300331115723,-5.184599876403809,-4.945199966430664,-4.8368000984191895,-4.727499961853027,-3.7560999393463135,0.5253999829292297,0.26330000162124634,4.611999988555908,3.269700050354004,2.7155001163482666,1.4404000043869019,-1.1050000190734863,-5.184599876403809,-4.945199966430664,-4.8368000984191895,-4.727499961853027,-3.7560999393463135,-0.9872999787330627,-0.9373000264167786,-0.7926999926567078,-0.6485999822616577,-0.42149999737739563,-14.770299911499023,-14.14579963684082,-13.88539981842041,-13.607199668884277,-10.955300331115723,58.6442985534668,137.40780639648438,147.5950927734375,174.29539489746094,247.77139282226562,4.3379998207092285,-0.22120000422000885,0.2547999918460846,0.2547999918460846
82,215.0738067626953,171.09129333496094,34.13460159301758,1.4926999807357788,0.7404000163078308,0.337799996137619,0.3310999870300293,0.337799996137619,215.0738067626953,18.35759925842285,94.50579833984375,1890.116943359375,3.239799976348877,94.46009826660156,94.46009826660156,188.92019653320312,94.33740234375,94.33470153808594,471.67340087890625,94.37590026855469,94.35040283203125,566.1027221679688,94.41439819335938,94.3646011352539,660.5523071289062,94.43939971923828,94.49099731445312,944.9096069335938,18.35759925842285,18.35759925842285,36.7150993347168,18.231199264526367,18.229400634765625,91.14700317382812,18.2677001953125,18.241899490356445,109.45120239257812,18.231199264526367,18.211299896240234,127.47899627685547,18.330900192260742,18.34869956970215,183.4875030517578,214.97349548339844,214.97349548339844,429.9469909667969,214.6280975341797,214.73550415039062,1073.6776123046875,214.75059509277344,214.8365020751953,1289.01904296875,214.87319946289062,214.9364013671875,1504.5545654296875,215.2075958251953,215.2653045654297,2152.652587890625,0.37770000100135803,0.37770000100135803,0.755299985408783,0.3246999979019165,0.3677999973297119,1.8391000032424927,0.16979999840259552,0.30649998784065247,1.8391000032424927,0.31769999861717224,0.30809998512268066,2.1568000316619873,0.3312000036239624,0.3508000075817108,3.5078999996185303,0.40299999713897705,0.40299999713897705,0.8061000108718872,0.743399977684021,0.7218000292778015,3.6092000007629395,0.7419000267982483,0.7249000072479248,4.349599838256836,0.743399977684021,0.7652000188827515,5.356200218200684,0.7419000267982483,0.7350999712944031,7.350900173187256,1.4153000116348267,1.4153000116348267,2.8304998874664307,0.6621999740600586,0.7648000121116638,3.8238000869750977,0.8310999870300293,0.8040000200271606,4.823800086975098,1.0,0.840499997138977,5.883600234985352,0.5699999928474426,0.7024000287055969,7.023900032043457,2.696000099182129,2.696000099182129,5.391900062561035,2.9388999938964844,2.9421000480651855,14.710599899291992,3.089400053024292,3.0397000312805176,18.238399505615234,3.239799976348877,3.2695999145507812,22.88719940185547,3.1840999126434326,3.195499897003174,31.954999923706055,7.661399841308594,-1.2171000242233276,-46.169898986816406,-17.883399963378906,-1.2168999910354614,-1.0881999731063843,-1.1003999710083008,-1.069700002670288,-1.2065000534057617,-46.05950164794922,-45.791099548339844,-45.882301330566406,-45.97269821166992,-46.27519989013672,-17.833499908447266,-17.69540023803711,-17.707199096679688,-17.71739959716797,-17.83289909362793,0.5601000189781189,0.4059999883174896,8.204899787902832,7.9583001136779785,7.860499858856201,7.630499839782715,7.704599857330322,-17.833499908447266,-17.69540023803711,-17.707199096679688,-17.71739959716797,-17.83289909362793,-1.2168999910354614,-1.0881999731063843,-1.1003999710083008,-1.069700002670288,-1.2065000534057617,-46.05950164794922,-45.791099548339844,-45.882301330566406,-45.97269821166992,-46.27519989013672,35.90079879760742,107.52050018310547,136.16839599609375,161.90060424804688,257.92169189453125,4.361700057983398,-0.32260000705718994,0.2992999851703644,0.2992999851703644
83,166.67190551757812,127.31060028076172,37.64690017700195,0.4683000147342682,0.0,0.337799996137619,0.6754999756813049,0.0,166.67190551757812,18.68899917602539,76.989501953125,1539.7904052734375,1.481600046157837,76.9802017211914,76.9802017211914,153.96029663085938,77.05079650878906,77.04429626464844,385.22149658203125,77.06230163574219,77.16649627685547,462.9988098144531,77.07379913330078,77.30840301513672,541.1586303710938,77.45690155029297,77.61969757080078,776.197021484375,19.02630043029785,19.02630043029785,38.0526008605957,19.41790008544922,19.335100173950195,96.67569732666016,19.443500518798828,19.45009994506836,116.70069885253906,19.4689998626709,19.485000610351562,136.39500427246094,19.39080047607422,19.374099731445312,193.74049377441406,166.43980407714844,166.43980407714844,332.8796081542969,166.28970336914062,166.351806640625,831.7589721679688,166.33590698242188,166.5028076171875,999.0170288085938,166.3820037841797,166.7198028564453,1167.0386962890625,166.96499633789062,167.37109375,1673.711181640625,0.0,0.0,0.0,1.1937999725341797,0.7210999727249146,3.605600118637085,1.1937999725341797,0.876800000667572,5.261099815368652,1.1937999725341797,0.992900013923645,6.949999809265137,1.3493000268936157,1.2209999561309814,12.210000038146973,0.0,0.0,0.0,0.0,0.0,0.0,0.0,0.0,0.0,0.0,0.0,0.0,0.0,0.0,0.0,0.23409999907016754,0.23409999907016754,0.4683000147342682,0.0,0.2922999858856201,1.4615999460220337,0.23409999907016754,0.4124999940395355,2.474900007247925,0.4683000147342682,0.49549999833106995,3.4683001041412354,0.1656000018119812,0.3799000084400177,3.7994000911712646,1.402999997138977,1.402999997138977,2.805999994277954,1.531599998474121,1.8519999980926514,9.260100364685059,1.6088999509811401,2.2209999561309814,13.326199531555176,1.6862000226974487,2.5041000843048096,17.528499603271484,2.2988998889923096,2.4593000411987305,24.592599868774414,6.078199863433838,-0.2824999988079071,12.511799812316895,4.069900035858154,-0.6198999881744385,-0.9284999966621399,-1.0433000326156616,-1.0779999494552612,-0.96670001745224,12.746299743652344,12.839500427246094,12.68850040435791,12.47089958190918,11.816399574279785,4.0802001953125,4.018199920654297,3.8959999084472656,3.7539000511169434,3.441200017929077,0.34040001034736633,0.10689999908208847,6.156700134277344,5.707300186157227,5.338500022888184,5.055799961090088,5.098100185394287,4.0802001953125,4.018199920654297,3.8959999084472656,3.7539000511169434,3.441200017929077,-0.6198999881744385,-0.9284999966621399,-1.0433000326156616,-1.0779999494552612,-0.96670001745224,12.746299743652344,12.839500427246094,12.68850040435791,12.47089958190918,11.816399574279785,35.810298919677734,100.2677993774414,133.1259002685547,162.50250244140625,236.3455047607422,3.774399995803833,0.13760000467300415,0.7214000225067139,0.7214000225067139
84,199.55149841308594,146.77490234375,34.48189926147461,0.4683000147342682,0.3310999870300293,0.337799996137619,0.3310999870300293,0.0,199.55149841308594,19.35099983215332,88.97640228271484,1779.5281982421875,1.4682999849319458,89.08290100097656,89.08290100097656,178.16580200195312,89.25060272216797,89.25599670410156,446.28021240234375,89.30599975585938,89.29350280761719,535.76123046875,89.36139678955078,89.31510162353516,625.2055053710938,89.35910034179688,89.31759643554688,893.1760864257812,19.341400146484375,19.341400146484375,38.68280029296875,19.35099983215332,19.399700164794922,96.99870300292969,19.35099983215332,19.474599838256836,116.8478012084961,19.35099983215332,19.492599487304688,136.44830322265625,19.35099983215332,19.356599807739258,193.5659942626953,199.9069061279297,199.9069061279297,399.8138122558594,200.26229858398438,200.0751953125,1000.3760986328125,200.14999389648438,199.99020385742188,1199.9412841796875,200.03759765625,199.89410400390625,1399.2584228515625,200.14999389648438,200.02499389648438,2000.2496337890625,0.1656000018119812,0.1656000018119812,0.3310999870300293,0.0,0.1324000060558319,0.6621999740600586,0.1656000018119812,0.16670000553131104,1.0,0.3310999870300293,0.19020000100135803,1.3310999870300293,0.0,0.1331000030040741,1.3310999870300293,0.1656000018119812,0.1656000018119812,0.3310999870300293,0.3310999870300293,0.20000000298023224,1.0,0.1656000018119812,0.16670000553131104,1.0,0.3310999870300293,0.19020000100135803,1.3310999870300293,0.3310999870300293,0.32910001277923584,3.2908999919891357,0.23409999907016754,0.23409999907016754,0.4683000147342682,0.3310999870300293,0.227400004863739,1.1370999813079834,0.1656000018119812,0.18950000405311584,1.1370999813079834,0.3310999870300293,0.257999986410141,1.805999994277954,0.40299999713897705,1.1970000267028809,11.969499588012695,1.2308000326156616,1.2308000326156616,2.4616000652313232,1.4055999517440796,1.2180999517440796,6.0903000831604,1.273800015449524,1.205399990081787,7.2322001457214355,1.4055999517440796,1.3773000240325928,9.641400337219238,1.4402999877929688,2.6421000957489014,26.42060089111328,7.040900230407715,-1.3381999731063843,-20.734899520874023,-8.201499938964844,-1.3284000158309937,-1.3860000371932983,-1.4606000185012817,-1.4782999753952026,-1.3413000106811523,-21.08930015563965,-21.254899978637695,-21.16950035095215,-21.07309913635254,-21.204099655151367,-8.307499885559082,-8.480400085449219,-8.518099784851074,-8.539899826049805,-8.543700218200684,0.3968999981880188,0.12349999696016312,7.276899814605713,7.286300182342529,7.298399925231934,7.126100063323975,5.8597002029418945,-8.307499885559082,-8.480400085449219,-8.518099784851074,-8.539899826049805,-8.543700218200684,-1.3284000158309937,-1.3860000371932983,-1.4606000185012817,-1.4782999753952026,-1.3413000106811523,-21.08930015563965,-21.254899978637695,-21.16950035095215,-21.07309913635254,-21.204099655151367,35.810298919677734,78.78209686279297,107.43000030517578,107.43000030517578,179.04969787597656,4.245500087738037,-0.17100000381469727,0.4790000021457672,0.4790000021457672
85,98.66449737548828,97.77980041503906,32.802398681640625,1.2086000442504883,0.6621999740600586,0.9459999799728394,1.2050000429153442,0.743399977684021,111.30650329589844,19.35099983215332,56.67430114746094,1133.4862060546875,4.7652997970581055,56.79079818725586,56.79079818725586,113.58149719238281,57.202301025390625,57.232200622558594,286.16119384765625,57.3765983581543,57.38130187988281,344.2878112792969,57.550899505615234,57.70819854736328,403.95770263671875,57.97650146484375,59.05339813232422,590.5344848632812,19.32040023803711,19.32040023803711,38.64080047607422,19.35099983215332,19.53569984436035,97.67859649658203,19.43939971923828,19.534400939941406,117.206298828125,19.35099983215332,19.36680030822754,135.5675048828125,19.32040023803711,19.196800231933594,191.9683074951172,111.62740325927734,111.62740325927734,223.25489807128906,112.84420013427734,112.60929870605469,563.0465087890625,112.97360229492188,112.86820220947266,677.2094116210938,113.10289764404297,113.62169647216797,795.351806640625,114.00370025634766,116.72799682617188,1167.2802734375,0.3345000147819519,0.3345000147819519,0.6689000129699707,0.32440000772476196,0.2937000095844269,1.4682999849319458,0.39629998803138733,0.3686000108718872,2.2116000652313232,0.4683000147342682,0.42260000109672546,2.9581000804901123,0.4729999899864197,0.45660001039505005,4.566400051116943,0.6082000136375427,0.6082000136375427,1.2164000272750854,0.9933000206947327,1.351699948310852,6.758299827575684,1.3944000005722046,1.8357000350952148,11.014200210571289,1.7955000400543213,2.052999973297119,14.370699882507324,1.3944000005722046,1.8645000457763672,18.645299911499023,1.0749000310897827,1.0749000310897827,2.149899959564209,1.2086000442504883,1.8200000524520874,9.099800109863281,1.9354000091552734,2.5257999897003174,15.155099868774414,2.6621999740600586,3.1254000663757324,21.87809944152832,2.993299961090088,3.2572999000549316,32.573001861572266,4.145400047302246,4.145400047302246,8.290900230407715,4.7652997970581055,6.923900127410889,34.61970138549805,6.726200103759766,9.714900016784668,58.28929901123047,8.687100410461426,11.538100242614746,80.76679992675781,8.595800399780273,11.161299705505371,111.61299896240234,6.2555999755859375,-3.347100019454956,45.035099029541016,14.062700271606445,-3.316499948501587,-3.5320000648498535,-3.5306999683380127,-3.363100051879883,-3.1933000087738037,44.71229934692383,43.72959899902344,43.47060012817383,42.717098236083984,39.61050033569336,13.945500373840332,13.503600120544434,13.354499816894531,13.02750015258789,11.682000160217285,0.5080999732017517,0.4977000057697296,6.872900009155273,4.093100070953369,1.30239999294281,-0.5206000208854675,-0.14270000159740448,13.945500373840332,13.503600120544434,13.354499816894531,13.02750015258789,11.682000160217285,-3.316499948501587,-3.5320000648498535,-3.5306999683380127,-3.363100051879883,-3.1933000087738037,44.71229934692383,43.72959899902344,43.47060012817383,42.717098236083984,39.61050033569336,63.52069854736328,146.92340087890625,176.59620666503906,203.4510040283203,246.4228973388672,3.7609000205993652,0.37310001254081726,0.8331999778747559,0.8331999778747559
86,164.28660583496094,130.87399291992188,31.456199645996094,0.0066999997943639755,0.0,0.32440000772476196,0.0,0.0,164.28660583496094,16.006099700927734,76.34239959716797,1526.848388671875,0.3310999870300293,76.35220336914062,76.35220336914062,152.70449829101562,76.36119842529297,76.37809753417969,381.8905944824219,76.35179901123047,76.341796875,458.05108642578125,76.34239959716797,76.28900146484375,534.0230102539062,76.2406997680664,75.94390106201172,759.439208984375,16.1018009185791,16.1018009185791,32.20349884033203,16.201499938964844,16.201499938964844,81.00769805908203,16.199499130249023,16.200899124145508,97.2052001953125,16.201499938964844,16.239099502563477,113.67350006103516,16.301300048828125,16.361400604248047,163.61380004882812,164.28359985351562,164.28359985351562,328.5672912597656,164.4320068359375,164.49099731445312,822.4552001953125,164.35940551757812,164.42999267578125,986.5798950195312,164.28660583496094,164.3231964111328,1150.2625732421875,164.20260620117188,163.98179626464844,1639.8177490234375,0.0,0.0,0.0,0.0,0.1891999989748001,0.945900022983551,0.23409999907016754,0.23569999635219574,1.414199948310852,0.3310999870300293,0.2493000030517578,1.745300054550171,0.4683000147342682,3.264899969100952,32.64870071411133,0.0,0.0,0.0,0.0,0.0,0.0,0.0,0.0551999993622303,0.3310999870300293,0.0,0.09560000151395798,0.6689000129699707,0.0,0.10000000149011612,1.0,0.1688999980688095,0.1688999980688095,0.3379000127315521,0.337799996137619,0.32339999079704285,1.6168999671936035,0.3345000147819519,0.3246999979019165,1.9479999542236328,0.3312000036239624,0.3255999982357025,2.279099941253662,0.3310999870300293,0.3278999924659729,3.279099941253662,0.3345000147819519,0.3345000147819519,0.6690000295639038,0.804099977016449,0.7125999927520752,3.5629000663757324,0.8130999803543091,0.78329998254776,4.700099945068359,0.8222000002861023,0.8812000155448914,6.168300151824951,1.2023999691009521,3.921600103378296,39.215599060058594,7.228700160980225,2.400399923324585,14.897000312805176,4.7170000076293945,2.3046998977661133,2.2051000595092773,2.205899953842163,2.1679000854492188,2.0460000038146973,14.902400016784668,14.700300216674805,14.761300086975098,14.867500305175781,15.20580005645752,4.708099842071533,4.684299945831299,4.720600128173828,4.773200035095215,5.117000102996826,0.12250000238418579,0.10689999908208847,7.225299835205078,6.846700191497803,6.776100158691406,6.678699970245361,3.6357998847961426,4.708099842071533,4.684299945831299,4.720600128173828,4.773200035095215,5.117000102996826,2.3046998977661133,2.2051000595092773,2.205899953842163,2.1679000854492188,2.0460000038146973,14.902400016784668,14.700300216674805,14.761300086975098,14.867500305175781,15.20580005645752,45.509700775146484,134.56410217285156,167.31629943847656,198.00950622558594,284.20159912109375,3.944499969482422,-0.032499998807907104,0.5803999900817871,0.5803999900817871
87,99.81580352783203,101.77950286865234,8.978300094604492,0.0,134.9279022216797,0.47769999504089355,0.0,0.0,107.95110321044922,2.2360999584198,48.86289978027344,977.2579956054688,135.4055938720703,75.72879791259766,75.72879791259766,151.4575958251953,106.53369903564453,94.39630126953125,471.98150634765625,106.56950378417969,96.43109893798828,578.5867919921875,106.53369903564453,97.87129974365234,685.098876953125,104.55339813232422,76.48200225830078,764.8203735351562,2.2360999584198,2.2360999584198,4.472099781036377,1.7979999780654907,1.7283999919891357,8.641799926757812,1.5848000049591064,1.6069999933242798,9.641799926757812,1.3717000484466553,1.520300030708313,10.641799926757812,1.354699969291687,1.475000023841858,14.750200271606445,175.16319274902344,175.16319274902344,350.3262939453125,255.36520385742188,223.56520080566406,1117.8260498046875,255.59950256347656,229.0540008544922,1374.323974609375,255.8336944580078,232.9365997314453,1630.5560302734375,248.8701934814453,180.70880126953125,1807.088623046875,74.9229965209961,74.9229965209961,149.84609985351562,0.0,29.969200134277344,149.84609985351562,0.0,24.974300384521484,149.84609985351562,0.0,39.41279983520508,275.8898010253906,0.4754999876022339,40.89820098876953,408.9815979003906,0.0,0.0,0.0,0.0,0.0,0.0,0.0,0.0,0.0,0.0,0.13379999995231628,0.9365000128746033,0.0,12.552300453186035,125.52320098876953,1.1621999740600586,1.1621999740600586,2.324399948120117,1.9866000413894653,1.333799958229065,6.668900012969971,0.9933000206947327,1.1115000247955322,6.668900012969971,0.0,0.9527000188827515,6.668900012969971,1.344499945640564,1.2503999471664429,12.504199981689453,76.72380065917969,76.72380065917969,153.44760131835938,3.308500051498413,32.00299835205078,160.01510620117188,3.1182000637054443,26.72439956665039,160.34620666503906,3.308500051498413,41.152801513671875,288.0697021484375,10.675200462341309,55.479801177978516,554.797607421875,-124.38469696044922,13.767900466918945,48.39059829711914,21.874099731445312,13.767800331115723,14.275400161743164,14.39680004119873,14.483400344848633,14.528499603271484,-18.823400497436523,-67.22630310058594,-72.71510314941406,-76.5978012084961,-24.37030029296875,-4.992499828338623,-23.660400390625,-25.69529914855957,-27.13559913635254,-5.746600151062012,0.03999999910593033,0.07450000196695328,-65.70539855957031,-20.986000061035156,-15.707099914550781,-30.135299682617188,-44.46120071411133,-4.992499828338623,-23.660400390625,-25.69529914855957,-27.13559913635254,-5.746600151062012,13.767800331115723,14.275400161743164,14.39680004119873,14.483400344848633,14.528499603271484,-18.823400497436523,-67.22630310058594,-72.71510314941406,-76.5978012084961,-24.37030029296875,57.295799255371094,143.23939514160156,143.23939514160156,144.5334014892578,186.2113037109375,2.8359999656677246,1.2979999780654907,0.9545000195503235,0.9545000195503235
88,165.00010681152344,130.0395050048828,30.88450050354004,0.9506999850273132,2.723400115966797,0.7404000163078308,0.746399998664856,0.945900022983551,165.00010681152344,15.154199600219727,73.46279907226562,1469.2567138671875,6.106800079345703,73.12979888916016,73.12979888916016,146.2595977783203,72.98739624023438,73.02970123291016,365.14849853515625,73.22509765625,73.22859954833984,439.37139892578125,73.46279907226562,73.35230255126953,513.4660034179688,73.84970092773438,73.61009979248047,736.101318359375,15.045000076293945,15.045000076293945,30.09000015258789,14.940999984741211,14.953499794006348,74.76740264892578,14.940400123596191,14.951199531555176,89.7072982788086,14.940999984741211,15.016300201416016,105.11380004882812,15.077099800109863,15.259400367736816,152.5937957763672,164.1855010986328,164.1855010986328,328.3710021972656,163.86199951171875,164.0019989013672,820.0101928710938,164.43099975585938,164.56100463867188,987.3662719726562,165.00010681152344,164.86709594726562,1154.069580078125,165.95120239257812,165.343994140625,1653.43994140625,2.6963999271392822,2.6963999271392822,5.3927998542785645,2.7023000717163086,2.744800090789795,13.723899841308594,2.6858999729156494,2.343600034713745,14.061699867248535,2.6693999767303467,2.0560998916625977,14.392800331115723,2.65910005569458,2.9863998889923096,29.863800048828125,0.707099974155426,0.707099974155426,1.414199948310852,0.4683000147342682,0.558899998664856,2.7945001125335693,0.707099974155426,0.8179000020027161,4.907599925994873,0.945900022983551,1.0032999515533447,7.022900104522705,1.2316999435424805,1.3819999694824219,13.819600105285645,0.8454999923706055,0.8454999923706055,1.691100001335144,0.7404000163078308,0.7297999858856201,3.6489999294281006,0.8454999923706055,1.1052000522613525,6.631499767303467,0.9506999850273132,1.3329999446868896,9.33080005645752,1.268399953842163,1.5434000492095947,15.433600425720215,5.326900005340576,5.326900005340576,10.65369987487793,4.546999931335449,5.307499885559082,26.537700653076172,5.326900005340576,6.0183000564575195,36.11000061035156,6.106800079345703,6.451600074768066,45.1609001159668,6.210700035095215,8.734700202941895,87.3467025756836,4.227799892425537,1.1383999586105347,2.6407999992370605,2.2232000827789307,1.2475999593734741,1.3393000364303589,1.341599941253662,1.2767000198364258,1.0338000059127808,3.4540998935699463,3.635499954223633,3.0766000747680664,2.770400047302246,2.290299892425537,2.5557000637054443,2.654900074005127,2.4560999870300293,2.33240008354187,2.073699951171875,0.43799999356269836,0.5631999969482422,5.007599830627441,5.02400016784668,4.312600135803223,3.8787999153137207,1.5985000133514404,2.5557000637054443,2.654900074005127,2.4560999870300293,2.33240008354187,2.073699951171875,1.2475999593734741,1.3393000364303589,1.341599941253662,1.2767000198364258,1.0338000059127808,3.4540998935699463,3.635499954223633,3.0766000747680664,2.770400047302246,2.290299892425537,68.56800079345703,167.1956024169922,201.67529296875,234.58729553222656,327.7835998535156,3.7281999588012695,0.28999999165534973,0.8116999864578247,0.8116999864578247
89,187.53900146484375,152.5941925048828,37.254398345947266,1.9581999778747559,0.0,0.3310999870300293,0.0,0.3310999870300293,187.53900146484375,19.326900482177734,85.7238998413086,1714.4775390625,2.620500087738037,86.09040069580078,86.09040069580078,172.18080139160156,86.8739013671875,86.60209655761719,433.0105895996094,86.841796875,86.63670349121094,519.8201904296875,86.80970001220703,86.65399932861328,606.577880859375,86.67839813232422,86.60250091552734,866.0244750976562,19.326900482177734,19.326900482177734,38.65370178222656,19.00079917907715,19.021799087524414,95.10890197753906,19.094200134277344,19.049400329589844,114.29660034179688,19.187700271606445,19.115299224853516,133.8072052001953,19.32360076904297,19.187000274658203,191.86959838867188,188.2628936767578,188.2628936767578,376.5259094238281,190.22500610351562,189.47959899902344,947.3978271484375,190.01849365234375,189.53500366210938,1137.209716796875,189.81199645996094,189.5283966064453,1326.698486328125,189.33030700683594,189.3925018310547,1893.924560546875,0.0,0.0,0.0,0.0,0.0,0.0,0.0,0.0,0.0,0.0,0.0,0.0,0.0,0.0,0.0,0.3343999981880188,0.3343999981880188,0.6689000129699707,0.3310999870300293,0.33379998803138733,1.6689000129699707,0.3310999870300293,0.33329999446868896,2.0,0.3310999870300293,0.2856999933719635,2.0,0.3310999870300293,0.23309999704360962,2.3310999870300293,1.809499979019165,1.809499979019165,3.6191000938415527,0.4683000147342682,0.8849999904632568,4.425099849700928,0.40299999713897705,0.7937999963760376,4.762899875640869,0.337799996137619,0.7276999950408936,5.093999862670898,0.337799996137619,0.6230999827384949,6.231200218200684,2.475100040435791,2.475100040435791,4.950200080871582,1.4816999435424805,1.6476000547409058,8.237899780273438,1.309399962425232,1.5407999753952026,9.244600296020508,1.1371999979019165,1.416200041770935,9.91349983215332,1.0719000101089478,1.2518999576568604,12.519000053405762,4.939300060272217,-0.9204000234603882,-8.355400085449219,-4.6645002365112305,-0.9204000234603882,-0.6151000261306763,-0.6425999999046326,-0.7084000110626221,-0.7796000242233276,-9.076899528503418,-10.288200378417969,-10.343700408935547,-10.337699890136719,-10.204899787902832,-5.030099868774414,-5.539599895477295,-5.57420015335083,-5.591700077056885,-5.541600227355957,0.7239000201225281,0.3465000092983246,5.084700107574463,5.9116997718811035,6.018700122833252,6.143700122833252,6.3053998947143555,-5.030099868774414,-5.539599895477295,-5.57420015335083,-5.591700077056885,-5.541600227355957,-0.9204000234603882,-0.6151000261306763,-0.6425999999046326,-0.7084000110626221,-0.7796000242233276,-9.076899528503418,-10.288200378417969,-10.343700408935547,-10.337699890136719,-10.204899787902832,56.25870132446289,146.50340270996094,175.15130615234375,203.7991943359375,292.6585998535156,4.589799880981445,-0.6777999997138977,0.026000000536441803,0.026000000536441803
90,141.6779022216797,102.29419708251953,39.6072998046875,0.3310999870300293,0.675599992275238,0.3310999870300293,1.0,0.6689000129699707,141.6779022216797,20.176700592041016,68.18479919433594,1363.696533203125,3.006700038909912,68.12139892578125,68.12139892578125,136.2427978515625,67.95850372314453,67.98919677734375,339.94580078125,67.94760131835938,67.9573974609375,407.7445068359375,67.93679809570312,67.9259033203125,475.4814147949219,67.94760131835938,68.01399993896484,680.140380859375,20.092899322509766,20.092899322509766,40.1859016418457,20.274799346923828,20.239099502563477,101.1957015991211,20.225799560546875,20.22010040283203,121.32029724121094,20.176700592041016,20.20639991760254,141.4449005126953,20.28860092163086,20.316600799560547,203.1663055419922,141.62210083007812,141.62210083007812,283.24420166015625,141.04029846191406,141.08230590820312,705.4113159179688,140.8802947998047,140.9696044921875,845.81787109375,140.7281036376953,140.9351043701172,986.5460205078125,141.05140686035156,141.25790405273438,1412.5791015625,0.6689000129699707,0.6689000129699707,1.3378000259399414,0.0,0.26759999990463257,1.3378000259399414,0.0,0.22300000488758087,1.3378000259399414,0.0,0.19110000133514404,1.3378000259399414,0.0,0.2142000049352646,2.141900062561035,0.6689000129699707,0.6689000129699707,1.3378000259399414,0.337799996137619,0.40130001306533813,2.006700038909912,0.3343999981880188,0.3343999981880188,2.006700038909912,0.3310999870300293,0.2867000102996826,2.006700038909912,0.1656000018119812,0.27469998598098755,2.7471001148223877,0.3310999870300293,0.3310999870300293,0.6621999740600586,0.3310999870300293,0.2662000060081482,1.3310999870300293,0.3310999870300293,0.3874000012874603,2.324399948120117,0.3310999870300293,0.47679999470710754,3.3378000259399414,0.6656000018119812,0.6965000033378601,6.965000152587891,2.8747000694274902,2.8747000694274902,5.7494001388549805,1.3243999481201172,1.777899980545044,8.889399528503418,1.3977999687194824,1.7267999649047852,10.36050033569336,1.4710999727249146,1.718500018119812,12.029399871826172,1.5968999862670898,1.9586000442504883,19.586200714111328,4.553100109100342,-1.7702000141143799,37.50579833984375,12.874600410461426,-1.6864999532699585,-1.8324999809265137,-1.8131999969482422,-1.7994999885559082,-1.9092999696731567,37.563899993896484,38.109100341796875,38.22159957885742,38.25550079345703,37.92959976196289,12.938899993896484,13.0733003616333,13.104999542236328,13.136300086975098,13.046799659729004,0.21199999749660492,0.6255000233650208,4.685100078582764,5.781400203704834,5.832699775695801,5.841400146484375,5.598700046539307,12.938899993896484,13.0733003616333,13.104999542236328,13.136300086975098,13.046799659729004,-1.6864999532699585,-1.8324999809265137,-1.8131999969482422,-1.7994999885559082,-1.9092999696731567,37.563899993896484,38.109100341796875,38.22159957885742,38.25550079345703,37.92959976196289,68.63980102539062,133.14309692382812,157.5634002685547,186.16619873046875,263.98388671875,4.136899948120117,-0.2249000072479248,0.3953999876976013,0.3953999876976013
91,163.2666015625,128.2279052734375,21.8346004486084,3.867000102996826,0.0,3.9052000045776367,2.0283000469207764,2.3378000259399414,163.2666015625,16.54669952392578,71.82520294189453,1436.504638671875,12.138299942016602,71.552001953125,71.552001953125,143.10400390625,71.07019805908203,71.01020050048828,355.05120849609375,70.79129791259766,70.74949645996094,424.4971923828125,70.51239776611328,70.44080352783203,493.08538818359375,69.9052963256836,69.5094985961914,695.0952758789062,16.621200561523438,16.621200561523438,33.2422981262207,17.46419906616211,17.297800064086914,86.48889923095703,17.517499923706055,17.343299865722656,104.05960083007812,17.46419906616211,17.305599212646484,121.13899993896484,16.887500762939453,16.955900192260742,169.5592041015625,162.37330627441406,162.37330627441406,324.7464904785156,160.2991943359375,160.2344970703125,801.1727905273438,159.3769989013672,159.40199279785156,956.412109375,158.45489501953125,158.518798828125,1109.6314697265625,156.45579528808594,156.0970001220703,1560.9698486328125,0.23409999907016754,0.23409999907016754,0.4683000147342682,0.4683000147342682,0.4047999978065491,2.0241000652313232,0.4683000147342682,0.4153999984264374,2.4923999309539795,0.4683000147342682,0.4043000042438507,2.8301000595092773,0.337799996137619,0.3492000102996826,3.4923999309539795,2.506700038909912,2.506700038909912,5.013400077819824,2.436199903488159,2.509399890899658,12.547200202941895,2.38700008392334,2.247299909591675,13.483699798583984,2.3378000259399414,1.926200032234192,13.483699798583984,1.523800015449524,1.3483999967575073,13.483699798583984,4.218699932098389,4.218699932098389,8.437399864196777,3.867000102996826,3.8166000843048096,19.08289909362793,3.6447999477386475,3.7509000301361084,22.505399703979492,3.677799940109253,3.740499973297119,26.18320083618164,3.1373000144958496,2.788599967956543,27.88599967956543,12.739100456237793,12.739100456237793,25.478300094604492,12.138299942016602,13.084500312805176,65.42250061035156,12.075400352478027,12.295299530029297,73.77210235595703,12.012399673461914,11.496199607849121,80.47370147705078,9.859100341796875,8.616499900817871,86.16500091552734,-0.7645999789237976,-2.22160005569458,-6.798600196838379,-1.5753999948501587,-2.2960000038146973,-2.9723000526428223,-3.0176000595092773,-2.97979998588562,-2.6296000480651855,-5.904699802398682,-3.7671000957489014,-2.9354000091552734,-2.052999973297119,0.3684000074863434,-1.301800012588501,-0.7598999738693237,-0.49939998984336853,-0.1907999962568283,0.7408000230789185,0.762499988079071,0.7098000049591064,-1.3655999898910522,-1.7065999507904053,-0.9161999821662903,-0.11630000174045563,2.7648000717163086,-1.301800012588501,-0.7598999738693237,-0.49939998984336853,-0.1907999962568283,0.7408000230789185,-2.2960000038146973,-2.9723000526428223,-3.0176000595092773,-2.97979998588562,-2.6296000480651855,-5.904699802398682,-3.7671000957489014,-2.9354000091552734,-2.052999973297119,0.3684000074863434,58.91749954223633,147.30889892578125,176.58900451660156,204.35609436035156,288.27178955078125,3.900099992752075,-0.15189999341964722,0.49970000982284546,0.49970000982284546
92,143.7928009033203,127.80470275878906,27.431800842285156,0.9412999749183655,0.337799996137619,0.7404000163078308,0.7404000163078308,0.6621999740600586,144.12989807128906,16.398799896240234,67.68920135498047,1353.783203125,3.421999931335449,67.8479995727539,67.8479995727539,135.69610595703125,68.42530059814453,68.518798828125,342.5939025878906,68.72940063476562,68.68659973144531,412.119384765625,69.03340148925781,68.83699798583984,481.8590087890625,69.4822998046875,69.26950073242188,692.694580078125,16.547199249267578,16.547199249267578,33.09450149536133,16.398799896240234,16.44770050048828,82.2384033203125,16.4335994720459,16.451099395751953,98.70670318603516,16.468299865722656,16.52039909362793,115.64299774169922,16.63909912109375,16.72570037841797,167.2570037841797,144.3560028076172,144.3560028076172,288.7120056152344,145.3397979736328,145.49099731445312,727.4552001953125,145.86610412597656,145.76510620117188,874.5905151367188,146.39230346679688,146.0001983642578,1022.0012817382812,147.0731964111328,146.69320678710938,1466.93212890625,0.3343999981880188,0.3343999981880188,0.6689000129699707,0.337799996137619,0.616100013256073,3.0806000232696533,0.7657999992370605,0.8662999868392944,5.197999954223633,1.1937999725341797,1.0443999767303467,7.311100006103516,0.6654999852180481,0.8303999900817871,8.304400444030762,0.9966999888420105,0.9966999888420105,1.993299961090088,1.3310999870300293,1.1629999876022339,5.815000057220459,1.0356999635696411,1.0255000591278076,6.1528000831604,0.7404000163078308,0.9262999892234802,6.48390007019043,0.5,0.6815000176429749,6.815000057220459,1.3186999559402466,1.3186999559402466,2.637399911880493,0.9933000206947327,1.0693000555038452,5.346499919891357,0.9672999978065491,0.9473999738693237,5.684299945831299,0.9412999749183655,0.8593000173568726,6.015399932861328,0.337799996137619,0.66839998960495,6.684299945831299,5.28849983215332,5.28849983215332,10.57699966430664,7.1331000328063965,5.564199924468994,27.82110023498535,5.36269998550415,5.235599994659424,31.413400650024414,3.5922999382019043,4.951700210571289,34.66170120239258,3.335200071334839,3.8264999389648438,38.265201568603516,6.912499904632568,-0.10620000213384628,23.51099967956543,7.9969000816345215,-0.25459998846054077,-0.15489999949932098,-0.1582999974489212,-0.22750000655651093,-0.4325000047683716,23.28350067138672,22.146499633789062,21.872499465942383,21.637300491333008,20.941099166870117,7.837399959564209,7.165800094604492,6.9980998039245605,6.847700119018555,6.414400100708008,0.43149998784065247,0.45010000467300415,5.046000003814697,4.767399787902832,5.095300197601318,5.378699779510498,6.5065999031066895,7.837399959564209,7.165800094604492,6.9980998039245605,6.847700119018555,6.414400100708008,-0.25459998846054077,-0.15489999949932098,-0.1582999974489212,-0.22750000655651093,-0.4325000047683716,23.28350067138672,22.146499633789062,21.872499465942383,21.637300491333008,20.941099166870117,50.2244987487793,150.49209594726562,179.13999938964844,206.2917938232422,293.7315979003906,4.57480001449585,-0.5565999746322632,0.058800000697374344,0.058800000697374344
93,173.15960693359375,145.47579956054688,26.034099578857422,1.6621999740600586,0.0,1.0555000305175781,0.746399998664856,0.0,173.15960693359375,15.264300346374512,75.97489929199219,1519.49853515625,3.464099884033203,75.91120147705078,75.91120147705078,151.82229614257812,75.97489929199219,76.03919982910156,380.19610595703125,76.01470184326172,76.131103515625,456.7864074707031,76.05439758300781,76.27649688720703,533.935791015625,76.49120330810547,76.8292007446289,768.2921752929688,15.239100456237793,15.239100456237793,30.478300094604492,15.112700462341309,14.939200401306152,74.69609832763672,14.89780044555664,14.86989974975586,89.21949768066406,14.682900428771973,14.813400268554688,103.69409942626953,14.652799606323242,14.77929973602295,147.79339599609375,173.2595977783203,173.2595977783203,346.5191955566406,173.72970581054688,173.91510009765625,869.57568359375,173.9803924560547,174.19070434570312,1045.144287109375,174.23109436035156,174.54600524902344,1221.82177734375,175.3321075439453,175.5438995361328,1755.439208984375,0.1656000018119812,0.1656000018119812,0.3310999870300293,0.6689000129699707,0.5881999731063843,2.941200017929077,0.8051000237464905,0.6478999853134155,3.8873000144958496,0.743399977684021,0.6614999771118164,4.6305999755859375,0.5033000111579895,0.5630999803543091,5.6305999755859375,0.1688999980688095,0.1688999980688095,0.337799996137619,1.3652000427246094,1.9296000003814697,9.64799976348877,2.263700008392334,2.2304999828338623,13.382699966430664,2.0139999389648438,2.19950008392334,15.39680004119873,1.285099983215332,1.8401000499725342,18.40060043334961,0.9966999888420105,0.9966999888420105,1.993299961090088,1.6621999740600586,2.870500087738037,14.352299690246582,3.003000020980835,3.399199962615967,20.39539909362793,4.330900192260742,3.5322999954223633,24.726299285888672,2.5134999752044678,3.0752999782562256,30.753400802612305,2.631700038909912,2.631700038909912,5.263400077819824,6.047999858856201,10.219599723815918,51.097999572753906,10.86050033569336,11.933899879455566,71.60330200195312,13.50879955291748,12.158900260925293,85.11209869384766,7.279799938201904,10.36870002746582,103.6874008178711,8.772899627685547,-1.6195000410079956,14.92650032043457,15.21679973602295,-1.5942000150680542,-1.294100046157837,-1.2246999740600586,-1.1680999994277954,-1.1337000131607056,14.822099685668945,14.160599708557129,13.883700370788574,13.52750015258789,12.527700424194336,15.278800010681152,15.148599624633789,15.056300163269043,14.910699844360352,14.358099937438965,0.6417999863624573,0.07530000060796738,9.602999687194824,2.0155999660491943,0.30169999599456787,0.0771000012755394,1.871000051498413,15.278800010681152,15.148599624633789,15.056300163269043,14.910699844360352,14.358099937438965,-1.5942000150680542,-1.294100046157837,-1.2246999740600586,-1.1680999994277954,-1.1337000131607056,14.822099685668945,14.160599708557129,13.883700370788574,13.52750015258789,12.527700424194336,58.93220138549805,113.31210327148438,141.9600067138672,170.60789489746094,227.90370178222656,4.202700138092041,-0.8855000138282776,0.24390000104904175,0.24390000104904175
94,158.79559326171875,127.70330047607422,32.535499572753906,9.363900184631348,1.3732999563217163,9.733099937438965,9.691499710083008,9.44540023803711,158.79559326171875,19.00079917907715,73.20439910888672,1464.0870361328125,39.607200622558594,72.322998046875,72.322998046875,144.64599609375,71.44170379638672,71.36910247802734,356.84539794921875,72.322998046875,72.52259826660156,435.1354064941406,73.20439910888672,73.36090087890625,513.5261840820312,75.93679809570312,74.82260131835938,748.225830078125,18.819900512695312,18.819900512695312,37.63990020751953,18.337799072265625,18.371700286865234,91.8583984375,18.1781005859375,18.207300186157227,109.24359893798828,18.018400192260742,18.081199645996094,126.56839752197266,17.62380027770996,17.83060073852539,178.30560302734375,156.15020751953125,156.15020751953125,312.30029296875,154.8094940185547,156.07069396972656,780.3532104492188,156.80259704589844,159.44740295410156,956.6846923828125,158.79559326171875,161.90809631347656,1133.3564453125,170.55859375,166.2736053466797,1662.735595703125,1.8672000169754028,1.8672000169754028,3.7344000339508057,1.3732999563217163,1.507699966430664,7.53849983215332,1.3488999605178833,1.3803000450134277,8.281900405883789,1.3243999481201172,1.2506999969482422,8.754899978637695,1.0339000225067139,1.3941999673843384,13.94159984588623,10.91819953918457,10.91819953918457,21.836299896240234,8.76550006866455,7.247399806976318,36.23720169067383,7.034900188446045,6.094699859619141,36.56840133666992,5.3043999671936035,5.330699920654297,37.314701080322266,3.486299991607666,4.566100120544434,45.660701751708984,14.861100196838379,14.861100196838379,29.722200393676758,19.489900588989258,16.56089973449707,82.80449676513672,14.972999572753906,13.912199974060059,83.47339630126953,10.456000328063965,11.972100257873535,83.80449676513672,6.910600185394287,9.058600425720215,90.58619689941406,51.39500045776367,51.39500045776367,102.79010009765625,41.59159851074219,42.885501861572266,214.42759704589844,40.59939956665039,36.13890075683594,216.8332061767578,39.607200622558594,31.348499298095703,219.43919372558594,17.66510009765625,25.59869956970215,255.98680114746094,-28.586299896240234,-2.996799945831299,-2.4539999961853027,-2.4672999382019043,-2.815999984741211,-2.3678998947143555,-2.2035999298095703,-2.077500104904175,-1.8270000219345093,0.18960000574588776,0.26829999685287476,-3.108599901199341,-5.569300174713135,-9.9350004196167,-1.5866999626159668,-0.6331999897956848,-1.7868000268936157,-2.625200033187866,-4.087200164794922,0.9301999807357788,0.9718000292778015,-40.37670135498047,-31.868499755859375,-25.121599197387695,-20.330900192260742,-14.580100059509277,-1.5866999626159668,-0.6331999897956848,-1.7868000268936157,-2.625200033187866,-4.087200164794922,-2.815999984741211,-2.3678998947143555,-2.2035999298095703,-2.077500104904175,-1.8270000219345093,0.18960000574588776,0.26829999685287476,-3.108599901199341,-5.569300174713135,-9.9350004196167,61.57619857788086,166.09910583496094,198.4644012451172,228.7357940673828,309.2926940917969,4.025599956512451,0.10840000212192535,0.7099999785423279,0.7099999785423279
95,170.41580200195312,143.25149536132812,25.933000564575195,1.6621999740600586,0.3310999870300293,2.867300033569336,0.6622999906539917,0.945900022983551,170.41580200195312,15.174500465393066,75.1259994506836,1502.5208740234375,6.468900203704834,75.26599884033203,75.26599884033203,150.53199768066406,75.51200103759766,75.43470001220703,377.1734924316406,75.51300048828125,75.4489974975586,452.6942138671875,75.51200103759766,75.42179870605469,527.952392578125,75.33200073242188,75.14309692382812,751.4312133789062,15.25790023803711,15.25790023803711,30.51569938659668,16.031200408935547,15.72189998626709,78.6093978881836,16.031200408935547,15.77340030670166,94.6406021118164,16.031200408935547,15.766599655151367,110.36589813232422,15.70989990234375,15.610899925231934,156.10899353027344,170.7989959716797,170.7989959716797,341.597900390625,170.8813018798828,170.83079528808594,854.1538696289062,170.72979736328125,170.7886962890625,1024.7322998046875,170.57839965820312,170.69630432128906,1194.8740234375,170.49710083007812,170.125,1701.250244140625,0.3310999870300293,0.3310999870300293,0.6622999906539917,0.3312000036239624,0.2937000095844269,1.468400001525879,0.3310999870300293,0.24469999969005585,1.468400001525879,0.3310999870300293,0.20980000495910645,1.468400001525879,0.3310999870300293,0.2468000054359436,2.468400001525879,0.8432000279426575,0.8432000279426575,1.6863000392913818,0.4729999899864197,0.5927000045776367,2.9635000228881836,0.4729999899864197,0.5490999817848206,3.294600009918213,0.4729999899864197,0.5773000121116638,4.040900230407715,0.6689000129699707,0.6115999817848206,6.116199970245361,1.666200041770935,1.666200041770935,3.33240008354187,1.4189000129699707,1.0983999967575073,5.491799831390381,1.079699993133545,0.9933000206947327,5.960000038146973,1.3732999563217163,1.0476000308990479,7.3333001136779785,1.1967999935150146,1.0773999691009521,10.77400016784668,5.884799957275391,5.884799957275391,11.769599914550781,3.749799966812134,3.934799909591675,19.674100875854492,3.2899999618530273,3.522599935531616,21.135700225830078,3.749799966812134,3.6149001121520996,25.304500579833984,4.177499771118164,3.9475998878479004,39.47589874267578,3.8657000064849854,1.1181000471115112,-2.774899959564209,0.5600000023841858,1.0347000360488892,0.570900022983551,0.5194000005722046,0.5264000296592712,0.6822999715805054,-3.15939998626709,-3.19320011138916,-3.151099920272827,-3.058799982070923,-2.4907000064849854,0.4194999933242798,0.2498999983072281,0.23559999465942383,0.2628999948501587,0.5407000184059143,0.6011000275611877,0.5631999969482422,4.4496002197265625,6.396699905395508,6.808300018310547,6.715400218963623,6.3856000900268555,0.4194999933242798,0.2498999983072281,0.23559999465942383,0.2628999948501587,0.5407000184059143,1.0347000360488892,0.570900022983551,0.5194000005722046,0.5264000296592712,0.6822999715805054,-3.15939998626709,-3.19320011138916,-3.151099920272827,-3.058799982070923,-2.4907000064849854,58.02450180053711,139.12060546875,172.56219482421875,199.33169555664062,287.5956115722656,4.4583001136779785,-0.44020000100135803,0.14419999718666077,0.14419999718666077
96,145.07510375976562,122.44779968261719,32.510799407958984,0.4729999899864197,0.337799996137619,0.0,0.47769999504089355,0.337799996137619,145.07510375976562,16.69890022277832,68.19319915771484,1363.8636474609375,1.6262999773025513,68.3051986694336,68.3051986694336,136.6103973388672,68.41719818115234,68.3740005493164,341.8699035644531,68.4177017211914,68.38929748535156,410.3356018066406,68.41719818115234,68.35870361328125,478.51080322265625,68.30039978027344,68.20110321044922,682.0112915039062,16.53030014038086,16.53030014038086,33.06060028076172,16.031200408935547,16.23080062866211,81.1541976928711,16.196500778198242,16.252700805664062,97.51589965820312,16.3617000579834,16.26919937133789,113.8843002319336,16.3617000579834,16.330699920654297,163.30650329589844,145.40420532226562,145.40420532226562,290.80841064453125,145.38619995117188,145.3946990966797,726.9735107421875,145.23060607910156,145.33810424804688,872.0286865234375,145.07510375976562,145.25039672851562,1016.7529296875,145.05520629882812,144.9591064453125,1449.591064453125,0.3343999981880188,0.3343999981880188,0.6689000129699707,0.3310999870300293,0.20000000298023224,1.0,0.3310999870300293,0.24549999833106995,1.4730000495910645,0.3310999870300293,0.27799999713897705,1.9459999799728394,0.337799996137619,0.32199999690055847,3.2202999591827393,0.3343999981880188,0.3343999981880188,0.6689000129699707,0.3310999870300293,0.20000000298023224,1.0,0.1688999980688095,0.16779999434947968,1.006700038909912,0.32440000772476196,0.19020000100135803,1.3310999870300293,0.32440000772476196,0.19930000603199005,1.993299961090088,0.4706000089645386,0.4706000089645386,0.9412999749183655,0.337799996137619,0.38830000162124634,1.9413000345230103,0.337799996137619,0.3797999918460846,2.279099941253662,0.337799996137619,0.37290000915527344,2.6101999282836914,0.3345000147819519,0.374099999666214,3.740799903869629,1.6124999523162842,1.6124999523162842,3.2249999046325684,1.3243999481201172,1.17739999294281,5.887199878692627,1.2365000247955322,1.1726000308990479,7.035799980163574,1.3243999481201172,1.2145999670028687,8.502099990844727,1.3896000385284424,1.223099946975708,12.231399536132812,5.333899974822998,-0.1242000013589859,5.187900066375732,0.32510000467300415,0.044599998742341995,0.3449000120162964,0.32330000400543213,0.30709999799728394,0.24639999866485596,4.856599807739258,4.859399795532227,4.91379976272583,4.999300003051758,5.28410005569458,0.21230000257492065,0.1412000060081482,0.12520000338554382,0.1550000011920929,0.31040000915527344,0.3407000005245209,0.43070000410079956,5.347499847412109,5.782400131225586,5.787199974060059,5.745200157165527,5.736700057983398,0.21230000257492065,0.1412000060081482,0.12520000338554382,0.1550000011920929,0.31040000915527344,0.044599998742341995,0.3449000120162964,0.32330000400543213,0.30709999799728394,0.24639999866485596,4.856599807739258,4.859399795532227,4.91379976272583,4.999300003051758,5.28410005569458,57.25019836425781,164.67959594726562,193.32749938964844,193.32749938964844,236.29930114746094,4.35129976272583,-0.2345000058412552,0.23520000278949738,0.23520000278949738
97,204.5937042236328,159.8780975341797,24.701200485229492,1.344499945640564,0.0,0.0,5.767499923706055,0.3310999870300293,204.5937042236328,21.712799072265625,91.69110107421875,1833.822021484375,7.4430999755859375,91.85009765625,91.85009765625,183.7001953125,91.75689697265625,91.7582015991211,458.7911071777344,91.7239990234375,91.65010070800781,549.900390625,91.69110107421875,91.5707015991211,640.9946899414062,91.7239990234375,91.65879821777344,916.5880737304688,18.867700576782227,18.867700576782227,37.73529815673828,10.630800247192383,13.796699523925781,68.9833984375,11.291799545288086,13.489399909973145,80.93620300292969,11.952799797058105,13.399499893188477,93.79640197753906,13.744600296020508,14.149200439453125,141.49159240722656,205.2642059326172,205.2642059326172,410.5284118652344,207.31309509277344,206.69900512695312,1033.4949951171875,207.5325927734375,206.9207000732422,1241.5244140625,207.752197265625,207.05650329589844,1449.3955078125,207.69979858398438,207.2100067138672,2072.099609375,0.0,0.0,0.0,0.0,0.0,0.0,0.0,0.1656000018119812,0.9933000206947327,0.0,0.2867000102996826,2.006700038909912,0.2198999971151352,0.42160001397132874,4.21619987487793,0.3343999981880188,0.3343999981880188,0.6689000129699707,0.337799996137619,0.4675999879837036,2.3378000259399414,0.5,0.5,3.0,0.6621999740600586,0.6650999784469604,4.6554999351501465,0.6621999740600586,0.9559000134468079,9.558899879455566,1.4155999422073364,1.4155999422073364,2.831199884414673,1.3717000484466553,1.4419000148773193,7.20959997177124,1.3581000566482544,1.3250000476837158,7.949900150299072,1.344499945640564,1.184000015258789,8.287799835205078,1.3378000259399414,1.1700999736785889,11.700599670410156,8.627599716186523,8.627599716186523,17.255199432373047,7.984899997711182,7.989799976348877,39.94889831542969,7.714000225067139,7.278200149536133,43.6692008972168,7.4430999755859375,7.064300060272217,49.44990158081055,6.4207000732421875,6.508800029754639,65.08769989013672,0.11670000106096268,-3.3064000606536865,-25.40999984741211,-10.631699562072754,-0.4611999988555908,4.610000133514404,4.917399883270264,5.007500171661377,4.258200168609619,-26.07819938659668,-27.507699966430664,-27.729400634765625,-27.865800857543945,-28.02239990234375,-10.789799690246582,-10.695799827575684,-10.587599754333496,-10.508399963378906,-10.597900390625,0.6394000053405762,0.3465000092983246,-1.0678000450134277,-0.43050000071525574,0.28130000829696655,0.49559998512268066,1.0485999584197998,-10.789799690246582,-10.695799827575684,-10.587599754333496,-10.508399963378906,-10.597900390625,-0.4611999988555908,4.610000133514404,4.917399883270264,5.007500171661377,4.258200168609619,-26.07819938659668,-27.507699966430664,-27.729400634765625,-27.865800857543945,-28.02239990234375,80.131103515625,154.68479919433594,183.3325958251953,183.3325958251953,254.952392578125,1.4909000396728516,2.421099901199341,0.9927999973297119,0.9927999973297119
98,140.4434051513672,107.33779907226562,31.59510040283203,9.881600379943848,0.3310999870300293,5.038099765777588,4.344200134277344,2.9853999614715576,140.4434051513672,16.28660011291504,66.6343002319336,1332.6859130859375,22.580400466918945,66.8281021118164,66.8281021118164,133.6562042236328,66.6343002319336,66.46730041503906,332.3363037109375,66.36910247802734,66.27490234375,397.6492004394531,66.10399627685547,66.21009826660156,463.4706115722656,66.71700286865234,66.62449645996094,666.2449951171875,16.38789939880371,16.38789939880371,32.77579879760742,16.489200592041016,16.485700607299805,82.42849731445312,16.39539909362793,16.414199829101562,98.4854965209961,16.489200592041016,16.465499877929688,115.2583999633789,16.66790008544922,16.79789924621582,167.9792938232422,142.15390014648438,142.15390014648438,284.30780029296875,143.12600708007812,142.798095703125,713.9904174804688,142.69140625,142.58340454101562,855.5001220703125,142.82940673828125,142.61849975585938,998.3295288085938,143.4951934814453,144.283203125,1442.832275390625,0.3310999870300293,0.3310999870300293,0.6621999740600586,0.3310999870300293,0.2662000060081482,1.3310999870300293,0.3310999870300293,0.22190000116825104,1.3310999870300293,0.3310999870300293,0.23749999701976776,1.6621999740600586,0.3310999870300293,0.28060001134872437,2.805999994277954,2.460900068283081,2.460900068283081,4.921800136566162,1.4926999807357788,1.6567000150680542,8.283499717712402,1.3497999906539917,1.4594000577926636,8.756500244140625,1.2067999839782715,1.3575999736785889,9.502900123596191,0.873199999332428,1.1503000259399414,11.502900123596191,7.69379997253418,7.69379997253418,15.387700080871582,4.041299819946289,4.485899925231934,22.429399490356445,2.9240000247955322,3.9590001106262207,23.753799438476562,2.9853999614715576,3.8199000358581543,26.739299774169922,2.5553998947143555,3.235599994659424,32.356201171875,17.921499252319336,17.921499252319336,35.843101501464844,8.487299919128418,10.829400062561035,54.14720153808594,7.2307000160217285,9.655200004577637,57.93119812011719,7.478899955749512,9.344300270080566,65.41010284423828,6.726500034332275,8.076899528503418,80.768798828125,-11.559499740600586,-0.2825999855995178,15.898300170898438,4.102700233459473,-0.3840000033378601,-0.4819999933242798,-0.4104999899864197,-0.4618000090122223,-0.7943999767303467,14.18589973449707,13.540800094604492,13.755499839782715,13.72029972076416,12.055299758911133,3.9082000255584717,4.268599987030029,4.460899829864502,4.525599956512451,4.110899925231934,0.9366000294685364,0.8016999959945679,-6.903200149536133,0.1876000016927719,1.3619999885559082,1.673200011253357,2.941699981689453,3.9082000255584717,4.268599987030029,4.460899829864502,4.525599956512451,4.110899925231934,-0.3840000033378601,-0.4819999933242798,-0.4104999899864197,-0.4618000090122223,-0.7943999767303467,14.18589973449707,13.540800094604492,13.755499839782715,13.72029972076416,12.055299758911133,53.56570053100586,143.80859375,175.0050048828125,199.6269989013672,292.6781921386719,3.990799903869629,0.14329999685287476,0.7287999987602234,0.7287999987602234
99,129.72610473632812,116.5011978149414,26.2539005279541,1.3652000427246094,0.3310999870300293,1.993299961090088,1.3310999870300293,1.0,129.72610473632812,8.489999771118164,61.44430160522461,1228.88671875,6.020699977874756,61.78369903564453,61.78369903564453,123.56739807128906,62.12300109863281,61.94559860229492,309.7279968261719,62.0088005065918,61.93709945678711,371.62249755859375,62.12300109863281,62.09749984741211,434.6827087402344,62.133399963378906,65.60489654541016,656.0488891601562,8.606300354003906,8.606300354003906,17.212600708007812,8.74839973449707,9.413599967956543,47.067901611328125,9.23009967803955,10.838600158691406,65.03150177001953,9.711700439453125,12.33080005645752,86.31539916992188,9.23009967803955,12.287199974060059,122.87159729003906,130.4595947265625,130.4595947265625,260.919189453125,131.19309997558594,131.04969787597656,655.2485961914062,131.0592041015625,129.85159301757812,779.1091918945312,130.92529296875,129.02810668945312,903.1964721679688,128.87289428710938,128.54710388183594,1285.4710693359375,0.4966999888420105,0.4966999888420105,0.9933000206947327,0.6621999740600586,0.5598999857902527,2.7994000911712646,0.5698999762535095,0.5461999773979187,3.277100086212158,0.6621999740600586,0.6176999807357788,4.324100017547607,0.6621999740600586,0.6166999936103821,6.166600227355957,1.0032999515533447,1.0032999515533447,2.006700038909912,1.1937999725341797,1.6589000225067139,8.294699668884277,1.2590999603271484,1.6031999588012695,9.619099617004395,1.1937999725341797,1.5189000368118286,10.632499694824219,1.9322999715805054,1.8723000288009644,18.723400115966797,0.8514999747276306,0.8514999747276306,1.7029000520706177,3.861299991607666,7.561600208282471,37.807899475097656,4.859399795532227,7.366000175476074,44.19580078125,5.857399940490723,15.262499809265137,106.8375015258789,6.122700214385986,22.920900344848633,229.2086944580078,4.894700050354004,4.894700050354004,9.789400100708008,8.451700210571289,16.646299362182617,83.23169708251953,12.76729965209961,16.719100952148438,100.314697265625,17.08300018310547,24.18160057067871,169.27149963378906,17.705400466918945,33.74689865112305,337.46881103515625,5.353000164031982,5.835000038146973,26.742000579833984,8.805500030517578,5.718800067901611,4.911900043487549,3.486999988555908,1.9950000047683716,2.0392000675201416,26.008899688720703,25.417800903320312,26.615100860595703,27.437700271606445,27.91819953918457,8.466500282287598,8.304699897766113,8.31309986114502,8.15250015258789,4.645500183105469,0.45980000495910645,0.4609000086784363,6.478899955749512,-5.268499851226807,-5.340000152587891,-12.8016996383667,-22.3656005859375,8.466500282287598,8.304699897766113,8.31309986114502,8.15250015258789,4.645500183105469,5.718800067901611,4.911900043487549,3.486999988555908,1.9950000047683716,2.0392000675201416,26.008899688720703,25.417800903320312,26.615100860595703,27.437700271606445,27.91819953918457,35.87070083618164,106.28170013427734,133.94700622558594,163.5532989501953,260.7525939941406,2.554500102996826,1.1936999559402466,0.9187999963760376,0.9187999963760376
100,131.34970092773438,101.1863021850586,23.735300064086914,1.409500002861023,0.3310999870300293,0.7493000030517578,0.6621999740600586,0.3310999870300293,131.34970092773438,13.016900062561035,59.904998779296875,1198.1005859375,3.483299970626831,59.878501892089844,59.878501892089844,119.75689697265625,60.2661018371582,60.8843994140625,304.4222106933594,60.91669845581055,61.41419982910156,368.4848937988281,61.56740188598633,61.716800689697266,432.01739501953125,62.28010177612305,61.95940017700195,619.593994140625,12.859199523925781,12.859199523925781,25.7185001373291,13.016900062561035,13.168000221252441,65.84020233154297,13.3056001663208,13.345999717712402,80.07599639892578,13.594300270080566,13.44950008392334,94.14649963378906,13.671699523925781,13.550700187683105,135.50689697265625,131.18429565429688,131.18429565429688,262.3684997558594,132.11129760742188,133.48890686035156,667.4445190429688,133.472900390625,134.73350524902344,808.4008178710938,134.8345947265625,135.52459716796875,948.6719970703125,138.12010192871094,136.45359802246094,1364.536376953125,0.1656000018119812,0.1656000018119812,0.3310999870300293,0.3310999870300293,0.2946000099182129,1.4730000495910645,0.3343999981880188,0.35589998960494995,2.1352999210357666,0.337799996137619,0.40059998631477356,2.8041999340057373,0.3345000147819519,0.38109999895095825,3.8108999729156494,0.6901000142097473,0.6901000142097473,1.3803000450134277,1.3652000427246094,1.5088000297546387,7.543900012969971,1.207200050354004,1.3125,7.875,1.0492000579833984,1.17330002784729,8.212800025939941,0.8937000036239624,1.0477999448776245,10.477999687194824,1.7188999652862549,1.7188999652862549,3.4377999305725098,3.055500030517578,3.0495998859405518,15.248100280761719,2.942199945449829,3.0127999782562256,18.07699966430664,2.8289999961853027,2.98009991645813,20.86090087890625,2.8064000606536865,2.48009991645813,24.801300048828125,4.600800037384033,4.600800037384033,9.201600074768066,8.841300010681152,8.876399993896484,44.381900787353516,7.325200080871582,8.36520004272461,50.19089889526367,6.2434000968933105,8.062000274658203,56.43429946899414,6.026199817657471,6.931399822235107,69.31430053710938,3.4769999980926514,3.557800054550171,18.913400650024414,8.613200187683105,3.7156999111175537,3.4077000617980957,3.2300000190734863,3.126699924468994,3.0262999534606934,19.076499938964844,16.765199661254883,15.518400192260742,14.725099563598633,13.78950023651123,8.638999938964844,7.630799770355225,7.100299835205078,6.796899795532227,6.55210018157959,0.6244000196456909,0.336899995803833,2.3592000007629395,-1.916599988937378,-1.4053000211715698,-1.1022000312805176,0.0284000001847744,8.638999938964844,7.630799770355225,7.100299835205078,6.796899795532227,6.55210018157959,3.7156999111175537,3.4077000617980957,3.2300000190734863,3.126699924468994,3.0262999534606934,19.076499938964844,16.765199661254883,15.518400192260742,14.725099563598633,13.78950023651123,61.45130157470703,149.32879638671875,182.12449645996094,204.69070434570312,316.1600036621094,4.116799831390381,0.0,0.5882999897003174,0.5882999897003174
101,163.7834014892578,130.90170288085938,31.06439971923828,0.0,0.0,0.47769999504089355,0.47769999504089355,0.0066999997943639755,163.7834014892578,17.33970069885254,73.4645004272461,1469.2908935546875,0.9621000289916992,73.43569946289062,73.43569946289062,146.87139892578125,73.48210144042969,73.54280090332031,367.71380615234375,73.55139923095703,73.57460021972656,441.44781494140625,73.53959655761719,73.5696029663086,514.9874267578125,73.47329711914062,73.47250366210938,734.7254028320312,17.369400024414062,17.369400024414062,34.73889923095703,17.399200439453125,17.43440055847168,87.1718978881836,17.43720054626465,17.533300399780273,105.19960021972656,17.475200653076172,17.59160041809082,123.14140319824219,17.778799057006836,17.682300567626953,176.8231964111328,163.7834014892578,163.7834014892578,327.5668029785156,164.04969787597656,164.12510681152344,820.6254272460938,164.20199584960938,164.2183074951172,985.3098754882812,164.3542022705078,164.23779296875,1149.664794921875,164.0493927001953,164.13470458984375,1641.3472900390625,0.23409999907016754,0.23409999907016754,0.4683000147342682,0.4683000147342682,0.28279998898506165,1.414199948310852,0.39969998598098755,0.29089999198913574,1.745300054550171,0.337799996137619,0.29760000109672546,2.0831000804901123,0.3310999870300293,0.2745000123977661,2.745300054550171,0.1688999980688095,0.1688999980688095,0.337799996137619,0.3310999870300293,0.29499998688697815,1.4749000072479248,0.3343999981880188,0.3021000027656555,1.8127000331878662,0.3310999870300293,0.30630001425743103,2.1438000202178955,0.3343999981880188,0.34209999442100525,3.4210000038146973,0.1656000018119812,0.1656000018119812,0.3310999870300293,0.0066999997943639755,0.13510000705718994,0.675599992275238,0.1688999980688095,0.19059999287128448,1.1439000368118286,0.3310999870300293,0.2705000042915344,1.8932000398635864,0.3310999870300293,0.39469999074935913,3.9465999603271484,1.4459999799728394,1.4459999799728394,2.891900062561035,1.1533000469207764,1.2652000188827515,6.326200008392334,1.3107999563217163,1.3543000221252441,8.125699996948242,1.4682999849319458,1.4589999914169312,10.212800025939941,1.7984999418258667,1.6892000436782837,16.89189910888672,9.93910026550293,-0.19920000433921814,5.120500087738037,3.157900094985962,-0.2287999987602234,-0.2930999994277954,-0.3917999863624573,-0.44999998807907104,-0.5400000214576721,5.1305999755859375,4.819399833679199,4.735899925231934,4.725900173187256,4.855299949645996,3.1909000873565674,3.0964999198913574,3.0685999393463135,3.077500104904175,3.185499906539917,0.04749999940395355,0.20270000398159027,9.454899787902832,9.635100364685059,9.545999526977539,9.441100120544434,9.21090030670166,3.1909000873565674,3.0964999198913574,3.0685999393463135,3.077500104904175,3.185499906539917,-0.2287999987602234,-0.2930999994277954,-0.3917999863624573,-0.44999998807907104,-0.5400000214576721,5.1305999755859375,4.819399833679199,4.735899925231934,4.725900173187256,4.855299949645996,28.647899627685547,100.2676010131836,128.91549682617188,157.5634002685547,171.8874053955078,4.677199840545654,-0.6381000280380249,0.04569999873638153,0.04569999873638153
102,158.69610595703125,130.7689971923828,31.35110092163086,1.3310999870300293,0.3310999870300293,1.1937999725341797,0.4683000147342682,0.743399977684021,158.69610595703125,17.816299438476562,72.66799926757812,1453.3590087890625,4.067699909210205,72.93319702148438,72.93319702148438,145.8665008544922,73.7947006225586,73.62220001220703,368.1109924316406,73.9218978881836,73.69329833984375,442.1600036621094,73.98639678955078,73.73519897460938,516.146484375,74.03630065917969,73.82959747314453,738.2955932617188,17.975400924682617,17.975400924682617,35.950801849365234,18.23889923095703,18.21929931640625,91.09649658203125,18.34510040283203,18.311599731445312,109.86940002441406,18.451200485229492,18.391599655151367,128.74099731445312,18.484699249267578,18.48080062866211,184.80780029296875,159.18069458007812,159.18069458007812,318.36138916015625,160.80889892578125,160.75259399414062,803.7630004882812,161.39999389648438,161.1186065673828,966.711181640625,161.99099731445312,161.39950561523438,1129.7967529296875,162.77499389648438,162.0417938232422,1620.4180908203125,0.1656000018119812,0.1656000018119812,0.3310999870300293,0.009499999694526196,0.16369999945163727,0.8183000087738037,0.17030000686645508,0.1915999948978424,1.149399995803833,0.3310999870300293,0.21250000596046448,1.4872000217437744,0.17030000686645508,0.1817999929189682,1.8183000087738037,0.743399977684021,0.743399977684021,1.486799955368042,0.9412999749183655,0.9143000245094299,4.571499824523926,0.8468000292778015,0.8873000144958496,5.32390022277832,0.7523999810218811,0.8551999926567078,5.986100196838379,0.743399977684021,0.7317000031471252,7.317200183868408,1.3310999870300293,1.3310999870300293,2.6621999740600586,2.3987998962402344,2.3498001098632812,11.748800277709961,2.2688000202178955,2.3145999908447266,13.887700080871582,2.1389000415802,2.1552999019622803,15.0871000289917,1.4104000329971313,1.779099941253662,17.791500091552734,3.9110000133514404,3.9110000133514404,7.8221001625061035,5.923900127410889,5.28380012512207,26.418800354003906,5.181300163269043,5.142899990081787,30.857500076293945,4.438700199127197,4.883900165557861,34.187400817871094,4.008500099182129,4.357399940490723,43.57440185546875,8.77340030670166,-0.24979999661445618,37.20669937133789,15.65719985961914,-0.40880000591278076,-0.652400016784668,-0.7444999814033508,-0.824400007724762,-0.913100004196167,36.7239990234375,35.15679931640625,34.79209899902344,34.512298583984375,33.87139892578125,15.392800331115723,14.705900192260742,14.63539981842041,14.594099998474121,14.500499725341797,0.5066999793052673,0.5019999742507935,8.929800033569336,7.563300132751465,7.707099914550781,7.968900203704834,8.502599716186523,15.392800331115723,14.705900192260742,14.63539981842041,14.594099998474121,14.500499725341797,-0.40880000591278076,-0.652400016784668,-0.7444999814033508,-0.824400007724762,-0.913100004196167,36.7239990234375,35.15679931640625,34.79209899902344,34.512298583984375,33.87139892578125,57.295799255371094,141.01620483398438,171.88729858398438,200.5352020263672,286.4789123535156,4.448400020599365,-0.3483000099658966,0.36000001430511475,0.36000001430511475
103,246.26559448242188,53.2400016784668,238.09950256347656,0.0,0.0,0.0,0.6689000129699707,0.9365000128746033,254.7371063232422,17.498600006103516,171.17640686035156,3423.52880859375,1.6053999662399292,171.03939819335938,171.03939819335938,342.0787048339844,170.52099609375,170.52650451660156,852.6323852539062,170.33349609375,170.40179443359375,1022.410888671875,170.14599609375,170.23939514160156,1191.675537109375,169.8325958251953,169.7064971923828,1697.0654296875,17.33009910583496,17.33009910583496,34.660099029541016,17.15530014038086,17.042400360107422,85.21219635009766,17.15839958190918,17.062299728393555,102.37359619140625,17.15530014038086,17.033300399780273,119.23320007324219,16.84869956970215,16.71619987487793,167.16180419921875,254.7371063232422,254.7371063232422,509.4742126464844,254.7371063232422,254.7371063232422,1273.6854248046875,254.7371063232422,254.7371063232422,1528.4224853515625,254.7371063232422,254.7371063232422,1783.1595458984375,254.7371063232422,254.7371063232422,2547.370849609375,0.0,0.0,0.0,0.0,0.0,0.0,0.0,0.0,0.0,0.0,0.0,0.0,0.0,0.0,0.0,1.0688999891281128,1.0688999891281128,2.1377999782562256,1.201300024986267,1.0020999908447266,5.0106000900268555,1.205899953842163,1.055799961090088,6.335000038146973,1.201300024986267,1.0498000383377075,7.348400115966797,1.205899953842163,1.1723999977111816,11.723799705505371,0.0,0.0,0.0,0.0,0.0,0.0,0.0,0.0,0.0,0.0,0.0,0.0,0.0,0.0,0.0,1.9033000469207764,1.9033000469207764,3.8066999912261963,1.993299961090088,1.7359000444412231,8.679400444030762,2.0973000526428223,1.9431999921798706,11.65939998626709,2.2012999057769775,2.0517001152038574,14.361800193786621,2.4565000534057617,2.338399887084961,23.384000778198242,10.631600379943848,-3.853800058364868,-66.6509017944336,-79.98470306396484,-3.6851000785827637,-3.3973000049591064,-3.4170000553131104,-3.388000011444092,-3.0706000328063965,-66.65540313720703,-66.66130065917969,-66.6626968383789,-66.6635971069336,-66.66549682617188,-79.84940338134766,-79.33869934082031,-79.21440124511719,-79.0521011352539,-78.51930236816406,0.11259999871253967,0.5224000215530396,10.331399917602539,10.499300003051758,10.2923002243042,10.184300422668457,9.901399612426758,-79.84940338134766,-79.33869934082031,-79.21440124511719,-79.0521011352539,-78.51930236816406,-3.6851000785827637,-3.3973000049591064,-3.4170000553131104,-3.388000011444092,-3.0706000328063965,-66.65540313720703,-66.66130065917969,-66.6626968383789,-66.6635971069336,-66.66549682617188,0.0,0.0,0.0,0.0,0.0,3.0432000160217285,0.27399998903274536,0.6927000284194946,0.6927000284194946
104,140.966796875,104.30870056152344,30.81599998474121,7.316500186920166,1.655500054359436,5.577499866485596,4.324399948120117,5.169400215148926,140.966796875,16.180400848388672,63.630699157714844,1272.6146240234375,24.04330062866211,63.74829864501953,63.74829864501953,127.49669647216797,63.86589813232422,63.82780075073242,319.13909912109375,63.81949996948242,63.78739929199219,382.7247009277344,63.773101806640625,63.743900299072266,446.2076110839844,63.60810089111328,63.5797004699707,635.796875,16.479400634765625,16.479400634765625,32.95880126953125,17.500600814819336,17.179899215698242,85.89949798583984,17.610300064086914,17.273700714111328,103.64240264892578,17.719999313354492,17.34040069580078,121.38249969482422,17.47279930114746,17.356599807739258,173.5655059814453,140.9674072265625,140.9674072265625,281.934814453125,140.33859252929688,140.48379516601562,702.419189453125,140.33859252929688,140.2825927734375,841.6956787109375,140.33859252929688,140.1013946533203,980.7100830078125,139.5417938232422,139.6195068359375,1396.1947021484375,0.8277999758720398,0.8277999758720398,1.655500054359436,0.3310999870300293,0.4648999869823456,2.324399948120117,0.3310999870300293,0.4426000118255615,2.6554999351501465,0.3310999870300293,0.42669999599456787,2.986599922180176,0.3343999981880188,0.5146999955177307,5.146900177001953,3.479300022125244,3.479300022125244,6.958700180053711,0.3310999870300293,1.5241999626159668,7.6209001541137695,0.3310999870300293,1.271299958229065,7.627600193023682,0.3310999870300293,1.1369999647140503,7.958799839019775,0.3310999870300293,0.9093999862670898,9.093999862670898,4.920400142669678,4.920400142669678,9.840700149536133,0.337799996137619,2.101900100708008,10.509599685668945,0.3343999981880188,1.7516000270843506,10.509599685668945,0.3310999870300293,1.548699975013733,10.840700149536133,0.9933000206947327,1.7237999439239502,17.23780059814453,15.743499755859375,15.743499755859375,31.48699951171875,1.0,6.763599872589111,33.81809997558594,0.8343999981880188,5.692699909210205,34.15589904785156,1.0,5.068600177764893,35.48040008544922,2.4539999961853027,4.849699974060059,48.49720001220703,-11.806300163269043,-2.535599946975708,47.11940002441406,27.56100082397461,-2.8345000743865967,-3.5348000526428223,-3.628499984741211,-3.6951000690460205,-3.710900068283081,47.11429977416992,47.59189987182617,47.79180145263672,47.97200012207031,48.45209884643555,27.441600799560547,27.360000610351562,27.399999618530273,27.443300247192383,27.60759925842285,0.909600019454956,0.8999000191688538,-3.5088000297546387,5.47160005569458,6.542900085449219,7.167300224304199,7.390100002288818,27.441600799560547,27.360000610351562,27.399999618530273,27.443300247192383,27.60759925842285,-2.8345000743865967,-3.5348000526428223,-3.628499984741211,-3.6951000690460205,-3.710900068283081,47.11429977416992,47.59189987182617,47.79180145263672,47.97200012207031,48.45209884643555,56.111698150634766,145.07789611816406,176.1658935546875,195.8730010986328,274.36260986328125,3.686199903488159,-0.36899998784065247,0.4894999861717224,0.4894999861717224
105,186.26669311523438,136.69309997558594,34.82809829711914,0.0,0.3310999870300293,0.0,0.7404000163078308,0.3310999870300293,186.26669311523438,20.09980010986328,84.25050354003906,1685.01025390625,1.4026000499725342,84.20220184326172,84.20220184326172,168.40440368652344,84.03369903564453,84.08209991455078,420.4106140136719,84.09380340576172,84.10790252685547,504.64739990234375,84.15390014648438,84.14189910888672,588.9932250976562,84.24369812011719,84.2029037475586,842.0294189453125,19.919700622558594,19.919700622558594,39.839298248291016,19.37689971923828,19.457799911499023,97.28910064697266,19.377099990844727,19.444400787353516,116.66639709472656,19.377300262451172,19.482900619506836,136.3802947998047,19.726699829101562,19.684900283813477,196.8489990234375,186.3966064453125,186.3966064453125,372.7930908203125,186.58250427246094,186.6020050048828,933.0098876953125,186.68699645996094,186.65789794921875,1119.94775390625,186.79150390625,186.6909942626953,1306.8370361328125,186.68699645996094,186.6616973876953,1866.616943359375,0.3343999981880188,0.3343999981880188,0.6689000129699707,0.3310999870300293,0.20000000298023224,1.0,0.1656000018119812,0.16670000553131104,1.0,0.3310999870300293,0.19020000100135803,1.3310999870300293,0.3310999870300293,0.20000000298023224,2.0,0.3343999981880188,0.3343999981880188,0.6689000129699707,0.3310999870300293,0.2937000095844269,1.4682999849319458,0.3343999981880188,0.32429999113082886,1.9459999799728394,0.337799996137619,0.3449000120162964,2.4142000675201416,0.3343999981880188,0.34139999747276306,3.4142000675201416,0.1688999980688095,0.1688999980688095,0.337799996137619,0.337799996137619,0.3107999861240387,1.5542000532150269,0.40540000796318054,0.3379000127315521,2.027100086212158,0.337799996137619,0.336899995803833,2.358299970626831,0.40299999713897705,0.34950000047683716,3.4953999519348145,1.7511999607086182,1.7511999607086182,3.5023999214172363,1.7403000593185425,1.613800048828125,8.069199562072754,1.7475999593734741,1.6373000144958496,9.82409954071045,1.7403000593185425,1.6122000217437744,11.285599708557129,1.7045999765396118,1.5760999917984009,15.760600090026855,6.157199859619141,-1.6933000087738037,-7.083000183105469,-3.1910998821258545,-1.513200044631958,-1.0511000156402588,-1.037600040435791,-1.0758999586105347,-1.277500033378601,-7.2104997634887695,-7.410699844360352,-7.466700077056885,-7.50029993057251,-7.4741997718811035,-3.141900062561035,-3.019700050354004,-3.0453999042510986,-3.0796000957489014,-3.1421000957489014,0.05270000174641609,0.3465000092983246,5.808599948883057,5.945499897003174,5.922100067138672,5.947700023651123,5.981299877166748,-3.141900062561035,-3.019700050354004,-3.0453999042510986,-3.0796000957489014,-3.1421000957489014,-1.513200044631958,-1.0511000156402588,-1.037600040435791,-1.0758999586105347,-1.277500033378601,-7.2104997634887695,-7.410699844360352,-7.466700077056885,-7.50029993057251,-7.4741997718811035,64.54869842529297,107.52050018310547,107.52050018310547,143.33009338378906,222.11199951171875,4.411200046539307,-0.4991999864578247,0.13580000400543213,0.13580000400543213
106,118.59700012207031,110.45359802246094,31.917400360107422,0.3310999870300293,0.3310999870300293,0.0,0.4683000147342682,0.0,129.38699340820312,16.664899826049805,62.55339813232422,1251.0682373046875,1.1304999589920044,62.57339859008789,62.57339859008789,125.14669799804688,62.75529861450195,62.766300201416016,313.8315124511719,62.81959915161133,62.7859001159668,376.71551513671875,62.75529861450195,62.77000045776367,439.39019775390625,62.66080093383789,62.7036018371582,627.0361938476562,16.635000228881836,16.635000228881836,33.27009963989258,16.664899826049805,16.80590057373047,84.02970123291016,16.867700576782227,16.85070037841797,101.10440063476562,16.664899826049805,16.81570053100586,117.70960235595703,16.867700576782227,16.910999298095703,169.11019897460938,129.55209350585938,129.55209350585938,259.10418701171875,130.05389404296875,129.98519897460938,649.9262084960938,130.218994140625,130.05599975585938,780.3359985351562,130.16299438476562,130.07130432128906,910.4990234375,129.98609924316406,129.90260314941406,1299.0257568359375,0.3343999981880188,0.3343999981880188,0.6689000129699707,0.3310999870300293,0.20000000298023224,1.0,0.3310999870300293,0.29010000824928284,1.740399956703186,0.3310999870300293,0.3564999997615814,2.495699882507324,0.5033000111579895,0.45739999413490295,4.57390022277832,0.0,0.0,0.0,0.0,0.13379999995231628,0.6689000129699707,0.1656000018119812,0.16670000553131104,1.0,0.0,0.1429000049829483,1.0,0.3310999870300293,0.23309999704360962,2.3310999870300293,0.3310999870300293,0.3310999870300293,0.6621999740600586,0.3310999870300293,0.2662000060081482,1.3310999870300293,0.3310999870300293,0.22190000116825104,1.3310999870300293,0.3310999870300293,0.23749999701976776,1.6621999740600586,0.3310999870300293,0.2939000129699707,2.939300060272217,0.902999997138977,0.902999997138977,1.8061000108718872,1.000100016593933,0.9876999855041504,4.938600063323975,1.0652999877929688,1.114300012588501,6.6855998039245605,1.1304999589920044,1.2244999408721924,8.571399688720703,1.4398000240325928,1.5394999980926514,15.395000457763672,5.829800128936768,-0.09030000120401382,20.875999450683594,5.964900016784668,-0.060100000351667404,-0.23019999265670776,-0.27480000257492065,-0.2393999993801117,-0.33399999141693115,20.70870018005371,20.26889991760254,20.195899963378906,20.17840003967285,20.340599060058594,5.9440999031066895,5.748899936676025,5.728499889373779,5.74370002746582,5.8078999519348145,0.18520000576972961,0.10429999977350235,6.057000160217285,5.972099781036377,5.8454999923706055,5.735300064086914,5.420400142669678,5.9440999031066895,5.748899936676025,5.728499889373779,5.74370002746582,5.8078999519348145,-0.060100000351667404,-0.23019999265670776,-0.27480000257492065,-0.2393999993801117,-0.33399999141693115,20.70870018005371,20.26889991760254,20.195899963378906,20.17840003967285,20.340599060058594,42.9718017578125,124.65139770507812,150.4011993408203,157.5634002685547,186.2113037109375,4.098700046539307,0.01810000091791153,0.6126999855041504,0.6126999855041504
107,173.5135955810547,146.31500244140625,28.683399200439453,6.69920015335083,1.0597000122070312,5.373700141906738,6.3796000480651855,5.04449987411499,173.5135955810547,16.08690071105957,77.78079986572266,1555.61572265625,24.556900024414062,78.62249755859375,78.62249755859375,157.2449951171875,81.11530303955078,80.77400207519531,403.8700866699219,81.65180206298828,81.00969696044922,486.05841064453125,81.28679656982422,81.04930114746094,567.34521484375,80.96829986572266,80.7925033569336,807.9249877929688,16.21660041809082,16.21660041809082,32.43320083618164,16.61039924621582,16.523500442504883,82.6176986694336,16.68090057373047,16.7007999420166,100.20480346679688,16.751300811767578,16.787500381469727,117.51280212402344,16.68090057373047,16.707399368286133,167.0740966796875,175.89230346679688,175.89230346679688,351.78460693359375,183.05299377441406,181.39219665527344,906.9608764648438,182.8612060546875,181.6051025390625,1089.63037109375,182.66940307617188,181.34539794921875,1269.417724609375,179.02920532226562,179.55569458007812,1795.5570068359375,1.7936999797821045,1.7936999797821045,3.5875000953674316,3.0388998985290527,4.753900051116943,23.769399642944336,4.265900135040283,6.009300231933594,36.055999755859375,5.4928998947143555,6.492800235748291,45.44960021972656,4.867800235748291,6.048099994659424,60.481300354003906,5.873499870300293,5.873499870300293,11.746899604797363,5.04449987411499,4.865099906921387,24.32539939880371,4.710700035095215,4.496799945831299,26.980899810791016,5.04449987411499,4.623000144958496,32.36109924316406,5.737500190734863,6.603799819946289,66.03829956054688,7.836699962615967,7.836699962615967,15.673399925231934,6.69920015335083,6.326300144195557,31.63159942626953,6.083199977874756,5.881499767303467,35.28879928588867,5.467199802398682,5.819900035858154,40.73929977416992,7.078400135040283,7.902500152587891,79.02549743652344,29.269399642944336,29.269399642944336,58.53879928588867,24.556900024414062,27.05579948425293,135.27879333496094,24.5393009185791,26.601299285888672,159.60780334472656,24.556900024414062,27.403900146484375,191.82749938964844,31.184799194335938,34.75339889526367,347.5342102050781,-14.222299575805664,0.20569999516010284,-5.872700214385986,-2.0947999954223633,0.07599999755620956,-0.23080000281333923,-0.40799999237060547,-0.49459999799728394,-0.4142000079154968,-8.252699851989746,-13.754599571228027,-13.967399597167969,-13.707900047302246,-11.92140007019043,-2.9370999336242676,-5.089399814605713,-5.325099945068359,-5.364699840545654,-5.108699798583984,0.9039000272750854,0.9211000204086304,-18.934999465942383,-16.724199295043945,-16.27039909362793,-17.07360076904297,-24.420299530029297,-2.9370999336242676,-5.089399814605713,-5.325099945068359,-5.364699840545654,-5.108699798583984,0.07599999755620956,-0.23080000281333923,-0.40799999237060547,-0.49459999799728394,-0.4142000079154968,-8.252699851989746,-13.754599571228027,-13.967399597167969,-13.707900047302246,-11.92140007019043,67.37950134277344,124.67530059814453,153.3231964111328,196.2949981689453,267.9147033691406,3.7946999073028564,0.22349999845027924,0.7728000283241272,0.7728000283241272
108,180.2864990234375,145.356201171875,29.7893009185791,1.8825000524520874,1.3652000427246094,1.3310999870300293,2.396899938583374,2.1305999755859375,180.2864990234375,15.673399925231934,80.01329803466797,1600.26513671875,9.106300354003906,79.85479736328125,79.85479736328125,159.7095947265625,79.44309997558594,78.82530212402344,394.126708984375,78.96790313720703,78.1073989868164,468.64410400390625,78.4927978515625,77.4188003540039,541.9318237304688,75.49929809570312,76.05169677734375,760.5170288085938,15.387499809265137,15.387499809265137,30.774999618530273,15.36769962310791,15.432999610900879,77.16480255126953,15.520600318908691,15.496000289916992,92.9760971069336,15.612799644470215,15.512700080871582,108.58889770507812,15.742400169372559,15.74470043182373,157.44729614257812,179.802001953125,179.802001953125,359.60400390625,179.08169555664062,177.66319274902344,888.3159790039062,178.15310668945312,175.9575958251953,1055.74560546875,177.22450256347656,174.3096923828125,1220.1680908203125,169.9178009033203,170.87710571289062,1708.770751953125,1.2102999687194824,1.2102999687194824,2.4207000732421875,1.0555000305175781,0.8948000073432922,4.473800182342529,0.8589000105857849,0.8245000243186951,4.946800231933594,0.743399977684021,0.8129000067710876,5.690100193023682,0.5676000118255615,0.6825000047683716,6.825399875640869,1.813099980354309,1.813099980354309,3.626300096511841,2.1305999755859375,2.415600061416626,12.077899932861328,2.115499973297119,2.2888998985290527,13.733400344848633,2.100399971008301,1.961899995803833,13.733400344848633,1.575600028038025,1.3732999563217163,13.733400344848633,1.409500002861023,1.409500002861023,2.819000005722046,2.743299961090088,3.2012999057769775,16.00629997253418,2.8740999698638916,3.1684999465942383,19.011199951171875,2.743299961090088,2.8220999240875244,19.754600524902344,1.409500002861023,2.1033999919891357,21.033599853515625,7.656799793243408,7.656799793243408,15.313599586486816,11.315600395202637,11.901000022888184,59.50510025024414,10.21090030670166,11.335700035095215,68.01419830322266,9.106300354003906,10.042200088500977,70.29560089111328,7.3582000732421875,7.560100078582764,75.6010971069336,1.2282999753952026,0.6191999912261963,-12.645600318908691,-4.327199935913086,0.9050999879837036,0.8597999811172485,0.7968000173568726,0.7802000045776367,0.5483999848365784,-12.162500381469727,-10.02560043334961,-8.319999694824219,-6.672299861907959,-3.2427000999450684,-4.169300079345703,-3.140700101852417,-2.4226999282836914,-1.7342000007629395,-0.367900013923645,0.6414999961853027,0.7836999893188477,2.6777000427246094,-1.5693999528884888,-1.0047999620437622,0.288100004196167,2.7730000019073486,-4.169300079345703,-3.140700101852417,-2.4226999282836914,-1.7342000007629395,-0.367900013923645,0.9050999879837036,0.8597999811172485,0.7968000173568726,0.7802000045776367,0.5483999848365784,-12.162500381469727,-10.02560043334961,-8.319999694824219,-6.672299861907959,-3.2427000999450684,59.246700286865234,113.07859802246094,138.3957977294922,168.95339965820312,247.73500061035156,4.034800052642822,-0.016599999740719795,0.5692999958992004,0.5692999958992004
109,218.05479431152344,161.4550018310547,28.75189971923828,3.065700054168701,0.743399977684021,3.317699909210205,0.4683000147342682,2.9798998832702637,218.05479431152344,17.55579948425293,94.42179870605469,1888.4366455078125,10.574999809265137,95.21720123291016,95.21720123291016,190.4344024658203,96.01249694824219,95.85169982910156,479.2583923339844,95.92240142822266,95.81770324707031,574.9061889648438,95.8322982788086,95.76909637451172,670.3839111328125,95.91729736328125,95.82050323486328,958.2047119140625,18.716400146484375,18.716400146484375,37.432899475097656,19.84939956665039,19.398799896240234,96.993896484375,19.730100631713867,19.402000427246094,116.41190338134766,19.61079978942871,19.420400619506836,135.9429931640625,19.570999145507812,19.374900817871094,193.7489013671875,219.25779724121094,219.25779724121094,438.5155944824219,220.46080017089844,220.34280395507812,1101.7137451171875,220.30209350585938,220.22360229492188,1321.34130859375,220.14340209960938,220.0269012451172,1540.1883544921875,219.7877960205078,219.95440673828125,2199.54443359375,0.5372999906539917,0.5372999906539917,1.0744999647140503,0.3310999870300293,0.42969998717308044,2.1482999324798584,0.5372999906539917,0.638700008392334,3.831899881362915,0.743399977684021,0.7846999764442444,5.492800235748291,0.5652999877929688,0.6955000162124634,6.954500198364258,1.6589000225067139,1.6589000225067139,3.317699909210205,0.337799996137619,0.890999972820282,4.454899787902832,0.337799996137619,0.7976999878883362,4.785999774932861,0.337799996137619,0.7319999933242798,5.123799800872803,0.337799996137619,0.6123999953269958,6.123799800872803,2.059499979019165,2.059499979019165,4.11899995803833,2.7118000984191895,2.1714999675750732,10.85770034790039,2.5264999866485596,2.1998000144958496,13.19890022277832,2.3413000106811523,1.8865000009536743,13.205599784851074,1.0534000396728516,1.4478000402450562,14.478099822998047,6.317500114440918,6.317500114440918,12.635100364685059,3.799499988555908,4.546999931335449,22.735200881958008,4.113699913024902,4.694900035858154,28.16939926147461,3.799499988555908,4.454500198364258,31.181400299072266,2.668299913406372,3.7323999404907227,37.32419967651367,-3.015199899673462,0.8507000207901001,-38.87120056152344,-13.36240005493164,-0.3100000023841858,-0.9921000003814697,-0.995199978351593,-1.0134999752044678,-0.9674999713897705,-40.071800231933594,-41.15140151977539,-41.03229904174805,-40.83620071411133,-40.76689910888672,-14.156900405883789,-14.789199829101562,-14.755200386047363,-14.706899642944336,-14.759599685668945,0.8162000179290771,0.8978000283241272,1.2422000169754028,3.0123000144958496,2.8645999431610107,3.1054000854492188,3.824899911880493,-14.156900405883789,-14.789199829101562,-14.755200386047363,-14.706899642944336,-14.759599685668945,-0.3100000023841858,-0.9921000003814697,-0.995199978351593,-1.0134999752044678,-0.9674999713897705,-40.071800231933594,-41.15140151977539,-41.03229904174805,-40.83620071411133,-40.76689910888672,62.285499572753906,147.1842041015625,173.0623016357422,209.45579528808594,297.78179931640625,3.790600061416626,0.12139999866485596,0.7103000283241272,0.7103000283241272
110,173.96609497070312,131.48370361328125,29.546600341796875,0.0,0.4729999899864197,0.337799996137619,0.337799996137619,0.3310999870300293,173.96609497070312,16.013999938964844,76.88990020751953,1537.79833984375,1.479599952697754,76.83899688720703,76.83899688720703,153.6781005859375,76.88990020751953,76.92259979248047,384.6130065917969,76.90399932861328,77.31330108642578,463.8800048828125,76.91809844970703,77.69400024414062,543.8579711914062,78.4635009765625,78.97309875488281,789.7313842773438,16.0137996673584,16.0137996673584,32.0276985168457,16.013700485229492,15.819499969482422,79.09750366210938,15.857000350952148,15.799599647521973,94.79779815673828,15.700400352478027,15.594900131225586,109.16419982910156,15.443900108337402,15.284600257873535,152.8459930419922,173.86720275878906,173.86720275878906,347.7344055175781,173.96609497070312,174.0684051513672,870.3416748046875,174.076904296875,174.74659729003906,1048.4793701171875,174.18760681152344,175.38340759277344,1227.6834716796875,176.8583984375,177.34339904785156,1773.4344482421875,0.40209999680519104,0.40209999680519104,0.804099977016449,0.4729999899864197,0.5052000284194946,2.526099920272827,0.5676000118255615,0.6499000191688538,3.899399995803833,0.6621999740600586,0.7074999809265137,4.952700138092041,0.5676000118255615,0.5627999901771545,5.628300189971924,0.40209999680519104,0.40209999680519104,0.804099977016449,0.4729999899864197,0.6546000242233276,3.273099899291992,0.4729999899864197,0.980400025844574,5.882199764251709,0.4729999899864197,1.4206000566482544,9.944100379943848,2.0376999378204346,2.1231000423431396,21.230600357055664,0.3310999870300293,0.3310999870300293,0.6621999740600586,5.34060001373291,4.156400203704834,20.78190040588379,4.518899917602539,4.079800128936768,24.47909927368164,3.6970999240875244,3.948199987411499,27.637100219726562,2.4114999771118164,3.0573999881744385,30.574399948120117,1.969599962234497,1.969599962234497,3.939300060272217,7.482500076293945,7.530200004577637,37.6510009765625,9.113499641418457,8.718199729919434,52.309200286865234,10.744600296020508,9.831199645996094,68.81839752197266,11.713800430297852,10.6427001953125,106.42669677734375,10.75730037689209,-2.3691999912261963,14.119999885559082,14.301799774169922,-2.3689000606536865,-2.1744000911712646,-2.154400110244751,-1.9495999813079834,-1.6390000581741333,14.214599609375,14.007399559020996,13.327799797058105,12.690099716186523,10.72819995880127,14.350899696350098,14.265199661254883,13.874099731445312,13.493300437927246,12.214099884033203,0.11259999871253967,0.22930000722408295,10.26509952545166,4.704999923706055,3.517400026321411,2.4047000408172607,1.597100019454956,14.350899696350098,14.265199661254883,13.874099731445312,13.493300437927246,12.214099884033203,-2.3689000606536865,-2.1744000911712646,-2.154400110244751,-1.9495999813079834,-1.6390000581741333,14.214599609375,14.007399559020996,13.327799797058105,12.690099716186523,10.72819995880127,43.903499603271484,131.4394073486328,154.30679321289062,178.6269989013672,262.04058837890625,4.686699867248535,-1.3695000410079956,0.015300000086426735,0.015300000086426735
111,173.6549072265625,138.39999389648438,37.927799224853516,0.4683000147342682,0.0066999997943639755,0.7493000030517578,0.7493000030517578,1.0,173.6549072265625,20.027099609375,79.21320343017578,1584.2645263671875,2.973599910736084,79.24939727783203,79.24939727783203,158.49879455566406,79.28559875488281,79.4364013671875,397.1820068359375,79.39659881591797,79.5873031616211,477.5237121582031,79.50759887695312,79.72650146484375,558.085205078125,79.79540252685547,79.86080169677734,798.6083984375,20.238100051879883,20.238100051879883,40.476200103759766,20.768699645996094,20.62070083618164,103.10359954833984,20.82469940185547,20.663999557495117,123.98419952392578,20.880599975585938,20.69499969482422,144.86489868164062,20.76759910583496,20.692399978637695,206.9239044189453,173.7823944091797,173.7823944091797,347.564697265625,173.9799041748047,174.38470458984375,871.9232788085938,174.30340576171875,174.79949951171875,1048.7969970703125,174.6269989013672,175.16259765625,1226.1385498046875,175.1894073486328,175.3321075439453,1753.321044921875,0.1688999980688095,0.1688999980688095,0.337799996137619,0.6621999740600586,0.6013000011444092,3.006700038909912,0.4966999888420105,0.5562999844551086,3.3378000259399414,0.3310999870300293,0.5241000056266785,3.6689000129699707,0.8310999870300293,1.0118999481201172,10.119400024414062,0.873199999332428,0.873199999332428,1.746399998664856,0.4729999899864197,0.5101000070571899,2.55049991607666,0.40209999680519104,0.4250999987125397,2.55049991607666,0.3310999870300293,0.4117000102996826,2.8815999031066895,0.570900022983551,0.5156000256538391,5.155900001525879,0.23409999907016754,0.23409999907016754,0.4683000147342682,0.4683000147342682,0.3612000048160553,1.8061000108718872,0.5651999711990356,0.4113999903202057,2.4683001041412354,0.4683000147342682,0.39989998936653137,2.7994000911712646,0.6621999740600586,0.8382999897003174,8.38290023803711,2.493799924850464,2.493799924850464,4.987599849700928,2.1533000469207764,2.148900032043457,10.744400024414062,2.0836000442504883,2.079699993133545,12.478099822998047,2.1533000469207764,2.1644999980926514,15.151300430297852,2.57069993019104,3.7943999767303467,37.94380187988281,4.58620023727417,-1.6205999851226807,5.52869987487793,1.8461999893188477,-1.8315999507904053,-2.2139999866485596,-2.257200002670288,-2.2880001068115234,-2.2850000858306885,5.40369987487793,4.806700229644775,4.3917999267578125,4.0279998779296875,3.8554000854492188,1.8108999729156494,1.626099944114685,1.4752000570297241,1.335800051689148,1.2000000476837158,0.3587000072002411,0.7088000178337097,5.065999984741211,5.410399913787842,5.479800224304199,5.395400047302246,3.763000011444092,1.8108999729156494,1.626099944114685,1.4752000570297241,1.335800051689148,1.2000000476837158,-1.8315999507904053,-2.2139999866485596,-2.257200002670288,-2.2880001068115234,-2.2850000858306885,5.40369987487793,4.806700229644775,4.3917999267578125,4.0279998779296875,3.8554000854492188,56.376399993896484,133.6656951904297,164.91879272460938,195.33970642089844,272.33538818359375,2.4433000087738037,1.4686000347137451,0.9666000008583069,0.9666000008583069
112,182.97340393066406,159.8491973876953,24.791500091552734,6.697199821472168,2.0546998977661133,6.434999942779541,2.833199977874756,5.451600074768066,182.97340393066406,13.806900024414062,80.16809844970703,1603.362548828125,23.47170066833496,79.47059631347656,79.47059631347656,158.94129943847656,78.92610168457031,79.17849731445312,395.89239501953125,79.25289916992188,79.4386978149414,476.6319885253906,79.57969665527344,79.72419738769531,558.069091796875,80.45390319824219,81.22769927978516,812.2774047851562,14.208800315856934,14.208800315856934,28.417499542236328,13.806900024414062,13.894700050354004,69.47360229492188,13.736599922180176,13.763400077819824,82.5802993774414,13.666299819946289,13.69320011138916,95.85209655761719,13.271699905395508,13.543000221252441,135.42999267578125,179.88690185546875,179.88690185546875,359.7738037109375,177.35470581054688,178.5137939453125,892.5692749023438,179.19479370117188,179.6851043701172,1078.1103515625,181.03500366210938,180.75259399414062,1265.2686767578125,184.2572021484375,185.25509643554688,1852.5513916015625,1.9189000129699707,1.9189000129699707,3.8376998901367188,1.6883000135421753,1.6568000316619873,8.284000396728516,1.5364999771118164,1.5391000509262085,9.234700202941895,1.3846999406814575,1.4905999898910522,10.434100151062012,1.2863999605178833,1.3240000009536743,13.240500450134277,4.8927998542785645,4.8927998542785645,9.785599708557129,3.34089994430542,3.3740999698638916,16.87030029296875,3.022200107574463,3.2623000144958496,19.57379913330078,3.34089994430542,3.4611001014709473,24.227699279785156,3.837399959564209,3.49429988861084,34.94279861450195,5.036900043487549,5.036900043487549,10.073800086975098,5.0482001304626465,5.088099956512451,25.44070053100586,4.829800128936768,4.635799884796143,27.815099716186523,4.611400127410889,4.5432000160217285,31.80270004272461,4.829800128936768,4.809199810028076,48.09170150756836,20.3617000579834,20.3617000579834,40.7234001159668,17.251699447631836,16.949199676513672,84.74600219726562,15.358699798583984,16.136899948120117,96.82170104980469,17.251699447631836,16.518400192260742,115.62909698486328,17.277700424194336,17.05929946899414,170.5930938720703,-12.097999572753906,0.5181999802589417,-26.505300521850586,-9.918299674987793,0.11640000343322754,0.4307999908924103,0.5622000098228455,0.6326000094413757,0.78329998254776,-23.418399810791016,-22.04640007019043,-23.218399047851562,-24.28689956665039,-28.7898006439209,-9.220399856567383,-8.928199768066406,-9.18850040435791,-9.474200248718262,-10.977399826049805,0.8921999931335449,0.9207000136375427,-8.988100051879883,-5.571300029754639,-4.757800102233887,-5.138500213623047,-5.677999973297119,-9.220399856567383,-8.928199768066406,-9.18850040435791,-9.474200248718262,-10.977399826049805,0.11640000343322754,0.4307999908924103,0.5622000098228455,0.6326000094413757,0.78329998254776,-23.418399810791016,-22.04640007019043,-23.218399047851562,-24.28689956665039,-28.7898006439209,35.34980010986328,121.72010040283203,162.01519775390625,200.0751953125,286.7189025878906,3.9193999767303467,-0.1712000072002411,0.4878999888896942,0.4878999888896942
113,187.51150512695312,155.7563934326172,27.6289005279541,1.7855000495910645,0.3310999870300293,0.4729999899864197,0.7493000030517578,0.7493000030517578,187.51150512695312,16.103300094604492,82.0333023071289,1640.665771484375,4.0883002281188965,82.22000122070312,82.22000122070312,164.44000244140625,83.15650177001953,82.99800109863281,414.9902038574219,83.31690216064453,83.1498031616211,498.89898681640625,83.47730255126953,83.30709838867188,583.1497802734375,83.91259765625,83.67549896240234,836.7546997070312,16.02630043029785,16.02630043029785,32.0526008605957,15.36769962310791,15.411100387573242,77.05570220947266,15.174200057983398,15.337800025939941,92.0270004272461,15.36769962310791,15.34589958190918,107.4209976196289,15.459099769592285,15.460200309753418,154.60189819335938,188.1042022705078,188.1042022705078,376.2084045410156,190.54159545898438,189.75770568847656,948.78857421875,190.71180725097656,189.9488983154297,1139.693359375,190.88189697265625,190.1793975830078,1331.2557373046875,190.89329528808594,190.50579833984375,1905.058349609375,0.692300021648407,0.692300021648407,1.3845000267028809,1.0534000396728516,0.9635999798774719,4.81820011138916,1.0299999713897705,0.9144999980926514,5.487100124359131,1.006700038909912,0.8302000164985657,5.811500072479248,0.5709999799728394,0.7084000110626221,7.084000110626221,1.0770000219345093,1.0770000219345093,2.154099941253662,1.1993999481201172,1.0068000555038452,5.03410005569458,0.974399983882904,0.9505000114440918,5.703000068664551,1.1993999481201172,1.0048999786376953,7.03410005569458,1.205899953842163,1.0886000394821167,10.886199951171875,2.728300094604492,2.728300094604492,5.456600189208984,3.671099901199341,2.9577999114990234,14.78909969329834,2.728300094604492,2.4647998809814453,14.78909969329834,1.7855000495910645,2.1126999855041504,14.78909969329834,2.323499917984009,2.2297000885009766,22.297000885009766,6.183700084686279,6.183700084686279,12.367400169372559,8.27910041809082,6.923900127410889,34.619300842285156,6.260900020599365,6.127999782562256,36.767799377441406,4.242700099945068,5.7322998046875,40.1260986328125,5.630300045013428,5.820499897003174,58.2052001953125,6.812900066375732,1.0371999740600586,-18.60759925842285,-5.410900115966797,1.114400029182434,1.7301000356674194,1.8035999536514282,1.795799970626831,1.6821000576019287,-19.190200805664062,-20.81329917907715,-20.994699478149414,-21.215700149536133,-21.51580047607422,-5.593400001525879,-6.358799934387207,-6.5065999031066895,-6.659900188446045,-7.017499923706055,0.5940999984741211,0.5583999752998352,4.717199802398682,3.9765000343322754,4.772299766540527,5.167799949645996,5.079500198364258,-5.593400001525879,-6.358799934387207,-6.5065999031066895,-6.659900188446045,-7.017499923706055,1.114400029182434,1.7301000356674194,1.8035999536514282,1.795799970626831,1.6821000576019287,-19.190200805664062,-20.81329917907715,-20.994699478149414,-21.215700149536133,-21.51580047607422,69.18229675292969,151.04359436035156,193.9248046875,216.7303009033203,301.3544006347656,4.122399806976318,-0.08330000191926956,0.5131000280380249,0.5131000280380249
114,199.17019653320312,169.7344970703125,27.621700286865234,3.0048999786376953,1.0470000505447388,1.3782000541687012,0.48240000009536743,0.4683000147342682,199.17019653320312,16.972299575805664,86.88040161132812,1737.6087646484375,6.380899906158447,86.5770034790039,86.5770034790039,173.1540069580078,86.30470275878906,86.4281997680664,432.1412048339844,86.38590240478516,86.48090362548828,518.8851928710938,86.46700286865234,86.54779815673828,605.8345947265625,86.38590240478516,86.32350158691406,863.2354125976562,17.127899169921875,17.127899169921875,34.25579833984375,16.972299575805664,16.847200393676758,84.23609924316406,16.855199813842773,16.6737003326416,100.04219818115234,16.738100051879883,16.547800064086914,115.83460235595703,16.03569984436035,16.066200256347656,160.66200256347656,198.32969665527344,198.32969665527344,396.65948486328125,197.48660278320312,197.6645050048828,988.3223876953125,197.48789978027344,197.8668975830078,1187.2012939453125,197.4893035888672,198.13999938964844,1386.9801025390625,197.65289306640625,198.12269592285156,1981.2271728515625,0.6923999786376953,0.6923999786376953,1.3847999572753906,1.0470000505447388,1.736299991607666,8.681300163269043,1.354599952697754,2.4897000789642334,14.938400268554688,1.6621999740600586,2.841200113296509,19.888099670410156,1.2060999870300293,2.2253000736236572,22.25320053100586,0.4729999899864197,0.4729999899864197,0.945900022983551,0.47769999504089355,0.8230999708175659,4.115499973297119,0.7354999780654907,1.2089999914169312,7.254000186920166,0.9933000206947327,1.6557999849319458,11.590800285339355,2.2288999557495117,2.1958000659942627,21.957500457763672,1.8770999908447266,1.8770999908447266,3.754300117492676,1.3244999647140503,1.3882999420166016,6.941400051116943,1.3594000339508057,1.7008999586105347,10.205100059509277,1.3944000005722046,1.9479999542236328,13.636199951171875,3.1342999935150146,2.6242001056671143,26.24209976196289,5.09089994430542,5.09089994430542,10.181699752807617,6.380899906158447,6.597099781036377,32.98540115356445,7.03439998626709,8.925999641418457,53.55590057373047,7.688000202178955,10.697699546813965,74.88369750976562,12.202300071716309,12.037699699401855,120.37689971923828,4.9928998947143555,-2.6473000049591064,-42.70209884643555,-16.630599975585938,-2.802799940109253,-2.521699905395508,-2.348099946975708,-2.2219998836517334,-1.73989999294281,-41.86119842529297,-41.196998596191406,-41.40019989013672,-41.67430114746094,-41.65739822387695,-16.326799392700195,-16.177900314331055,-16.23069953918457,-16.297800064086914,-16.073200225830078,0.6837999820709229,0.27149999141693115,6.282700061798096,4.780799865722656,2.4530999660491943,0.6822999715805054,-0.6564000248908997,-16.326799392700195,-16.177900314331055,-16.23069953918457,-16.297800064086914,-16.073200225830078,-2.802799940109253,-2.521699905395508,-2.348099946975708,-2.2219998836517334,-1.73989999294281,-41.86119842529297,-41.196998596191406,-41.40019989013672,-41.67430114746094,-41.65739822387695,67.51619720458984,156.4488067626953,159.91879272460938,183.8260040283203,274.2160949707031,4.433800220489502,-0.6855999827384949,0.14730000495910645,0.14730000495910645
115,147.71380615234375,113.61019897460938,33.449798583984375,1.3797999620437622,0.0,1.993299961090088,1.674299955368042,0.9933000206947327,147.71380615234375,16.554399490356445,68.05989837646484,1361.198486328125,6.040599822998047,67.94830322265625,67.94830322265625,135.8966064453125,67.34739685058594,67.34239959716797,336.7120056152344,67.1332015991211,67.15869903564453,402.95220947265625,66.91899871826172,67.1010971069336,469.7074890136719,67.17980194091797,67.88259887695312,678.8262939453125,16.485300064086914,16.485300064086914,32.97050094604492,15.67240047454834,15.870499610900879,79.35230255126953,15.517999649047852,15.732000350952148,94.39230346679688,15.363699913024902,15.634900093078613,109.4446029663086,15.517999649047852,15.758999824523926,157.5897979736328,147.7082061767578,147.7082061767578,295.41650390625,147.15179443359375,146.79220581054688,733.961181640625,146.67909240722656,146.4716033935547,878.8294067382812,146.206298828125,146.35000610351562,1024.4498291015625,146.67909240722656,147.6842041015625,1476.841796875,0.0,0.0,0.0,0.3310999870300293,0.20000000298023224,1.0,0.3310999870300293,0.24629999697208405,1.4776999950408936,0.3310999870300293,0.5455999970436096,3.819000005722046,0.4077000021934509,1.7568000555038452,17.56800079345703,1.0264999866485596,1.0264999866485596,2.053100109100342,1.0597000122070312,1.093400001525879,5.466899871826172,1.2157000303268433,1.3858000040054321,8.31470012664795,1.3717000484466553,1.955199956893921,13.686699867248535,2.1105000972747803,4.639599800109863,46.39619827270508,1.6581000089645386,1.6581000089645386,3.316200017929077,1.414199948310852,1.3746000528335571,6.872900009155273,1.5441999435424805,1.4673000574111938,8.803500175476074,1.6742000579833984,2.1012001037597656,14.708399772644043,1.933500051498413,5.4293999671936035,54.29439926147461,6.675000190734863,6.675000190734863,13.350099563598633,6.040599822998047,5.781400203704834,28.90719985961914,6.618599891662598,6.586100101470947,39.51639938354492,7.196499824523926,9.223600387573242,64.56549835205078,8.95930004119873,21.630699157714844,216.30709838867188,1.5191999673843384,1.8521000146865845,31.469900131225586,12.999500274658203,1.9212000370025635,2.5362000465393066,2.674799919128418,2.7720000743865967,2.648400068283081,31.477800369262695,32.39910125732422,32.71969985961914,32.8406982421875,31.503400802612305,13.112000465393066,13.720100402832031,13.903800010681152,13.961199760437012,13.178199768066406,0.6539999842643738,0.7031000256538391,0.8847000002861023,1.777899980545044,0.9733999967575073,-1.6638000011444092,-14.073399543762207,13.112000465393066,13.720100402832031,13.903800010681152,13.961199760437012,13.178199768066406,1.9212000370025635,2.5362000465393066,2.674799919128418,2.7720000743865967,2.648400068283081,31.477800369262695,32.39910125732422,32.71969985961914,32.8406982421875,31.503400802612305,56.60319900512695,159.78660583496094,199.82449340820312,229.1652069091797,310.6658935546875,3.912400007247925,-0.00039999998989515007,0.6085000038146973,0.6085000038146973
116,192.3520050048828,163.14610290527344,28.124399185180664,5.475299835205078,1.9581999778747559,4.007599830627441,4.035799980163574,4.330900192260742,192.3520050048828,16.05579948425293,84.31220245361328,1686.2440185546875,19.80769920349121,84.60649871826172,84.60649871826172,169.21299743652344,85.90160369873047,86.88400268554688,434.4197998046875,87.0770034790039,87.94869995117188,527.6923828125,88.2522964477539,88.86199951171875,622.0339965820312,92.16280364990234,90.5521011352539,905.5211791992188,16.208799362182617,16.208799362182617,32.41749954223633,16.721399307250977,16.84510040283203,84.22550201416016,17.128400802612305,17.027999877929688,102.16809844970703,17.535400390625,17.102500915527344,119.71759796142578,17.499799728393555,17.24329948425293,172.43280029296875,192.84300231933594,192.84300231933594,385.6860046386719,195.39840698242188,197.989501953125,989.9473876953125,198.19419860839844,200.4210968017578,1202.5267333984375,200.98989868164062,202.53379821777344,1417.73681640625,210.2261962890625,206.464599609375,2064.6455078125,2.0443999767303467,2.0443999767303467,4.088799953460693,1.0618000030517578,1.3112000226974487,6.55620002746582,1.030900001525879,1.2594000101089478,7.55620002746582,1.0,1.1861000061035156,8.302599906921387,0.746399998664856,0.9853000044822693,9.852999687194824,4.356200218200684,4.356200218200684,8.712400436401367,5.366300106048584,5.529399871826172,27.646799087524414,4.873899936676025,5.07919979095459,30.475299835205078,4.381499767303467,4.555600166320801,31.88949966430664,3.579699993133545,3.329900026321411,33.29869842529297,5.742599964141846,5.742599964141846,11.485199928283691,6.009900093078613,6.863699913024902,34.31829833984375,5.88640022277832,6.297599792480469,37.785400390625,5.763000011444092,5.599999904632568,39.19960021972656,4.471199989318848,4.10230016708374,41.02349853515625,20.552499771118164,20.552499771118164,41.10499954223633,22.645299911499023,24.60740089416504,123.03710174560547,21.97130012512207,22.588499069213867,135.5308074951172,21.297300338745117,20.36079978942871,142.52569580078125,16.150699615478516,15.000499725341797,150.0045928955078,-6.966599941253662,1.510699987411499,3.5508999824523926,4.013000011444092,1.357800006866455,0.7218000292778015,0.5389999747276306,0.46470001339912415,0.32440000772476196,3.0617001056671143,-2.0801000595092773,-4.510499954223633,-6.622000217437744,-10.551400184631348,3.7195000648498535,1.444200038909912,0.3799999952316284,-0.5327000021934509,-2.222100019454956,0.8202999830245972,0.8564000129699707,-7.711599826812744,-11.760299682617188,-9.73840045928955,-7.507999897003174,-2.140399932861328,3.7195000648498535,1.444200038909912,0.3799999952316284,-0.5327000021934509,-2.222100019454956,1.357800006866455,0.7218000292778015,0.5389999747276306,0.46470001339912415,0.32440000772476196,3.0617001056671143,-2.0801000595092773,-4.510499954223633,-6.622000217437744,-10.551400184631348,54.552101135253906,140.53250122070312,169.7834930419922,198.1324005126953,285.047607421875,4.410600185394287,-0.31049999594688416,0.4032000005245209,0.4032000005245209
117,202.07969665527344,145.86639404296875,35.03070068359375,0.32440000772476196,0.0,0.4729999899864197,0.337799996137619,0.0,202.07969665527344,19.01180076599121,89.3219985961914,1786.439453125,1.135200023651123,89.26380157470703,89.26380157470703,178.52769470214844,89.21089935302734,89.24320220947266,446.2160949707031,89.20829772949219,89.20649719238281,535.2391967773438,89.20570373535156,89.16190338134766,624.1334838867188,89.10600280761719,89.06759643554688,890.6760864257812,19.007299423217773,19.007299423217773,38.01470184326172,19.0,19.002899169921875,95.01470184326172,19.0,19.002399444580078,114.01460266113281,19.0,19.002099990844727,133.0146026611328,19.0,19.00149917602539,190.0146026611328,201.968505859375,201.968505859375,403.93701171875,201.87229919433594,201.90890502929688,1009.5443725585938,201.86480712890625,201.78550720214844,1210.7130126953125,201.85719299316406,201.66510009765625,1411.65576171875,201.4049072265625,201.3979034423828,2013.979248046875,0.1656000018119812,0.1656000018119812,0.3310999870300293,0.337799996137619,0.29499998688697815,1.4749000072479248,0.3343999981880188,0.3009999990463257,1.805999994277954,0.3310999870300293,0.257999986410141,1.805999994277954,0.1656000018119812,0.18060000240802765,1.805999994277954,0.0,0.0,0.0,0.0,0.0,0.0,0.0,0.0,0.0,0.0,0.04729999974370003,0.3310999870300293,0.0,0.1607999950647354,1.608199954032898,0.1656000018119812,0.1656000018119812,0.3310999870300293,0.3310999870300293,0.2935999929904938,1.4681999683380127,0.3278000056743622,0.24469999969005585,1.4681999683380127,0.3310999870300293,0.257099986076355,1.799399971961975,0.3310999870300293,0.26100000739097595,2.6101999282836914,1.1385999917984009,1.1385999917984009,2.277100086212158,1.135200023651123,0.979200005531311,4.895899772644043,0.9706000089645386,0.9275000095367432,5.564799785614014,1.135200023651123,0.9842000007629395,6.889200210571289,1.135200023651123,1.0254000425338745,10.254300117492676,7.373899936676025,-0.9990000128746033,-23.263099670410156,-8.547100067138672,-0.9943000078201294,-0.9891999959945679,-0.9883999824523926,-0.9876999855041504,-0.9861000180244446,-23.15089988708496,-23.088600158691406,-22.964799880981445,-22.844200134277344,-22.57699966430664,-8.48840045928955,-8.467499732971191,-8.431099891662598,-8.386799812316895,-8.293700218200684,0.16189999878406525,0.12349999696016312,7.369100093841553,7.525100231170654,7.576300144195557,7.519199848175049,7.47629976272583,-8.48840045928955,-8.467499732971191,-8.431099891662598,-8.386799812316895,-8.293700218200684,-0.9943000078201294,-0.9891999959945679,-0.9883999824523926,-0.9876999855041504,-0.9861000180244446,-23.15089988708496,-23.088600158691406,-22.964799880981445,-22.844200134277344,-22.57699966430664,71.61969757080078,157.5634002685547,186.2113037109375,214.8592071533203,243.50709533691406,4.402400016784668,-0.3278999924659729,0.32089999318122864,0.32089999318122864
118,123.8104019165039,90.20140075683594,24.140100479125977,0.337799996137619,0.0,0.337799996137619,0.47769999504089355,0.337799996137619,123.8104019165039,13.918299674987793,56.87540054321289,1137.507080078125,1.4910000562667847,56.964500427246094,56.964500427246094,113.92900085449219,57.09090042114258,57.091800689697266,285.4591979980469,57.12289810180664,57.1682014465332,343.0091857910156,57.15489959716797,57.2317008972168,400.62200927734375,57.417198181152344,57.52069854736328,575.2073974609375,14.0802001953125,14.0802001953125,28.160400390625,14.472800254821777,14.350700378417969,71.75360107421875,14.43179988861084,14.357399940490723,86.14450073242188,14.390800476074219,14.305500030517578,100.13870239257812,14.43179988861084,14.370699882507324,143.70669555664062,123.94059753417969,123.94059753417969,247.881103515625,123.94609832763672,123.98930358886719,619.9467163085938,124.0083999633789,124.13960266113281,744.8378295898438,124.0707015991211,124.27680206298828,869.9378051757812,124.5521011352539,124.8853988647461,1248.8533935546875,0.3310999870300293,0.3310999870300293,0.6621999740600586,0.6621999740600586,0.4000000059604645,2.0,0.3310999870300293,0.33329999446868896,2.0,0.6621999740600586,0.39149999618530273,2.7404000759124756,0.6621999740600586,0.4235999882221222,4.236100196838379,0.3343999981880188,0.3343999981880188,0.6689000129699707,0.3310999870300293,0.26759999990463257,1.3378000259399414,0.3343999981880188,0.3009999990463257,1.805999994277954,0.3310999870300293,0.2590000033378601,1.8127000331878662,0.3310999870300293,0.2151000052690506,2.1505000591278076,0.3343999981880188,0.3343999981880188,0.6689000129699707,0.4683000147342682,0.5266000032424927,2.6328001022338867,0.40299999713897705,0.49399998784065247,2.9639999866485596,0.337799996137619,0.42340001463890076,2.9639999866485596,0.40299999713897705,0.4487999975681305,4.48769998550415,1.8073999881744385,1.8073999881744385,3.614799976348877,1.4910000562667847,1.7171000242233276,8.585399627685547,1.4830000400543213,1.5641000270843506,9.38479995727539,1.475000023841858,1.4946999549865723,10.463000297546387,1.4830000400543213,1.6151000261306763,16.15130043029785,10.742199897766113,1.3974000215530396,24.98419952392578,10.752599716186523,1.2355999946594238,0.9656999707221985,0.9592000246047974,1.011199951171875,0.9466999769210815,24.85610008239746,24.81060028076172,24.65999984741211,24.5221004486084,23.91080093383789,10.664299964904785,10.538599967956543,10.462200164794922,10.398599624633789,10.108699798583984,0.20399999618530273,0.30880001187324524,10.425600051879883,10.514200210571289,10.667200088500977,10.736800193786621,10.617400169372559,10.664299964904785,10.538599967956543,10.462200164794922,10.398599624633789,10.108699798583984,1.2355999946594238,0.9656999707221985,0.9592000246047974,1.011199951171875,0.9466999769210815,24.85610008239746,24.81060028076172,24.65999984741211,24.5221004486084,23.91080093383789,42.97140121459961,121.75350189208984,121.75350189208984,121.75350189208984,194.27670288085938,3.960900068283081,0.1607999950647354,0.7290999889373779,0.7290999889373779
119,152.54100036621094,122.69619750976562,31.20829963684082,2.124300003051758,0.0,0.6621999740600586,0.4729999899864197,0.3310999870300293,152.54100036621094,18.370100021362305,69.875,1397.4990234375,3.59060001373291,69.66739654541016,69.66739654541016,139.33470153808594,69.3904037475586,69.15480041503906,345.77398681640625,69.0802001953125,68.88960266113281,413.33770751953125,68.7699966430664,68.70010375976562,480.9007873535156,67.92130279541016,68.20130157470703,682.0128784179688,18.337900161743164,18.337900161743164,36.67570114135742,18.11079978942871,18.17289924621582,90.86430358886719,18.153799057006836,18.17690086364746,109.06109619140625,18.196800231933594,18.24180030822754,127.69239807128906,18.337900161743164,18.360300064086914,183.6027069091797,151.83709716796875,151.83709716796875,303.6741943359375,150.35479736328125,149.37510681152344,746.8756103515625,149.0305938720703,148.24510192871094,889.4705200195312,147.70640563964844,147.3936004638672,1031.7554931640625,143.86749267578125,145.43280029296875,1454.3282470703125,0.0,0.0,0.0,0.6621999740600586,0.4000000059604645,2.0,0.3310999870300293,0.33329999446868896,2.0,0.3310999870300293,0.3330000042915344,2.3310999870300293,0.337799996137619,0.3474999964237213,3.474900007247925,0.6621999740600586,0.6621999740600586,1.3243999481201172,0.9933000206947327,1.1117000579833984,5.558599948883057,0.9672999978065491,0.9815999865531921,5.889699935913086,0.9412000179290771,0.8414000272750854,5.889699935913086,0.9672999978065491,0.8654000163078308,8.654000282287598,2.9300999641418457,2.9300999641418457,5.860199928283691,3.7360000610351562,3.77239990234375,18.861799240112305,3.2774999141693115,3.2216999530792236,19.33009910583496,2.819000005722046,2.8087000846862793,19.66119956970215,2.240600109100342,2.5339999198913574,25.33989906311035,5.959700107574463,5.959700107574463,11.919500350952148,8.328800201416016,9.098400115966797,45.491798400878906,7.948200225830078,7.927599906921387,47.565399169921875,7.567599773406982,7.091300010681152,49.639198303222656,7.428299903869629,6.907599925994873,69.07599639892578,3.9691998958587646,0.036400001496076584,26.6427001953125,11.184399604797363,0.06859999895095825,0.2337999939918518,0.23000000417232513,0.16519999504089355,0.0471000000834465,27.348899841308594,29.816200256347656,30.946199417114258,31.797000885009766,33.75469970703125,11.392999649047852,11.907699584960938,12.172900199890137,12.362099647521973,12.859600067138672,0.7451000213623047,0.3465000092983246,1.600000023841858,-1.5390000343322754,-0.36809998750686646,0.46860000491142273,0.6496999859809875,11.392999649047852,11.907699584960938,12.172900199890137,12.362099647521973,12.859600067138672,0.06859999895095825,0.2337999939918518,0.23000000417232513,0.16519999504089355,0.0471000000834465,27.348899841308594,29.816200256347656,30.946199417114258,31.797000885009766,33.75469970703125,77.4656982421875,165.0175018310547,193.88400268554688,222.44509887695312,286.072509765625,4.5106000900268555,-0.5985999703407288,0.05730000138282776,0.05730000138282776
