,Mouse_nose_to_tail,Mouse_head_to_tail,Mouse_Ear_distance,Movement_mouse_nose,Movement_mouse_tail_base,Movement_mouse_left_ear,Movement_mouse_right_ear,Movement_mouse_head_base,M1_largest_euclidean_distance_hull,M1_smallest_euclidean_distance_hull,M1_mean_euclidean_distance_hull,M1_sum_euclidean_distance_hull,Total_movement_all_bodyparts_M1,Mouse1_mean_euclid_distances_median_2,Mouse1_mean_euclid_distances_mean_2,Mouse1_mean_euclid_distances_sum_2,Mouse1_mean_euclid_distances_median_5,Mouse1_mean_euclid_distances_mean_5,Mouse1_mean_euclid_distances_sum_5,Mouse1_mean_euclid_distances_median_6,Mouse1_mean_euclid_distances_mean_6,Mouse1_mean_euclid_distances_sum_6,Mouse1_mean_euclid_distances_median_7.5,Mouse1_mean_euclid_distances_mean_7.5,Mouse1_mean_euclid_distances_sum_7.5,Mouse1_mean_euclid_distances_median_10,Mouse1_mean_euclid_distances_mean_10,Mouse1_mean_euclid_distances_sum_10,Mouse1_smallest_euclid_distances_median_2,Mouse1_smallest_euclid_distances_mean_2,Mouse1_smallest_euclid_distances_sum_2,Mouse1_smallest_euclid_distances_median_5,Mouse1_smallest_euclid_distances_mean_5,Mouse1_smallest_euclid_distances_sum_5,Mouse1_smallest_euclid_distances_median_6,Mouse1_smallest_euclid_distances_mean_6,Mouse1_smallest_euclid_distances_sum_6,Mouse1_smallest_euclid_distances_median_7.5,Mouse1_smallest_euclid_distances_mean_7.5,Mouse1_smallest_euclid_distances_sum_7.5,Mouse1_smallest_euclid_distances_median_10,Mouse1_smallest_euclid_distances_mean_10,Mouse1_smallest_euclid_distances_sum_10,Mouse1_largest_euclid_distances_median_2,Mouse1_largest_euclid_distances_mean_2,Mouse1_largest_euclid_distances_sum_2,Mouse1_largest_euclid_distances_median_5,Mouse1_largest_euclid_distances_mean_5,Mouse1_largest_euclid_distances_sum_5,Mouse1_largest_euclid_distances_median_6,Mouse1_largest_euclid_distances_mean_6,Mouse1_largest_euclid_distances_sum_6,Mouse1_largest_euclid_distances_median_7.5,Mouse1_largest_euclid_distances_mean_7.5,Mouse1_largest_euclid_distances_sum_7.5,Mouse1_largest_euclid_distances_median_10,Mouse1_largest_euclid_distances_mean_10,Mouse1_largest_euclid_distances_sum_10,Tail_base_movement_M1_median_2,Tail_base_movement_M1_mean_2,Tail_base_movement_M1_sum_2,Tail_base_movement_M1_median_5,Tail_base_movement_M1_mean_5,Tail_base_movement_M1_sum_5,Tail_base_movement_M1_median_6,Tail_base_movement_M1_mean_6,Tail_base_movement_M1_sum_6,Tail_base_movement_M1_median_7.5,Tail_base_movement_M1_mean_7.5,Tail_base_movement_M1_sum_7.5,Tail_base_movement_M1_median_10,Tail_base_movement_M1_mean_10,Tail_base_movement_M1_sum_10,Head_base_movement_M1_median_2,Head_base_movement_M1_mean_2,Head_base_movement_M1_sum_2,Head_base_movement_M1_median_5,Head_base_movement_M1_mean_5,Head_base_movement_M1_sum_5,Head_base_movement_M1_median_6,Head_base_movement_M1_mean_6,Head_base_movement_M1_sum_6,Head_base_movement_M1_median_7.5,Head_base_movement_M1_mean_7.5,Head_base_movement_M1_sum_7.5,Head_base_movement_M1_median_10,Head_base_movement_M1_mean_10,Head_base_movement_M1_sum_10,Nose_movement_M1_median_2,Nose_movement_M1_mean_2,Nose_movement_M1_sum_2,Nose_movement_M1_median_5,Nose_movement_M1_mean_5,Nose_movement_M1_sum_5,Nose_movement_M1_median_6,Nose_movement_M1_mean_6,Nose_movement_M1_sum_6,Nose_movement_M1_median_7.5,Nose_movement_M1_mean_7.5,Nose_movement_M1_sum_7.5,Nose_movement_M1_median_10,Nose_movement_M1_mean_10,Nose_movement_M1_sum_10,Total_movement_M1_median_2,Total_movement_M1_mean_2,Total_movement_M1_sum_2,Total_movement_M1_median_5,Total_movement_M1_mean_5,Total_movement_M1_sum_5,Total_movement_M1_median_6,Total_movement_M1_mean_6,Total_movement_M1_sum_6,Total_movement_M1_median_7.5,Total_movement_M1_mean_7.5,Total_movement_M1_sum_7.5,Total_movement_M1_median_10,Total_movement_M1_mean_10,Total_movement_M1_sum_10,Total_movement_all_bodyparts_deviation,M1_smallest_euclid_distances_hull_deviation,M1_largest_euclid_distances_hull_deviation,M1_mean_euclid_distances_hull_deviation,Mouse1_smallest_euclid_distances_mean_2_deviation,Mouse1_smallest_euclid_distances_mean_5_deviation,Mouse1_smallest_euclid_distances_mean_6_deviation,Mouse1_smallest_euclid_distances_mean_7.5_deviation,Mouse1_smallest_euclid_distances_mean_10_deviation,Mouse1_largest_euclid_distances_mean_2_deviation,Mouse1_largest_euclid_distances_mean_5_deviation,Mouse1_largest_euclid_distances_mean_6_deviation,Mouse1_largest_euclid_distances_mean_7.5_deviation,Mouse1_largest_euclid_distances_mean_10_deviation,Mouse1_mean_euclid_distances_mean_2_deviation,Mouse1_mean_euclid_distances_mean_5_deviation,Mouse1_mean_euclid_distances_mean_6_deviation,Mouse1_mean_euclid_distances_mean_7.5_deviation,Mouse1_mean_euclid_distances_mean_10_deviation,Movement_mouse_nose_percentile_rank,Movement_mouse_head_base_percentile_rank,Total_movement_M1_mean_2_percentile_rank,Total_movement_M1_mean_5_percentile_rank,Total_movement_M1_mean_6_percentile_rank,Total_movement_M1_mean_7.5_percentile_rank,Total_movement_M1_mean_10_percentile_rank,Mouse1_mean_euclid_distances_mean_2_percentile_rank,Mouse1_mean_euclid_distances_mean_5_percentile_rank,Mouse1_mean_euclid_distances_mean_6_percentile_rank,Mouse1_mean_euclid_distances_mean_7.5_percentile_rank,Mouse1_mean_euclid_distances_mean_10_percentile_rank,Mouse1_smallest_euclid_distances_mean_2_percentile_rank,Mouse1_smallest_euclid_distances_mean_5_percentile_rank,Mouse1_smallest_euclid_distances_mean_6_percentile_rank,Mouse1_smallest_euclid_distances_mean_7.5_percentile_rank,Mouse1_smallest_euclid_distances_mean_10_percentile_rank,Mouse1_largest_euclid_distances_mean_2_percentile_rank,Mouse1_largest_euclid_distances_mean_5_percentile_rank,Mouse1_largest_euclid_distances_mean_6_percentile_rank,Mouse1_largest_euclid_distances_mean_7.5_percentile_rank,Mouse1_largest_euclid_distances_mean_10_percentile_rank,Tortuosity_Mouse1_2,Tortuosity_Mouse1_5,Tortuosity_Mouse1_6,Tortuosity_Mouse1_7.5,Tortuosity_Mouse1_10,Sum_probabilities,Sum_probabilities_deviation,Sum_probabilities_deviation_percentile_rank,Sum_probabilities_percentile_rank,Expected_value,Sum,Prediction_probability,Appetitive
0,0.0049017273091195995,0.004868251556450164,0.003528489108110902,0.001265510657315456,0.00015867945564503218,0.0011556344707894044,0.0018254113486700337,0.001167931111189022,0.0029953766539104337,0.0011804507103059514,0.005709634707049677,0.0070109584986169735,0.002445575934793313,0.005851244780530155,0.0057427808446014915,0.005387513475087768,0.005646077957338742,0.005101263985653242,0.004560180340836194,0.0049750951485042156,0.004014419064508361,0.005513743202180006,0.004482695806018036,0.005190825891059895,0.005494445415794998,0.006222503376771539,0.006020618502651253,0.005345671746102836,0.00131598419025862,0.001113267331396405,0.0008130311848727562,0.0013251035039652133,0.0012798090130924857,0.001372067948089461,0.0010010538043101647,0.0008076053203134091,0.0015433181686956062,0.0016225617764103562,0.0020457125149966906,0.0020577420499230874,0.0023402712199227307,0.0023599351001568967,0.0021145343963272297,0.0036123620241453967,0.0038005242570591114,0.0024318041106387326,0.0027870550560190536,0.002624155175745253,0.0033229283566570994,0.0027535481376358534,0.0025453822460695815,0.0032760460658172157,0.0035833927987907292,0.0030546643774594776,0.003536084930824094,0.004668048345747145,0.003896788465532672,0.004221143176800567,0.00018570639636941182,0.0002503584185321348,0.0002667359271782965,0.0002585919239071492,0.0005899637822083064,0.0007576898285121707,0.00030320251790707565,0.0006800545209255745,0.0009339198409387877,0.00017063052265679684,0.0014981956643468236,0.0010676515003144528,0.0007501219896490493,0.003036627165408881,0.0027439956934674843,0.0016715902892081055,0.0017901297633291814,0.0017261431869935301,0.000606135394834158,0.004805834477289449,0.004644063485671678,0.002612510230206954,0.00734988947865668,0.006128411520595785,0.0026710164909208777,0.009182014211056707,0.009104148966073049,0.008510108556403932,0.021666167327967143,0.020903491124772775,0.0018461973659009354,0.0019160519721248372,0.002247381580130035,0.0008031768300791561,0.002809178233599279,0.0028068590664681163,0.001651229677143505,0.0025396736371056266,0.0030824406675535464,0.001682844119350923,0.0037372498191518043,0.003420796012596143,0.0037808394606327735,0.004572067338438785,0.003228439009651286,0.0030847884333508337,0.0032773665964417028,0.0030815929026581563,0.004946620824826812,0.00557013277381683,0.005492728257655469,0.004325645357483955,0.0067043564483635085,0.00622688989173945,0.007883138460533939,0.009576011292478086,0.009152851824548367,0.01036516002011518,0.012908021493021189,0.011667271560787762,0.010487620298867762,0.0010925489944506592,0.0034733710605311784,0.005693028505944941,0.0011732056257828612,0.0011983541549011737,0.0014642574594860944,0.001565995591804261,0.002415493514087166,0.0036355712656825187,0.0031427338120090416,0.003943200149495153,0.004263160044310067,0.005580942922591996,0.004745769625484592,0.004844774436825149,0.004456434777128539,0.005456648306646596,0.005734575820951433,0.0019595211159198793,0.0025277951152993965,0.008437778620946128,0.011859482255174459,0.012607367051072644,0.018707047229628748,0.03357336166093301,0.004907191126641514,0.005112727724937138,0.0044971545189715165,0.005733521559571121,0.006942595624171733,0.0014798793508220642,0.0009645137151376382,0.001466382711298262,0.001861530664009953,0.0020115421904458716,0.003441329986005868,0.00393518703724117,0.004238087788398749,0.004486539816691568,0.004646727911689321,0.00129890340025735,0.0016473012542834624,0.0006909413249892252,0.001023774128500011,0.0030136941178865286,0.003707962948923296,0.0032290410838059207,0.003496216103033519,0.00384562157982168,0.16954085596692298,0.8635000002817412,0.8635,1.0
1,0.004748705004185806,0.019868219277852286,0.004900384785430814,0.0006002124716405685,-0.0003059147513423121,0.0015998734035961827,0.0007947726984483389,0.0006777329013768777,0.0021531253913750115,0.005934523951004786,0.0024612838821793975,0.003207836998328939,0.0026132053665326852,0.0029535405242311357,0.003581706233755868,0.003289420745888976,0.0037012765771535063,0.003214262895768972,0.0029367954717844126,0.0036983677976603975,0.0035934183691246537,0.004142448488066868,0.004601778777121478,0.0035621997559531827,0.003802504961149146,0.004246445385718495,0.003697227681789108,0.004458084666611691,0.006119067418201797,0.0062169451609484306,0.006407036696791848,0.007275454015371002,0.00709392167640721,0.006325607860194276,0.007452952506119886,0.008319624731092112,0.007244907800891167,0.00789628741778286,0.009488236870124934,0.008610715819185656,0.009999814808317683,0.011226594877933377,0.011951549214851621,0.0025202517917919426,0.0018872185346815616,0.0019683497256752264,0.00280469481983824,0.002668576442207181,0.0030651430371026796,0.002862752423162176,0.0028048154640504114,0.0028981029657383062,0.0030714919417276347,0.00314896569585019,0.0033415451859074856,0.004415003935331796,0.0035726469855459223,0.003919183716360269,0.00011723380546708643,-6.572656737586138e-05,0.0001435984220210619,0.00037412613519014506,0.00032790683946473594,0.0005599991780371558,0.00044570501174023136,0.0009373639727100134,0.0007805981745798974,0.0004339396157192686,0.0011060113049698864,0.0008986330667436148,0.00044601900498608297,0.0010995189567625015,0.0008032350774842741,0.0005223728374670526,0.0006179909589099217,0.0008805102158137167,0.00041263985788155336,0.0033128262141609004,0.003076125205650778,0.0016125443582036057,0.00520705734446205,0.005048333542860437,0.002085669479565092,0.006930444160951744,0.007219284976883194,0.0035041102146308608,0.010689223051642285,0.009324252250945153,0.0008026709347080695,0.0006097034284503251,0.0007274807244538053,0.00029085442794468143,0.001941756302718522,0.002099255252309109,0.001120976659949318,0.0027685028911046275,0.0025510901155585404,0.001167394464159777,0.003961418684036018,0.003598964742055334,0.0047722355395162985,0.01532708391459517,0.015197988281827675,0.0027412968121609893,0.0028019025577298118,0.002978135287217613,0.004138465354894817,0.007628307206421403,0.007115732483598164,0.004891081364129164,0.009877385212874469,0.009513374425424666,0.006125229864102059,0.014307387050798601,0.013908944612145898,0.011380706113845942,0.03150984812531688,0.030151539408488543,0.010036249231257047,0.0012630958420401317,0.0031082487738746576,0.0023432820966138575,0.0012182091288963838,0.0004523604390491584,0.00042799056987630733,-0.0002992705607912148,0.00027453612400854093,0.0033819058355530826,0.0037822080133488064,0.003786137687716527,0.004840787678280623,0.004859193972407265,0.002493435469104588,0.0030658092299520536,0.0033823210713059145,0.0032096656537169165,0.0032544684831417947,0.0008060302313983326,0.0006870416971146681,0.009466676169858051,0.015521954005943668,0.018566949352910936,0.022236006442826542,0.03287815942637458,0.00231660492580784,0.002210248226114884,0.002702167412719576,0.00308122911775741,0.00324918519789179,0.0006931103166493491,0.0006479702480836339,0.0006356925987971547,-0.0005896824373553724,0.0002265130988165879,0.003484430073153373,0.0031903270801982757,0.004610180898079141,0.004457191090386769,0.004440111405744043,0.001185630685121437,0.0022892145374093474,0.00114643480348083,0.0038717048288430776,0.008462111720678395,0.008853147948693681,0.0036957476140904596,0.005637021604372763,0.005750240782558547,0.16954085596692298,0.9569999999734322,0.957,1.0
2,0.0013646559495902111,0.014321167849486022,0.00527364319595017,0.001162892224233205,0.0013036268052597085,0.0014593005138140737,0.0015375062509389366,0.0005560026165856552,0.0010783320015779758,0.002127042570822002,0.002706680146281445,0.002646514298077541,0.004023147382288669,0.002364084909497069,0.0021251545885014552,0.0021328489656135645,0.0032189145927414026,0.0030475023711893506,0.0026466793932522744,0.0038277274789437522,0.002863578593381866,0.0026911681617186566,0.004509196462512652,0.0030284210956033376,0.003657108849526093,0.004661934571345591,0.004587934586845996,0.0033598682060438723,0.0026143183255977523,0.002447899874664622,0.0024380608669951408,0.0014975769543320414,0.0019366640371974234,0.002499761419853058,0.001917081262473243,0.002063508803768191,0.0015723009550273363,0.0029766577862664076,0.002477499452502819,0.0018985966478713859,0.002808734614041833,0.002533505555645631,0.0025255293531582746,0.0007834309862375941,0.0013796234863536884,0.001179263573247815,0.0008528694290336825,0.0011124170047164966,0.0009587529728606561,0.0011761712026410946,0.001108950196996737,0.0010511625724753209,0.0013246608172720962,0.0018227639464009644,0.0018195879785290674,0.0031919251296864616,0.0031113941781117354,0.0029928941541453986,0.0011977289795170657,0.0010630062430523064,0.0013800296195290596,0.0013211931508447594,0.002597342573078804,0.0024609154803942775,0.0022458547099972696,0.002334369255834987,0.002510395035403176,0.0017236496393663293,0.0020919708352115977,0.0020597379676188863,0.000672505121212316,0.0027324623791653404,0.0016969948047737449,0.0011709049685810229,0.0007606231753957295,0.0011343747374531513,0.0008728481031610588,0.0031771017930412124,0.002983675701592418,0.002372878321830927,0.004996068043532827,0.004992436840430533,0.002665970673726268,0.007127563373542801,0.006748071147336671,0.0049497696473592675,0.01820021887991219,0.017143533351808505,0.0008795206240678284,0.0006859811608473472,0.0007261734970558913,0.0013112906743029571,0.0030109069577859654,0.0027784641194261678,0.0021004756139960602,0.0038175147041113982,0.0036574622505703134,0.002069278219070547,0.004882557332916927,0.00478092485931743,0.004140968804900579,0.0157226645031639,0.015053059982154456,0.0035713198426562754,0.003963261722582403,0.003632240995704716,0.005539649770465987,0.008175575082009067,0.007939545569947002,0.005955883339608034,0.008991448282720657,0.008069823082161842,0.006074047614893311,0.012192385854926647,0.012105488462287933,0.011258138901475501,0.028854332437214074,0.02801843775474987,0.012246854358187545,0.0009730687500891553,0.0021731973778473614,0.0038076502612987614,0.0005678317533755134,0.00103178278335551,0.0016323506468088468,0.0013013103322727087,0.0017564179702764429,0.002631623789275759,0.0028066367826220452,0.002834395970922411,0.0041425848918780804,0.00501150884904623,0.003589946889760728,0.004107657417880613,0.004793457124774212,0.005478058705461146,0.006398660444968287,0.00284521449297421,0.0038675726938384196,0.011484252493625146,0.019634840413065378,0.020689197190305264,0.022981231853834768,0.035344902666413505,0.0038526588804567168,0.004112475598963808,0.004930542507221605,0.005847905364809594,0.006092634104505981,0.000966684503181073,0.0010717067463767622,0.0008609445945996358,0.001313799192583244,0.001429797247273249,0.002289097137392041,0.0029236997014219167,0.0033785974806998633,0.003872398246902528,0.0047350016546776055,0.0015571433258376901,0.001965917451690142,0.0016628140094566027,0.0026550458859630295,0.0068437372706908455,0.0025513501364595294,0.004330931488176655,0.0051584698311813275,0.005224374514851802,0.16954085596692298,0.9070000044869764,0.907,1.0
3,0.003342655936525006,0.01247119403952394,0.007985244950550729,0.0007529869901562545,0.00029725840522661524,0.0008593390168998505,0.0016666003162947283,0.0009404071347697248,0.004195751692135827,0.0024592620485995925,0.0026060872105429594,0.003166749901039435,0.003681345631202341,0.0033089404303812036,0.0030209027344283547,0.0033356231102431174,0.004701695097695227,0.004523313154795837,0.005011329167421704,0.004966566099212693,0.005307334276396392,0.005938610619842598,0.006463717614549212,0.0051115995531435835,0.005031865515320417,0.007004627254685253,0.005536094357677605,0.0053479734433368896,0.001731920753949646,0.0014382135374880738,0.0021650835148407186,0.001484094812271547,0.002421155454856543,0.002239462470755472,0.002141462430616313,0.0026328208349694717,0.0026385394513972686,0.0026347291343194815,0.0032485033832969413,0.002618037429915395,0.0025620130127125894,0.0035204836610385447,0.0029008965074785206,0.003219795730672529,0.003305154180128464,0.0033912815551793377,0.0032006654642236483,0.003710551770159657,0.003219847103287539,0.0038278171555922546,0.003919691751071048,0.0033381804441917485,0.004657822064721135,0.0038396682407395733,0.004469015421181684,0.006118515822756415,0.0051735072201178275,0.005311454208730289,0.00043198252459205743,0.0005575369721069675,0.0007520510270227575,0.0006018657292645092,0.0003713780318997244,0.0006292365516176462,0.00030776798287006027,0.0005716851030593922,0.00042159333992122116,5.7798581788204606e-05,0.0006655528315677908,0.0007864844969863919,0.002382636704360902,0.0018297094267617207,0.0017094016826639188,0.0014752100393389676,0.0014260121821016763,0.0015876634341537223,0.0008850741258309941,0.0035617940723178085,0.0033739804224302023,0.002303773101432297,0.005377058538871871,0.0049694376595149905,0.0026829296860590894,0.006519365226324403,0.007290504909053779,0.006346019370211372,0.021131745499752976,0.01942595304853314,0.0015298813577340844,0.0014717282694233472,0.0014942009021191036,0.0011915109309931376,0.0035487570940254697,0.0027371987958492968,0.0018577872622365184,0.003376534613209382,0.0036476061676380535,0.001512738009070814,0.004216800667414529,0.0048575168391012434,0.005526277544639154,0.013848059803693245,0.01388977394313188,0.00475758650862057,0.004587783477476609,0.004429107289518208,0.005689492755026298,0.007212087904111882,0.00615657991909992,0.005640995767467836,0.007035260651195007,0.00784984326993746,0.006762183260144658,0.010432326666757042,0.010479341276638132,0.015043953383855021,0.02842273004809262,0.027810756107566573,0.004016013534070176,0.002260039315843122,0.003894913642564428,0.002218674358988946,0.0020944983349716314,0.0024591627945146567,0.003129723145544263,0.0029637149066017656,0.004269996521627633,0.003462461729511423,0.003512154318362693,0.0034413205590599566,0.004047396836489673,0.004399070715682412,0.0017952580351881485,0.0035387397215084922,0.00466207348670655,0.003858046595078784,0.005574731983061376,0.0019524135289361703,0.0021041670816946876,0.0045165157376793824,0.006116106198107348,0.007155270460765654,0.009225080127806356,0.012321072539731396,0.0010271244296413745,0.003241634881677368,0.0036984471723372327,0.004424526164852399,0.005631604966665619,0.0030700143217025004,0.00233868615580683,0.0025759724745495977,0.002655833386341617,0.003872742406692383,0.0034732196235753416,0.0039015568815971916,0.0035158998447615795,0.003445441227412536,0.004455459446341536,0.00026815069897693144,0.0022296206926900814,0.0005999295127030716,0.0010213795635778651,0.004689709614758104,0.00638699668685341,0.006745595352378472,0.007388962706555234,0.006746956312664286,0.16954085596692298,0.8994999997155868,0.8995,1.0
4,0.0029851420579022226,0.006256248665081708,0.0051375360751093535,0.000599789715986297,0.00033348073396736577,0.0018741331736904395,0.000617673831295479,0.0008502932824493612,0.002382298372428967,0.0013880693854181586,0.002543069555051916,0.00314160113131867,0.0031219216934166715,0.0018465739003960392,0.001984158328790056,0.002767939128189564,0.0027091409701614166,0.0021352389238881494,0.0014700879857361072,0.0030140957934612542,0.002573911791843112,0.0018945266161299345,0.0023733349106471974,0.0019208696753947115,0.0018860340958065248,0.0021693916893392963,0.002997572643567562,0.0025879688868684623,0.001625897379179918,0.001291590475242439,0.001227170295280157,0.001989584497784837,0.0015204768421955618,0.0019214180519371842,0.0016941900371322221,0.0028762787210185985,0.0025780487902800167,0.0020828756746061744,0.003833104672971343,0.0032573143380060384,0.0042972344799127255,0.004616549795601586,0.004469152069197154,0.0034375977033646796,0.002848293213805379,0.0024045090399800128,0.002243932163033793,0.001627436709341986,0.0019067915542169162,0.0026199563380146164,0.0029471019481449034,0.001840545027395546,0.002279717491698406,0.0025783260976658894,0.002341390324031165,0.002340273443451219,0.003173371742283664,0.003112295228084606,0.0003200373025275023,0.00039003793063903695,0.0007121486253658793,7.568937238046984e-05,0.0009616281775670116,0.0006999040281690203,0.0007423070299801577,0.0010590951056266289,0.0009475248937398614,0.00013519286466987088,0.0012042050355885175,0.0012988375136915847,0.0009452611659447122,0.0019901402854502824,0.0020254785812373237,0.000918871547888287,0.0008870084463534094,0.0011714458129139698,0.0010731057356544683,0.004277705593702481,0.004184655859814485,0.0023297179457581344,0.006606329073842136,0.006136934201578223,0.002577253470417657,0.008464601248978704,0.009316455970711473,0.005537947460068572,0.019373262013377534,0.01812779924685354,0.0005598463517763396,0.0008467860894522453,0.0006646050995862869,0.0016566697961145262,0.0005007833909654446,0.0011458815214960424,0.0038382219888954306,0.0014849315616715147,0.001940681657376192,0.004207803831665822,0.0017742755474062064,0.0014504491458601154,0.0027669692178832147,0.008060557687511908,0.007396082013804622,0.002648999944952963,0.0027607589524376763,0.002929502561590223,0.002231885539836844,0.004949508186995862,0.004115430367492701,0.0036233176672336494,0.006801453647321227,0.00720704298680423,0.005565658698574318,0.009549112382961062,0.010452162079508229,0.012789512073100041,0.027093814536105487,0.024998349587370426,0.012901317850604015,0.0006694208876694447,0.0035444140006377746,0.0033586146225300343,0.0008178797277641017,0.0010315393863050805,0.0010128705088360025,0.0015745146979910358,0.0022447412340109627,0.0035470164703172258,0.004070842737650243,0.004029251099610836,0.0047402716145168965,0.006058806720156215,0.0025497117824307054,0.003492407818948803,0.0034060718587359735,0.003626336858962759,0.005467204862949906,0.001096145244455459,0.0017558623616778242,0.011674127865662704,0.01405800697927127,0.016081706699896673,0.01779557395912862,0.03855244873225835,0.003460798960530906,0.0038387837283910303,0.003811293738581207,0.003967150013545172,0.005340179646059483,0.0007949883346505528,0.0008420582376456019,0.0015485843677368885,0.0014897743627746212,0.0013203460769096484,0.0036699647425801948,0.003761037439235543,0.0037482814705689,0.004399603544964684,0.006210748799128205,0.006039112700247719,0.01364549032056096,0.014966381383932912,0.017448921638735324,0.023152298732177456,0.002505043439357059,0.0020573998540094397,0.0022665088959257004,0.0019711308845679057,0.16954085596692298,0.8840000066751559,0.884,1.0
5,0.0028184690659923844,0.011475066334720339,0.005134015021073242,0.00036654666897399527,0.00013513335854761492,0.00025474615843492103,0.00020429841299496803,0.0007919344799829927,0.005131120588110258,0.00031790003587868623,0.0031241899987170495,0.002812851347343403,0.0021813747394787667,0.0032908929020638612,0.003834435887885285,0.0032525797679357846,0.003605952546477251,0.004355118922000486,0.004389110096406265,0.0044048103904198496,0.004497894172922984,0.005224828142222097,0.006450834913895534,0.00541324724198108,0.005656243232501141,0.011281749102446649,0.009954714195466207,0.0080280953286381,1.5241483919859497e-05,0.0002613546118131784,-2.473432266803103e-05,3.2772089287839653e-06,-0.00044924713361612685,-0.00020361604774801588,-0.00015348426653015416,-0.00040308678880005775,-7.876133591000786e-05,4.1482114171234926e-05,-0.00014655351742765623,-0.0007277870902505743,-0.0006920608883530739,-0.00037701457388616294,-0.0003065872092253329,0.0049681482597784135,0.005751506954857102,0.0050776536053432604,0.005599528092422563,0.005245954989229159,0.004805850066251739,0.004815053024497656,0.004818619010021511,0.0024991914586150084,0.005453421753760035,0.004689721604601312,0.0040166797242478375,0.006025286015668181,0.006353797972510859,0.006991505933336144,0.00012192680913243015,-7.082889539609458e-05,8.755145082751683e-05,0.000169906487781809,0.0012762058244077505,0.001199457319250737,0.0008554824728458397,0.0010732226779207508,0.0008382560141605295,0.00040970794850981056,0.001010288062608258,0.0008386472392625206,0.0018948350474034283,0.001755509818888249,0.0015620594988446184,0.0013235631250488819,0.0011871580466532678,0.0015409321722866236,0.0007997669398460674,0.0037230046711391467,0.00374430028363545,0.0021421285217665766,0.0054860370753527015,0.005099816565435324,0.0024461454516800604,0.007096126138155566,0.007204197273869991,0.005908120626012359,0.015383570916169735,0.014387774813335523,0.0013766494568657464,0.0007255965826257572,0.0011940114980557386,0.0008234649336904397,0.002202126666009527,0.002699480987825283,0.0021164263992056445,0.0028208361786969866,0.0023397776918920496,0.0010573442583472524,0.0036128660280240893,0.003215953370799848,0.0032508521804833785,0.009387929535853727,0.009766545106146607,0.0024227285873796816,0.0024581487981991303,0.002428459915476595,0.004195364658133025,0.006289970149869912,0.005536962602827755,0.0054938411025788276,0.007065203521047337,0.00727034309743751,0.005617879061258736,0.009816765134110957,0.010159420282920708,0.01055366144885095,0.018600335104760574,0.017231659779709762,0.013203039014433647,-9.523655307811685e-05,0.0021760804878963105,0.002727141072104647,-2.7883375704354333e-05,7.594879532329915e-05,0.00016871364943374956,6.441581301891521e-05,0.0002960212540328858,0.0031026206763631755,0.0034882356851199197,0.0032715080723943373,0.0034975538639985073,0.005603387883443325,0.0023328044653259665,0.002979988185620185,0.0029898477628802996,0.003807025041457693,0.006390204234233046,0.000794289581742659,0.004382062224434933,0.014951400022113797,0.02606357444657899,0.02749801383368139,0.030472823799072856,0.03932186754848415,0.0025362031892805204,0.002146923554683271,0.002090574613849514,0.003964404908047805,0.006398203232829574,0.00012037020294080068,-0.00029373296212126395,6.756508208198709e-05,0.0002778297823952607,-1.0580972482661241e-05,0.0025924341947800426,0.002674284518388565,0.0027633652555873966,0.003042110231067427,0.004673588971826327,0.0019991125447038622,0.0035556763558407096,0.0043014054642059405,0.006578052915149352,0.009744817470433048,0.0011653161652869196,0.002054336391308679,0.0018840951465013116,0.0026133721036885387,0.16954085596692298,0.8805000000905909,0.8805,1.0
6,0.0016152142080657834,0.006461810953585139,0.001783521598423763,0.0007400017439822759,0.0007187712752963128,0.0019699011493885935,0.0007030216286930269,0.0015490820876357587,0.002249891785771133,0.00417438521132953,0.0037806802298607496,0.0038185193630381684,0.002761216791305563,0.00398075382652551,0.004800888721931788,0.004193048655370988,0.0038979754583982635,0.004446312472124095,0.003774733076966442,0.0038884327392727774,0.003766710737036137,0.004634741390404246,0.004859111632494194,0.004108818749965249,0.004167408222287196,0.005239067297763211,0.005292493357889287,0.005058288222702109,0.0029806562576046255,0.003037765485458551,0.0030802322375505335,0.0021951255549296157,0.002332390293685225,0.0022011026771613434,0.0018901414767279318,0.001970308019620212,0.002139209672177806,0.0018860932555936467,0.0025233199444921785,0.0017331293275488424,0.0024664179047380885,0.002022128378347629,0.0015528853398991548,0.0021030240637593786,0.0016783823513495943,0.0017928775485340869,0.001830905355199681,0.0014806839169993185,0.0018295410783641356,0.0017501415755189046,0.0014206937984255993,0.0013684446770032576,0.0024473124504197654,0.0023329027101402907,0.0012412396041278791,0.0029257591272740737,0.0018919325798112084,0.0021024178352578053,0.0022793834434700786,0.0019202694696216517,0.0020636915857274217,0.0022974038135739013,0.002246129220745539,0.0030928645115290247,0.00481052479709557,0.0031236958352004835,0.003042560065159498,0.0052755902609562385,0.004187872980259443,0.004443083672371096,0.0065297558056005124,0.0035897156526350114,0.0033344252844236654,0.001692493229351723,0.0015247785489118813,0.0018399472202174816,0.0011042065999026158,0.0013370221124032176,0.0013012260516995717,0.0025635355803309235,0.0031981865086569312,0.002510136665068287,0.0030919165186913803,0.00393472201935008,0.004119789917531067,0.006253479410970583,0.016799615036769494,0.01599800029268561,0.0008859763719026127,0.0007400562983054069,0.0007569567024167309,0.0009455471199325133,0.0018903067533000781,0.0019438409535386242,0.0013485657556159545,0.0025621871601844617,0.002238964889296364,0.0011477660846966476,0.004401216915917903,0.0037983631091402944,0.004079678617273789,0.014373751335663838,0.013069445644320485,0.002722530678127481,0.0022738523342855726,0.0024548881263181284,0.0031294021695137887,0.003239094797318298,0.0035947071626109216,0.004007750018079553,0.004006721886565874,0.003940144339283498,0.005463113681289396,0.006547898398725254,0.006789510312132943,0.010035409162959308,0.023639618185915593,0.023745800313519874,0.011555095255158876,0.001361100717889579,0.004573847083746409,0.004325313467630327,0.0008437262596178281,0.0013341915465543402,0.0015723165920623144,0.0018020528530880583,0.0021063879613893487,0.004060589286905681,0.003291673315262372,0.003043843895009918,0.0029175101933187624,0.003201681869459024,0.0037225438072651584,0.0036639284889255926,0.003859203131061366,0.004144690498275911,0.005912141708394062,0.0030468357574830515,0.004166691920990851,0.009598057318659875,0.011499768825064942,0.012976982567923791,0.01843547152059712,0.03610329774927948,0.004718903324509641,0.004257127545505435,0.0038345160136519832,0.00437735989211492,0.005343236677473104,0.001208400877183331,0.0011880849292385898,0.0014376961417407943,0.0022525512255704666,0.0018516182054827968,0.004159735505159326,0.002343701213815234,0.002580828976054353,0.003081428783065343,0.0031281140968348986,0.00025964708665052964,-0.0002378478338802094,-4.6818861526104415e-05,-7.840729680018965e-05,-0.00036394843387612107,0.00493234369184831,0.0041931352522146135,0.004007299270393703,0.0034904434376287208,0.16954085596692298,0.8345000037522792,0.8345,1.0
7,0.0011953094461676504,0.006489961233426563,0.0015186437932974198,0.0013214716733547943,0.004537586043613193,0.0015983719469759166,0.0015462023065856093,0.0017445033490983393,0.001280130379664088,0.004893895150370033,0.0024765065957514,0.0030773237623251907,0.0017619511018095468,0.0027771746255273923,0.0030833908355432467,0.003288896854207817,0.0035588793754031643,0.002920490651403397,0.002836137067749879,0.003290744938626069,0.0026356368444959604,0.0026834643939265992,0.003404095053684778,0.00320888475966394,0.0031591022304200663,0.004489586427261502,0.0036916798440838868,0.0036692098882091227,0.005349778297670403,0.0050940373589414036,0.005483790397834111,0.005022806192928329,0.004333812228836063,0.004901581883412497,0.005167251422148998,0.0060832469829533225,0.005561544273254847,0.004671616927690341,0.0067718775587809945,0.005854802145543088,0.007358767917813517,0.008417764738054678,0.007956442219729703,0.001029910286947625,0.0011065903537725481,0.0014069417844955804,0.0014249195961096577,0.001131158949358817,0.0015923243037609819,0.002192866619335061,0.001388094589631701,0.001740315218293094,0.0015329077471011314,0.00174812767616579,0.002281800189443539,0.0032046953362042173,0.0029387929643347917,0.002321347300605173,0.0015084832830788986,0.0015760468158818827,0.0014339240519925032,0.0012040657047088976,0.0013660495124439825,0.0017783941885619813,0.0009027490182691221,0.004553752390301682,0.004198937566717966,0.0007675094396242869,0.0029035495488807703,0.002518446569356197,0.0008344110690229604,0.0005663145212939607,-1.610663140814787e-05,0.0018069957107645026,0.0017430732209007568,0.0023392253408408593,0.0013259484506499316,0.004754519232470714,0.005100917167996737,0.0026720930570677524,0.00796318771788126,0.007184768701962004,0.002767914513164919,0.008997028081719404,0.010659369820983861,0.006823530888677655,0.02019980270285448,0.018345736617348545,0.0006362044977793174,0.0007749611550312152,0.0007245216639227087,0.0006814551552256444,0.0013800062513216564,0.0010471315134599082,0.0017290440774307967,0.002070583206049049,0.0016616907559044822,0.0015991710596209715,0.002459726219166883,0.0023578294845024712,0.0026831917478838214,0.010076620475033316,0.009152569843068108,0.0020525049019372676,0.001825731532320253,0.0015576195887616576,0.004627364259619287,0.007599698875031729,0.006559229512057065,0.005121334983029832,0.004037421652021314,0.003127788056076359,0.006204429143786027,0.00523368808642976,0.005624484941367363,0.012644232582831004,0.019854982872599635,0.017502455251796032,0.0037887107120761097,0.001050555596946308,0.002694523258484945,0.004051707672478871,0.0009601896616952201,0.0011284984383326836,0.000694297203876479,0.0008808125737736519,0.0022324225534088656,0.002677103313121227,0.0022908886429475754,0.002551080833357588,0.0025705621603873984,0.0027732129326263457,0.004188463855869292,0.0031587134921848463,0.0026660919888329138,0.00420777616900898,0.0038669604609060833,0.0012902911906545653,0.0034679565922608392,0.006240607868419221,0.014960473676409064,0.01066540072838287,0.014209073061576394,0.033289305531325336,0.003828289244364831,0.003436113928799095,0.004141117646352578,0.004406740797737945,0.004635758689799957,0.001482286242327874,0.0013355313723626906,0.0013616780351547247,0.0012969930087624567,0.0025535610157221052,0.002614149366937427,0.0022798254038126128,0.0023361189785057034,0.002342361236387171,0.002535994142530744,-0.00012850902926236788,0.0001145321877914838,-0.0006260294851904354,-0.0006368092240685132,-0.0014792249680052715,0.019893750331820007,0.006885941230079558,0.008043974468938734,0.0066518632825122714,0.16954085596692298,0.8499999996933143,0.85,1.0
8,0.001962642837875103,0.022022154054506117,0.0029957082965250824,0.0005390482057475992,5.337228048912775e-05,0.001513524563479759,0.0016877092352443992,0.0008436182908334823,0.0019031977618121768,0.005858408974561637,0.0037178674970932313,0.002881443759050632,0.004071962452266276,0.003439210563628925,0.003358360422319736,0.003332660961730936,0.003970170682645659,0.00421677630802144,0.00376194408328284,0.003938143505762282,0.0046582394964190185,0.004039621137063835,0.00488909556329573,0.00469402521938047,0.004443194758350415,0.005188645732195967,0.00441185882647116,0.004326587247951544,0.006026679141573281,0.0038554975956741192,0.005288802662408978,0.006399581937906853,0.006785754907914621,0.006908378289204799,0.007406152345786933,0.008128554296273386,0.0071519891699610896,0.00778427574686555,0.010937840183799669,0.008786178509763671,0.009038195267209613,0.011449550129371412,0.011292406356936407,0.0020193770525004586,0.0021941165522060707,0.0019023264506949633,0.001715303543267104,0.0019706646229028664,0.001806143412383142,0.0022113888225136495,0.0025997568329021365,0.0022895694707413122,0.0032834420321162616,0.002380104521276999,0.0023696865941310653,0.003476044401013971,0.002583743881419306,0.003631756010362056,-6.8020163366623055e-06,2.9274762907288864e-05,0.00023208853335670822,0.00046506836092995185,0.000906138451034663,0.0014869735207259471,0.00103948375296152,0.0012174129516494905,0.0003114852263659746,0.0011693931297082382,0.001284018437747698,0.0003054113491894351,0.0007019050189273961,0.0009994771112681524,0.0012587748948806065,0.0012452921364427445,0.0013162169734828144,0.0013820630686434134,0.000882940321622837,0.003425824835396824,0.003808821811443167,0.0017593334926976835,0.006456675607878878,0.006256919469784141,0.0034767829576488525,0.008084181377851874,0.009058221344784791,0.007803430036689073,0.02244625142224204,0.02114683252538911,0.000860305715061851,0.0007508998382294456,0.0005970667718376056,0.0005599159358522819,0.00157857040783229,0.0018790996182062925,0.0013998119448186438,0.0021087199983921955,0.0018826747309395103,0.0010342570632553376,0.0034187369316942364,0.0031875584971634914,0.0033514487210279083,0.009450549549785442,0.007728509579643447,0.0029783328656199106,0.0032988017152451895,0.003085464741885583,0.0038009847301172686,0.00696179717289626,0.00607130296038959,0.00478310958512561,0.007663993758329762,0.007772811209234848,0.00602269767748879,0.011520498827358734,0.011575670873436198,0.010193543549048405,0.024875800738858686,0.02426558835225758,0.00945566860736419,0.000892606398939195,0.0017227240739081662,0.002536045486802763,0.0012171847013544154,0.0017157898600467635,0.002200758359490074,0.003024035436984992,0.0031968478747671355,0.00204096354023964,0.002523247920021869,0.003100160797214239,0.0029968074042924795,0.002874467007634789,0.002822966348422196,0.0025451292776847065,0.0038258256748701994,0.0031865815148415413,0.004315624963327386,0.000882347736216314,0.0030089503470084452,0.008790172252442599,0.009551786169206555,0.014048276443591913,0.020114594073971623,0.026043771480718167,0.0029512981098287604,0.0025849866088755794,0.002889709831052877,0.003746011550685551,0.003619765023635651,0.0012075935839981789,0.0019324960030091796,0.002326135069797901,0.002519697611315216,0.0029296599751862298,0.0021154849248732244,0.0023631742852975183,0.0029132429966436633,0.0027287371989744647,0.00346747029520936,0.0014881635509780013,3.8738348857434335e-05,-0.0006961067767083947,-0.0007629180835933238,0.0006709833957224599,0.003125964656466157,0.004870903703239399,0.0064954680077904895,0.0052982825881963125,0.16954085596692298,0.9200000005650513,0.92,1.0
9,0.0005376225965988043,0.0076381921788636255,0.017250501512540303,0.005559738612579121,0.0004135130100096181,0.006122526695970054,0.012727689983326554,0.00856026741554333,0.0013851882110055428,0.007512112701144571,0.0018987540479971767,0.0015997015655498778,0.0020532103363838272,0.0011910379632971218,0.001158448871282164,0.0018037137836730843,0.0020347812003592668,0.0014043190033270797,0.0013251887562946354,0.0015461880615483467,0.0009340676215650107,0.0011823513046941869,0.0012287786105006234,0.0008401786515702331,0.001280817732069287,0.001316760867216033,0.0014291475050574253,0.001514858840801649,0.006663275099408352,0.005558476154755791,0.005559292589039559,0.0025943169218696437,0.002120221878663679,0.0023786987656633203,0.0013702611392271918,0.00186314035041217,0.002049242891167552,0.002458692015176284,0.0027205272347458342,0.002830605456650739,0.0050365849414859805,0.003541182623618685,0.002916787783961468,0.00162601583218936,0.0007880422264182446,0.0014761870566751916,0.0005602886177581109,0.00038911454247648065,0.00046051131120704,0.0015456849703661976,0.0012275662818810424,0.0010092130844573312,0.0008246767113585774,0.0008574017850344018,0.0008101069813822671,0.0013433027867896688,0.0015158346539193037,0.000988048869734364,0.000790213501721429,0.0007773162329078102,0.0006710990739949778,0.0011925146518146131,0.001156969042391368,0.0006910080593917135,0.0014225258849134908,0.0010388367700996102,0.0013528360593481105,0.0005636430090179361,0.0018281910757097697,0.0017896076764337178,0.005113563908568182,0.005795943772877788,0.007710006542890183,0.006412188223290217,0.007410470143840977,0.008030563008696649,0.002038100772822888,0.0026611733673179167,0.0035125096298111794,0.0022222682308776294,0.00129128571557704,0.0019792680075559044,0.003179051721092748,0.002418527239289595,0.0012929353497280447,0.008489669183995458,0.00566378229243793,0.00596079907203793,0.006935239143537289,0.007182622943567904,0.008843226275261672,0.0013877823619772869,0.003128764454135488,0.003684172433625045,0.0034601543812106117,0.0047290409862858675,0.006289237932374351,0.00424034171784542,0.008031712888822791,0.008907147172095894,0.004619345409567958,0.013562321639593033,0.01267928408309048,0.002106462540747146,0.0017070081891415547,0.002632560086074491,0.003500596916317173,0.0020517498641332023,0.0012824295871444254,0.003207625921173248,0.001953859292010539,0.0021646559110914503,0.0034011477292081546,0.002544988336103271,0.003522324547463887,0.007051227834016912,0.010038935297802278,0.01256093519505125,0.00580853842850724,0.007359926984796075,0.0024026407781483194,0.0020171353386616245,0.007030265867739543,0.0012625391076674143,0.0020132215833208495,0.0015508680112592732,0.003490987167103324,0.0020677631718012727,0.0016922301617849206,0.0017991399193967672,0.0019111346039931223,0.00118622882730684,0.00294082656438391,0.001993622279397078,0.0018069933603599084,0.0007815200869652463,0.0014402786660138176,0.005529613861737948,0.00924961782748172,0.0042959619469287325,0.00583368580314242,0.007510719593963148,0.012202358297164392,0.02423152553808768,0.0030419617420696676,0.0018399270473402846,0.0010588232617109968,0.0011629935202536752,0.0018872448715554764,0.006412953308278608,0.0018065848726673155,0.001961230286952198,0.0020241090260728124,0.0030333501870069544,0.0022858099906668695,0.0013760951533437077,0.001799080898425059,0.0014871106667127742,0.001977029387325136,1.4516202173308459e-05,0.0006406273885876116,0.0004229958132239714,-0.00012250795647939148,-0.0010339654116011347,0.008038278535313855,0.006293660974361717,0.0024369059093221697,0.0033082576214362005,0.16954085596692298,0.7525000005299407,0.7525,1.0
10,0.0048299475609520845,0.003765081227981802,0.0016926328422759535,0.0012922007725073128,0.0006159599688219963,0.0018133684990584902,0.003370752310216944,0.003959262983395035,0.0015558888889967287,0.0009976076669441002,0.0016407744309777715,0.0014868695440104851,0.0015307684738776583,0.000986356050303978,0.001705987349591652,0.001114030673604803,0.0013934004742065006,0.00165165116167587,0.0016788729963015379,0.0012752598198198918,0.0010330449390829957,0.0011305490212211557,0.001553825931406731,0.0012465217376536224,0.0019231823928401667,0.0020568374012576445,0.002247779665053038,0.002730788406997748,0.0018372146458820171,0.0018951474696498488,0.0013077986029628632,0.0017654107377636258,0.0017344581967712292,0.0015140982701334082,0.001517012964018886,0.0012336482098864508,0.0016388483486714238,0.0014490665360272492,0.0014344504295219726,0.0017384290821420287,0.0016955235787534122,0.0022118026625610027,0.002408090999023236,0.002312902340641904,0.0015735152646491528,0.0015474351121657392,0.0012730034864867682,0.001567446066030317,0.0016998624073693435,0.0015914361504122813,0.0013957483032193323,0.0010150679629132655,0.001706426474122615,0.001623325431822469,0.001684153424392182,0.0018441257627380549,0.002128341544840902,0.0016719929397344025,0.001231734964023969,0.0010716218535645671,0.001301483559517532,0.0007811763075833662,0.004958257731874976,0.005132809042888258,0.001923070355872424,0.005210750007355829,0.003947443774586063,0.0012178812959765194,0.005469945865216245,0.006602889409287894,0.003478451605588167,0.008862476320906473,0.008965717394577192,0.0034768945894896905,0.0030650582801876854,0.0032941827903183035,0.0028848385502269936,0.0041134037717502365,0.004465703926352779,0.005708338978775661,0.004601768809056454,0.00391060877779095,0.005657533154183367,0.005311514122206178,0.005800007157532412,0.010879035832011889,0.0014441320042693226,0.0012869499720851239,0.0012397506994840685,0.001333336077349306,0.0016345218375567482,0.0017217240368550654,0.0032568273673610265,0.0038707917672146314,0.0024435686906422514,0.002831927817847729,0.002543025889745222,0.004816599152419877,0.0038364898309394876,0.0028492611930710336,0.007473340773034866,0.0014158286690344139,0.0011181816626008232,0.0028689343426507355,0.0030842027326290103,0.0025406911316826126,0.005051333768083758,0.006382031033972269,0.007243650803077042,0.005674041656427506,0.004081341876044708,0.0023225981657342067,0.007186564628059071,0.0007417967694829981,0.0019252463349974346,0.007778823688275415,-0.0037223838986363664,-0.0017014292261774385,0.0036574894008648625,0.001498192198529946,0.002559911218593149,0.0038282083827114247,0.0011327888564500862,0.0013546879198615906,0.0009828963669852287,0.0014558095635787344,0.0012963695883030336,0.003299881116792702,0.003309210905062064,0.002853329524848563,0.002526921560426512,0.002707894180272277,0.0032191447696414285,0.0034385854292904323,0.003800817654512238,0.003916186700423473,0.004322816489322148,0.003057191218110466,0.0034605162731758156,0.004482059986233489,0.008359432380212573,0.007886656518459429,0.008917875175947484,0.005992665806123393,0.0035873652416984784,0.003615937282820211,0.0040860162284189734,0.004193684328546976,0.0050696206404507735,0.0018392051817007948,0.0010755055094181533,0.0010605799591012143,0.0013532467193803962,0.0020359016864659315,0.003342021209949256,0.003242924929249172,0.003045177811309641,0.0024161525361076183,0.0027930125439861553,0.001302245457592584,0.004886431990951628,0.004201769467000925,0.0037943540672406655,0.01027754010337408,0.0016180401683068774,0.003150888326567176,0.0013285929732655786,0.0016321107693132687,0.16954085596692298,0.6600000063567291,0.66,1.0
11,0.002652938355487144,0.011889578571656541,0.008299149378533204,0.001701674205912646,0.00023406097920925707,0.0011093307870483602,0.0016547724085885613,0.0008600798894431805,0.002317435914102205,0.0012456052270756466,0.001622712011135029,0.0019934831632055015,0.0052967427298534295,0.0021335684116279064,0.002403216035649127,0.0017161993287603543,0.0023272598119621624,0.002527246798662399,0.001956418131536627,0.0024385546481543083,0.0020941056760860454,0.002899583950124774,0.002684305321656411,0.003028991521772521,0.002971673655019108,0.00295911498621284,0.0029357536218966506,0.002383574931973737,0.0021402057278035506,0.001095143110130411,0.0013116973969829842,0.0014155680735221487,0.0016206727713943849,0.0018797955417505284,0.0012098064439746425,0.0017416249065338905,0.0017262963027258299,0.00219192104997315,0.0018345870871201901,0.0021342231554979047,0.00228304576023305,0.0021977374633941815,0.0030997266768350374,0.0027915064871289535,0.0021014176851524872,0.0020500385015357787,0.0027306386100160117,0.0021473391436257427,0.0021502563167619115,0.003123311273254783,0.0028808864911479934,0.002408473974427069,0.002728345543572674,0.002601990352841304,0.0025155239630568382,0.0032141269872121205,0.0030030040504935864,0.004196981109594111,0.0005062572287908304,0.0005351415018245629,0.00047975539070639844,0.0006378637597831686,0.0017246620408569889,0.0022662866050675505,0.0010845740717394243,0.0015934313319550773,0.0016879787565089225,0.0010709376278412173,0.0009773539897056295,0.0008751491380635819,0.0012412934999768864,0.0024618421089358375,0.0030529785248484386,0.001579683342627825,0.002153361639682819,0.0017886268029938715,0.0011636829416132714,0.003908303831867593,0.00405621113602322,0.0024685828342182266,0.005059104781210015,0.004605370476787561,0.001828341091985965,0.006512022805550583,0.006355426998027889,0.004477370819904256,0.009636075604788965,0.010251058430294693,0.0012333491548545796,0.0016201766232760337,0.0012235501138666816,0.0006949917690713094,0.002687894763142723,0.0021126564226899734,0.0009802450790939742,0.0029237274487938364,0.0029548726194252644,0.001313862551522529,0.0033867254426612047,0.004344594014423765,0.0017334120153728167,0.00834654055190356,0.008072359318900112,0.0046308596883492,0.0046539548470261975,0.004679924973418622,0.005809159435139669,0.008691700072156429,0.008527402455756195,0.006238126497350953,0.009253243903511054,0.009577905056867984,0.00719171356062179,0.012797978113534166,0.012582014339415934,0.012949443135126361,0.015723141507428994,0.016032255964641993,0.006554315016161976,0.000876197434683006,0.002564353748110011,0.0028177935370206895,0.000933323392754681,0.0016181654482858862,0.002240936445846714,0.002603210598661901,0.0032637352903002784,0.003087010153178766,0.0024308247351393373,0.0026287098921042,0.002596295058389409,0.003164694412555431,0.0043493709015591155,0.003649810788985516,0.003796633464464462,0.00396437056753754,0.0038544426982112063,0.00714953198382006,0.0015881286901910944,0.006651759708777022,0.009030653900331963,0.008454867608560387,0.012018221641426897,0.01507255170700249,0.0033552119484567926,0.0035123169574202214,0.0036980820480658574,0.003847075053012699,0.0030993149156762745,0.001209437926985202,0.0018547898261366206,0.0028986757677949425,0.002681319891380105,0.0026689909541844437,0.002583483543147378,0.002718101344694817,0.002615073255815684,0.00248720557382916,0.0026892489538548362,0.002589554260298007,0.0011234708802625299,0.0018394541112687222,0.002731324352290142,0.0009372306292310141,0.011710550257157658,0.008400422075353861,0.008814494030222216,0.008564871442386006,0.16954085596692298,0.7909999977534725,0.791,1.0
12,0.003602298458447678,0.017377860245839927,0.014312006320268956,0.000984228606794291,-0.00022535497794568283,0.0006379454271260299,0.002444913375960922,0.0011749581956884707,0.003125454148041555,0.001094911892487595,0.0035303276929481335,0.004218574906044137,0.0032985394263807142,0.003919306473833294,0.0033085924691900128,0.0034294518440605884,0.004344019689670006,0.004152151162228031,0.0037827981268357355,0.004484660420025963,0.004400472436569261,0.004771786634779307,0.006518586497221878,0.004715676857180577,0.004517380895395487,0.006587397998150687,0.004812573212410847,0.004934469310831241,0.0010864362685356272,0.001116840100151461,0.0012239291731941388,0.002087209927814099,0.0016205050817585903,0.0018865967644332033,0.0020348262662054518,0.0020317769345254057,0.002172518752132442,0.002733862752635967,0.0022903632091622345,0.0024924726073462106,0.002633090437228363,0.0030711118354082426,0.0035729552422562386,0.00351343995761543,0.0029316551268534306,0.00338330572719649,0.002781462568849194,0.003687858492266673,0.002536363502854699,0.003195081548119348,0.0029131384311552556,0.0033272533985037414,0.004589458017732533,0.0039693241272833486,0.0036215815623682817,0.005954820150805536,0.0041922779675905774,0.0044648116248544815,0.000152582038621569,5.628682630412102e-05,6.221868371606127e-05,0.00041084849999154665,0.0009045042699368046,0.0010591153438968795,0.00045466445266759196,0.0007634772364534465,0.0008632802056920241,0.0003268535690144638,0.001218811408020509,0.001007099223141774,0.0021778492987263383,0.003939920938996999,0.004056033702617181,0.0012594783223602102,0.000955481471982247,0.0013663118086977655,0.0006898330492026421,0.0030038499553806082,0.0033431167889761697,0.001729616383329162,0.004847893060314632,0.004601841802908289,0.0016468599492029071,0.006680862574204755,0.007052518729394018,0.004726248872714423,0.022965296419644905,0.023639480033262265,0.0011127721464715724,0.001245958513539122,0.0015294053697909444,0.0004426333116100697,0.0018855256420427494,0.0021948460617302375,0.0011079122595775762,0.0022253269335153346,0.0019338726933975639,0.0008728911953162294,0.003956027796268667,0.0037879002028365747,0.003312481015639987,0.012595939301403075,0.013341799185520527,0.0034458680935241922,0.003761006220263951,0.003598830500766992,0.00398250072307883,0.007431675703990597,0.00655355798256208,0.004935587070629201,0.008487307053877301,0.008450194665720554,0.005628554995866672,0.01320195234536021,0.013650049216486024,0.014944001307834227,0.03627133284408137,0.03447186126844115,0.006809329712771697,0.0009368084557753455,0.004556100112871536,0.003579066025834744,0.001935726475484518,0.0010319392594205915,0.0008416871195951149,0.0011289143663391504,0.00093475377700279,0.004855305904144481,0.0050556404109881855,0.005089945740886542,0.0069906064794723576,0.00689726143953251,0.003759753322350159,0.0030669373753506447,0.0037432974998271246,0.004259941138195941,0.004472905009541598,0.0011209618322436188,0.0007552676994709196,0.006302525910392386,0.009306644645690289,0.012316051660302144,0.011936636531150598,0.016510547050787746,0.0036688883343139267,0.003605530994236673,0.003336671812710053,0.0051301661596036855,0.004677881077969469,0.0018153313383587944,0.0007697004644966815,0.001024200421438518,0.001133904873073149,0.0011745928744254965,0.004439631551672369,0.005509267515387019,0.005859891376441413,0.006393145464443124,0.007233700972750007,0.0002437530566230921,0.002422756899154558,0.0018536733924382613,0.0034255987146196753,0.012536606797984958,0.003801261833434947,0.005996441627276139,0.006430781711886232,0.006087086654083203,0.16954085596692298,0.9339999986849854,0.934,1.0
13,0.0247481934236214,0.017049547103970025,0.0015301862408295362,0.0004314630292402309,4.963954476588396e-05,0.0005281750615556016,0.0018221947202932112,0.0009277146548731927,0.018851748806262655,0.0016687381028476752,0.00932263862033881,0.010052386042837702,0.0009767226926595874,0.008225587473680476,0.00734622015579842,0.007496375996071093,0.005574718589147005,0.005119903026989997,0.005449108442246731,0.004232585610961772,0.004854135464241156,0.004041814799153486,0.004850465818365472,0.0038249715756379487,0.004868588799090422,0.004283267075441128,0.004490935064558979,0.003606842402620886,0.002367884568130586,0.0019868459202610042,0.0014337091731928527,0.002984542747942117,0.002651268478266229,0.0021511938749464534,0.0038055975400761322,0.0034978973238957226,0.0029819441674841154,0.0029114691006253105,0.0030509309656173355,0.0032221805110702524,0.004587162409221045,0.005773714491092888,0.006255258720577537,0.0188441790399124,0.018181501248929793,0.017344197087491953,0.012398096978715653,0.013983832110664635,0.014711759097658697,0.011765468644553776,0.01512441886326635,0.013072759333592768,0.011845096575997494,0.013202375317260644,0.011420684576409112,0.010479681859104552,0.008384100694767896,0.008804661493293972,0.0003296162746357986,0.0002805524527621641,0.00017577345503303753,-0.00015162667969741646,0.00018004347913063942,0.00023360495253255223,0.0004608315641583164,0.0008404584382324246,0.0006264537815819046,0.00024799050664027294,0.0006978531660422929,0.0006752842691881028,0.0013376983230728408,0.001983115984492002,0.001767251411403023,0.0009132441217576583,0.0008338623551359903,0.0008361176508762911,0.0010162510285109405,0.0023043858942961948,0.002549823459425339,0.002198342751828506,0.003730633996267301,0.0029050346663623827,0.0030571075133039084,0.0045743720261583794,0.004208915178935258,0.007692649061476165,0.008469681226326051,0.009253353720928843,0.0002877621918820548,0.0005166349934568819,0.0003647760954863543,0.000347028669703185,0.0012872296474826202,0.0014054220523938815,0.0006353116213927454,0.001516045260764496,0.0013874281618510668,0.00029389619241445273,0.002891821046802968,0.0026161586327306087,0.0018927248773685727,0.007737015786794218,0.008720098837605108,0.00021428636740463328,0.0006027924512623822,0.0003681989532818601,0.001843759924891191,0.004070448209904026,0.003085713839670608,0.0021101732793023693,0.005581289902071474,0.0041143692446393995,0.004002717611263242,0.006234267346453715,0.006234218491972035,0.005662834021495997,0.009837734420440841,0.011278983245519096,0.006890673993351624,0.003326764428194842,0.002924567586047351,0.0024740804461340637,0.003963020331412028,0.005334535284226645,0.005876179662166667,0.006926513853673011,0.008843949257588168,0.0026514663773564277,0.0025044072557233107,0.0017339968338924826,0.0022997481727732075,0.0011263645483026736,0.001953308983105853,0.0010218377067480531,0.001650122891638607,0.0017173498166629367,0.0018545493533390848,0.0010813116655883316,0.00303077202200762,0.006616116888782197,0.011040241651502315,0.014239338895036105,0.020528398707509433,0.031405849599045445,0.002161400538243636,0.0023427724073031408,0.0019261248952259491,0.001690114970547278,0.0017481939173912965,0.00361503392648331,0.005498275127863129,0.005881534890163285,0.0068557435744886095,0.008665088001576065,0.0020616685815751192,0.002273132188941936,0.0019782899103430677,0.0022499624391461807,0.0018243211288387498,0.0024871357710395934,-0.00041007017752452173,-0.00032654335566061044,-0.000503379597145723,-0.0006724090851812795,0.0037562200227878014,0.004258168164058904,0.002827036635541663,0.0029367639978692063,0.16954085596692298,0.9644999997132666,0.9645,1.0
14,0.001654945343430553,0.010255367579440929,0.005839671031729455,0.001242446398829807,-1.7646601830357343e-05,0.0024178777088570574,0.0019729267596429526,0.0010732095843910025,0.002244966638277006,0.0011886253225420911,0.0017501346079877584,0.0020304037106009475,0.0033797035779882154,0.0019155106446833868,0.002016277085877342,0.0016286239957539555,0.002223335867816412,0.001809392537098101,0.001856282184456928,0.002207257738372083,0.0017379308360821052,0.0018193573028578067,0.0030505158974663093,0.002160351020424084,0.0022990461361148394,0.0034445906110169623,0.0026007579726462123,0.0034837249869059963,0.0012295534272429855,0.0011374501251740507,0.0013912999430333811,0.0013368310657932714,0.0015848460304002643,0.001394030988822161,0.0017397827306350265,0.0019582722352663325,0.0016971094821107574,0.001990138917406172,0.0015504138897686492,0.0018350648642014521,0.003033287377711347,0.002632867314297656,0.0027537932398481214,0.001589759441222415,0.0015177006966755947,0.0017205028683157759,0.001636280722297515,0.0017506826619153393,0.0010716685207179497,0.0013945195265086612,0.0016851396187772538,0.0014510694701315966,0.0017153714581221397,0.0024636925689674157,0.001803039152408635,0.002334165037231986,0.003099244578862317,0.0028659816837902008,-2.812126910614817e-05,0.00010431271782491206,-8.522225292041289e-05,0.0006332950202059948,0.0008288118878473704,0.0007353098166008824,0.0017668134514193785,0.0021769639627155484,0.0020313592969942473,0.001283591430539691,0.002553898514386042,0.002100692542648252,0.0021633355102299873,0.004292528342715976,0.005138965289708689,0.0013406948956830966,0.0010830715163320298,0.001347770882992098,0.0011724661870430254,0.0041322322929764335,0.004015406987160368,0.002770745773981358,0.007568105557332426,0.006121999784363947,0.0031934085918282912,0.010420208024433067,0.01015562589838126,0.006035637508470387,0.022256524055367898,0.023280210961005982,0.002176684673690845,0.0023780945421065245,0.002148356987935854,0.003987296943191507,0.004198235111373853,0.0052034951716739344,0.006892197372378226,0.004723553550844627,0.004256980913191089,0.004046871313941742,0.004849787774223026,0.0055510948311036775,0.012146194252258298,0.01147216840226341,0.013598843635125818,0.0026325354137110195,0.0034506552123234053,0.00257686513435266,0.005352467814326769,0.0077645578591329575,0.007125962203140012,0.005236343404399579,0.009681108931804586,0.009807105613035893,0.006977905009758241,0.01449024455589033,0.013064648877387527,0.012585298189861831,0.029776464992705743,0.028190138551600293,0.011916162034531573,0.0029048681083543196,0.0024613661115655285,0.002373597931970477,0.0022595526644669443,0.0012732054137349915,0.0016270489886882824,0.001909229482862467,0.0024537533678152994,0.00244593077287534,0.003036662719484499,0.0036200141734249584,0.0037262354671209206,0.0050525640599696124,0.002107480351107397,0.0029744135251902845,0.0036293406127561696,0.004452485220648419,0.005231508009333028,0.0018405560180778998,0.0025522851678245347,0.009794763675414061,0.015123186153257893,0.01667332070486288,0.020809741798666206,0.03514154334197082,0.002196826133712754,0.003558176747662979,0.003260701041006156,0.0039897184829335245,0.004761529916605751,0.0019809830665938107,0.002032767073020425,0.0020604244609951825,0.00195421071383259,0.002125920522968089,0.002465317259382494,0.0031692684838138105,0.0037632641495814246,0.0040289932777363745,0.005156993357151919,6.506951555176252e-05,-7.990450692811765e-05,0.00247150161417499,0.002817833059710873,0.0032997855823879477,0.00404853894181804,0.005051833463340222,0.00860016443945867,0.00820646529817323,0.16954085596692298,0.9195000004725946,0.9195,1.0
15,0.011971301881814618,0.018956731017644123,0.002449145795741822,0.0007300552347712838,0.00010496148197590412,0.0010201796014462454,0.001493727852774554,0.0006075411022787078,0.006063130359575013,0.0013134348432225524,0.007038247151448685,0.007401715197345939,0.00255357182765936,0.00659412964097909,0.0059119179690561305,0.006395064135577242,0.004873078526420678,0.006180234088199714,0.006105041762759495,0.006312732884755753,0.006203629888830847,0.006999162008483748,0.00618596281786701,0.0058555792368741085,0.006029588784371739,0.00672859304317063,0.00779546931286522,0.0076877676517604345,0.0016980596646399989,0.0019014605295967254,0.0012288512513759556,0.0022260432379941253,0.002036519333447894,0.002567906362550372,0.0018259065210316661,0.0024584234213476455,0.003102813206684822,0.0019074798023736835,0.0034428087926832705,0.002768821816793621,0.002248065125777351,0.0030649680934918848,0.0032606435306112365,0.004967385698383236,0.005847223909718365,0.0055625774654145315,0.003393936433409195,0.0045062845553177616,0.004819056153199007,0.0041905176204249245,0.004490696269592092,0.005021031342259384,0.0038949526262850357,0.005091363469776193,0.004779530173783728,0.004939389973156784,0.004927686649533673,0.00565291161047265,3.624796826296064e-05,8.888050454916448e-05,6.290319515565191e-05,-5.470237182438426e-05,0.0002925438276294421,0.0006903622405143874,0.00048615679412827167,0.0007559752696023064,0.0007251996033800475,-0.0002565074830113352,0.0009670841809408064,0.0006417891956081125,-0.0007290740293543189,0.002761012786289416,0.002426732487844878,0.0005492518015401493,0.0009066829249053527,0.0008565358731993373,0.0004397235121927032,0.002215349284560481,0.0025150230346862486,0.0013432470582493805,0.003804671785496615,0.003677241578876637,0.0009589163204422377,0.005118302495002546,0.005120868273258329,0.003276493977909384,0.011246322950456454,0.010702479996713766,0.00011751326452621328,0.0007073725650371705,0.00031228409755080686,0.0009458554407948695,0.002548267568806895,0.002546787908820213,0.0012875912271957835,0.0027964109516601695,0.002242817429811892,0.0012988644127971377,0.003409843105954943,0.003017932085737811,0.003464176686341864,0.014229476979728015,0.01352643475415732,0.0025118342306614753,0.002563435179151037,0.0027593709196369193,0.0032697737028083065,0.006323218035270637,0.005246953493250357,0.004181576058070182,0.007551806296102327,0.007702407482949079,0.005477722612907515,0.011571580537533701,0.010762425412368454,0.009478027283582002,0.024712479889023323,0.02256057955790733,0.014326209498642684,0.0008739026061060356,0.0045325940064129345,0.006105083708279412,0.0007571981887177037,0.000925406266939865,0.0009989921157923123,0.0011542278602223392,0.0012935919546234623,0.005123894279818732,0.004217625557499441,0.005934149016451064,0.005462455423058183,0.007690492644393691,0.004498353768829756,0.004223136627014376,0.0037525676431088787,0.0035884671857695067,0.00416349226781676,0.0014360754777601997,0.0014834379997513566,0.013216297699407258,0.018264035421490358,0.020130088308584825,0.024666693560860972,0.03809864247667905,0.003818627401803291,0.004611994193821065,0.00513670203826511,0.003313455500060666,0.0036141440354462663,0.0010568192684588984,0.0012128614612582599,0.0015644894012875818,0.0014155118272561533,0.0010977806902316195,0.005213103734760922,0.005002313578930049,0.00520029495918093,0.006251487904990488,0.008358906080198639,-0.0002943284803737513,0.001693980770515245,0.00020942394958213306,-0.00041871773062699405,-0.0009585276914381379,0.009199737275966428,0.007792387087065048,0.0066130014084459,0.007201038668196325,0.16954085596692298,0.9604999988123823,0.9605,1.0
16,0.008066701208808678,0.004618094172551125,0.0027445395793195384,0.0014004109595157357,5.629105351643021e-05,0.002165769399321904,0.0018839571826741795,0.0019327532277188,0.00528980418479582,0.0010514643423338375,0.006978270342991561,0.006315068700001994,0.0016536620674659334,0.007499179624689354,0.005163294215841365,0.007102747229950079,0.005723259533904851,0.006032606407291043,0.007050488493476849,0.006215156703297033,0.0057417604888820055,0.0051282794847764355,0.006054173692266243,0.005623021088747181,0.0070565649466099245,0.00627161719890355,0.006588777731854822,0.007267523122557008,0.0010381648011249843,0.0009930993064596117,0.0009041956292440535,0.001342315022663122,0.002063331434773436,0.0014097489782133267,0.002115682356020138,0.0019603544494299673,0.0019155035942332252,0.0019218718684921414,0.0018770784266713924,0.002498188677439976,0.0030491820884748677,0.00240386891781233,0.002659244502986224,0.00351085781167963,0.0053719214005509735,0.004844744202155072,0.003340591984905058,0.003314807256763648,0.004103442639271925,0.003325766751633077,0.0029158789221755015,0.002385835468589211,0.0027224464698969945,0.003141977392843048,0.0027921212789410376,0.004357371020429928,0.003969922245842334,0.004005231362640587,3.293084527595132e-05,0.00016856130437397084,0.000400077245208966,7.071788404464063e-05,0.0004539636848685198,0.0009382862187854241,0.0007550602000997458,0.0006413425763438346,0.0008446865740923305,0.00030442064316062406,0.001350322647555141,0.0008364767751915215,0.0015596601198355625,0.004082473364795362,0.004444522736901918,0.0012725625043438621,0.0014306995173343853,0.001435493940894507,0.001884464437164176,0.002966847883875824,0.0032952289675997615,0.003123883975713959,0.008812955522340286,0.009493368115415096,0.002497247341689475,0.014005233704809163,0.01432108634812083,0.009147960341659133,0.015683525701047595,0.014398850257576049,0.0013147084665925532,0.0013696778866936373,0.0017983060895491042,0.002795075615788204,0.0016036523990887153,0.001308173881834004,0.0016772446649870128,0.002138506756306574,0.0019637955948807974,0.004416219324592391,0.0022653443500033504,0.0015766060836359059,0.00659261979630292,0.0007972588898717401,-0.0005852421246763599,0.0018245206567463988,0.0013833737491374671,0.0013706246439890476,0.0036121807882580647,0.002190771436139684,0.0022923044996280783,0.0034464935340346886,0.0038825295409348594,0.0033325906204454275,0.004000431225386438,0.005068990045691873,0.0054960298157800715,0.006854685337554198,0.008881022538438275,0.00888055784786173,0.006945930324397949,0.0011066623804003631,0.003587031192381166,0.004978065273734685,0.0008999659800940701,0.0023506178302276485,0.002064835153408824,0.0028243973964722706,0.004204954343952416,0.0027962786612635055,0.0034993235580711456,0.004085882687489862,0.0036695882920553605,0.006071998363263197,0.005200130033779986,0.004919393322345286,0.00582703573263087,0.00682915035391525,0.007690157149181825,0.0007346828653704272,0.004292477511705863,0.005300039989480012,0.007814495177109774,0.011614568517905075,0.018963452467945965,0.030719383022761275,0.004730272115655305,0.005611035866617649,0.005495603554634463,0.006353449627393849,0.008045337988591392,0.0007098753113186358,0.0016981364106179815,0.0027833936790026396,0.0022237340169914232,0.004498383473772992,0.0030947283949503105,0.0039433008718011585,0.004055568242399758,0.004511730372850362,0.006300275722341366,0.00031791721606044305,0.006706936767942879,0.00702522880227586,0.0035970894252047515,0.002360603792995168,0.0036108440546122255,0.003550888858416679,0.003498256543992396,0.0026142782592855746,0.16954085596692298,0.861000170900007,0.861,1.0
17,0.0029866378952857296,0.013889539120522643,0.012905104419710744,0.0014799387279799358,0.00031710531384851226,0.0010533307244642263,0.0017538036014268302,0.0014312509923848033,0.0026513857588135524,0.001497300246144134,0.002447945981455474,0.0023983451158079744,0.00256271652378041,0.0026986830105948057,0.002731672342710636,0.0030203362678294238,0.00222346247336356,0.0016543685756760435,0.0019871781730873023,0.0022807342013172922,0.0014431480050066574,0.002058226573010831,0.0021836732724437673,0.0017887830456310197,0.0016348950036858074,0.002905926838652483,0.0027274813921237327,0.0029652035478990708,0.0016140987532426664,0.0010561130997580176,0.0013473568438526176,0.0013281227280534963,0.0018286643188995622,0.0009424985552836124,0.0020506606045230485,0.0018154817878714622,0.0011888871184008913,0.0022524429934017,0.0011250881567100696,0.0015974496539469063,0.0016750097832036654,0.0015099106371386833,0.0017826151618244518,0.0024147737095793235,0.0029714190095254302,0.00236943277655034,0.00204626277669723,0.001968799441091512,0.002143132808669792,0.0018846318470978206,0.0013837724925822056,0.001324060563301956,0.001940791109080556,0.001668534123060516,0.0016616911691157735,0.0020459757218923218,0.002091776207130045,0.001759904838583184,0.0008893677680950223,0.0012948149422336653,0.0014192783699595451,0.001210108644046762,0.005696897838983521,0.00494897467410773,0.002589461976406816,0.00704054823917237,0.006473583473551772,0.002090340084637935,0.01066886748599785,0.008412746357689807,0.00837855558865771,0.023706218529547643,0.025588423166809426,0.0014472262989982394,0.0013192486033023127,0.0017736955412848308,0.0022908260627533795,0.005121816484156816,0.005646625328150062,0.004523744672356372,0.0107766499147464,0.010495187360692779,0.003812003898604198,0.015871067796583045,0.016400074060442825,0.008577660942352006,0.013788620168508955,0.014217101345276206,0.0021248524709796485,0.002681194414673941,0.002540857996398151,0.0007142684688783976,0.001688423134099538,0.00214041613725851,0.0036824276427753185,0.003190873574512443,0.004141832638123012,0.015260178862120076,0.004952484450128229,0.004359654041710666,0.006585572709845224,0.003321797455925794,0.003857277834616847,0.0028710241222402277,0.003789399482066381,0.0041158541789413725,0.00419893459949602,0.0026075322833341835,0.001860221824451003,0.002098407664194098,0.0021173289077574915,0.002218704264372054,0.003464317441959283,0.002526297766990994,0.0017214571578258572,0.007217842187850485,0.005895043561913091,0.005449282298006655,0.006953104590725045,0.000604309972321081,0.002627191841712401,0.002114760181496675,0.0010907005176234792,0.0004865748817278305,0.0004652395733761838,0.0007286965946930406,0.002532517153909783,0.0025690310716400184,0.002659227830795363,0.0028727023090948187,0.003455005971506521,0.004474896876075714,0.0031315760495566817,0.002357592994769023,0.002819213468205584,0.0028734111022833864,0.004133614313178012,0.0012794301008455687,0.00331723321311525,0.008014229347898137,0.005867691635320968,0.007658664305012693,0.009159660031064165,0.018389446222314563,0.002953023149025855,0.0019551817299490945,0.002523411337240985,0.003542604275435082,0.005414802012714102,0.0005836072357004302,0.0006298364060933117,0.00029215693756300777,0.0010046603832103813,0.0028283550553959143,0.0026051892296949405,0.0023697959884772606,0.0019653568571416486,0.0024765775931041485,0.004528625083336027,0.004500755422111203,0.00038596309028695344,5.9902975194543306e-05,-0.00039963413440886333,0.003213735045961977,0.0036484982127480735,0.004264545539017061,0.0056375752712537605,0.006507909972089589,0.16954085596692298,0.8100000439117989,0.81,1.0
18,0.009623294436012859,0.017390684962986673,0.020924947483052268,0.0005975077257141581,0.0006576580451529692,0.0005120373076630803,0.001294917264985879,0.002350703714964875,0.0021382759853193155,0.004987692526651133,0.0026057442260343207,0.0027155151652052236,0.0035281689485647354,0.0027075256644642593,0.001663808835955926,0.0026365158328006764,0.0015190333957588323,0.0017999561913682243,0.002019076383666465,0.002423115183297946,0.0014341860712692323,0.00146649389388252,0.002571671331729805,0.0011351258347843548,0.0012520765029993644,0.0027367983156611204,0.0015874127783014485,0.0023147490049310483,0.0057013731793669285,0.005512367946809986,0.005544268656416019,0.004481814106384903,0.0018709825881004873,0.0020229194647874427,0.0017692348130916044,0.0010965584635270111,0.0011612851727054781,0.0012605367314501635,0.0018536739989422556,0.0019531148995664898,0.002580908360089915,0.0038192639968883334,0.002553455683706052,0.0008182162102023641,0.0011485248127162167,0.0015423116387688076,0.0015553453460443077,0.0012888136513618006,0.002196049218344484,0.0016395333384280686,0.0020508464130059544,0.0016683169003070017,0.0020307441928852006,0.0017594804548852908,0.0013393571650916142,0.0018222758329176987,0.002241862854711796,0.0020961057351351056,0.0012729518458160917,0.0013173099439652437,0.0012880912241499632,0.0008919731174683033,0.0036457881949892457,0.0030929813544393284,0.0022257839864512816,0.0048113394502288034,0.004452470102570697,0.0019094573867776917,0.00479901022960459,0.004865035098011158,0.0037064144909924562,0.010556519984475418,0.008910123104307577,0.00476239951845641,0.004013767058875128,0.004306789733051754,0.003908942629655904,0.008184803176152196,0.008504909975555187,0.008843524987433578,0.006031477604055421,0.004679067516008059,0.012253742371835158,0.006640427374452217,0.006552060208952709,0.013120551218067685,0.009919532969833389,0.012936040255847192,0.0010763379973484277,0.001443585529013787,0.0008870462862862447,0.0006937738978248602,0.0032877767582495192,0.0033247995995621875,0.0021424566235883494,0.0027785545963633284,0.003409047507716575,0.0017626213084233012,0.004355275552597728,0.004540746241164088,0.0023004503453418115,0.009510881254710094,0.009034177407897546,0.0029752334378318267,0.0025743142829888063,0.0029206977933010883,0.002652940507057345,0.008829216137155715,0.008283848924661474,0.0035391383877101325,0.0022501908792089296,0.0013022033554623504,0.005339357781737088,0.0012150923098153388,0.0019760684537363632,0.00554105236608002,-0.001578292737288524,-0.0007060836091911845,0.0067896953163976426,0.004957556168748054,0.002246367925305553,0.0037228639113250452,0.005339063546050128,0.002074159345503214,0.0015121424263501067,0.002133060700180687,0.0035282205369446653,0.0030306970513575195,0.0019725135605843684,0.002138875881391597,0.002508591658256274,0.002971073644657839,0.0033490751767700053,0.0029627562868357236,0.002505952840270042,0.0022210644963136417,0.0034134298011392525,0.00044141121730969124,0.004336570931812344,0.005538780072248166,0.009801866456413452,0.004368928648600162,0.003884436644478869,0.0018311034311613765,0.004058195100713019,0.003346729280146852,0.0017689206475407964,0.0031102061689702726,0.002559840078146866,0.005151137150944504,0.0031086095327339256,0.00226030377872569,0.002445965862486684,0.002869564229886613,0.002118829759465594,0.0025336715302058735,0.0017025146735762866,0.0022076946966909233,0.0033175150137965104,0.0018250470167077094,0.003177204932491591,0.003158822539987261,0.0032986441577275275,0.004348467737453549,0.0047394705970119156,0.003440576573417153,0.00432980767438863,0.004461117404955637,0.16954085596692298,0.7714999999101522,0.7715,1.0
19,0.003403289114541896,0.012235962868054423,0.005714791460432169,0.0005264496161074926,-4.988427121262647e-05,0.0009978982570591063,0.0006146221122839418,0.0005511563245359276,0.002221469008474906,0.0018141057383301363,0.0025483928758986783,0.0022379518789815726,0.002766309709754749,0.0022214306689315164,0.002125643285012335,0.0023672720399527036,0.0027855301327035713,0.0031043863708727863,0.0026810054980910946,0.003412990704438642,0.00300845484412436,0.003336185613392944,0.004220248593064844,0.0037847143948947473,0.003334209127835678,0.005198922038046807,0.005693296955179561,0.0053197515971633545,0.0017592995907644681,0.0023946865605448038,0.0019263957543130144,0.002078197067215014,0.0023840034830883367,0.002909758092801671,0.002565719157603906,0.002788389629724709,0.002606286546546433,0.002845305208505238,0.0029990413638314108,0.0029564254174394137,0.0031251875228691574,0.002723155717701973,0.003028355973954747,0.0022981611787224404,0.002777220230516377,0.0032646050539685716,0.0025545567879787017,0.0026737646072470186,0.002904064702611529,0.003143918007212983,0.002614600613346292,0.0033467931833012516,0.0033166363930147557,0.0034092958246166,0.0031410391955785577,0.004307036537042833,0.00429411815230118,0.004477438742496016,0.0001795412736808722,0.00013635028739360138,0.0002808959046593309,-8.556932560485582e-05,0.00027999009220968166,0.00040389938495115043,0.00013471075004806325,0.0006516335291226617,0.0004346814720250812,-1.2013477131096708e-07,0.0011623263329128355,0.0010475097482795625,0.001496281113235945,0.00255263201662514,0.002740961229249681,0.0007421407661650614,0.0006919110427460221,0.0009703155271950989,0.0005966216963255815,0.0028473677763900147,0.0029490094568370567,0.0014063173342247159,0.004191636580058964,0.0043457086029781355,0.0017224602613806267,0.005999856689066462,0.006283908385817274,0.006025913677029471,0.01723634975802849,0.01635868954527836,0.0009368797409745419,0.0009514911817050858,0.0007753946036603937,0.0009316922363933942,0.002742807939439193,0.002718008450064083,0.0015287861325616273,0.003234860261006049,0.0032131995390518595,0.0013835975316465758,0.004299235176565025,0.004334516226487663,0.004998829835069048,0.016058986789190113,0.015442194929506213,0.002957685086133638,0.0031695770484164174,0.0029665770979705112,0.003933696356966368,0.007095560598406214,0.006210901758595706,0.00477045908745672,0.008079177293736466,0.00794805114002036,0.005798674205477965,0.01188231026540284,0.012162587785276107,0.012886721426158229,0.02770561482357386,0.026992148831402548,0.010924458389100052,0.002125353803703943,0.004521506248543459,0.006521514802322824,0.001869008503391101,0.0029854057877409666,0.002632535185695261,0.0033437246630842036,0.005324635272007315,0.005341147221378208,0.004651978636864616,0.004751582133390288,0.005707919898331316,0.006363833394234509,0.005905912138655932,0.00561366967032189,0.006318374985660351,0.00704944271175647,0.008181426859539868,0.0012602424581742058,0.0013418535942398137,0.01145640057621032,0.018560326650361947,0.020482066333528958,0.02472152077295092,0.035583606348503,0.0057438678083294205,0.0059464237990060455,0.006327080540646945,0.007034215856548622,0.007230113862924786,0.0023099523524888203,0.003072490571706649,0.0033581084781867626,0.003805742515552207,0.005321280040655305,0.004574977982094945,0.005200911985988173,0.005377288584645594,0.005463890065657935,0.005970940203501638,0.0010317340309946308,0.0021802307509858217,0.0038589161918044824,0.00564336185696597,0.008154159839329168,0.005430897767580641,0.005513338550991413,0.006418081614293733,0.0062675247396099245,0.16954085596692298,0.9720000000027649,0.972,1.0
20,0.0020531166760104145,0.004971141639199534,0.005427819669483351,0.007908777244337216,0.003557758233910666,0.005173766288688963,0.008513922076277014,0.0037608041321232346,0.0030038040832229243,0.00728476706941433,0.0023223987034285097,0.0010876598349497295,0.0031005691976747885,0.0015698203147175313,0.002281550790286895,0.0013258121172922785,0.002317574934795768,0.0012703266548211491,0.0013515344148846314,0.0011719161945761246,0.0011386551467511862,0.0008690807697586643,0.0009967118042852811,0.0009992339371805773,0.0016876357379874115,0.0026612200989329787,0.0019024455653574622,0.0016984665914542521,0.003948376255304648,0.0030245805463547768,0.003635668398620268,0.0022489926477781527,0.0023218713937743045,0.0020966854077955214,0.0034256779580447753,0.0024823948067241664,0.003234029706981098,0.005969132653361321,0.003722360684228639,0.003610140444961634,0.004866372000499632,0.006370738142736683,0.006048572448801075,0.002621158405779737,0.0021366781446732004,0.0021422927898553886,0.0011841725941432262,0.001031792769646147,0.00108470265606326,0.000987521262286199,0.0014706493464176197,0.0010194567107803419,0.0009176675848930578,0.0008228610859530696,0.0011521753752808288,0.0018616261835076682,0.0014519556066481464,0.0017318064332720712,0.0035163318997817935,0.0036588761284104725,0.003587730623106565,0.0014251455964723022,0.002857005934586655,0.003179990518836069,0.0016557312679457582,0.0030514858657935597,0.0036374088974792636,0.0030977242862563156,0.002118936100933065,0.0020550721050165157,0.007138325373086236,0.00201819349734776,0.0019024485690684238,0.00296067000643815,0.003896744178718015,0.003382237962584151,0.0031715253126051537,0.002123975134806818,0.0020070127947335883,0.004127630427751475,0.00044414287217423254,0.0009006226900235931,0.005093578720144885,-0.0004825370400393165,0.0003273692597402364,0.012734770381513291,-0.004646488428282671,-0.004748904584694639,0.007301651707373741,0.006324576358649999,0.007062470885170556,0.01104554667558616,0.005645525609544146,0.005056788108179664,0.007927129289116062,0.0039234554273810725,0.0034228869659432295,0.008390972307612599,0.004619934953076196,0.004346198088501306,0.02654147682312946,0.001501525613633163,0.0027058153928246963,0.0024567181151266865,0.0019216379662614065,0.0024854365896768414,0.0010446668911325762,-0.001324689604619049,-0.000970408713832301,0.0011900818468035365,-0.0029103385023067263,-0.00154745516071132,0.0017851077083233938,-0.0036854221746255933,-0.004597738845363253,0.03191692423319914,-0.007549818731603344,-0.007009558496361694,0.0015436663599462616,0.004877717143995826,0.0016494385238107487,0.0026085079788119546,0.0025884288541905887,0.0012025331740310224,0.0013944336152680043,0.0011445198806398686,0.0018498672599158218,0.0016122384405333474,0.001961962618203074,0.002636272349483784,0.002819287534659487,0.0032890377299868907,0.0023863168146203042,0.0026051074341739895,0.0029404464662156383,0.0034808771676366735,0.004668218154520337,0.0033345080090921636,0.002450601010986438,0.000523521122995328,-0.00025091115607412014,-0.0007891095957623482,-0.002030665906516452,-0.0026980542161790496,0.0020938623707071075,0.0018414196204440676,0.0028063080788939226,0.003460867044830642,0.004244824561137784,0.002992616669020383,0.001319888943082499,0.0011267344795439255,0.0021079172966021243,0.0020126405752291586,0.0019346489915197927,0.00214458978585761,0.002761571676236288,0.0025385384420836023,0.003884754998606831,0.00017649115424522716,0.0014839682507273866,0.0058186251006609275,0.004221500071319696,0.0032423906163157974,0.01779047087922183,0.006738804815166268,0.011114792783972476,0.013060503411572498,0.16954085596692298,0.6735026073992361,0.6735,1.0
21,0.0016645888710936987,0.00485151607913112,0.002752805800250008,0.0008931424961934922,0.00019641196647417805,0.0030690708333100383,-0.0007141348685282552,0.0016810742581917428,0.0031717006448281158,0.0013955811372341276,0.004086976156024793,0.004298064707852463,0.000640440489003087,0.0036838361953625332,0.003802010151516116,0.004591166299251974,0.00357224798850583,0.002907639434346922,0.003287973365575637,0.003404484859380848,0.002709216041209006,0.0022278055473833533,0.0029610417085145302,0.0017880799624328597,0.0021088583813181844,0.002884323136072165,0.002255416537628075,0.002317932964172488,0.001256853419832639,0.0016278318426489792,0.0018674441834870352,0.0014398871136698482,0.0019117243126773708,0.0013453287149527975,0.0018759487552610968,0.0020058025489975706,0.0018454479223041418,0.0011722061556601255,0.002095613930419663,0.0022699069925013306,0.002809312837885364,0.003815366826519974,0.0036119684159013517,0.0031219220444635262,0.0039224970360819105,0.0035159445326039033,0.0027055478739710006,0.0022890848065690588,0.002483036577637671,0.0025874442079350424,0.0011918477580603196,0.001942454119160427,0.0025155133214523778,0.0017694181010012111,0.002165374496975002,0.002775127567350989,0.0022400336329728696,0.0022263623655115615,0.00046429156048356763,0.0005788917843313661,0.0005724515864533299,0.0007016090027786407,0.0014731617787850885,0.0015612297258390676,0.0009008680258714262,0.0017785376488405635,0.0018415216504004666,0.0007148813291269244,0.0017648592641317015,0.0018608534505025836,0.001593760410777883,0.004410484057118513,0.004702987037407367,0.0014766604627013914,0.0021273283011705338,0.0023870213633226537,0.0033070571379837555,0.007377012117629216,0.00925518078766049,0.005630531847106087,0.01288432092859837,0.012737437821466266,0.004577441538758544,0.016437326957313293,0.016994323690165927,0.011203036991491541,0.03664816855022483,0.034084890244660854,0.0011129800509879764,0.0006343553457475091,0.0007861702815561792,0.012470538681984625,0.008116742769303464,0.007809608515807563,0.008779008456599714,0.007651418593225037,0.008381744164311915,0.005381184567051716,0.011327044487081137,0.011153989926434177,0.007132627154153888,0.010480411601394096,0.010300052803105364,0.00194943685031496,0.0020425858942345427,0.0010988646238267387,0.002933418915365498,0.0026873736665000217,0.0028413987366914767,0.0028294138936602532,0.0037705525238237855,0.002931694269947105,0.0038598844012546706,0.004587650707121168,0.004562252762420476,0.005530516519396583,0.01091726849061635,0.009864105191729155,0.003963354181283257,0.0012535619136408729,0.0016395980299690014,0.0031172240758971107,0.0007559609612312067,0.0009116373674892308,0.0009999038978324038,0.0012816341015893335,0.0013762175762358523,0.0017417326702344209,0.0018714452791929346,0.0025086927281433723,0.0028220943250961013,0.003657256882040821,0.0034457194902001,0.003601594729381925,0.00334380463479198,0.0047580065655584,0.006077351537743633,0.0006864845513039537,0.005379896191463725,0.0073637676754953725,0.005346865553989832,0.009631327805283503,0.013102195403961967,0.025287195883079473,0.002819530858011043,0.0032588160232859768,0.004723638468335918,0.004318586301706148,0.006399637243073099,0.0011970756755551335,0.0014556150206080835,0.000980898800541028,0.001474708639719879,0.001953148827222704,0.0021439468439051154,0.0019892226735441125,0.0018804397407600547,0.002351916906096351,0.0033057754773036076,0.0010477908244553127,-0.0002847903631865875,-6.692252425413264e-05,-0.00047882041284416134,0.0003045179311068058,0.006504538079999434,0.008665512849697826,0.006887573088689368,0.006338326615489996,0.16954085596692298,0.8715000090248193,0.8715,1.0
22,0.0025078497445275216,0.015157686515326918,0.0019686673512456353,0.003297240937178046,0.0019828315105812717,0.001847040115010087,0.0017291490112940654,0.003579634067430968,0.0035595199085894196,0.0014763511539046357,0.0028184786222202104,0.0031440678049858934,0.0009073068434747605,0.0027464189869397214,0.0026630871163054346,0.0034358367583401704,0.004063146364631235,0.002443072864270891,0.0032012133162621094,0.0032791147788879464,0.0026596368536707686,0.00210937065466637,0.0031788221319763586,0.0021654494304657024,0.0021244966781651066,0.0027316581801231335,0.002331710551652655,0.0022468348896167323,0.0015716022266899258,0.0011910496656060956,0.001699961198740182,0.002581984025712255,0.001606150759658775,0.0018183757906498955,0.0016694838742367653,0.0011594502207514124,0.0017034137445094946,0.0016967350064670183,0.001759224983630408,0.0013902465288086864,0.0020337573610060278,0.0016863778448753964,0.002242084238923039,0.0020928741082058503,0.002935025820958971,0.0024406587713470644,0.0036767394348122436,0.0026356006282740015,0.0031628720392662033,0.004338365744998496,0.002848727110148332,0.0031236351463560194,0.0037706763083920547,0.00334582716465337,0.002570869480187979,0.0030274718757766924,0.00219129108479224,0.002621395272901798,0.0022477452600014264,0.0022324368961206677,0.0035762830521105927,0.0018604453307749377,0.004804616936425482,0.003941546422364251,0.0019258192824282885,0.005008838610620411,0.004754511714920542,0.0011863279337281298,0.00673108981864508,0.005411266732072701,0.003166529283581043,0.011347107149382661,0.012673328671345095,0.0017736765497797177,0.0019517188667480107,0.002514895568429467,0.002508081680651844,0.0023800920003891257,0.002219541421784813,0.002905451190056953,0.0016363606765137041,0.0020083642162400483,0.004882127262008709,0.0014718814546622267,0.001457358938141994,0.009128661944826814,5.92444656151526e-05,-0.0002874485357808179,0.004820850203836878,0.004488022957823864,0.0034816482320515103,0.0021371451197484234,0.0027801302207123677,0.0018782940180049935,0.002805869557831985,0.0026718670800552277,0.0025611684295964135,0.01026230297035974,0.0032039768976280247,0.0032636891021637993,0.011190002354119082,0.0014660752192804858,0.0019294879753502595,0.0013642698807277162,0.0008635164318721873,0.0005503957051280926,0.00262822484344012,-0.00012572004868944192,8.908485983985667e-05,0.0039508701660136095,-0.0010533190069835436,-0.0013082204925087125,0.0049695945126833506,0.0011690035124111142,0.0006342255564394001,0.013387976887095032,0.0003296727211096601,0.0003601706622335343,-0.0005711323319250115,0.002433104137007134,0.0022155561050067863,0.003342531166893054,0.0017338912128672269,0.0021317503586964597,0.002451451518674076,0.0038603994778977544,0.005475072397518041,0.0018902408694335886,0.0018929507364779739,0.001932827845493169,0.002482942498626744,0.002716647682584664,0.0027553860468109786,0.000995083565945109,0.0013185576640562223,0.0016312902050962808,0.002396503124515182,0.003137356273307872,0.0018686922452324831,-0.00018117744135265435,0.004712578826382561,0.008325876411165741,0.014078577160668033,0.025160508164348623,0.003058864905152997,0.0016598735057728002,0.0010124612230719217,0.002195648383170119,0.002213656528226149,0.002387643847899503,0.002180580649183652,0.002034052946896089,0.00427453892505112,0.005568332292486622,0.0018702461292551542,0.002472664795316048,0.002397852250082143,0.002468552999424092,0.002430424646117653,0.0008944670420832081,0.0011282402212564966,0.0013451693187595,0.0013642479887810682,0.0025153951504674164,0.0009116268848292047,0.00428144607182186,0.0012284103421484726,0.002201323199251507,0.16954085596692298,0.6739998400619003,0.674,1.0
23,0.004121001787569948,0.006895143252202906,0.0011103164820969677,0.0022393851094719658,0.00044480494127669356,0.0010830654282635284,0.0007431387055025813,0.002409854122100855,0.0060315467913151614,0.0016429688223481918,0.0036379544144871023,0.0032696253296774424,0.0015565937731213742,0.0038133828962841647,0.0032110481457996577,0.003381445739563734,0.0034754221090247932,0.002833939707163624,0.0027729951097501,0.0035387277514566454,0.002152466349946256,0.0021656778746544556,0.0025758677973230413,0.0015668066497451568,0.0014629525180668553,0.0021601201561194496,0.0023066688325956656,0.0018532709074467507,0.0018507241506889756,0.002026243246525772,0.0024849732018949267,0.0032839605063125477,0.004167265085093434,0.003913575403546767,0.003942709158846634,0.0032169971664729254,0.0027388157603345105,0.0035027673153642056,0.0043198798105670965,0.004155624598600709,0.003867870823124997,0.005457088509535112,0.003618782581589432,0.005723427362769353,0.005235751705453984,0.005833686342679262,0.004378269108556255,0.003443992436637494,0.005336594453855352,0.004647608404964669,0.004098218456650816,0.0045693393673733596,0.004378328931653834,0.0031685234314274215,0.003008022316379254,0.003057730965778743,0.0024434896768092858,0.0022932090721548217,0.0011194217878765886,0.0006310340296171771,0.0006773568161700173,0.002072810977094729,0.005945298995632875,0.005186071095534312,0.0029421803557660646,0.0077344554059271,0.00738644747256679,0.002516654426317984,0.007878739309271686,0.006929057271330349,0.006297814412928691,0.01681603259851245,0.01910063311939593,0.0019667487169772956,0.0021332294614051987,0.002721998534515529,0.003161601935871304,0.0038743919849962916,0.00403659170077486,0.003284568064954826,0.005448944181062687,0.004529388928908292,0.00794370876278047,0.0023325769742844203,0.0013120384805101867,0.009273078252941878,2.1049142915169338e-05,0.0007274580852954337,0.001983334890016426,0.0016647655560409168,0.0020677252001375904,0.0023938971791377427,0.002344491481121196,0.001689758887156122,0.0029941313250174046,0.0028287911082861177,0.0026286384116320943,0.0045635115909709485,0.0023319790684770613,0.0030565229617095465,0.005659860337903627,0.00016506393138953195,0.001172076379965033,0.0009845983632293463,0.0011061276890498432,0.0009406874699329101,0.0028186572899442193,0.0017232841048774742,0.0014774343282413676,0.0026556640132449566,0.00019937556932973256,7.220001666558626e-05,0.004764875598248785,-0.0007664280839487324,-0.0009709712215545997,0.008638172713031711,-0.0003373029192756676,-8.950791748668832e-05,0.003726023090739114,0.0011939023460275197,0.0032518268281086595,0.006528370739092363,0.0016706998111492104,0.0021705771415992665,0.0024943784425689925,0.0029521979990438678,0.0034347137904496574,0.0025516394589537653,0.0027240189883269536,0.0036470795692424493,0.003876546791459159,0.0045193821805745785,0.008038328463023605,0.007492376825756169,0.008554548300953995,0.0075957238241070885,0.008852670977626126,0.0029885126159578434,0.006488348718669986,0.004614897686856214,0.008628575742152672,0.012285210504721545,0.016504631905570326,0.023709626113220857,0.007019046852368645,0.007730211651399573,0.008002082251894492,0.007184994750452776,0.00950644921919391,0.0017088478559574734,0.0023470926240008955,0.002205885049961576,0.003040695268204675,0.0038696249306796973,0.0027422148611795324,0.004224573395541499,0.0042469585082103726,0.004013267131352935,0.005666552717439464,0.0009207135309825526,0.001071540573686526,0.0002687022816419776,0.000331993510761579,0.0006478024838375299,0.0058722338199202,0.010886959965132965,0.009857571887140024,0.008715889796218311,0.16954085596692298,0.837500027200679,0.8375,1.0
24,0.0061648267937162516,0.009408382651841813,0.007284533437000783,0.0009204402186450007,0.0007082079496017822,0.0006448655908171965,0.0019096345174743866,0.0010814858427625194,0.006790010652435114,0.0034514699894436242,0.004334760641050485,0.003855908890733551,0.0024826391203532343,0.004499573293295354,0.0038761463238828255,0.004656242465757233,0.004531492169669565,0.004483918733332496,0.004387831826801956,0.004469601510976205,0.004191638416094888,0.004424571134316236,0.005149771304752063,0.004454907899140138,0.003996339897971418,0.005733563101494569,0.005378286984697979,0.005093306893543132,0.00366432235331247,0.004205129476139813,0.0036872134835303984,0.004297705419729982,0.004839011393646656,0.004508223000540116,0.004560509017529896,0.005495630731198348,0.005121427571594627,0.00443544226097455,0.004926956999449568,0.00562584702732136,0.004404761107655189,0.0060430883985485954,0.006618052279140966,0.0062434485903666015,0.006162604027868661,0.0065764815906171475,0.006301241363017181,0.006057616117068588,0.005823746834642186,0.005822163105945845,0.006252540916803864,0.006011371693341761,0.006067310418652405,0.005750549121713711,0.00596231386907799,0.007529408084168149,0.00721389942398504,0.006552457503429102,0.000659432746437636,0.0009356339197521414,0.0009825575669572316,0.001210212865924365,0.002545488814795803,0.0027618363036237777,0.0019584765336956747,0.004344683082785913,0.004290389315423752,0.002747493871463831,0.0040614952241412525,0.004926700462854668,0.006325148797440761,0.003610446210231304,0.004543034324922487,0.0010454037683765712,0.0009344330373255009,0.0012442900021827096,0.0009998322799149718,0.0039118731069311624,0.004065386675927602,0.0027332601121574465,0.0065690864687674485,0.006218269202574857,0.0027840855761658663,0.008327307535502362,0.010255873677608785,0.005749883072820949,0.017588831331312817,0.016588343251193773,0.0013049121232220733,0.0011058420831794337,0.001413358882290648,0.0004216255751161113,0.0025349416849556237,0.0021530773615262232,0.0014589786551181107,0.002642000801400631,0.002368908423939645,0.0018880423921150123,0.004242175766011701,0.003857101536420303,0.0034544845912887036,0.010138897652575559,0.010560318321473503,0.002427624843585637,0.0026189974532163742,0.0027819921127518934,0.0042891999125131705,0.00544181945037721,0.0051426919833241925,0.0043764835090250595,0.0060263446953078125,0.007046167144034244,0.005087883652020921,0.009712011252991423,0.009765496845917696,0.011999915062762672,0.013736494561754561,0.014072331126703565,0.010078666273610598,0.001587572960915434,0.002787521084553562,0.003454904237884838,0.0018281337351796698,0.002540538432183817,0.0022947101019793336,0.00254291589765726,0.003359068061082629,0.0023064516113955194,0.0024508528676751595,0.002918614843393426,0.002227933283400276,0.00328719209021407,0.0030467180492260515,0.002689260253837348,0.0022681409486817483,0.0019851344989324816,0.0023843584364758243,0.008661297977508168,0.003673834126325715,0.009586536477154574,0.009329970151131359,0.01052825227828058,0.012470391835869635,0.015016583094338138,0.003116298155223631,0.0020983979877056236,0.0028438893620821542,0.0020820927310618714,0.002651006881901126,0.0015580561048275192,0.0022204254280740543,0.0030800553468324607,0.0033117866166195347,0.0038822288885075615,0.0029496330947365785,0.0026636148306061064,0.0020298863113485444,0.0016181341701019018,0.0023767164312886945,0.00038973065872087567,-0.0004945354164806752,-0.0005039554461028234,6.165550800542796e-05,-0.00035000892179962856,0.011214463162997759,0.0029511495364827225,0.0036531682733863774,0.003135560728775277,0.16954085596692298,0.9275000000294586,0.9275,1.0
25,0.00807950079344095,0.014677717139344919,0.0008820915295810129,0.0004047918145762984,9.346307777997175e-05,0.0014897441923098572,0.0006985975229941405,0.0013857416694478034,0.011630081853563831,0.0009138232601259459,0.00667049664969025,0.006862388153146145,0.0009248913352761096,0.0051263577497962344,0.007162969118790661,0.0057824822500050855,0.0038497392132663365,0.004114467309228385,0.0045325599700375314,0.0033776213250386253,0.0029771573946177623,0.0032720985704325772,0.0037203385903672097,0.00397123366388802,0.003776891016571447,0.002682484347420141,0.00546982922762266,0.004546079184416831,0.0009417777846898667,0.001381189057880364,0.0015707185164971671,0.001610510750467884,0.0014863398177658073,0.0012173934796391097,0.0019659599472433126,0.0014645097732896154,0.0018142061647496747,0.001932799204573651,0.0017242813605697876,0.001890824534375394,0.002042391212139902,0.002256466002392972,0.001469355008704024,0.012784288668137257,0.013288917434401434,0.011124479022159892,0.009209422067335655,0.010385453572811544,0.010767102261839858,0.007586335750598503,0.008994686881201064,0.009623122797163567,0.008121388594968077,0.00813539671592163,0.00792687882705709,0.006504216118736403,0.007801045597530775,0.007814471073049242,0.000808914721551322,0.000402737566709135,0.000639261152013636,0.0006127564575488864,0.0012044059307764607,0.00048311317079918975,0.0010673641094053592,0.0016680123329317616,0.0015710777426000946,0.0012855325617947195,0.0038285165206902983,0.003917488111106165,0.0013780465232540145,0.004321592967691857,0.004180525914064625,0.001560930537749967,0.0015689197265857655,0.0015502869079409224,0.0019021164068642091,0.0054355056706435045,0.006190156494711524,0.003569937788503481,0.007435457564892648,0.006737710451756436,0.004175187582526904,0.00610120398146988,0.006856407478182249,0.009735856274096812,0.013269177566090003,0.012365129191507987,0.0006869935313450119,0.0007909859647537851,0.0009955891696042342,0.0005617368108561116,0.0019177489584556527,0.001777658420702885,0.0014238814496030192,0.0017266996738984253,0.0011695682932015255,0.0019215790363664696,0.0021544846951995576,0.0022460091176838104,0.003734057746622958,0.0018029080790096673,0.0018158407483883931,0.000489441992731571,0.00037958828226288525,0.0006590022654654476,0.005565808745365129,0.004021342650602029,0.004130937665503138,0.00301480990777355,0.004003323464229166,0.00279652933818664,0.0029954613358370522,0.0013788348636482378,0.0006430689694202486,0.004633095556923711,-0.0027536752171010634,-0.0016580647726451105,0.006794915852228558,0.0009177379799364579,0.0029848997461407777,0.002294169992114187,0.00040269450093811764,0.0011751948947591262,0.0009838303101277512,0.0008608625284100937,0.002109841915606338,0.002947343687820642,0.0034344736302689854,0.0029558909471820993,0.0033028733626699596,0.0010658715243795683,0.0019235024171268293,0.002389778097741592,0.003618253341870971,0.0039066715648157935,0.0007920335683729548,0.0012578054232935015,0.0032004551190109635,0.00920570413096387,0.020179095269272977,0.021418281499493663,-0.0019108101514020079,-0.00786772928687175,0.0025272777610922483,0.0020958734231877364,0.0030335346295339285,0.0031089412961647286,0.0007537974933950637,0.0005622746262682956,0.0006529767954061127,0.0008433474975782245,0.0010840868383962233,0.002275880502384791,0.003973303475465458,0.003771344611981672,0.0031684962256492734,0.004028142464625912,0.0014541563587177496,0.005391591342207214,3.812184047491908e-05,2.4231667134915293e-05,-0.00010908620919953342,-0.0007965147704550641,0.006750817344634782,0.0074770160123195355,0.0050503914363413385,0.004695357442921094,0.16954085596692298,0.7765000000104427,0.7765,1.0
26,0.0011587231136115804,0.009599551498371694,0.013280713468058506,0.0006196777960203867,0.0008265683256115889,0.002074507040826515,0.004263583712199361,0.0014278634121327903,0.0013576775733433384,0.0026216521211165408,0.001270482053446068,0.0013855797105720687,0.00378208981894659,0.0012882065691009075,0.0013452924991876668,0.001436479911641485,0.001788082842564396,0.001929410035212585,0.0015132594385806862,0.0019492516706614913,0.0022599112252224434,0.0017491241794671036,0.0022644288791472244,0.002393313425797124,0.0024921110842915186,0.0032662165864405118,0.0027953092915604457,0.0028517202467613855,0.002612197466959751,0.0027113369508211826,0.0027799214511991348,0.002947168494621137,0.0022810692733462572,0.002634989276689625,0.002251010386300135,0.0023092506444063353,0.0022342316644213688,0.0027047544270040608,0.0026140574539314375,0.0028430592143738357,0.004012275806514848,0.0059676391728106645,0.006123488768178359,0.0012294530077969323,0.001253335029483195,0.0011171987407375195,0.0022463881505993244,0.0009366038541883541,0.00143835223765355,0.0011257273516543558,0.001096330778416366,0.0015522994712977778,0.002115857302354997,0.0015070524258473023,0.0017639152501198747,0.0020838096453620622,0.0020769087568235107,0.0020153144590784517,0.001483853645921651,0.0020579194898310664,0.0017668565073876094,0.0020913582790642016,0.006463173257929838,0.006153335863380944,0.0036757853719468414,0.007011383220178139,0.006203621913428221,0.0015551876748196667,0.006287343306071634,0.006727958907624278,0.0037941855395691158,0.007516810229720467,0.00815922047480706,0.0017320760534675955,0.0008152422713728136,0.001326175095504936,0.001728382316348049,0.003430788128734511,0.004070157206993558,0.00570770699625265,0.0068498231812424825,0.006372144339988225,0.004322345377722882,0.008481055030014579,0.009734643598730604,0.006306023146729666,0.01797858610859736,0.016471561335740625,0.001135146586754592,0.0011681000285095802,0.0008977614691136249,0.003107302121816529,0.001368049852417193,0.002318292873440491,0.0021398863746797674,0.001235811450051324,0.002139410024450898,0.003514231883116905,0.0022440823525477884,0.001914224803138444,0.007656273467215973,0.005832059475323426,0.004741286843798903,0.0026141921285350337,0.0028851645546981064,0.002756065926709969,0.004541089774766061,0.006261510067416165,0.005615767793653167,0.004060720871274316,0.008361729042591158,0.009011042805245138,0.005348372237119306,0.011408807941323706,0.009975028072704608,0.010735612334826682,0.008070297942973996,0.008696594280373345,0.004372159884449642,0.0008360121748517077,0.0032736971293503597,0.002938936295706984,0.0010453786193379334,0.0007260962999977608,0.001006948129835426,0.0004894106206198098,0.0019392909422194923,0.0032208126147109206,0.0033644329112571284,0.003139927061617733,0.0029393917506181587,0.004496538774934189,0.0029854447004977755,0.002128194541297292,0.0032821911125117623,0.002839718956728209,0.004367400167997551,0.0002838653896111516,0.001959976895821623,0.004187854488685519,0.006969011198038185,0.0077037827449344355,0.008287016129571214,0.012866382488211757,0.0024072813083049053,0.0031863707977848924,0.0028555266372367136,0.0035734769358973764,0.0039843616409534904,0.0008856027026532622,0.001399190897972481,0.0003879841985811572,0.0019340408953913452,0.0016449866343527693,0.003598741559196897,0.003087055378246971,0.002911343562452835,0.002972747382603984,0.004192599037707804,-0.0002338340946812428,0.0009312406864988483,0.0010603447307899882,0.001986421623872922,0.0015208579955933224,0.009699967934662318,0.005619973611761736,0.0071513527495602434,0.00644723343197823,0.16954085596692298,0.7879999999223033,0.788,1.0
27,0.005334365376538815,0.006100184549484701,0.004121906706818198,0.0015507150044566128,0.0008059487386333292,0.00201968447198789,0.0026736645308604295,0.0024118530597099794,0.0059347701521672526,0.0009165310194937765,0.002591527290999925,0.002171955261614991,0.00263542875549005,0.002643130836439965,0.002185584355797579,0.001916677758170235,0.002547641511053061,0.0025481797892348947,0.0026252986852522598,0.003023710380585226,0.0020830832173094433,0.0021886808873867523,0.0032290772125035784,0.0031847301308520815,0.002556115009213726,0.0031586965985889713,0.0034752344980434535,0.0029755852104089583,0.0003595294574484577,0.0008901514059080194,0.0008725623339821294,0.0008592222303574432,0.0004967156792822763,0.0008860982639455934,0.0013922851814573258,0.0003819711349973382,0.0005354366459027342,0.0009155641549172823,0.0004227171232321081,0.0010044873173030828,0.0008855802615528274,0.0007715472729884243,0.0008898587647305904,0.007712822866167683,0.006042107747029119,0.006719972849273649,0.005052388667088147,0.00495835861304739,0.005452449946688385,0.0054655244680763175,0.00537853190842977,0.005946512885218135,0.005425425904093873,0.0054006891760204154,0.0064299979135410855,0.005750068176807711,0.004795571107238837,0.005754065949085947,0.001445659084645752,0.0011140655339942841,0.0016025670222189685,0.00034573852387041303,0.0013666570222501764,0.0013744871720712654,0.0009777503522686924,0.002255858626314645,0.0023663646400817074,0.0012585551949869417,0.0028623340248126765,0.0027980314989251597,0.000694800894498259,0.003931520502944817,0.004883238524982809,0.0025105678061653177,0.0030726633743598814,0.003336374696302265,0.005744360158459173,0.0027228123494530817,0.0033949842668761204,0.0047148170618096195,0.0033670464631992015,0.0035427878856557414,0.0018965279114879958,0.005630445376993155,0.006459098722543255,0.010495667998055272,0.015347463643756326,0.015477679592593978,0.0016444153872378342,0.0010752303315395353,0.0018890514401617635,0.0005891174142465564,0.001631421247596723,0.0015683570632132667,0.0013562297220242989,0.002221704441225315,0.0018168334578442637,0.0018365438700079903,0.0030705781172476938,0.0033046236937131616,0.0043885435882577975,0.009287442754368708,0.006933729827445074,0.002570436731111049,0.002994775536627638,0.002392531274173257,0.002803664963236022,0.003444400465697561,0.0030876595236143515,0.0028374891424787453,0.005265214862764666,0.00369766833053756,0.005798047974455183,0.00743220913584592,0.00815160002438475,0.014578553835206327,0.018031436636367394,0.01770696244746672,0.0049419285337877865,0.0026626769029946054,0.001811717565271724,0.0030494107179518393,0.002202600429500676,0.0021293178325857043,0.00275853633635322,0.0030448766485334606,0.0026156683200946784,0.0018614537111614439,0.0020053467714933296,0.0022407449035484936,0.002186123450304231,0.0026707616682089715,0.0033144889509918126,0.0029032858490220036,0.003979100915128542,0.0030240483287047935,0.004599373699855453,0.0028122763653599756,0.0019514205652040404,0.00488718086124723,0.008175919124735599,0.012931053972580925,0.020527769399839066,0.03430603772229829,0.0029511080501817355,0.0031172487619782864,0.0034581347193483806,0.0038696618679444346,0.004321864362288581,0.001913800706959419,0.0026322346632472312,0.002952970948244097,0.0024628327433915053,0.002425575268648817,0.0024017868898409352,0.0019739277591875044,0.0022736237034112552,0.0026609675824695576,0.0028369900131241196,-8.711019850943106e-05,0.0007285805052673481,0.00011878342163690577,0.00047003786503484825,0.0012869829403156711,0.002806917335627029,0.002721163427143727,0.004945091203647882,0.005767280807636499,0.16954085596692298,0.8080000064333293,0.808,1.0
28,0.001408599918898223,0.017892750280159745,0.008484773590560555,0.0007314392956622847,0.00017334527030654507,0.001077475848035013,0.0009813630169238654,0.0017121274138359969,0.0019776535198081924,0.0011148890403986495,0.0029078033430641297,0.003358318952532958,0.002630585089244923,0.003303840259129606,0.0035566842304517116,0.003132225566387001,0.0042236909998053275,0.00364239780979699,0.0033627381562738924,0.003923920754422461,0.003935760250031499,0.004395693417889491,0.005408449004143714,0.004651892013395466,0.0035728397797328997,0.005106504984230579,0.004770210430144703,0.005037759049845476,0.0008671383349811727,0.0012148254946496297,0.0006227531473350827,0.0008497330387614798,0.000987613082870059,0.000976577018638639,0.0009599854819959767,0.0010038749701665735,0.0006923818778853469,0.0008126753737870771,0.0006055480714596383,0.0015343917667552805,0.0014641865096591145,0.0015661122404440969,0.001296348948003435,0.0025371145083348677,0.002232876613439742,0.002495564447872086,0.0031520291050125583,0.002933721327307654,0.002907363039374503,0.0031151505846071605,0.0026333675627042068,0.002605024986866249,0.0029875529215737454,0.0032075848020538316,0.0028653224741327955,0.004430613940656275,0.003930920935834909,0.00313340038821828,0.0010391717781875083,0.0009347814253337082,0.001320175504174356,0.0006923925128319373,0.0033574994136164153,0.002846773900167348,0.0005008349424030288,0.0028172989106090497,0.0031398142785330077,0.0010388186576545738,0.003742368632438259,0.00436069847353366,0.0013108885154025241,0.004132105408478065,0.004807121956230568,0.0016172719182731866,0.001261454111316464,0.0014512225145251454,0.0008562631656895147,0.003317456629715068,0.0033337656955787207,0.0021472615643913194,0.005008623363472658,0.004706361897491696,0.002621005028235988,0.0067519049026820745,0.006809088963590491,0.006048859542380339,0.016530428710175807,0.016604142359642624,0.0010217573053197114,0.000995748352887706,0.0011601549479642295,0.00035403087705938136,0.002358152836519272,0.00271357792687867,0.0010606374682182995,0.003026616359818475,0.0028012932490726105,0.0012135554140107786,0.003957610284359703,0.003768572022265417,0.0036212059385788823,0.01131392633615281,0.010594961885574341,0.002517454659202218,0.0023446064587951724,0.0024276348925737243,0.004018805045532879,0.006321667577261647,0.00524961734917404,0.005387928960665811,0.007193163774888636,0.007453495810881828,0.0057844190438271605,0.010158317607778328,0.010136863685336348,0.01197319973917009,0.02339490402041647,0.022643375375385015,0.008813270311466455,0.005571612894433509,0.001766415008934805,0.004694563690148061,0.003151230981171515,0.001840645973124415,0.0012045209695287797,0.0013950621635907814,0.0007544577672742771,0.0019152399036534424,0.00303671528176333,0.0031033262238688714,0.003130336864412752,0.0037032184823049255,0.004263070344176487,0.004950913095881101,0.005774414817798105,0.005694441363063792,0.006454698513017037,0.0014383957534535516,0.0015136120796034954,0.009965566249227818,0.014883851502211243,0.017977024600714146,0.019029951550641074,0.02703432801130312,0.0041995304030617185,0.0049093610574023035,0.005149224892065744,0.00548283613584017,0.006815591028086192,0.003941513856857633,0.0011524532778627854,0.0010767763596543104,0.001406341422801649,0.0006654218413772841,0.002130512130037948,0.0026449421767276516,0.003170954048326526,0.002961324627313941,0.004202571686848153,0.0034699879812266467,0.004260239898255291,0.006347203956485754,0.007652052101832666,0.012854595073156843,0.0005680361227149745,0.00169961817143089,0.0021409538088755335,0.001825620906781436,0.16954085596692298,0.882499997491532,0.8825,1.0
29,0.008940071952586228,0.022332090994131807,0.0019345212144872192,0.0019585543352227002,0.002155263931827233,0.0014423956976949185,0.0014209192843633886,0.001133895323849107,0.007523073619267133,0.0018292804069831587,0.006771950166863723,0.007176659458529285,0.0019751924467522977,0.004969014030689788,0.00639006436051596,0.005172166964305782,0.0023048348358380515,0.0017568747131087613,0.0021271396548874252,0.002584030383351677,0.0019312110559244738,0.0022381174325383376,0.0018433027949548493,0.0015869787120165776,0.0018126555082517027,0.0028769327699700023,0.0022242739701908414,0.0028980952923971567,0.0014999270111254442,0.0010167050343149024,0.0020099420578421007,0.0013927409624085322,0.0015571141173669107,0.0008706580833316781,0.001540254896426859,0.0010359809333050705,0.0014372404955297008,0.0018850449364047868,0.0012549541736912103,0.0016950457631930789,0.0024896111254728015,0.0015608824075898716,0.001917757198827328,0.003294784234523669,0.0042681194080588375,0.004557252239635963,0.0018258023987554862,0.0020449834626724344,0.0016808493382262665,0.002286925130806069,0.0017092837034671437,0.0018078974210546878,0.0020250250109776686,0.0015825771380411917,0.001472883561767062,0.00304045071055374,0.002142045739032867,0.0017078474531069768,0.0015112767813395978,0.0017506335620156288,0.0020332087015676645,0.0017093935050285472,0.0026410842045066474,0.0026595207993696224,0.0023343919611688566,0.0024678660499939708,0.0026899419894940175,0.0019612154444036693,0.002230137000810622,0.00263932394540231,0.00423904863297923,0.00469858287215143,0.005591023218083016,0.0014117419578193486,0.002219222932479828,0.0014757971803874353,0.0034826173569914125,0.003895272991733062,0.0027811043918239114,0.003088171459729289,0.0027143270953249544,0.002925099311099418,0.0018796963736658408,0.005339887642904517,0.004233415204555455,0.0055357028392275095,0.011477940762321597,0.010728289004965107,0.0015266520732499476,0.0015890424234363588,0.0014780942597354388,0.002535173091741261,0.0018578030292034024,0.0023028799290143055,0.002325725152965057,0.0022312920956610934,0.0023620748896219027,0.001956312213793873,0.0023499221284241493,0.002371892443066464,0.005035293332980663,0.0022745093741124906,0.0017040118029569762,0.0017885302593190927,0.0018857634493716824,0.0014962690406632318,0.0031647205505084416,0.001819112960092635,0.0013322105000354435,0.003756409488310355,0.0022745777004303893,0.0014831637292108586,0.0036657867300996373,0.0022879988807949867,0.0031176961546107614,0.005336469552182336,0.009441643109991337,0.010135008410823454,0.006526369045849392,0.0025835402783027503,0.002672403022822751,0.0040540738125680814,0.002169644741043785,0.0011462380344418937,0.0006401378449436895,0.0014047637195906363,0.0017502011641251257,0.002062576360815318,0.0027808048079619213,0.0028081624446561083,0.0032645496600497087,0.00420286848684243,0.00443311413265822,0.0034399263762523386,0.003694163812192395,0.00463182047738822,0.005123346409433902,0.0038668794053941277,0.002801853141136825,0.005146220391432214,0.009795145360443083,0.011702527237988545,0.018062849075935444,0.038038788614549436,0.004426465373784052,0.0033080271112691387,0.0034727595399715837,0.0040658352134615595,0.006532230151219286,0.002271915923721967,0.0014905363799929607,0.0007336485983724544,0.0007453288469561784,0.0022771240005195073,0.0028647367638575897,0.0026007411780008993,0.0025185633262364304,0.003565022348493828,0.005211451409726323,-0.00025527066758845006,0.00010414667584398442,0.0002031936663886231,-0.0003699488519383616,0.00109460640685758,0.0009587349458411467,0.00251709084504587,0.0013500545851812683,0.0018181526365140198,0.16954085596692298,0.7310000916222326,0.731,1.0
30,0.0024417712141609456,0.01269297925907429,0.013737721646934783,0.0007458250020226846,0.0005515338985159641,0.0016287869972602313,0.0008652302644186254,0.0006815011021825845,0.002941910018998362,0.0017108281624130513,0.00257374177688749,0.0023547094831515994,0.00255080937557642,0.002229930178437747,0.003015214245389555,0.0031752956227586032,0.0033541066450367427,0.003586885841941812,0.0026050457329228737,0.002836082788546589,0.003914676788027478,0.003922251246289351,0.0036252097303320955,0.002347500579812131,0.0028556136742853306,0.0038805892467069373,0.004010343062668642,0.004234802718434989,0.001772706139015653,0.0019699502239923328,0.00230685354490047,0.002218925917145695,0.002194246763337328,0.002069472111678116,0.0016183419084053173,0.0021671874945498747,0.0019856430910531585,0.0026681109705510644,0.0024759693091147557,0.0019509991415601782,0.0035372923925526974,0.004139635620553705,0.0033559811442297233,0.0024161690914118517,0.002708450208127871,0.002950930184191629,0.004297028944371941,0.0036163314876258594,0.004056805525551914,0.004370285411390158,0.004186074903707823,0.0035935068036294154,0.005601925151234329,0.004820742361255983,0.00432060634648868,0.005893759470570867,0.005491329594205131,0.004655133064547667,0.0009081698526497713,0.0008931253620163502,0.0011206021480891376,0.00036810587891931474,0.0029844647849252746,0.0033291703563781546,0.00022253433433876778,0.0023932681354418618,0.002308166082619639,0.0003008629620527176,0.0017276929472015742,0.0020323022438132284,0.0009646395450541145,0.0049761270364816115,0.004971289805221315,0.0007643636062377448,0.0005493948667825849,0.0010760131707452274,0.0005547636552766918,0.00338900200603467,0.003409167657588192,0.0015461969367600882,0.004667999124872847,0.004455625046235038,0.0012823323268736726,0.006035737515216263,0.006121944797667399,0.003579620996595261,0.014604873828715273,0.013635939878481369,0.0011354064231403106,0.0007586146355079744,0.0008750075941990429,0.002454920172165364,0.0045753944134129245,0.004653392873891432,0.0022325377807243755,0.005787562490892655,0.005241384031729624,0.0033270345098809387,0.0071137376004785325,0.008207637308436851,0.00598625684584611,0.01769819985728111,0.015909206448362086,0.0031151794063510084,0.0034216685258283003,0.0031934410767712504,0.006024727459121108,0.007700825124091528,0.006789739959920561,0.005093615629596023,0.008736457665023211,0.00837826943729249,0.008339340324568989,0.013678286355401689,0.013141122559893916,0.01376489791013992,0.027538656195876723,0.024813228685231437,0.0038733134862111765,0.001714613218701777,0.0038472241635981066,0.0029403499625665084,0.0021325904792432243,0.0015697255908807802,0.00236670578394418,0.002464221681753332,0.0029612415751575395,0.004225154762951683,0.005578419156481795,0.005653306602185425,0.006303727722647671,0.00663329627600989,0.003033795073225898,0.0034453255485790146,0.003258785109796138,0.003995011569657464,0.0048651321880753265,0.0007058725017585401,0.0006779832384345923,0.004261561184769601,0.005623463646129087,0.0069046496642604024,0.00857466451701235,0.00986902709304042,0.003352818521075644,0.0035538208451842317,0.0030230042870052127,0.0036435254973141385,0.004526649977026881,0.0014800052385922182,0.001518642440746869,0.0022239920170725167,0.002226659307911023,0.0038256516198588966,0.0038533560047239635,0.005618734107167044,0.005563860732585564,0.005242199744802368,0.006667665404032191,0.00016523341641085072,0.0011440966868976753,0.0007221473731188881,0.0013874844171717015,0.005530189613553097,0.006430222680952036,0.004027128980530687,0.0017518268118410384,0.002160525143174173,0.16954085596692298,0.8859999954472253,0.886,1.0
31,0.002093200741869597,0.0068607446147568845,0.006319028269139061,0.0008855622435253592,0.00038425206854984063,-0.0008833721799098977,0.0011061263663703844,0.0009358736791263395,0.0018128634822455506,0.0014421817573584766,0.0015384022214131056,0.0008766698826896678,0.002975375755674266,0.0015779421572414947,0.001346613031147205,0.0013165260711627007,0.0020606934621477694,0.0020200993691647925,0.0017449359629317283,0.001780329908228597,0.0018012561116270466,0.0026445822046041348,0.002279737163875598,0.00197765100783098,0.0015917564008754751,0.0029524073564762905,0.002302519150739279,0.002276299975155684,0.0016077007968059696,0.0016216807571618353,0.0016582898545735717,0.0013474500988996973,0.0018242333246809561,0.0017837967148989077,0.0018760457620032478,0.0018101323521103254,0.0023270505255795202,0.0019290030105768392,0.0019736137575335345,0.001820985979040686,0.0016806997126215708,0.001953335573106276,0.0024157491940383752,0.0018728072097085968,0.0013859653380607763,0.0015679135589310958,0.001794230980438001,0.002404625122428393,0.0022688740344420214,0.0023977271558362962,0.002401902314792073,0.002292405241393779,0.002367239930151014,0.0024047807963960485,0.003065986592768955,0.0038753711815035304,0.003407773290448687,0.0028957562526187473,0.0002589086784455789,0.0001252873585475137,0.00010453419625691726,0.00046855938270063064,0.0024245799368282457,0.0018112267001812617,0.0013814059429017409,0.0025553566690466327,0.0020293523115439763,0.000989455927845298,0.0017993875326515233,0.002020512335124688,0.001693039851610495,0.002029025885216177,0.0026016060375726427,0.0013687823396485504,0.0012324003128137701,0.001398795463101727,0.0006258107660517423,0.003055760155214184,0.0037194250102976574,0.001507627467419264,0.005911279354321623,0.0054868572206092,0.0021443168794206824,0.006984528847991788,0.007028903482389212,0.005040312616663519,0.01851463059536108,0.01594283633264706,0.0009390247955992413,0.000693127914065838,0.0008351206222811814,0.0008634075925262665,0.002272727973313505,0.0026764074435714227,0.001491620468439524,0.003391806558959333,0.0027212901604505573,0.0012358198624539529,0.004827970415254828,0.0045253643766945155,0.003569900262844531,0.01633983572656431,0.01642618951969508,0.003249343878892547,0.0030582182701369225,0.003254641440317039,0.0044008196700533785,0.006311431099840319,0.005767409845516242,0.004787307873729448,0.008315173535123356,0.007751038216385144,0.006150370275252565,0.012513237808610623,0.011767872859737445,0.011227450893971973,0.02454566224787334,0.024544328907978,0.007534794377079083,0.00283974873745735,0.0060217964675004084,0.004867865921707732,0.003099853572630724,0.004159151779106087,0.004899811018483619,0.004337506346244914,0.00429703375470031,0.0057042346040938234,0.006932339497844415,0.007126157794390646,0.008148169814969198,0.009653024340766156,0.005158453738045897,0.004391350052118473,0.003986330527309788,0.0052284199630430565,0.006042387685283674,0.0012600747643527247,0.02301949819216559,0.005516521608194012,0.009987292151446397,0.011815032266521381,0.01428040997469407,0.024370064394691755,0.0051392821569398684,0.005996043462672695,0.005726064325079318,0.0049484480893124076,0.006705876409906179,0.0025571472128794502,0.004940648745986154,0.00528494970816807,0.005025886027870855,0.004376064807695772,0.006227018383104716,0.007698078790765135,0.008550702117189921,0.007995415039677144,0.008809354406399319,0.003012544846537546,0.0012657640359528017,-0.00033023806642700436,-0.0008414154219943304,0.011765004314815943,0.003954877058702267,0.0005469515531096881,0.003502282396495899,0.004163260011220635,0.16954085596692298,0.9040000004799482,0.904,1.0
32,0.0015468868540398268,0.012413106894465651,0.0033660805233798638,0.002938279979457366,0.0009266716790133124,0.0012672782847623616,0.0037130942215646374,0.0015578842521530058,0.0016130496226197946,0.0016274304179928916,0.0018589224321135865,0.0021088678129556056,0.005423195641652835,0.0023097689713706825,0.0016507705099493984,0.0018192768698889804,0.002155793024189512,0.0018110724838813748,0.001927255227905136,0.0021028390941094004,0.0018941953630906825,0.002033770189282523,0.002360729352884337,0.0023385690364957764,0.0018686270478655144,0.002100941725235066,0.0023841023841721723,0.00219934623851872,0.0020138266909530216,0.0017613529674031984,0.0012908249059375343,0.003184422607750378,0.003828301626401899,0.00417245013573072,0.0047676711609210476,0.005594592082808275,0.004579942504719967,0.006825360167313874,0.006689515210150262,0.005539643028582066,0.013068545692208734,0.007182120551679965,0.009554467983136642,0.001771628656348376,0.0020484644981772072,0.0018702901817671267,0.0018501547303365383,0.0013869144364253674,0.0022244868927681393,0.0017294700682098714,0.0014418807719820796,0.0022373277266318566,0.00171345633087359,0.002091347908974395,0.002187204060115839,0.0029326073011181858,0.0028068980864586466,0.0024266503294150645,0.0014355077744208143,0.001496999110228434,0.0014971832298216114,0.0019086835533585914,0.002481804596305147,0.002364557629022109,0.0026956453350776926,0.003331163535734654,0.002721072530910244,0.0008783910152606348,0.004048778785861333,0.004294191474729692,0.0032181426943299137,0.006966099471232839,0.007236203155884104,0.0011948355596309345,0.0012188205927673712,0.0011833141118671505,0.0017453644863642305,0.0028431798340514338,0.002422737940500104,0.0035807575705921915,0.0067048005532702095,0.005424156116034445,0.0021625264706433447,0.007592865608407766,0.008258454480832667,0.008484021175891412,0.01689517011047878,0.015151077808956286,0.004803568086408272,0.0053105894978705236,0.004643210140594998,0.002877397727011106,0.0012547869933690102,0.0014556272835315677,0.0035164292501149073,0.0013448293948034604,0.0008350114708280105,0.004576580991520576,0.0014550295695009712,0.0017377466631943856,0.008912016592308395,0.003208419813308188,0.0039219334771123365,0.004052870829030669,0.004265784089140857,0.004687782271429962,0.00428266225813549,0.0036216233697291315,0.0025882352494683326,0.004170960536820522,0.005632459768260828,0.0050522113652828006,0.004617732440034288,0.007977594649739699,0.0068784068554672935,0.011602180329337868,0.01044734734109643,0.009997730569683352,0.003874427069677855,0.001143962177367271,0.0026741693346016334,0.0009995020760525596,0.0014796501312779636,0.001266699131917248,0.001735309962145724,0.0020774368243359144,0.0031329231588022497,0.0021629450538731072,0.002976226874348293,0.0025220243280934113,0.0025969863391382725,0.0034970877745826097,0.0012814951853092112,0.000986523690850974,0.0012237574305972764,0.0012480823920280602,0.0022937264376533787,0.0037108421829645396,0.00252258881731116,0.0036202436685706615,0.005654130671816976,0.007414094891943528,0.007090235374278722,0.012601399340550294,0.0014285477842025287,0.00197109151146169,0.0016025707571066705,0.0019234750595720643,0.001896339318535237,0.0016787627092129623,0.0013458926921320188,0.0017871975532500223,0.0016796220939576355,0.0034731030091662888,0.0019384979745442814,0.00370260850205746,0.003868565599008957,0.00317677776626534,0.004723895960340205,-0.0002397878866364132,0.0017516898088404222,0.0036787824663009716,0.0023281157873795287,0.002264518543951459,0.012995265563160252,0.0076053303788245746,0.007249789823943278,0.006587114859669112,0.16954085596692298,0.7849999845401687,0.785,1.0
33,0.004225333593900452,0.02350572190588125,0.0032494674870580716,0.0010248331435166458,1.8877832927249883e-05,0.0010512710196113708,0.0009102739732679726,0.0009087329954842366,0.0015613467976388535,0.007489511232611193,0.003180788420055073,0.0027889560577521754,0.003301577163513009,0.0027474059597891905,0.002988547252554079,0.002915878376925378,0.004088580506457966,0.00407860409770589,0.0028384622626080156,0.0036780160994936816,0.004001630046388918,0.0036835163480877144,0.004041711581706412,0.0041779943642357075,0.003473891658395916,0.004275036973144155,0.003944554246750332,0.003496569823159225,0.006869170966592913,0.007593158125266773,0.00674378296976032,0.009305255405535758,0.008549545209828214,0.008714774327764435,0.008682564821489016,0.011461084732786637,0.010120172777450882,0.009384561312865837,0.012038542959504005,0.01161545157181853,0.01173590910716293,0.014584208862137123,0.016484884963376127,0.001980983830116464,0.002391246464149991,0.002345680353733189,0.002531881504667974,0.0026301689311255664,0.0023685676894267577,0.0024617512794146896,0.002995691513138034,0.003106179524270719,0.0035731882868717097,0.0031558037816691795,0.0037747440995744334,0.0047518422684801245,0.003676689415452662,0.003987582961690168,5.973479869233883e-05,3.9754226773846953e-05,0.00018115660706086002,0.0002182097838103757,0.0005236389169358419,0.0006422737118907684,0.0006084525015122986,0.0009005856546748525,0.0007931306777096623,0.00023628017310101552,0.000560524133534536,0.0007288629102438331,0.0003519699732270498,0.0013006269243932347,0.0013450492236945194,0.0009829523125070541,0.0010375737700927035,0.001322558290072216,0.00044110772147564864,0.003144527343906786,0.003187125392191192,0.0019469051206602158,0.00539352939148272,0.004707664302202833,0.0026921972254514044,0.007264532483140074,0.0076546974402453465,0.005973234608567844,0.01763800183529898,0.016528349928234872,0.001374255698249217,0.0010803510131050498,0.0013108529445417475,0.0006908396980733012,0.002262055381407205,0.0025670496113920616,0.0013479546299413115,0.0027662234537984757,0.002500577618812645,0.001220675232660881,0.0039008788364763404,0.003919065067409118,0.004225368636351624,0.014856598080328597,0.0155688812464058,0.00414773207314597,0.00459618176063227,0.0042622598193969375,0.0048471575646330325,0.007111555635796867,0.006213512148936836,0.00464736725959217,0.007961258651643295,0.00807797575212005,0.0057775928792278925,0.012105341761742891,0.010859730322773238,0.01229639140263419,0.025692528611332713,0.023493384236576795,0.01082940411418003,0.001094077937428198,0.0018054274211165696,0.0019144875824016127,0.0012931130673263238,0.0019743022443142843,0.0017110786794292158,0.001994558504494668,0.0029142487889508854,0.0014988655129498914,0.001824295639979065,0.0021433070188527563,0.0024995667972581397,0.0023698423050828457,0.00265295734435355,0.0025311333028148657,0.003020031794028734,0.002996783802885533,0.00298518322403696,0.008490833886653221,0.018693114392837405,0.010100612152960368,0.016624131622564885,0.018705779694561834,0.02207422373620538,0.031099300882710644,0.002448896093570214,0.002196803016003919,0.0023699567647794215,0.0030430125121361615,0.003016512065345154,0.0014222611235234783,0.0012984542907421715,0.0017032031218564918,0.0017690846232037948,0.002414616651893213,0.0019529643115753924,0.0016988736956510084,0.002042606489356286,0.0024340339812564736,0.0022242469645938107,0.002073844939038706,0.002797188447318569,0.002394184256323622,0.002234719686213448,0.00392182498311434,0.001423597385270205,0.0025983747935389157,0.0019299979573738342,0.0023602587864927534,0.16954085596692298,0.9965000000071371,0.9965,1.0
34,0.002559620043505513,0.00800349078408578,0.007296433537198072,0.0006803420017453195,0.0001701925704738258,0.000829003394052717,0.001224347670500992,0.0006834399057200596,0.002282131689791695,0.0018796619825321664,0.0032541452935916015,0.0036023823505696626,0.004346339012506369,0.0035978364018575703,0.004072838074003514,0.004063286363277867,0.004311103174211779,0.004983546542844008,0.004348749315780972,0.005641953407520117,0.005339982970924194,0.0053067384532468525,0.006311441289967183,0.005008986240746177,0.005323633293156062,0.0060546366529167965,0.005441036367737387,0.005768113457575703,0.0021229806023613604,0.0015801847284280775,0.0023508286734321908,0.0025105620478909083,0.002312419464217055,0.0028788495807242475,0.0030234523463218135,0.0030020150233193285,0.0020048692547225354,0.0030206051662134566,0.0027160118315373216,0.0028096204708242443,0.0038264647761443,0.0037439595831583955,0.0034106885507426857,0.0026260422970105658,0.0027722190053976648,0.0025175866351002402,0.003142538517168927,0.0029500222579785036,0.003509346201290514,0.0035479096383580176,0.00311026669905059,0.0029576493663083328,0.003775049803465826,0.003535079857354892,0.0037303251417804243,0.005312971203645455,0.005002650117400532,0.005792409845794133,0.00039277344681325427,0.00020958902080578962,0.00028603918355762123,0.0004687688851470464,0.001700880799475857,0.0014926404735735605,0.000559303450009297,0.0015581915778404645,0.0014447748441758861,0.0005186794226661802,0.0022895579451119668,0.0019525628471143079,0.0018774047401279473,0.004872874875726319,0.004705701258890942,0.0011328110377206231,0.0012098061414680345,0.0013886959800718573,0.0009449483938147953,0.0034304007092472244,0.003655837247796275,0.002288351500902034,0.005569174674775453,0.0055366817729194375,0.002794078987508819,0.007823071503486465,0.008234065387333612,0.005167166105137648,0.01827367913908088,0.017534732104819536,0.001158575736928362,0.001070644854146153,0.0010175461072980947,0.0004514072854273242,0.001996405948099519,0.002118406579420774,0.0010093642960195164,0.0022312447676863844,0.00198191704137127,0.0011798581673541201,0.0029875033364262235,0.0029176571977299836,0.0030868593031469025,0.010746028076371273,0.01030720303517448,0.0046197593209509925,0.005015128861681487,0.004788963370392761,0.004992052757090797,0.0077623254519552445,0.0067728467093518116,0.00597662704583288,0.009034627080887252,0.008791951548152268,0.006882557547485383,0.012073708515712288,0.012516140369476849,0.012768711069850815,0.026071466326270464,0.023364143560724693,0.010057702396885283,0.0019524339473560273,0.0029899446366981395,0.0037220099711360423,0.0017239465577718728,0.0019521043412121584,0.0028569104948445363,0.0029983023375014383,0.0032641034586220917,0.003727308912384153,0.004268462974752159,0.003987415614104925,0.005437860103857561,0.0058689393102568385,0.004656353609990203,0.0057271961664454914,0.006439839133807569,0.006523619981665609,0.006604434383175593,0.0026661866838240634,0.006194049804513745,0.010505903585189458,0.016125997706276502,0.016891516214225927,0.019547987881099002,0.027427208847446,0.004977468134098148,0.0050268844654738735,0.006235048243453244,0.007269904168758868,0.0069633401342713,0.0018820318543843505,0.0026309232742248684,0.0021412241273925272,0.0027716336401346453,0.003032722896255128,0.003792492654687339,0.004113383198970953,0.004335416056016904,0.004520479785863221,0.005403892491452856,0.0021459961470513067,0.005366009734879236,0.00794779278328773,0.01057211226574974,0.02176810988766737,0.004085452969385366,0.004042304170574981,0.003898166525475302,0.003932749676759427,0.16954085596692298,0.9954999999629515,0.9955,1.0
35,0.001214561289517748,0.006396140687097716,0.0150232531562608,0.0010829811928282375,0.00559656911194298,0.002355427653139656,0.00427318321430229,0.0016744574851247217,0.0022201049963415757,0.001025502570818404,0.0028083243395009743,0.003327388084085928,0.0016130242633870502,0.00277385586216306,0.002803887391044778,0.0028391123739976726,0.0029254545834678704,0.0027757983822327445,0.0027174662145106354,0.003220146936068605,0.003278837651163041,0.002620457004598957,0.0032733162125027416,0.0026850471021533703,0.0032040978417874517,0.004813328346314312,0.003998058937594582,0.004013275922212063,0.0015551142990490102,0.001329098787024949,0.0012079095730769423,0.0020601732656905483,0.002033746510022066,0.0013989058135773988,0.002037015844237662,0.001174235420058298,0.0017017476092978804,0.0018404214945458783,0.002038977883703588,0.0014259191931227657,0.002128700264963263,0.00251810341485963,0.002607127226172313,0.0015200286542779073,0.0018299063285231315,0.001874588872912185,0.0022949002316461605,0.0015917048524976129,0.0020714520809846718,0.0027861221796846585,0.002094155792088405,0.0027670769678484644,0.0029660460814667938,0.002874933948352495,0.0032177390474338345,0.0035596657040204015,0.0029341926500722924,0.0030994397762368286,0.0046988975971213424,0.004266775715997519,0.0038646244954875708,0.005732914095368005,0.0030657900891158394,0.0039498392523423685,0.0054094487872387974,0.003416333207076507,0.0032499195435675625,0.009243958706123932,0.004137290223476949,0.004019740189001292,0.008047352968523953,0.0048209050878397835,0.004907230002633945,0.002029654971749928,0.002293427619168334,0.001861268030267027,0.0019601057636273347,0.006312613864382256,0.006397085347166931,0.004269894008723963,0.00936990530659932,0.01052641896688569,0.004350182862770168,0.01306840273131183,0.01265728216866518,0.011346546729312434,0.03576791709977568,0.035449311354261784,0.0020324232497192334,0.0021603875541407695,0.002120309794861737,0.0016392518858038708,0.0047365912620611714,0.004649398780101974,0.0029211831156008834,0.0050722717720582955,0.00482122514982556,0.00224134989597034,0.006281895278388091,0.005344906275171945,0.00650877108854532,0.017499187909950056,0.015041024369212123,0.0012283771854897463,0.0014091695855826267,0.0015158836256818136,0.0029920433014847896,0.006809779678163262,0.007843341965819907,0.0029427028590249837,0.007136713545534015,0.00785056352079686,0.005051805618332565,0.006956767959405235,0.008376571492034947,0.007885726292651283,0.012898657434663636,0.011248408531275225,0.002564620979693339,0.0013907268331660506,0.0014607655106490974,0.0009221813737617687,0.00146817949548543,0.0021550420459098443,0.0019932845695338464,0.0024488471229435374,0.0029741901487933898,0.0013893719142473243,0.0014143606819124227,0.0017346779458304682,0.002078054001518373,0.0024496961160703702,0.001233967426657814,0.0011464095198303098,0.0017978397104633297,0.001828693348111656,0.0021974023652398486,0.006658357116605512,0.009727379530712768,0.0036742497401275687,0.006653375235717981,0.007302895196906947,0.00915465160171815,0.015853470746048093,0.0010380210182733415,0.0009280982760592614,0.002030988688529737,0.002208665914722271,0.0024074499751310977,0.0015767433833435765,0.0017726338501394497,0.002367460333822337,0.0019617352954186926,0.0025530888425176613,0.001297136432728842,0.0018973569427985862,0.0019401821097762067,0.0015131488218696532,0.002639010501129159,-0.00013888529799194814,0.0034046566045454227,0.0020215229190085992,0.0022081032060632683,0.0004023839558762066,0.010806980558464917,0.006445476896386812,0.004963332544353471,0.004741228987870018,0.16954085596692298,0.8930000023419584,0.893,1.0
36,0.001183223083372163,0.01444293218002551,0.009250098374763514,0.0008575191436694298,0.0001067851212857405,0.0022646644174824575,0.0015694310246665824,0.0012259774211592462,0.0013485395106949665,0.0020638095397391035,0.0014189836305919792,0.001704309157810177,0.003354040983976442,0.002323829190639843,0.0011969463727723988,0.0014642473692598652,0.0016159678098936893,0.001876198164206539,0.002656409168009291,0.002420252841307533,0.002588127968044225,0.0018747254183699928,0.002980302063209239,0.002552080461730462,0.00197780805565833,0.003262933215865755,0.0029927512462377933,0.0030849780863132347,0.0022037638964269557,0.001929201887313018,0.0018226478460099038,0.002498081992835442,0.00214704709528916,0.0018096248876898642,0.0022042540015878693,0.0024243176359440024,0.0027972697831457,0.0024862913847380364,0.002420792910491819,0.002646248264519002,0.002613432331357412,0.002374897608622761,0.003264564735983689,0.0013337560165214016,0.000835153893588622,0.0013462436822822312,0.001136210447280432,0.0011273966989161575,0.0015785667915680659,0.001842773493502066,0.0017495850980248332,0.0024327134081794273,0.0020567830121655606,0.0017772980056439582,0.002100288505970996,0.0029472629042369964,0.002034841463312133,0.0031805225767941947,0.0001547811118034165,0.0001006899779200016,0.00014629013267915275,0.0003745614811481546,0.0005038475852392302,0.00041571591540136277,0.0004873075733620428,0.0004847794896038537,0.0007825132296247438,0.00032897293653022855,0.001484760957598983,0.00109490114248263,0.0011951726611543318,0.003280863598255129,0.0025618936757788183,0.0014633410004101712,0.0013370693256336786,0.0018779032653894155,0.0011558596964467325,0.0036829811913820136,0.004512538889198143,0.0020918374243355975,0.0065672472919892705,0.0061644877640330345,0.002495304954463891,0.009218623770158299,0.009870838425219656,0.005261356494633143,0.0222765037663154,0.020812225035664378,0.0009598659472110781,0.0006421034846741353,0.0009292526579820178,0.0003774144197322101,0.0021885308840046943,0.0019649663139945264,0.0016118552040621105,0.0027977863558646993,0.0029170001903335583,0.0012098015229981642,0.0038091400902088676,0.0037776710350870806,0.0028684002591326738,0.015855438263287055,0.01439035222371566,0.002878968228995641,0.004067766216544122,0.003303646439899098,0.003926929552204576,0.006981118769371486,0.005178788849113097,0.004399227009112297,0.006765734161229967,0.006710359170576464,0.004302175817390169,0.011118662065905961,0.00965844879748182,0.01037790795924927,0.020886937784095835,0.01879300566856245,0.005088789360198171,0.00729007177688409,0.004475319757293018,0.004826924393304144,0.009036491191653093,0.008634528575133853,0.006822701532756882,0.0073574914085845385,0.007407996189772996,0.004164877010272383,0.004765294549156938,0.0031738592498652407,0.00499696824113981,0.006656958858899411,0.004852919972776848,0.003863040819004186,0.003813884753370813,0.005004153676000165,0.005305287104445209,0.0012990190510812002,0.0016503001109128476,0.006926513054457928,0.008652614853798408,0.011137878286153714,0.012989790016173645,0.013007978852625167,0.004570303079712156,0.005028614350498815,0.005263253117832714,0.006078093235194801,0.004962129955992907,0.008653606181352002,0.007095019816583618,0.007132333136032817,0.006167600068174888,0.009336015021591105,0.004323930374388265,0.004590202002958835,0.004547898693733626,0.004349547969607056,0.006674687464562671,-0.0002443404233506559,-2.1091609681520396e-05,4.122300562270682e-05,-0.00012875096720018473,0.00793524168294924,0.013179226285391837,0.00948354601508058,0.01375898928631922,0.014366086713120023,0.16954085596692298,0.9065000014556781,0.9065,1.0
37,0.003249997146200102,0.0037552647336160294,0.007005789530964853,0.002941505886168496,0.0021547533342401817,0.0032887290317748846,0.0018773774677378922,0.002308303414192658,0.0019655324608653913,0.003123845728720653,0.003028347065669666,0.00311384625802772,0.00019883074516233076,0.002368758378226968,0.0024216922519569805,0.002107120931180058,0.0021532738176524187,0.0017673436553036805,0.001733307967794453,0.0017495369479290806,0.002501759849548293,0.002005740086329302,0.0030152632713569823,0.002329989033603988,0.0022368103866238164,0.004360757192921782,0.003973209143984444,0.0034897624946799224,0.0019871282883178842,0.0028416474319331803,0.003236904865256659,0.004902677377364061,0.004681525801012527,0.005386618741576957,0.004496030176101526,0.0055961963318839816,0.004674910078256874,0.008159693615688184,0.004693816537990185,0.005253404099884167,0.007316080839608421,0.008207624457294428,0.009601767224626936,0.0016450238610580855,0.0014982456682841204,0.0016264797893597682,0.0010814816791289352,0.001117750282564745,0.001550762863997344,0.0016848401193176746,0.0015073737810287452,0.0014825456010296495,0.0016710146337161167,0.0017790961944354833,0.0014535443875847377,0.0038552806318730534,0.0027382320255973504,0.003131890963420262,0.002653988016589431,0.0023518330954153278,0.0027295781232995957,0.00344752604392425,0.002705079287122405,0.003207324802494349,0.004163751295228037,0.00334300130843161,0.0030392056621985804,0.005137133101819481,0.002300013660281631,0.0026198761301185936,0.007765659517985216,0.003106980083080812,0.003554486678603006,0.0026213558785998722,0.002465524921805981,0.0021931246028083014,0.0060470056535208,0.004048287789302929,0.0034078027372186396,0.0053585675327885276,0.001197905302624212,0.0012635101453308704,0.006912649386588534,0.0006993389242251935,0.0006930854977158042,0.004558824591087606,-0.0032826168393048955,-0.002555897266517315,0.0022377828388180886,0.0024212522960468355,0.0020267086938085556,0.02163052310079428,0.007352467664364778,0.00701505474374994,0.008242280173368581,0.005810145098909629,0.004523660902121933,0.007166839360612837,0.0042226424827212184,0.0041273069537340985,0.010062922942611668,0.001898169597820972,0.002114374657997272,0.0004409434573979167,0.00042096986676166633,7.059259019681817e-05,0.00693561680495936,6.850982481244427e-05,-4.624373360430703e-06,0.0017132291093553845,-0.00212017868466326,-0.0009596377570166118,0.001782959661206054,-0.004426113056235595,-0.004061257351295126,-0.000742944446757795,-0.008237812935284746,-0.006212422984800069,-0.000493651520005995,0.0020870860667327987,0.003380431820638567,0.004360597034675095,0.00193493994102345,0.002614237856636522,0.0019877185209692763,0.0023497106299675647,0.0045324834340984,0.0032263860130944248,0.002269402723177773,0.003233003150526085,0.0023237378700921617,0.001946131646767414,0.003704176446172917,0.002843760689576029,0.002718925058578268,0.0028870782012791287,0.00403393264113893,0.0018968252450790285,0.0027733708498555707,-0.0003922992317201454,0.0007092179039655184,0.00025396595138690164,-0.0030801272618894734,-0.004722151382142157,0.0033770616804794642,0.002801925907447793,0.0033014956924075616,0.0033187906619478076,0.004191606855293202,0.002218978650900686,0.0019995950596769824,0.0020072680712352256,0.002606108158595346,0.003508662593601117,0.0026793067351392917,0.0018762466924828753,0.0023231072118982095,0.0028668729307304622,0.0025641071998186216,0.0005722135182481312,0.008800901231297828,0.006467324306523451,0.007100119187186457,0.020244375644699154,0.003161642343954508,0.004985164240109346,0.0023669071356454165,0.002368579570080497,0.16954085596692298,0.6649880110047657,0.665,1.0
38,0.009517982279320315,0.017665248175719687,0.003513378850699346,0.0016507389731190557,0.000402788264582504,0.0008841519889869581,0.0005851199195178992,0.0009511089170814467,0.006147764364144775,0.0029672298247327418,0.005907867194383392,0.005664350629655517,0.0019000476859212052,0.004515058580086846,0.0038766603694939984,0.00579957988272488,0.004271775449046953,0.0045092633222316445,0.004877969447607309,0.005056389162585562,0.005156290818013468,0.0065723211364792184,0.005494377887724392,0.005510012589573425,0.0037740152724044297,0.0052112855066930724,0.00580875857017741,0.007022382882378875,0.002583037571535306,0.002576310405979903,0.002568646660414092,0.00342289097744553,0.003140727217708053,0.0025886032275453295,0.002834420242755976,0.0036681662188130008,0.003007736522336609,0.003317846763548199,0.003855780393386964,0.003987662682572131,0.006785155333167228,0.009939439470493841,0.008893557224053644,0.0059625953329733375,0.005271261286719867,0.005821940196576121,0.006148576511046562,0.005553957265459759,0.005419186618633136,0.003530632491163881,0.005302841931342117,0.004826156231424445,0.005267072932507167,0.004029000834112925,0.004328338741303073,0.006197092600106981,0.0057603313879269575,0.0048780569527705165,-0.00014335140146432536,6.947618533029638e-05,8.74591659484936e-05,5.726151873089443e-05,0.000981345035194842,0.000846679603127947,9.473216134774539e-05,0.0014294392359575335,0.0010885829987143732,0.0003870219003130308,0.002398507179824038,0.002193860961520852,0.002955274153449288,0.0059308432199044,0.006043163929597622,0.001393496232813393,0.0015864399149989085,0.0015927404446932443,0.002539061463477003,0.0033508150124435115,0.0028474639655757324,0.0036768836421785973,0.004211937044064459,0.005205411884161097,0.00377748545118885,0.0036130474904328847,0.003720356179344032,0.005842891079358545,0.009894831323933397,0.009514770529092728,0.0015765297738079241,0.0012928050407288393,0.0013035784433016015,0.0005500573858449698,0.002337775443299667,0.0024519416502037047,0.001901617581634784,0.003763135398823738,0.0038269141693857926,0.0018112014228708992,0.00564155409498423,0.004990893268158296,0.005229248121889051,0.015802121011265362,0.013617090840775888,0.0017294265784514667,0.0007831372034384628,0.0008838099399939418,0.0028337815911781052,0.003717065774994223,0.00361236002354514,0.0026322294600359753,0.004479489213350164,0.0040463252651520495,0.003170623263662185,0.006148299572250101,0.006136704689645267,0.007946565489759763,0.014999084285221403,0.015205896359254267,0.006568628841589634,0.0022096836986319895,0.0027438590573311736,0.0029209913274196157,0.0017711246354466129,0.0018863012114029932,0.002250688554993577,0.0034584238817430895,0.007150179408946761,0.0021448355156278476,0.002116250512686549,0.0022141923735743817,0.002968948629165756,0.0031380744048789652,0.002780071003189597,0.002998421758357734,0.0032640965729448575,0.0027485993793980898,0.00466638580685287,0.002888354827822512,0.0013885943620720444,0.005799785897573726,0.013798642221105183,0.016108950302241274,0.02124481282696747,0.039346453819813346,0.003232771739701401,0.003194107607069852,0.0027278745219743686,0.0030182921840307773,0.004217896655138565,0.002426107611749275,0.0022594301487067377,0.00197722163239456,0.003085625483074728,0.007322303405437413,0.002333012053529154,0.0023550371942193545,0.0024232704553556438,0.002833853936619477,0.0035046939151788655,-0.00010474025528687111,0.0009533847878257801,0.0006395823014595681,0.0002719637975505916,0.00025532294439137293,0.0063493348061065755,0.005544707254495644,0.007131185381047723,0.0056414244031097,0.16954085596692298,0.9120000007966502,0.912,1.0
39,0.006733995098085982,0.007706013092449271,0.003032256611621501,0.00037815129459874326,3.5760682165404585e-05,0.0005266440141502848,0.0009634498820891427,0.0006756645702779722,0.005354557195771956,0.001396190493867473,0.0019332914418745324,0.002034202317479315,0.002739691253552807,0.0017499012388072091,0.0018749169089454876,0.0016514090812671794,0.0017523456573637602,0.002340102429140125,0.0021911858886644827,0.002088177881363594,0.0024792897785212275,0.0014285751455954036,0.0023020194627386254,0.002266009357599194,0.0022899190555342435,0.0020333768119912177,0.0022329263518234195,0.0016691189356290903,0.0035295480023845383,0.004585019845327859,0.0037417463279932153,0.0070694987293141035,0.006196024113218821,0.006760999566304085,0.0073996096244408165,0.008366752905468566,0.007992551185486604,0.008170574561380987,0.009804766488650913,0.008268032524144183,0.007565537203682954,0.00973394617034265,0.009812410751023643,0.00468318099797375,0.005397900944447628,0.005152828552739806,0.00529389968328815,0.0046854420123696216,0.004096129500318057,0.0058369165715041575,0.006253770233525467,0.004156819128149753,0.005703476698918572,0.0050057774901637216,0.005288256174337372,0.0059229920858367615,0.006671813147243157,0.005634206306116599,0.00027313539387723376,5.379240071057942e-05,0.00030354410706117356,0.00012564124727324088,0.0007999803775200402,0.0006735916299322009,0.0002159904551874717,0.0012186632572959554,0.0008721967131774417,5.563768436668816e-05,0.001208756654290763,0.0009921556180159455,0.0013291923596412056,0.0020626490422097844,0.0014267268774776373,0.0010008564838543468,0.0008467037094761341,0.001144595168942248,0.0010078877167145962,0.0037476981023808805,0.003689816023706229,0.002453538954660339,0.005939926521524994,0.006063056852483149,0.0027625940548493245,0.007796223983742392,0.008216238759723458,0.005259399973778093,0.016393235571962737,0.014880525066487101,0.0007333076626304231,0.0005104327588565546,0.0007288075830256275,0.0004690219242649899,0.0018565299068904854,0.0024279655194072948,0.0009322815692744252,0.0020375587860220878,0.0020393700902056923,0.0010864147590471365,0.0035627412371088667,0.00350196181024615,0.002828124467488852,0.010728967983758761,0.009699765710639732,0.0023356538187146855,0.0027355158015268787,0.002825464600837886,0.0051728111014104836,0.0069864100859051365,0.005967027449890717,0.0056493360605608545,0.008477298480333899,0.008766111513293729,0.006484246505335451,0.010041179211276816,0.010313554005674061,0.010086032486991893,0.019160445895525985,0.01986650920507563,0.009443931930724674,0.001122642087357991,0.002692740979057143,0.002213031400242125,0.0019975293951122455,0.0038354168443834906,0.004110639814423455,0.004219895413687742,0.005300853462854193,0.0028524784961866958,0.0032487522307051743,0.0036356856305841175,0.0035867494854646535,0.004364036324969618,0.0021368461922985594,0.0021442570866180123,0.003211886467118923,0.003063534602302308,0.003289396109545394,0.0009833947609321104,0.0022918060437535064,0.009686471087591558,0.016443785267015818,0.017685463334129896,0.021771091437901426,0.03258632582930609,0.0014950252394169417,0.0021094256894939865,0.0027139680814377925,0.003109096282474799,0.0031607765643553607,0.002704494185201683,0.0036592446882431832,0.0031022513368951154,0.005061718945133022,0.0054862834250062045,0.0024883217739865146,0.002811792573778395,0.0036457771371450655,0.0033293388425487676,0.0036547779598532313,0.0011061803247344015,0.0005886047780975206,7.959721653262387e-05,-0.0003165663730072861,-0.0023035875255679812,0.000495185421654993,0.0024824780044664678,0.003126484951896302,0.0037854645679733577,0.16954085596692298,0.9084999999855503,0.9085,1.0
40,0.0025579320378397996,0.007547960853160085,0.0026683628738019944,0.0003092714311580029,4.031431062379803e-05,0.00153726980143421,0.0020242127417852587,0.0007160693864815739,0.00212797442796417,0.002599675192869419,0.0017211185520758234,0.0020396700080519276,0.003296517126148537,0.0016134678428832315,0.0017401402014990827,0.0017908883532401795,0.001848861337421077,0.0021420482558274644,0.0015748634935542861,0.002574555357666696,0.002461876958999191,0.002146493126062647,0.002557468143419104,0.0027235571069579184,0.0022344630011743856,0.0032832891049208715,0.00333685493029589,0.002059836647200118,0.003659097982650416,0.00397969028214718,0.0039760794433648305,0.004345762219496191,0.00475235270547443,0.0051716579670511185,0.005664028024559813,0.008061484749084826,0.005892249054367627,0.00673374603179273,0.009035165091193263,0.009239308993246044,0.009788027502160145,0.01133465488695417,0.012221230921503864,0.0022330209279560983,0.0025026052321288693,0.0025972850146411255,0.0023635236132890773,0.00211013105767421,0.002398546720812378,0.002865106321544773,0.0030394737179072775,0.002751681655806451,0.003748228464802827,0.003595482146905174,0.0038726906014735947,0.004535843901374582,0.005054608736476203,0.0044954680440736465,8.149568750826709e-05,0.00015843387525452614,0.00020013066775364087,2.892778799047707e-05,0.0016245848360858714,0.00165715503909796,0.0013303177282336137,0.003450494567246072,0.003031833247279403,0.0018341941130877938,0.003767420739122503,0.0031874657701538656,0.0009953620544602706,0.0026806721923133625,0.003765151493771101,0.0008089199420541857,0.000883737420228837,0.0009619332603463975,0.0006368144662405424,0.0033180377070349955,0.0035115929296409007,0.001955838842964223,0.005595571690736573,0.0053278209330305856,0.0023349010918480217,0.007816407847429067,0.00856444655232488,0.005671876834525765,0.02107149307600043,0.019654568197201693,0.000896394602627704,0.0005089401798663815,0.00010569849608357353,0.0004106594767178839,0.0013727795193099815,0.00159746451520644,0.0010559472002047057,0.0022062642900488034,0.0017533723145441973,0.0008777782454291123,0.00311466821536998,0.0035056526981424143,0.0022990499107947574,0.010201074936746865,0.010263935049370156,0.0030734634055199052,0.0035409276704640403,0.0032326916714006003,0.00423557799847349,0.007176955890935717,0.006018417021336319,0.004054311989656922,0.00788958747565801,0.007546648810838694,0.0056372288485101105,0.010941659988137111,0.010538794209113774,0.010759869491294665,0.02330836482783079,0.021520164372193052,0.010095103269114735,0.0017906568680618848,0.002520498373803462,0.001193134012708933,0.0020687693730621114,0.002666104598419062,0.004104970329419253,0.0036170804442565204,0.003438327956191311,0.0023684976249850292,0.0027779369142715868,0.002867736319238476,0.0036423358894081396,0.0038067216175990018,0.0025179655477883334,0.0021726522330122794,0.0028142435683140335,0.003591332199917192,0.004318557724743523,-0.0002392268215646527,0.001577965239188816,0.010698253260060651,0.016969242985982336,0.019025705246998537,0.021585236599519043,0.030074512732009492,0.001991704307538141,0.0023387257939272528,0.0027668715431532,0.003646126594242973,0.004027162636207381,0.0012773948818458366,0.0024269720593868616,0.0030884744819717276,0.0045466077073874735,0.004408550723782666,0.0024457104315828322,0.002739535746928924,0.003303623045015523,0.002834193317469491,0.0036678715827061998,-0.0005251317396973847,-0.0003533857340200487,0.00013377330984880244,-0.0005832762633072847,-0.0003446952083837874,0.014793190055224663,0.004897439017875643,0.006447167203533045,0.006575035493946637,0.16954085596692298,0.9089999995908207,0.909,1.0
41,0.005035296370322746,0.005936748629592747,0.0064275321847945864,0.0012306719104514265,0.0010453637439523959,0.002710644004533068,0.0024854702606946096,0.0035583238126603435,0.003692680434209202,0.00603843528758504,0.0029642299667057563,0.0028042457561545443,-4.98765092856765e-05,0.002374448207656478,0.002202107602536816,0.0016306517007313112,0.0018993125574248467,0.0016928279634683254,0.0013425920294975779,0.002335858834710645,0.001874618220099572,0.002036382220685727,0.0030478268729347935,0.002392827606532591,0.0026842898084878286,0.004719076021886021,0.00477435695420622,0.0034768351487945936,0.0061286945492239914,0.004655034903658125,0.004503453059297545,0.003228901934564767,0.004247729702739464,0.004346945023447034,0.004418200439200602,0.004496984814060771,0.004443530264896753,0.003621233636089643,0.003704346821947092,0.004029163147267258,0.004222421941506968,0.006131706407405078,0.0064904248471394,0.0030479909075943976,0.00294594627589501,0.0023856946483579683,0.0016538258173341288,0.002390304524216343,0.0023194876704518623,0.0015395842937215975,0.0016276657067589195,0.0018211204858158089,0.002416077257777189,0.0019318367651681699,0.0012027405118038527,0.00298479830171226,0.0022373105606401096,0.0021912971167827285,0.0027948580326031844,0.00228033768351054,0.0028059604515682512,0.0019195688967800766,0.005139515659513805,0.005204112842157588,0.0030717172361274174,0.006603779632730302,0.006315913051738172,0.0034943042087159015,0.005252975812691165,0.004844739735916756,0.006202573754392239,0.0116659627330615,0.01136710511328498,0.005629291569224283,0.00488284918473298,0.00590198440207905,0.012128374080867525,0.0037226414013861752,0.004653717075152619,0.007136196395761983,0.0019358963355430039,0.002853906389437992,0.005772370366448087,0.0021794803143685296,0.0010687863299107634,0.008562901227391093,-0.0022037540010743347,-0.0017454930734257313,0.001878071136645675,0.0024149089265066205,0.0014910197295559106,0.0048781063699622025,0.002288996761212408,0.002348667333032549,0.003849167100586209,0.0025544315375115438,0.0030197199103001635,0.012848876640948309,0.0018327804694060587,0.0030693503278460535,0.012150889679836149,0.0018647714055488541,0.0019241880110172926,0.001511430242484713,0.0011567843872004261,0.001525632919909327,0.0037510289275982825,-0.001042251751323703,-0.00010700856063758741,0.0022776526779939034,-0.00144419427862831,-0.0004714594713361832,0.003542743546566128,-0.0023055020786682105,-0.0017579040899527237,0.008999626258739738,-0.004593987911721632,-0.004800700688660308,-0.0006000465867991005,0.0030032343160135582,0.001944962855439946,0.003674606369808972,0.0019457077986888855,0.0005847475039421395,0.0009064837507417618,0.001160535166145792,0.0015788938222829447,0.002071974021931425,0.0024455171658498997,0.002556386315441473,0.0027059920721220357,0.00432332024647387,0.0016777570798681065,0.00360683648260738,0.0041514051700355025,0.003928162218129337,0.006605550086293191,0.000495515323117473,0.0019460869171856086,0.00029145749983704606,-0.00010091869587200752,0.000321389607050993,0.0004864606826333436,0.0006219592993334819,0.002012396484705404,0.0035514919274121453,0.0035646280107498223,0.005091763133659894,0.006068929893328537,0.001624445677862803,0.0007648355894277697,0.0008938362661724118,0.001139585878919615,0.0016363982696586431,0.0019320267187423127,0.002305583683741977,0.0021791888903790095,0.0021092297881808654,0.003951943577005452,0.005701615631617957,0.00556523540746992,0.005222466177866607,0.0029017826825850765,0.0027577671550665034,0.0046918412407635545,0.008135514757655058,0.007602496064289207,0.0064406775710367,0.16954085596692298,0.699547151184098,0.6995,1.0
42,0.0020056100826503337,0.006275776709244428,0.013744147100196894,0.0009857806326765734,-2.1089445994507494e-05,0.002343045778022429,-0.0019548576707923942,0.0013015850966160854,0.0016819327403088077,0.001681623006680876,0.002634877932189444,0.0027895760870004097,0.002204918228801978,0.0022789568393225186,0.002767195965842601,0.0029021871309523983,0.0032683810496822565,0.003028801088667564,0.003675626349216581,0.0034808369433128434,0.004382239540597896,0.004334068509288146,0.0053082710314810945,0.00415546747650912,0.00464429263222473,0.005342716812196688,0.004850931336852649,0.004914079346824859,0.0017401002300778687,0.0016178025470467209,0.0021723708095266643,0.002265800584410391,0.0030204583501299165,0.00260682027062511,0.0036045598973685937,0.002834425314392952,0.003059793092378706,0.004011722525156884,0.003274434492890133,0.003526016646766773,0.004642447948797045,0.004442080691030337,0.004323247035153576,0.0016170229003986322,0.0013670747311983272,0.0015545607515527152,0.0013259826508808406,0.0011861101377558074,0.0015059177142201505,0.0015289706585364406,0.001605943590963621,0.0014215201884570908,0.0018125144066448162,0.002032921774778721,0.0021725466536696918,0.0024126173939458275,0.0024517489283474307,0.002454664970536075,8.010500409946643e-05,7.573293834634568e-05,0.00020574119905989778,0.0006711572148826108,0.0018333127315325526,0.0026653494405167073,0.001471432696575251,0.0035670689381092115,0.0031738820038695577,0.0010340716702730037,0.0031870844898606483,0.0037310150569803903,0.0008920282065123413,0.00267929001264158,0.002205198349923488,0.002019769239275362,0.0013360664405079085,0.0020934292627522214,0.0009897229584892708,0.0035379231534466904,0.004447217216796004,0.002829246544049876,0.006999751458789202,0.006311991864618507,0.002929713334325929,0.00874329833527718,0.008972662154107256,0.006278470577533415,0.026198053669150574,0.025295467238976268,0.0006037632154090293,0.0006165905936037681,0.00080129530865756,0.0004291092403748937,0.0014772968704117376,0.0014369938284662833,0.0010174863533305614,0.002160839115972323,0.002203705563885785,0.0010109688237320822,0.0035475314792235437,0.003096190491158239,0.002963152388503236,0.012588120402265274,0.012165613853200707,0.0029637417965923444,0.0033076552306107393,0.0033913759053115296,0.0039042712726749876,0.007167517901565786,0.0063793258605240825,0.004098972624573933,0.008856302605426379,0.008511313948395358,0.0058130001223962975,0.013700178155577135,0.012973772622218415,0.014366791245005093,0.02712566921034648,0.02737146341789939,0.00478765327314628,0.004202103071452722,0.0028094067087151876,0.0029615257639412106,0.004081169686354548,0.0068020249817460155,0.005616596435276649,0.008436986264008241,0.008041405958367854,0.0023140849517666426,0.0025200864479729473,0.003090498829539732,0.0029331882146012202,0.0038139462517437733,0.0030661032756789486,0.003964451473964927,0.0037466983869687462,0.004323996574900367,0.005770876686238165,-0.00026263936543674467,0.0020042132729917606,0.005372554059294356,0.007979287703096565,0.009570582759225526,0.011495377434715898,0.015636589461694172,0.003423403189405243,0.003348595298338455,0.0036708311027798496,0.00407499729368592,0.005787437117985791,0.0042744182180117956,0.005651131617077983,0.00869194444340873,0.006475606148352365,0.008655989437481016,0.002242510046026948,0.003270391692805844,0.0027061541704742334,0.002606433986956156,0.003403231014725582,-0.0004580250087110808,0.0010126535718307428,0.0011698041337393974,0.0018042524894986579,0.003754936158665253,0.01722372252078617,0.016726115552779065,0.020055281907106256,0.01770408376600701,0.16954085596692298,0.9529999634649089,0.953,1.0
43,0.005532246192011851,0.0269357104659608,0.0011628553213379402,0.0011721103512325143,0.0016031781902556463,0.0015938975567109707,0.0030765565475531064,0.0021168823595278663,0.00873402220731253,0.0005872164708472414,0.005137591788781956,0.005354224693039019,0.0010490349316698152,0.005722199747575966,0.0047982929852883275,0.00450630642995142,0.0037741959452262273,0.00346772063693654,0.0037214787562941253,0.002687834090894205,0.002562807758823829,0.0021472710922905073,0.0028031504275567005,0.002613713397410117,0.0024770024047563273,0.0030341078156848446,0.0032225571880848737,0.0033588198528828393,0.0006440913720022375,0.0014222669223458878,0.001166886390072129,0.0015592578679681608,0.0012284842125576,0.0009606056540465979,0.0005092189359696914,0.0009815796138725357,0.0012643111628976682,0.0010583809209747858,0.000822271854101261,0.0012512655499801759,0.0007906233717856213,0.0009529288515336059,0.000497565892846216,0.008264933605926011,0.009379547035640009,0.008526914203488603,0.0060203216059977515,0.005594569666041106,0.004767006756854312,0.0052093716115251786,0.004328118066984842,0.004530444678644526,0.004161497389220452,0.003979624807901588,0.004409100901003804,0.003055030955127159,0.003124139017941442,0.0036990781294491547,0.0010158324980704789,0.0007939873088929919,0.0006604783724206804,0.0007265054435171245,0.0026692159104528624,0.0035260828353991377,0.001935367300592904,0.004791248822458925,0.00581398059260378,0.0024707323142584303,0.005534919644490421,0.006720554498726661,0.0048479695659736765,0.01092140594501424,0.012152142055337415,0.0021566096899994767,0.001857839319523172,0.002682435081830812,0.002863786443123037,0.0039936571379195025,0.004188304948965034,0.0039916835599116554,0.00586419788162957,0.005936438900121772,0.006139004622636365,0.005151135111375146,0.00481049128094646,0.009088254848868754,0.0025327150634179576,0.0032092903875506175,0.0014680998557354923,0.0011368422560019934,0.0012769681465269488,0.0017200054323776802,0.0012257281342298847,0.0015487127478115686,0.0021189228706349644,0.0017410166485938882,0.001653271625946482,0.003685516259180663,0.0015941818587766766,0.001972901636221802,0.004850620752034554,0.0010515997912801875,0.0011551676602501073,0.0015616138745911028,0.0011925331608098931,0.001686863484638486,0.0016545438825036507,0.0017110030836408458,0.0015135866003364122,0.0025816649708005337,7.124293099076424e-05,0.00044433589733987316,0.0032966858304292945,-0.00042176130024720214,-0.0004058928307300803,0.005028561756274301,-0.002389901092767782,-0.0025978497609033943,0.0052205441324700156,0.002650413070758024,0.001985063508593926,0.0014951343404785748,0.001736881715190206,0.0021710009979597164,0.0019857374848491404,0.002978705981878173,0.004060176785431448,0.0017930277045706967,0.002260132538319896,0.001883452472268817,0.0020622037582189987,0.002455468282594724,0.0008783033453753371,0.001225315014604043,0.0018244209970940033,0.0017259158233988773,0.0017889597053588932,0.006065779532346356,0.009094883570568806,0.002473035506038917,0.008111421246893433,0.007811243642785022,0.00969390156585027,0.00446784225290167,0.0008868726967932254,0.0009841667266271145,0.0008277344455143821,0.0017618405920053154,0.00271931327469632,0.0022188567166178757,0.002159485850457587,0.002766812568438095,0.002649547444077403,0.004238068950324498,0.002566131055610329,0.0020869341724516688,0.0017535528748414166,0.0021107393556702167,0.0030162999813926066,0.002774459928228171,0.0018146841530855948,0.0016725979879958631,-0.00033613939721506585,0.0031541728325468425,0.00756874938265714,0.013191793005882234,0.007833101844024287,0.007854657457389096,0.16954085596692298,0.7189997310037703,0.719,1.0
44,0.0034914346504095746,0.02649670673830469,0.004383147206904337,0.0004792490739425756,-6.325352408620193e-05,0.00022214333213321986,0.00111881554984233,0.0008855106858143181,0.0021385376925733522,0.0018050724018910558,0.002750645507088635,0.0027869851618504663,0.002515265015435405,0.002744069212408375,0.003097496098115207,0.0031096425977585242,0.0028231048256857957,0.0031675662036060462,0.002295894759003867,0.003700035815301504,0.0037186361205158417,0.0031787786172540146,0.0036744041028475374,0.0034097283684941687,0.003321587311122936,0.004275065925090176,0.003597590435305416,0.00372482467258901,0.0024181262458293413,0.0030925757937646453,0.0022873230317880158,0.004045473412947033,0.0034423732204851587,0.004106954254811243,0.0038701461329256324,0.005589104654273589,0.005654718952335912,0.004809063681271676,0.006071271895695535,0.006039879886814704,0.005181517457193817,0.008250643492814642,0.007791644722365428,0.002042766015575714,0.001994288240874398,0.0020898117837260142,0.0029896587627401008,0.002528837101442712,0.0024043368228808563,0.0027097377580777935,0.002826967403587228,0.00294185355488357,0.0037474186409140347,0.003269883261943969,0.0033084493680732895,0.004646251598733587,0.004341352135199181,0.004409846433185885,1.0369583543468487e-05,1.8470754910983755e-05,0.0001730210930305874,0.00041965890824673525,0.00045737221784202794,0.0005608758386512435,0.00047747342365162915,0.0009297693798489334,0.0008479956651982282,0.0003330660599523183,0.0011162495366400205,0.0011813319397606988,0.0013442726567669345,0.0037043135060539534,0.0036320649184017942,0.0011515246130868737,0.0012633893262315014,0.001284609736534134,0.0008210950090193871,0.002919850429932113,0.0035553242344027332,0.0023416929895267065,0.005631139339068424,0.005099257188791817,0.0025446818305852412,0.007658958699509398,0.007888744458957214,0.005082536263306003,0.01816167551179954,0.017733206776310136,0.0007173309293221182,0.000562085701542726,0.0008852491100530706,0.0004373582130691998,0.0014331851986407664,0.0017618426654558118,0.0013274654929675243,0.002145372483164669,0.0020230566950467364,0.0006916962690691401,0.0032238086036087184,0.0030888617366397267,0.0015927135930942204,0.005928381780468391,0.006837054305098415,0.0025955698148985643,0.00291718699798253,0.0028572030018336517,0.0039066603806928325,0.007134754357292529,0.005931588281782555,0.0039575644004141075,0.008009191888452392,0.008521935825797676,0.0053742173994888185,0.013002862323278451,0.012005355095189017,0.011597993525433397,0.02949420893162215,0.027664487158203653,0.008768882919339124,0.00118678390166255,0.0046086702563152985,0.003141667921998745,0.0009554692826020303,0.0016070787031675696,0.0018106074584190407,0.0023505636763678115,0.0028495543269259904,0.005824011059430803,0.006541292249703485,0.00668546375979024,0.007437156383117086,0.008361317954436457,0.003912121135945261,0.003976987419685783,0.0044665104410819695,0.004383192605477461,0.005188539424573674,0.0006733445547834592,0.0019071999290736386,0.007670628601687637,0.012468680695109964,0.01519104271981178,0.01558550707556587,0.031901635659990595,0.0032289178232834466,0.0037354208344858044,0.004288282323166331,0.004755991491963962,0.005454673718752624,0.0012197415078214224,0.0014849153158731673,0.0022296139803944935,0.002315532648559158,0.0027895442486399924,0.0060237513352616534,0.006409527735769286,0.006614653588647079,0.008087190512996835,0.007594857500182187,0.00044134139478207095,0.0030371668917318507,0.004111019356348929,0.004989796928137981,0.007184026412773988,0.0074807650462653695,0.007029967094890188,0.007139696189277077,0.006137645528195815,0.16954085596692298,0.9464999998147081,0.9465,1.0
45,0.005829098105126235,0.005193710112390865,0.0032679873529520213,0.0034782064820530886,0.0009041310202779968,0.001378140073692181,0.0014552219075881804,0.0015922074307315238,0.0018496236327025456,0.0009513383998941768,0.00345649729956441,0.002917739971435216,0.0021126485890788924,0.0022151133077243663,0.002123770438608804,0.0018552270826913675,0.002035742110498399,0.0014751917700851576,0.002398611046036595,0.0018684440063804835,0.0015013614901023522,0.0023275628883024364,0.0021153856312573316,0.001485302920436758,0.0023074554796655594,0.002198192181521338,0.0015881496466402835,0.0020327683780511268,0.0012980728479953672,0.000747292939052776,0.0011050397400125568,0.0011857374177543655,0.001378584222456166,0.001304019404095513,0.0022667518035666637,0.00174435335865738,0.0021860207367680835,0.001985853184322961,0.001508838667101917,0.0021587460623392926,0.00270132209000962,0.002553574069175316,0.0028945084849671186,0.0022769896068627177,0.0020430698976804996,0.001957623721536408,0.0026311191326702814,0.0022886653444510988,0.0024831845090953265,0.0019058031887145637,0.0017916458612018038,0.002554912535504919,0.0036764472765311515,0.002664092212110945,0.002788471836397192,0.004145723831265911,0.0042033163232515275,0.00399155991382628,0.00213703190814735,0.0016974414946719632,0.002256846029306516,0.000487571531482772,0.003024462596034709,0.0030255888950069987,0.0011107910776548436,0.0029206111344775593,0.0030264937016941953,0.0009894387013508314,0.0020171534368296426,0.0020106993981034637,0.00415569044158301,0.006413867168659891,0.006980614306862694,0.0014479212195112213,0.0015493540731270079,0.0012422245092349698,0.0028026839734529886,0.0033478733179124077,0.003149394592892484,0.003605477073669082,0.0029510495784680728,0.002188803725432594,0.006430077987006018,0.0025950429402329667,0.003623341141217516,0.010385641476875236,0.014135302576509237,0.013980557924594813,0.0026203874849041143,0.0019624587979402124,0.002514527451562713,0.002633220675903044,0.0012658603300883487,0.001109768479855547,0.002749016773717916,0.0016384120171652689,0.0017078493755761977,0.005816971421754845,0.0019438431531951339,0.002034182421608926,0.010954123036416364,0.004430320071156421,0.0046520929978657545,0.0015467079854645132,0.0011867058574873877,0.0011533212660189724,0.003456893186721448,0.0016776964056842733,0.0018957311600134006,0.002513321712014656,0.0016515168957172836,0.0010472251938164207,0.004795409943398063,0.001987860041787105,0.001768732078250075,0.009440990469763037,0.009224537197342305,0.008571922262358813,0.0047125692204621735,0.0012212393091089436,0.0039476384572934755,0.0036259087181136945,0.001483765414982391,0.0015200726100763878,0.0012936969791123645,0.001876986906831761,0.0020528469985873323,0.0035090177599551107,0.0044952767080815555,0.004651638888297957,0.006364534744388297,0.009093198415097302,0.0032580445723108067,0.004307685889669943,0.0035377677729023092,0.004717025849719863,0.006482186517219653,0.0041648302832347096,0.0019213144208971374,0.003731797229194661,0.006766376927350106,0.007434461408560818,0.011917632278174738,0.02536531772876381,0.0037247712637469526,0.003933889703254702,0.0044577645128800625,0.003969876684554086,0.006169004543298058,0.0014546718173289556,0.001342141170774221,0.0008184780924703727,0.0013416638679461098,0.0020799284123426305,0.003529859604972809,0.004686508903272122,0.0039634276685329714,0.00410685759526203,0.007658795115256696,-6.408212987084508e-05,0.0020329068443433857,0.0028165724984189336,-4.9671843217164345e-05,0.005280738763473747,0.0026888974678450097,0.005337085533417816,0.0030120938747717064,0.0032360652425922677,0.16954085596692298,0.728498756234395,0.7285,1.0
46,0.00140908903973624,0.007568669294469605,0.0009763295606996796,0.0015706471037370304,-5.110656155457444e-05,0.0043993383592655505,0.0014494395666940043,0.0007317525424297309,0.0015802844828744678,0.005049990955823552,0.0027303891062437757,0.002242937291874976,0.0026388817520017938,0.0012086911256603916,0.002143288149361261,0.0021513262815586027,0.001396777438887646,0.0021256771080293453,0.0022394117939835818,0.002191734367582987,0.0022915494957132104,0.0018611235519221839,0.002844262376781979,0.0024344132940159156,0.0023966799895654345,0.002539063825688441,0.002422654941353755,0.0019993226776251097,0.007463947507633459,0.007409688736539932,0.005687857094660629,0.0019154127869266992,0.002973312324514566,0.0027240165690702403,0.00320392831110012,0.002477600180849931,0.0033591685547776145,0.002602162381447435,0.0033826498387243466,0.0026294614566370364,0.004421599234110413,0.00484786964477429,0.004557471243838034,0.0016219761549812037,0.0007818216480454475,0.001564431439068368,0.0023593172504869737,0.0017872747720376128,0.001350346744303261,0.0022102384582380545,0.0016700827522227364,0.001583629760479784,0.0027797388660254067,0.0017035280632091538,0.001410282206725297,0.005230135525084576,0.002998574864713143,0.0026027884577621684,-3.801674433812621e-06,0.00010502430455532253,4.814995373278277e-05,0.00041118652166906907,0.0011210239738514895,0.0012256269945337967,0.0009977699167444802,0.0019917571651934026,0.0011578613258573262,0.0008244438307719267,0.0015767306759790767,0.0016432369799864652,0.0009156705901657475,0.002760106556927486,0.0024621484957131306,0.0010878532329391772,0.0013746542971369048,0.0010393483904088485,0.0008797989370630744,0.0027071846523273086,0.00226134083508577,0.0016242586600789316,0.0036773258193943882,0.0032955133448437338,0.0012069173326634977,0.004675214388925619,0.005448145731200101,0.004958524535770981,0.014682813736157353,0.014391580138641221,0.00127786767541393,0.0012502268896458636,0.0018083658405986123,0.0021609571237379286,0.002254064524337917,0.0022594546444261823,0.0019175163513849636,0.0030643110551895236,0.0023409403546479465,0.001236709577327269,0.003979560240451906,0.0034647712256223166,0.004265968765386612,0.013624485306945659,0.013234040391343783,0.002492458180995474,0.0029220498889532685,0.0030960981822815968,0.003834530903815504,0.005852409529958567,0.0051089357258925095,0.004472398924755858,0.006310149577769817,0.006613962725507553,0.0072292339243377295,0.010020955563024786,0.009647064239716466,0.012587077648202995,0.02366312704253312,0.022055018123824956,0.011402452636830322,0.003152772673441162,0.002258600326131244,0.003441062986890469,0.0032197940962050225,0.001124775231602564,0.0010249594157381694,0.0010910073904071961,0.002434936701320562,0.0024434255206507898,0.003350531195801157,0.0034432575155383207,0.005782024664549244,0.004962681568771459,0.0035656885154654394,0.0026142714877276864,0.0034695376516675077,0.0045718516211370975,0.004099034403617357,0.0011662339247311862,0.0014883656657200472,0.010739197584706466,0.013425742711650488,0.013540642630175584,0.016498491440009644,0.027214728692268028,0.003693154052765694,0.0028867104907764262,0.003671002191584348,0.0036371418647699444,0.004286986322318109,0.0036225232066512294,0.0006530732254917972,0.0013091746206631977,0.0014508935795522705,0.00263377282694048,0.002711526061638602,0.004083121260553285,0.0034898772347064727,0.004434719451377443,0.005007426121419812,0.0019272654770607224,0.004556010956325382,0.005459061736057212,0.0019340725646892394,0.002716150259679459,-0.00015474936403688422,0.0003137574093827784,0.0003447396521985,0.0003206086939763497,0.16954085596692298,0.8064999956491476,0.8065,1.0
47,0.003007644750542785,0.009370712700543522,0.004301644764507957,0.0012008434353132835,0.000460791937558908,0.0015980991643770206,0.0013630293230127257,0.001020593135635324,0.002109505079074346,0.003910422068126377,0.0024660701727605887,0.0018646930403526524,0.004188157116932317,0.0028593926917645793,0.0028307275582007967,0.0022810740679192693,0.003121575319677442,0.0025976463314637405,0.0020593153201855555,0.0032433579821154416,0.002936594668159839,0.002781453964601066,0.0034526028439956554,0.0036835956911753253,0.002908815274389955,0.0033149153657280874,0.0028789918695539115,0.003298650910804622,0.004026950271244666,0.003320044863234378,0.0032664412345415057,0.004165262640129902,0.003680288888666935,0.004194593646308375,0.003399329868963258,0.004453018707661631,0.003910475717996444,0.0032208123489554886,0.003933961116513398,0.0043565691520796885,0.004365730721628998,0.0046090411349107,0.0044528839343326385,0.0016643795688504929,0.0014476008205396794,0.0019810480617798113,0.0019613436959887826,0.002262307987162907,0.00153754256598765,0.0021452000948973976,0.002759777491776552,0.0021354415651573433,0.002633521831048647,0.002428702331002731,0.0027443192130516274,0.0036581604627096294,0.003579631219046311,0.003007452111544903,0.0007785483235612721,0.000911051580545609,0.0005443983114255501,0.002790973933812037,0.003986647332442788,0.004261074784223202,0.00340354211380539,0.004360214994788372,0.004464225532185831,0.0024377392159179697,0.0033357012714557554,0.004950862812665314,0.002823738460410367,0.003285361907560096,0.0030231280833802757,0.0014148308429296342,0.001414564337999829,0.0017188994225421838,0.0006058572128098575,0.002985619194851526,0.003595532836066889,0.0019350356563043066,0.0052307274338693355,0.005427162947175927,0.0018804360539053024,0.007110304409765885,0.007439208439926902,0.004448030157863556,0.015877282474094156,0.014936215746262598,0.0005630004425910189,0.0008013846154923563,0.0006159283656282411,0.0005301410650418398,0.002743877556598279,0.0027437430340011347,0.002773538295301111,0.0029579578351855663,0.0026991928472618596,0.0015013717786693,0.004185079426623996,0.003838591390871562,0.002978216420911283,0.01149174852322952,0.011370911461912787,0.0030880769139261023,0.003386754050984581,0.003687379805055304,0.005017802104727093,0.006747897194882383,0.005979123731928656,0.0048006529826163154,0.008667925351385792,0.008421538212580565,0.007054723578850331,0.011931805364191092,0.011084229211882433,0.011973562148265483,0.024462703442891108,0.02240719980590154,0.0103811614422293,0.003255711328905744,0.0026906393929823154,0.003717402503311721,0.0031605463112842343,0.0025746141832681643,0.0034953680733697404,0.0033543783933215957,0.0033079374405892664,0.0034054397666132704,0.00301929554491454,0.0032735234337811173,0.003634240440982908,0.00379290473129859,0.004302733552136683,0.0035499584088281677,0.0036054385497514677,0.003270068327234362,0.004318425775940542,0.001881206999427394,0.002420525889228246,0.006967327090167378,0.004958164738757971,0.006813139198581701,0.007598640917207279,0.012597758814979806,0.0033785335919462632,0.004005368885882465,0.0035239928875911465,0.0033693711057730022,0.003480496829446543,0.0037965664044002376,0.0034159940379035517,0.003267921162293044,0.003406077212138467,0.004358041286576871,0.0031960270533932097,0.0031674362594522744,0.003091447000449448,0.003182912943974331,0.0030219104640507397,-5.7200061067830705e-05,-0.00021283788150214448,-0.00018471853580415663,-6.461255447596041e-05,0.007873725722248813,0.0032815335851529947,0.0059871083467351845,0.006399582382407979,0.006132192168255622,0.16954085596692298,0.8540000001133607,0.854,1.0
48,0.00553803824660773,0.015359477170976561,0.0030274770572429567,0.0007242932396860969,7.772716242283086e-05,0.0003879858964257861,0.0010495534527136133,0.0005449457851678237,0.005795962954074245,0.0011243481307090723,0.003778049276865616,0.0038067429377882356,0.0025943895247448868,0.0033936633600515254,0.003542758744644641,0.0035530141613163576,0.003205920694518604,0.003881231650105009,0.0043547367025485876,0.0038044495919351507,0.004235844766755296,0.004546287457600808,0.0041165346233673445,0.0038469390765305937,0.004082174732860121,0.00463953895473629,0.004802199668212631,0.004140891125046162,0.0011370043692171597,0.0016472617252585738,0.0013141470967891692,0.0017110917810276363,0.0013747704506327668,0.0013121191774279628,0.0013191466050330037,0.0014667529760915396,0.0015715115955555585,0.0014035525260604042,0.0016096885001822938,0.0015647676213354196,0.0028585735015875737,0.002281546951232026,0.0024748659793982697,0.005134613189867762,0.004682864003116494,0.005323179392086788,0.005287580636103241,0.00536329915433995,0.005399280131274209,0.005397114493823142,0.006120955968942145,0.004769193892964987,0.005020396012677447,0.006076754634331484,0.004374093180878785,0.00660961568014672,0.006520368483661427,0.0058095527625098165,6.02998973880804e-05,0.00010157896984918991,0.0001101228677536044,0.0001407036944084352,0.0005564005998236169,0.0007646538226133864,0.00031461400874878735,0.0004965287927862087,0.00044669532868822225,0.0002243481325756147,0.00028518103763219436,0.0003088169362364576,0.0005902597347871445,0.0006067852523587886,0.0005067346560513011,0.0010802974646612594,0.000886979779528771,0.001212833188058261,0.0011199083745741067,0.00394009721749497,0.003925762425250523,0.0024110314455080203,0.006263029908885551,0.006201049088641861,0.0026845269433861925,0.008928342222836354,0.00878155096382174,0.005546917626398022,0.018080982573665864,0.01688184863142645,0.0013771707046000463,0.0011510250841484456,0.0012769219801538048,0.00048019903608297575,0.0024573898227271762,0.0024252645600145247,0.001416079835010523,0.0027239319614734397,0.0027950942889271276,0.0014927580548909406,0.0039884123604823915,0.004050117875419961,0.003913997447740789,0.014636326033384977,0.013892501010807773,0.0037026467030821797,0.0037809177067122703,0.0037953013141823772,0.004580907469485686,0.006770310064233824,0.005269954081629551,0.0050260750873434455,0.007360692289737711,0.00821583847380853,0.006611449750416981,0.012789216816475709,0.012248450001363072,0.013915941834164754,0.026813578827018614,0.025722820061477088,0.007797720531304053,0.004802682848327536,0.0033637121263557865,0.004302383150067207,0.004871712614385014,0.0051424999436260775,0.004804258533253844,0.0065860149900926245,0.009601104171867983,0.0037727918065038257,0.003299306852817666,0.004314847463372498,0.0038345085240034265,0.005210372532288378,0.004901181558735633,0.005000703121030522,0.005965122183324645,0.005926854727067184,0.006771383171076112,0.0009690016701029898,0.001229552470681076,0.008126726031675878,0.010919127660548486,0.011571870848119887,0.012049208641537194,0.020983092986536275,0.005666983699195701,0.00549668184743677,0.004059612456195825,0.004557456044432343,0.006879584493174952,0.004833731899631078,0.00472565809596235,0.005842010856944729,0.006024442229604898,0.009119958496702487,0.004760724723550871,0.004073577646866382,0.005257624276608765,0.004396942332860689,0.004988274033298704,0.0021100540221928752,0.002701099211793103,0.0024875905421399,0.002245949906158712,-0.0015041291775705376,0.02722436683471408,0.013002080920403022,0.005271732066422308,0.006088384657004482,0.16954085596692298,0.9849999999833932,0.985,1.0
49,0.0014372259718575182,0.005058894851760897,0.000873797138168897,0.0007521579645812013,5.2432178852500974e-05,0.001196502304944324,0.0013071315049975262,0.00090188091117779,0.001437688533004346,0.005473778363982702,0.0022600271555474486,0.0021022929796446306,0.003760550871733376,0.0022717210839387782,0.0022443688733069576,0.002221551769009719,0.0025636785419431143,0.0031632477104666917,0.0025860974703580523,0.0023753641829344346,0.0029009279404752027,0.002606911156016669,0.002725760894386181,0.002906059479947579,0.0027786620559495574,0.002609639816157728,0.0025419280633887107,0.0025111869643515364,0.005420449696094766,0.005698231677863353,0.005289332321422467,0.007112615382941703,0.007185562671142274,0.005442589308988729,0.0066640596518503965,0.008242229519302669,0.007115001158908204,0.006328012749256592,0.008519153372844172,0.0076812416822711164,0.00913201695238497,0.012425200173544705,0.012346447213103722,0.0020253745044814956,0.002443166925022163,0.002015188956718252,0.003024402146532077,0.0033886112740401284,0.002905310830081586,0.0032885734102860486,0.0037902007786774394,0.0036008598305670805,0.004573140113460294,0.004428682454190132,0.004228247507384895,0.004944350451726023,0.005501161821502573,0.005356831214175249,5.4364939426584364e-05,2.8029684512731828e-05,-7.088929548882162e-05,-3.96886875018709e-05,0.00027880500174727493,0.00030486673491916035,0.00041658922147760707,0.000761555231573549,0.0006205481561502796,0.0001315739264254346,0.0007595784447901769,0.0005591752936055222,0.00021159113162538934,0.0013682183048246636,0.0013155774704598187,0.0009025934180005294,0.0009060160760521334,0.001036906088809805,0.0007073322180479945,0.00309661767385729,0.0032502302883288506,0.0020345263424959995,0.0056565877948962125,0.005163237568281683,0.0017990424781471751,0.006841880354527593,0.007708683043160534,0.005355889608944176,0.017667333753782606,0.016627496480763244,0.0004891779532424479,0.0004689504704525455,0.0003388263954840993,0.0005264700998643624,0.001856135341165839,0.0018276567638390035,0.001193203336759735,0.002073089667914999,0.0016950648911524214,0.0012278278254924551,0.002888041154437424,0.0025842427201245898,0.0030687024266033234,0.01121951019031533,0.012271974492599348,0.002744991928823451,0.0029944245677043574,0.002600032731543649,0.003086674681220966,0.006064024984680175,0.0050409980115086505,0.004323535366868891,0.008255941527163722,0.008372659471552975,0.005197679098599376,0.01082309663919562,0.011118279848693352,0.010365636731251548,0.024525151442818673,0.022828841043558246,0.010595307778592515,0.0021572601575115045,0.0015118667169221457,0.002020489822393395,0.0017182228873332973,0.002706909821979758,0.0023022520217740273,0.003164626784025761,0.0050626247376845636,0.0016252456698835514,0.0023657126845984798,0.0027513638672705247,0.0029578310500831123,0.003967155512262547,0.002379467824173391,0.002354048803678386,0.0019703656601429043,0.002342835772059836,0.002342371310525868,0.0018854039465442797,0.026617045913373796,0.009704751317804492,0.013217434605668876,0.016276605412138698,0.017505362061889213,0.02669689160131997,0.0021210294919976986,0.0023164304716865062,0.001315815854320766,0.002931263599865185,0.001945117670630163,0.002206387984464312,0.002638313916935531,0.00287790656565266,0.002997470733102791,0.005960677062871626,0.0017476366780832643,0.0028176721344104327,0.0025792915429411114,0.002953116882391713,0.0036796029256273765,0.0017524153969616292,0.0025124805121675533,0.002668397929321039,0.005217028078010833,0.014476024127821828,0.0184005610354421,0.006482415813409917,0.014165304622679408,0.013234506236952069,0.16954085596692298,0.9510000000112293,0.951,1.0
50,0.002138154769572946,0.007876158449469518,-0.0004202996261159075,0.0007283935158942957,0.001983498994645348,0.0038065965146385013,0.001961849123369859,0.0011754717424694967,0.004623201479517543,0.0010601974379522846,0.00555702384931385,0.005899392517151754,0.004962953165815625,0.00453316274340369,0.004360683691513119,0.004201306294300279,0.0031981557119652513,0.0030049600353239466,0.002533842777801558,0.0024831842680713883,0.002166212292860068,0.0018426313978006405,0.003328017411280415,0.002603820769329647,0.0029475732085794655,0.0032328195628277337,0.001979085179793479,0.0028550286338451516,0.0008922468623975567,0.0009909638725880147,0.0006441317196436232,0.000821336619934858,0.0008084655708729593,0.0012675490469575886,0.0009733853030614043,0.00107493152588503,0.0008319666173862589,0.001651819848513028,0.00023830182113754404,0.0008921074891818488,-0.0004652916343402769,0.0003087928552442364,0.000839439440945415,0.004463526045684164,0.004570979341544911,0.004512066552002304,0.002635391203482384,0.0019750546515959074,0.001656631400052194,0.0021013940355343727,0.00179678082379081,0.0024716831354792603,0.0022439337783601767,0.0025096307941793023,0.0020900651116559097,0.003399047599169025,0.002333627972652448,0.0018437462100685219,0.0038505125763024783,0.003958504985458524,0.0032573135464221887,0.006277258164041956,0.0034318228476941572,0.004606724963711369,0.004000897273663156,0.004234284250357288,0.004149776797621356,0.0024192411538126067,0.004560244345219481,0.004375621192657903,0.0007680772744652378,0.003635388715526021,0.003571829078334099,0.001524259860082788,0.0015309286167620533,0.0016643737803001227,0.002674695144817475,0.005523354005107355,0.005686989375713127,0.003301302817009557,0.006907426288513196,0.007779718016229224,0.001846483516291226,0.00960352694635775,0.009367705079235017,0.007487319901785719,0.023770322782203906,0.023357415509425262,0.0008761682883203918,0.0010437752026930904,0.0011216356057680765,0.0004607681446440486,0.002021628108556282,0.0026475273269483163,0.0011592755385081577,0.0023691897796984723,0.002393330002164604,0.001364176369134173,0.0029344713610860635,0.002961170193084429,0.0027259444238274242,0.011360918183359086,0.011655804037374155,0.002570627977855731,0.0024331298068969477,0.00221692941977564,0.0031086765651156104,0.0026171611610503642,0.0027307667119244295,0.002947699788385981,0.0036262520193643326,0.003441480425436402,0.007323295036532522,0.005822397736566241,0.0051282561562045114,0.010659725181429198,0.009967627669784257,0.010473376480222799,0.009695356635441885,0.0007399579921063015,0.0018968175439774207,0.0011355236389004697,0.0010936846678019638,0.0022600070368596127,0.0027150266413530754,0.001619322075962661,0.0008528785673088716,0.0019276965786608335,0.0013581852877740867,0.0010580447495489188,0.0013923869994015093,0.0016631440045911175,0.0013720583055911778,0.00042653947405098356,0.0002686825807774803,-0.00016209937013059238,0.0008557281486919398,0.0014182784813123312,0.0037967489481583756,0.004908047487714784,0.004399083872603421,0.0066358170348505665,0.008332686695218444,0.015064480569393858,0.0011512303476056013,0.0007373411213108748,0.0004051734823160782,0.0003618106048452509,0.0007419899107582916,0.0011019294042637112,0.002470488344564518,0.0016538297775598335,0.0021623646176629125,0.0013620808329327244,0.0012833880128875939,0.001322999346664757,0.001371164606431467,0.0013524122416210577,0.0014658871940887044,0.0005704608862110376,0.002058816389845906,0.003937212288510772,0.004304315803801539,0.007577245289740433,0.006795590532576521,0.0034019915288029823,0.0026257998577263906,0.0012362514799858617,0.16954085596692298,0.7279999995514443,0.728,1.0
51,0.02546957923140844,0.012500987170005933,0.0021089208065480473,0.00033142145960914917,6.729581252395645e-05,0.0007453553373343355,0.0010207447459674136,0.0012303905625131414,0.013913612181661419,0.0014955073892629264,0.006867503032497862,0.007729697978792132,0.0009148336823966312,0.006612130265470741,0.006003858177073581,0.006290138635994375,0.0055946718139831654,0.0041562618945901585,0.004916392691061897,0.005585436205508686,0.004447718452979105,0.004484978767364366,0.005545240984120005,0.004052070515609718,0.003842859952240454,0.005033164905543546,0.006081292214305707,0.004346016741053062,0.0006635959006087737,0.0010142853971981463,0.0013056401487961174,0.001087579012025592,0.0007593819194726118,0.0008461087325419433,0.000996449236694794,0.0015162356287847058,0.000907192679730289,0.0017551925039073814,0.0014151366609351883,0.0010597553354363238,0.0013736982046019044,0.001485238749967331,0.0017852626639171562,0.015005174183316872,0.015177090126358529,0.014223683760821285,0.011352214099680954,0.01302766506133818,0.012140786299247653,0.011373795178888464,0.012104234120283384,0.012169811972579518,0.010345329367791556,0.012319011805705701,0.008225959894328814,0.010335438714341977,0.00869682308419198,0.008874380866683266,0.00031904705021303114,0.00042338477449287376,0.00012599962844371456,0.00034306109633231515,0.0003847835828039992,0.00019905679796924943,0.00018599717401926428,0.0010136372844740224,0.0004999336509124519,-6.524768295247831e-06,0.0006853608356504952,0.0008352780754737802,0.0007119577550046995,0.0012943447980029081,0.0012198024422895135,0.00137507528589306,0.0014150899819256476,0.0016366811151440972,0.0014985519969681733,0.0032003628759375365,0.0035103432917330843,0.0029062428283199476,0.006014790364312768,0.005913523756587269,0.0029637671599475157,0.008085330670433936,0.007688147300775167,0.007090602871014878,0.014118498829280528,0.01404257289764944,0.0006014420015562971,0.0003687498018405336,0.0006440235940340358,0.0006756452948318503,0.0012204126232662508,0.001213494514001031,0.0006781713385179055,0.0016206671695675847,0.001921486098816482,0.0007830509809661086,0.0015776917448919528,0.0015412850153566908,0.0020723195333483334,0.003568876501297205,0.003008266327144357,0.001576765536995284,0.0017771036059951396,0.0014936623323078147,0.0022518772849269247,0.003909561145787707,0.004605609549049784,0.002449702686562904,0.005522244915981482,0.004253023548779673,0.004530421900569313,0.006207484494448393,0.006472783658005389,0.005886755062233711,0.008604794369920642,0.00947080262063627,0.009732904439226787,0.0003726525226502427,0.0020867970822128954,0.0024854903040000304,0.0006769461933427888,0.003982223513593355,0.006169243941599519,0.007505438591503003,0.009038333548642063,0.0022435384991679173,0.0019417812717651892,0.0014045507751534658,0.002236154996244944,0.0020515509954141895,0.002657454937884002,0.0022070750344611173,0.0020894607237671972,0.0025850637123851607,0.0019713693527567172,0.0009257940821422309,0.0038510846531660432,0.009266330326771339,0.012552457785711148,0.01578219754494521,0.018668554763843846,0.02943993358270311,0.0033653377615554224,0.002600985245665475,0.002511631146984101,0.002544008597673637,0.0026059359509206493,0.0009783153192096789,0.0052212185109954045,0.005948378296711253,0.0066465202707045225,0.007930979026775496,0.002154589428952918,0.002602310559733703,0.0018325562991256263,0.0021877243105680086,0.0018061173435658406,0.00011069410639999174,4.634850576786255e-05,-0.00031736367809757476,-0.0003316814503907987,-0.0004266561737033287,0.013889331431827898,0.012266035747241218,0.010465462433781526,0.010462872130577486,0.16954085596692298,0.9454999998374665,0.9455,1.0
52,0.004768951493951981,0.005506377523752869,0.002344055910983211,0.0006789329133027194,0.0010849811157766713,0.0010481013469057858,0.0022735298808260356,0.0011682409431302602,0.0024644863010400454,0.0005095091791450776,0.004089060778167151,0.004321762909634066,0.0012055684282361117,0.003973522299107134,0.004702026303613176,0.004230462896506433,0.004465004076263631,0.004337459283375956,0.00371200735010096,0.00497959223586951,0.004698058898786747,0.004961629071492405,0.00504193006357569,0.004097543786028727,0.005045492325471138,0.005513564371929212,0.005552434549429813,0.006058005753810943,0.0007561606306018286,0.000685306831765219,0.0008075602211728551,0.001019474643689552,0.0009922019171449176,0.0008484100944082054,0.001337700103167808,0.0006935594036097798,0.001204360125729479,0.0010795027418788034,0.0009341499139039279,0.0009650473775382173,0.0021085625189715953,0.001177527889047227,0.0011094956996080612,0.002663458516582083,0.0021495390111324277,0.0026283194412854427,0.0025178823073138757,0.0030562821062080467,0.0023433074625563255,0.00228878708015167,0.0026578164982396747,0.002190246197691092,0.0032478455316843685,0.0027984364708763523,0.0022300753976853996,0.0031161715937452652,0.003456251346038323,0.003616228887183063,0.0010298680333783747,0.0012955867755661398,0.0012637560770924286,0.0011495095483791179,0.001321366301826607,0.0015766966348065123,0.0010944449899960265,0.0019956888856763394,0.0015042761312213766,0.0013223568203488193,0.0020957089980615322,0.002364147708432922,0.001956581723198748,0.0029753691465651795,0.0033986563909132917,0.0010935860010817622,0.0015120208166221122,0.0013230494853476331,0.0015765518586704518,0.004293707337909935,0.005244593173984305,0.003172303793065238,0.006480442655374954,0.006886740484178672,0.0027688695896893943,0.006588685668951311,0.006892537725955395,0.007371723422305673,0.011700561510828277,0.011656070927764748,0.0008866886514618649,0.0012548637242590778,0.0011767194474102457,0.0008658252185679336,0.00161963704739831,0.0021447134633130584,0.0020964569135825096,0.0027345644049116677,0.0031148607396909427,0.002062777771332652,0.003993116130921023,0.003645214052748055,0.0038434005885148257,0.01176028100214142,0.010632630862948383,0.0017873645671836384,0.0008055532585394907,0.0009887529336955931,0.005175499986669939,0.006835581513277064,0.0065267325400511465,0.0045093267499644535,0.008323776413510954,0.007657049720911325,0.007880128319914356,0.0054351081611082935,0.005590392190144264,0.008694517700077597,0.010643601844906588,0.010101956579821374,0.004855696969930655,0.0010187427952989174,0.007380621283561927,0.007587706334195459,0.0009962587729746898,0.0006457370990769907,0.0011430735515265214,0.0009524361477739362,0.0009903796762427313,0.006610300454849386,0.005551358051391592,0.005733000914827466,0.005953419152180047,0.007151848480147158,0.006517569291534917,0.006374823858375785,0.006049259974234129,0.007494734983209531,0.008757510025901732,0.0005932265211294778,0.004071302347522665,0.005358597735510837,0.008432900884119106,0.009147748502739972,0.011844585187356212,0.018801851625184215,0.007115823583165572,0.006429724200616631,0.007201336182130197,0.007975650078045099,0.008495638235431792,0.00108329235603971,0.0010577364829574582,0.0009042745754716428,0.0008359943409475896,0.0012290918560010774,0.00690947199838672,0.007074699711913307,0.005228916270603703,0.007195156420406169,0.008630542283597923,-4.95294415144595e-05,-2.8044648403170827e-05,-4.54232466485684e-05,-9.727139457411668e-05,-0.00021648871863343084,0.011745125949428678,0.010472645904037393,0.01090083897230676,0.009690737995555927,0.16954085596692298,0.8464999976019842,0.8465,1.0
53,0.005092163671040077,0.00468288988523804,0.008172873455820013,0.0016976476196983103,0.006091351778665961,0.002305712820079202,0.0030825185600781724,0.003491377836585998,0.003724482581449196,0.00453106116412153,0.00433013650719582,0.00316882194453318,0.0007337598716404602,0.003272105090636138,0.0025621407161448614,0.0043409277931167395,0.0031988905877905595,0.0030922332480700213,0.0030391837214060287,0.003500926779242249,0.002677402905731151,0.0035029429513577797,0.0040103061471750525,0.003659099919239158,0.0038931741816347065,0.010830418327934207,0.004966176288187367,0.004414460396822826,0.003001827611458856,0.0036923330869827902,0.002888592373115955,0.0033133772987945674,0.0031033626401872003,0.002841819249792541,0.003869328869294071,0.0029442155069882734,0.0025125945344968864,0.004750410951431653,0.0024002509804002714,0.002802843952252793,0.004480005317467261,0.005707378686706367,0.006072282216469823,0.0038942632381827164,0.00438888822980749,0.0038350632523384168,0.0034602281542409977,0.0024960800992397244,0.002459526385949519,0.0029905401618608722,0.0020640761894135467,0.002452739467487803,0.002860040831244351,0.0028491734699532542,0.002823720055150698,0.005845862260104152,0.003180163620071656,0.003641478435700326,0.0037256076260314365,0.003662502796246908,0.003512565497558204,0.002691887690627004,0.0022632530885589625,0.0030864593517622493,0.0032455783904625037,0.0022355023940901064,0.002170794950501229,0.003064040714693416,0.0028363571238543754,0.0031207820919082535,0.0073024013437291485,0.0036135688324854497,0.0036748022953767747,0.004289555475578405,0.0051000370066701045,0.004347259699075409,0.0044033685314757405,0.0024126479521141765,0.0020994136713817194,0.003697641512340743,-1.9871875460355638e-05,-0.0002950758760686404,0.005005922615006939,0.0008949750480269799,0.0006306673549857513,0.012977321224763264,0.0051212413409351685,0.006431562753304088,0.0022646234559716345,0.0023027304964579253,0.0020334989333537163,0.008353029049754568,0.0028651480261354316,0.002619286486733674,0.006082149051848225,0.002611713272502673,0.0031844038249704363,0.00677058186665283,0.002664266476685169,0.003051046400213815,0.012470829656401951,0.0032165542566464614,0.0037238761499101556,0.0006426740082249435,0.0006283320362073623,0.0011067603299443416,0.0011888876023455801,-0.0020599299730307253,-0.0006316493446316775,0.0006984466318779439,-0.002181548381828847,-0.0019690317104685503,-0.00011220415957469222,-0.0035684810131897623,-0.003148594831184393,0.00445338628006813,-0.0064249510018006386,-0.005374931890536957,0.00023727699672006043,0.003003699365965237,0.005476975222430523,0.006355628253373874,0.0016779090174913428,0.0013553992245103792,0.00115559623700447,0.0011854013206704563,0.0011796913259732342,0.005041562421257902,0.002858690367842488,0.003394609702117172,0.0029200149923464987,0.002855489316776339,0.0072657346929232355,0.003848130849449433,0.004155411004908463,0.003950616060913859,0.004390906719989732,0.001755669177948176,0.001589303204506579,0.00010792152039501205,-0.000501823433846339,-0.0017200661938628016,-0.0034265190077027437,-0.0053177132416898035,0.006266541349687699,0.00346470717316243,0.003785708505753505,0.00354455024794357,0.004099023413102195,0.0020538194150814247,0.0012546590138681256,0.0012841912603783036,0.0011278848328494353,0.0009389119466604795,0.0066321725882094815,0.0021154513171423124,0.003004621802263591,0.0037715581193178424,0.003417435901538742,0.0011661208949893603,0.0009546462860909636,0.0006595715636046515,0.0009161079280378228,0.002186746979886209,0.0011494107749731406,0.0021505359862369466,0.0012869595041316406,0.0019805823895991705,0.16954085596692298,0.6539996167657405,0.654,1.0
54,0.0031037301886763066,0.011619402457172108,0.0060486040219318886,0.00157000885448496,0.00012177375458729249,0.0014206767889463974,0.0015323696070482463,0.0014512317274722154,0.0018880909245059892,0.0014847214590613688,0.0038600993068879856,0.0030534947701728386,0.00286195255265923,0.0031407718304772582,0.0032865507835575817,0.002943673189510845,0.004014840932551696,0.00375535057819594,0.005222168281685402,0.004834951141691222,0.0037747696389941812,0.0037530669387383147,0.006127772844819149,0.004075924820047096,0.00548985354163789,0.005047675800419878,0.004716124608018558,0.004535607451583663,0.0015626414688937032,0.0012306472389582886,0.0015242125348593864,0.0022127215973998166,0.0015668095980603096,0.0019063191650910132,0.001918892802003922,0.001821870797088454,0.0015643759922038287,0.001967521072695718,0.00194375854134687,0.0019249397717551783,0.0033902155641418914,0.0030289803407403323,0.0024017553397379598,0.002411530342887151,0.001764482054131242,0.0018517084968810496,0.0014447567964124082,0.000898455888506773,0.0008974531083707692,0.00031311629478217193,0.0008571606554959247,0.0010898863980643876,0.001443510884958443,0.0009496605467246553,0.0008130640952722423,0.0019981755907559993,0.0018980059359085253,0.0014303731380110346,0.0001817359735797393,0.0006172001329239287,0.0005144783831052095,0.0007937780754059163,0.0016106919642253443,0.0017657901923320487,0.0013422155317020855,0.002657662830445041,0.0031061094561987564,0.0008366956273143351,0.0039118875255158125,0.003882677408288196,0.005132060168353426,0.014603424638492105,0.01418563197390592,0.001625295841810986,0.00152297313908612,0.002276931225591726,0.0031172205406267556,0.00327305290375963,0.003237042585425109,0.005440827390421936,0.005021856421381583,0.005331619439125599,0.010361527672369903,0.007159985696427294,0.008348257455758557,0.009699335705749771,0.011842850478731019,0.010467283003330963,0.0009596634047814532,0.0013552064571149638,0.0008581404912441358,0.0020929386762615055,0.002088525242075477,0.0018136665394313974,0.002496651568489072,0.002953349044064981,0.002861899082899658,0.0021094546357836273,0.0033974263176935406,0.00301390593023965,0.00511819869385696,0.010204171926394239,0.009666729427782256,0.001180288797947689,0.0016150863578569554,0.0013479724057271296,0.002685995766900584,0.002244528927354849,0.0029823636275896443,0.003292841090152776,0.004627913554334202,0.003606009919508785,0.005413142359546553,0.005289521473304337,0.00443117334395498,0.0059067055474951915,0.017380484110835502,0.017476117254909822,0.0067312391149367224,0.0010069019339799547,0.005364122871521891,0.0079813922096681,0.000744209847031493,0.0015807184611411086,0.0017725768392856253,0.0019409082194008734,0.002761474015227009,0.00484791970231449,0.0024168381040017796,0.0015000377719812017,0.002503501600492406,0.004005067843844145,0.007444470715211246,0.007567546288776108,0.00805710453955474,0.008912067171384094,0.01189924239617849,0.0022452450255503833,0.0025965218738816863,0.0051788620115776375,0.009556548514027876,0.010705293966127252,0.015578472051293655,0.028601329339839568,0.00748004470536656,0.007758901516511034,0.0076798559172335905,0.00920580567027578,0.010572912421758408,0.001227873096733187,0.0009750420611726396,0.0013678949305789127,0.0019304658622808137,0.0021786659600636026,0.005512993843942134,0.002532719341297261,0.0026655469996456054,0.00249459931788994,0.0033488332107429433,0.0006565144563169203,0.0005367812425567344,0.0002654305372962921,0.00015175559208850133,0.00013986841961475836,0.0040758065808041465,0.004406286678962647,0.006100558884326194,0.006593949671911806,0.16954085596692298,0.8520000075191145,0.852,1.0
55,0.0019235648936024555,0.009721222244509426,0.007596309702447819,0.000646842836813952,-4.181185721375443e-05,0.0007351631744870041,0.0015212837033999759,0.0009363663908066612,0.0017648480815491989,0.0023510894342506005,0.0038579582073851237,0.0035063295594804835,0.0029130721019401218,0.003682958122142456,0.003732137536890001,0.003750734989156554,0.004985844598382872,0.0041846418952466765,0.004294844865031858,0.004554191971804958,0.004587605658925604,0.00461134775139162,0.005542722607096337,0.0054550014033831785,0.005731028749472401,0.0067394046125044006,0.005856670401807957,0.006214952297218229,0.0022691306577179086,0.0026275297239248124,0.00284630988676857,0.003465472138003819,0.0032477564483295927,0.002130348398473294,0.0034164286875855705,0.001984766929847586,0.0029431910781534953,0.002774178738056246,0.002777889522012596,0.003126868375316186,0.0032179068874860564,0.0031603041620299806,0.0031080329413928093,0.0013485752437350758,0.001956550373318114,0.0013435209483517597,0.0018409173191114262,0.001373491705460583,0.00191575562690497,0.001501095551231793,0.0016643099722416965,0.0014814171681899625,0.002233538629069757,0.0013202177524135814,0.0019783133094183453,0.0024707070454026473,0.002494696663564407,0.0019056533067862657,0.0002474172152375704,0.0002027977603575227,-1.6155758632200332e-06,0.0039817836086051975,0.00556453449689127,0.005716286269127629,0.0027293696292183234,0.0037949339835234366,0.0036327747205725856,0.00048674833862754843,0.0033557701126856435,0.0030198099645763633,0.004209462734891592,0.004937846994821883,0.006215177613021901,0.0010284669327424699,0.0009301161481876715,0.0013706149833595165,0.000799969831523481,0.0036915864960182124,0.0034090324953704107,0.0021709594809129003,0.005457009300118166,0.004797095649474649,0.0022304443198052372,0.0068588590524482455,0.007738748234003376,0.004675947662655351,0.015948896242574454,0.016331157553673693,0.000905979204193213,0.00038648562463374934,0.00012852368469633879,0.0027097660512752824,0.0018593811888429738,0.0017369470201566916,0.0013528542421755087,0.002275660591433668,0.00197332741221353,0.001482824617666295,0.003994644674837294,0.00348860849579371,0.002229370077353599,0.012874177333826209,0.012271806843247931,0.0026756381173253054,0.0028672867436944317,0.0025641855764462697,0.0054574029712148595,0.006475634585389442,0.005865978910649133,0.005264524285822149,0.0069398237665414635,0.00817009597017164,0.0055741349332739925,0.009807770139431122,0.010191034664190175,0.010774038904159403,0.019821746551262336,0.020402156912924293,0.010455983614972377,0.001127547496712309,0.003898048280811274,0.004899005473756096,0.002177162512182642,0.0018640411076294926,0.0018962428215365493,0.0028622512874053917,0.0022828617205845124,0.00366228499945322,0.0033049465871728,0.003353806300873383,0.0037080484759689654,0.0050006336488349875,0.004635368837850347,0.005019036921240436,0.0050607069664413955,0.005839590697979301,0.00609237206487923,0.000871556673638698,0.0030121052192609876,0.008874858563876778,0.0166317371215324,0.020203391163663837,0.022782626636449504,0.03526880266759301,0.005211731215490599,0.005459551490462061,0.0055127092667693915,0.005488277559243599,0.006646113092567801,0.002124939427096955,0.001912673134607793,0.0021891984237635827,0.0024302754393214876,0.0020052829892106736,0.00353570088037095,0.0026493253390025544,0.0035175038644582883,0.003937457118572479,0.003712257815417998,-0.0004946085057381098,0.0002874436945306342,0.0011055233192782841,0.0009004761706960713,-5.9063242432861316e-05,0.003102452875284738,0.003456928302775818,0.002969041337696116,0.0032379210253748072,0.16954085596692298,0.9044999993312626,0.9045,1.0
56,0.0010059464590321326,0.0047552251882978,0.0012707647844785793,0.0009763157282292789,0.0005754328897422364,0.0013928086283907523,0.0017410202315075642,0.0029443079313339797,0.0013267331699500745,0.0013833532420091741,0.004438364855672491,0.003218348167621209,0.002424914365987461,0.00426403375054569,0.003109858482854099,0.004113473124110999,0.0033249876712055995,0.0031140643867890293,0.0031290552414822335,0.0035671565894708776,0.0027261253511271567,0.0026742368279018495,0.0034308763375887224,0.0029461165904313704,0.0022631998002044127,0.00331390303195351,0.0027787372754247515,0.0023281870919143544,0.0011115782075693862,0.0011439198676724749,0.0017958158178182396,0.001513993551436368,0.0012197028019824867,0.0012720248911286549,0.0014671314378123246,0.0016972327719428962,0.0014620420413996604,0.0014497434081480074,0.0018843187765641345,0.0016381830651692039,0.0013139350155618845,0.001680414832184641,0.0013208790265978635,0.0014642004550396105,0.0011322614152861042,0.0017651447621022432,0.001986974387694791,0.0012535373516051192,0.0015382303872352426,0.002022770195843753,0.0017968023412476255,0.0021223879835536247,0.0014841418752988339,0.0012643073472211035,0.0014503661251502413,0.0023642300033925624,0.0013027364483945707,0.002089139622579775,0.0006621868313502354,0.0007136970832098869,0.0008778839077931072,0.00044835664640268064,0.002033833298414227,0.0022876869095481583,0.0007568450884201113,0.0024583338763529174,0.002740934004441373,0.001411461710237766,0.0050451794453648035,0.004123950988574468,0.002533458646958151,0.0030322574373288654,0.0033073898982206823,0.004660116649916643,0.004202796584755524,0.004921222355170383,0.005143193620203831,0.008539844296987354,0.010792432974601885,0.00974497516773662,0.007985661568357809,0.007560154023032293,0.009292961853565903,0.005278675532122519,0.004860855750821888,0.010194483759225787,0.0021182265854231006,0.0027402445334639247,0.0008250935497295896,0.0012082007479854728,0.0010532121042532256,0.0023359511184448995,0.0034349797512061046,0.0037673459814775634,0.0017229978664840837,0.002873758635347006,0.002477633206217729,0.0019699166369852123,0.0036741481611473484,0.003283383926548122,0.0033622780085134684,0.0030276577164985445,0.0036464306559659317,0.002602196899269072,0.0028601593415924524,0.002722044282703946,0.0060805006817620565,0.008622244943715298,0.007463401431834262,0.005255416865020043,0.005630331027781504,0.004361949619937487,0.005753786943343152,0.002948400770464406,0.0037598859516798137,0.006257478654243974,0.0027634331270051707,0.00294022679185268,0.006996436422118902,0.0018200817524410564,0.0012601516388125278,0.003651671867958853,0.002021751214533086,0.003000836523658789,0.0030252601385865724,0.002200732218419173,0.003821959935707817,0.0024907479289476,0.0018025524019906214,0.0016354721944477255,0.002278931508020382,0.0020637760979657655,0.002824611539813736,0.0033707797831934237,0.0033938536425590325,0.0032146277869608505,0.004506747914651024,0.0020544196335758286,0.01966462999093478,0.007806673720247684,0.010268558563876564,0.00782687117782031,0.00890380081154019,0.01850499849382701,0.003590186327691776,0.003326096941766665,0.003939501586164025,0.003815175137012051,0.0034121105527872312,0.0024117106342990704,0.0023178528548039247,0.0026618588752286504,0.0026779385399935502,0.0033078447364870596,0.0018152707917768708,0.0023060388016525168,0.001972296024490119,0.002301530545397293,0.002611900457274843,0.004690430056805721,0.0003719411927607282,3.353938193814856e-05,0.00012488656797502844,0.013920223761403889,0.010151128999906861,0.0033984985027078196,0.003174863138049156,0.003015945740755392,0.16954085596692298,0.7420000008555641,0.742,1.0
57,0.004849300319115993,0.010904963631890204,0.01895038761635204,0.0006097686216802285,0.00041543742282583343,0.0014659256700971955,0.0023893955170552175,0.0009527998650042775,0.004392402546467393,0.0009183335152843985,0.003937492325365751,0.0035981498190481376,0.004990809466052933,0.004082478316659804,0.003326193420765192,0.0036103082829737404,0.0053628321086437135,0.004638361174389162,0.004447156143245033,0.004928751705957777,0.005130467125804187,0.005024759908223784,0.007280527366567632,0.004739868280002461,0.004948395104904741,0.0066858242998639435,0.005018314873968946,0.005548727002526103,0.0012797048382501017,0.0015225822398215931,0.0006429127148665297,0.0007549370543568876,0.000910248887600289,0.0013676912446417707,0.0010431924704649427,0.0008483759399001533,0.0012407446852855232,0.0014292367851602753,0.001179958362545768,0.0011952721471781818,0.002100015386621426,0.001745065682550031,0.0017136423335238902,0.0057565894266079715,0.004676144598157893,0.004960134425628332,0.006914379495058214,0.007815271906673606,0.007432940669692351,0.007005817907197693,0.008303813829392881,0.008762144337566018,0.010674385169726769,0.009832074446891907,0.010257966751744601,0.012552033340246049,0.009943696277420661,0.009827039930548358,9.552962667202058e-05,9.52113424184633e-05,9.35509533285008e-05,0.0002929285930708794,0.0008005377982038094,0.0009656049304195855,0.0007511429868057771,0.0006179447208835208,0.0005573782863844834,0.00046111321710431725,0.0006896695207943099,0.0005935103193067266,0.0013458270039613696,0.0014502070870863453,0.0019641749597765737,0.0016224773676091985,0.0014848762978249908,0.0018786681658744036,0.0009773623177487204,0.003711255901427655,0.0038373655905297697,0.0023712423076065713,0.005528096114431265,0.005692627955664502,0.0028387605819359544,0.007741049761596326,0.007955062250358514,0.006797578040928171,0.024447662398275866,0.023064465127663053,0.0006127274875697613,0.0006204993048315524,0.0008028753919585957,0.00044081785238141976,0.001814204273654025,0.001963046376107862,0.0009026835637321013,0.0019644459212176,0.0020394118876072855,0.0009688193741217026,0.002748765363982739,0.0028123861456087968,0.0025631474357394788,0.013852875435115446,0.014398305637464779,0.005242854167644615,0.005921547782688384,0.005694454092657251,0.00557180242116163,0.009057282779153903,0.007549541884054674,0.005923585076170251,0.00992907484820726,0.010382853087104805,0.00685946828752944,0.015215430989798849,0.015374752195756628,0.018233548976860293,0.037855689003420095,0.03788903896919591,0.004650172420558249,0.0014071486337253218,0.0032029504648071606,0.0023267293397559465,0.0013675355313641573,0.0011705147824395727,0.001667071193798439,0.0018283096343978719,0.0022643962113268914,0.00417177255372119,0.005336113800909495,0.004402161746829932,0.005626841034382005,0.005794466898245096,0.0024369396010992857,0.002600173748208349,0.003180483009021641,0.003586127560294181,0.00396905683953255,0.0007095887785942932,0.0021438509021268863,0.004963637903504653,0.007196843552524717,0.008446028356703203,0.0105944127523402,0.013939154981867171,0.002540062601957001,0.0024817435864605774,0.002976741913246051,0.0038798638775978415,0.0037915099715643,0.0012181734035153875,0.0014709363556557058,0.001511359815993259,0.0017281189039310032,0.0018448473221244028,0.0036080555912337995,0.005012323158645783,0.005172280518284198,0.00458917984733412,0.005474332893305586,-0.00032178326967292214,-0.00021663589573971226,-0.0005883814935593224,-0.00024011197342723866,-0.0014697116115347539,0.0045155159030934,0.0055012192330297655,0.00504337999545218,0.005188678344166802,0.16954085596692298,0.9759999994659037,0.976,1.0
58,0.005221239889337448,0.002008404175349128,0.0015944141485488283,0.0015967189810347313,0.0002654970014403037,0.0033420383511999366,0.0030864701515016836,0.0009461729616150522,0.0035166137703844256,0.0009911096818909664,0.004180835214095592,0.004083327562556609,0.0005491944817706592,0.004420309611715387,0.00470900568546853,0.004749938794503208,0.003771243006861544,0.004259851306016734,0.0038663022714748333,0.0036939940571748212,0.0038633453130694517,0.0029671639929245265,0.0035804940648944874,0.0037450923971012076,0.004561165524224438,0.0050263062950909685,0.0040709061760501805,0.0059159782931855675,0.0008907481414145927,0.00025362205593158776,0.0009268473781176084,0.0015856420538243627,0.0008710820866294245,0.0011585262037535475,0.0019160132936196907,0.0013071935814322313,0.0012665439534069402,0.002111260896436652,0.001300397080600646,0.0010529393389210372,0.0020153033531896633,0.0016732792347224977,0.0015780640464337886,0.003071624211529544,0.0029894271132468167,0.003399607189276713,0.002961719611263454,0.0027772040249110907,0.002621153617841009,0.002547992111077413,0.0023105187472901895,0.0024061056356834195,0.0032323018286037207,0.0027742150251128524,0.0025560860046484695,0.0033993207905682657,0.0019854613841008032,0.002862926127833107,0.00020892194190686494,0.00026074092441166795,0.000312289423155357,0.000515145670577521,0.001654799064762123,0.001337716527172725,0.0008824928201355238,0.0021543244297141783,0.0020607005636052093,0.0010042201080853492,0.0019119571373324286,0.0019853280986637874,0.0015493229174760718,0.005673916765079168,0.005755049405288481,0.001988441144740496,0.001792720453377895,0.0018904207168660245,0.0037616802683240256,0.0034897866870912727,0.004817687208090277,0.006196096425228832,0.010128328784220592,0.010134684991889978,0.008142650236537532,0.013518652771607088,0.014177572608856683,0.0154874208261202,0.029860728913142887,0.029992611458459047,0.0015417813538504668,0.0012795557307590255,0.002012757561902613,0.001445532133974188,0.0014370224921437548,0.0018827186847387208,0.0026975125227012165,0.004211519300913807,0.0038328877123950307,0.007703850649646105,0.006935024194205606,0.0067741532428232856,0.005258188886164274,0.004043443862672171,0.004606570841738583,0.0011718537579325247,0.0010565861075896466,0.0010679043779105312,0.003401390081856278,0.002793760921412152,0.001673603650211948,0.003826779985859104,0.001855849159771111,0.0018119759137637627,0.008105687104636354,0.002112819309065885,0.0010129857027364614,0.006059778751465299,0.007430708080282238,0.0074014429029958615,0.00356632800678146,0.0011862136402704248,0.0028232725393035154,0.0038255890309280747,0.0011535720092503672,0.0012645125585003152,0.0007266448981395453,0.0006193103855223919,0.0009207696625442583,0.002819914564423307,0.0024836651746770904,0.003172783905554546,0.004154726288208898,0.004464701257662929,0.004546741621353276,0.003965426490381763,0.004806440205166536,0.004986400799385361,0.006049738866571001,0.0008907433511806997,0.0016529859296339534,0.004110081933419052,0.00585177023977451,0.006558472076245279,0.00808229751152797,0.0174918408237364,0.0038385294168086707,0.003570198652021939,0.004393252689467247,0.004991750680144069,0.006664078803489527,0.0007846263798543729,0.0009447476521001937,0.0009014183366464519,0.0011106102246533698,0.0007143997381335841,0.00264976069877696,0.002853754174062375,0.0031254432414708874,0.0037126746065834697,0.005163076478596507,-8.470823395641853e-05,-0.00019985258674198511,0.004263952694031029,0.004231822784823342,0.0014004469516449253,0.009702001725528046,0.009632076934438011,0.008429431452451527,0.010012434197807618,0.16954085596692298,0.8100000409818411,0.81,1.0
59,0.005618464827493519,0.05309724055606982,0.007787824120069471,0.0006287579989683853,0.00024368970006157615,0.0009407898802798393,0.0006691785353844352,0.0005647929636874389,0.002587630830415084,0.0008301912697450339,0.0038783927257489818,0.0031272313385233294,0.001399244885539239,0.004338628969426416,0.004602217507564697,0.004242848265478011,0.00623094436941531,0.008834588551381587,0.006482274706012758,0.00850162007710709,0.01021144264204269,0.011555018197896663,0.0120060105813243,0.015446518940539068,0.013641630426477673,0.018626268641742987,0.020107960570629746,0.018371473827212683,0.0005151411917465785,0.0009947501614762336,0.0006374732023721445,0.0005718423253103523,0.000880687414861496,0.00030478240944292783,0.0008633507605638104,0.0012676709874093154,0.0010859800719196697,0.0008902611500597572,0.0013100653675031393,0.0015510685027155043,0.0015535592193674167,0.0012182692994038874,0.0015117573708230351,0.0021908192890893905,0.0035369394110103826,0.0034858924863581334,0.0032150444427862684,0.0028837840760382464,0.0035181743560012443,0.002910649323363875,0.0035768841211537093,0.004284977508429282,0.003334769856509955,0.003960982337582519,0.004348633480994262,0.004248880359388712,0.004251665751437142,0.00397550764226217,0.0006495298548936879,0.0004209109686035262,0.0005773712290660761,0.0006606811549766314,0.0028538642612862754,0.0030213158757637576,0.0018012189281270455,0.003370545562522489,0.0031889376171280234,0.0015405861785093644,0.00430997466014607,0.004228972678251354,0.002627132673142712,0.007371914119971015,0.007421364820038615,0.0010746576523538106,0.0007808514701665295,0.0013435952172211343,0.0012138049608986395,0.0037932113022810356,0.0041663902620084365,0.002779835503619483,0.00604739554427863,0.0065746603486641015,0.00320987143950167,0.009356892182993806,0.009369722348839423,0.00790193236940826,0.02444530109168925,0.0239763549059068,0.0007579205075669163,0.0005873535948322642,0.0005664705490804992,0.00038505954636295893,0.0012820255963539265,0.0013564008508949801,0.00088604858989049,0.0018105404014414413,0.0017194642976059357,0.0010819203710998706,0.0028213892601056403,0.0024832217254858184,0.0025427566125347766,0.009889925306938456,0.010065518757384706,0.002838045028213784,0.0023564429120356135,0.0025791655334932756,0.004551641232751633,0.007704798988534313,0.005919300637122487,0.00501527303266725,0.009423018513033676,0.009150297712418525,0.006757218730164819,0.013953422484550794,0.012799270246349402,0.011391161987604263,0.026655221343701515,0.024920699000484096,0.005306105323723846,0.0003904397148282743,0.0003277029659884183,0.0002621716565663722,0.0004696110654308626,0.00028131680489567056,0.0003426884470110171,0.0005191222503079419,0.0010473613134567522,0.0013682268985738574,0.0016475498560950212,0.0018157655634999964,0.001882846508641518,0.0020252553763247328,0.00048018064449544884,0.0010188512002430234,0.0011792118941113022,0.0011802491411008699,0.0013911092928091298,0.00021183921521661793,0.0004053223517958733,0.005335679064858189,0.007815700027823851,0.008797711433298638,0.0117342110071317,0.01648012009457675,0.00036398528669757393,0.0009024066127426562,0.0012348399157910395,0.001449347969955166,0.0010701720242157816,0.00028095786638993904,0.0005835922290919917,0.0007589309482638363,0.0005603740916842885,0.0011750847813464915,0.001494842117271043,0.001824574029574224,0.0020677592376605897,0.0009491004461285597,0.0013906368722441855,0.00048802189275041894,0.001465610073188144,0.0016658239396860478,0.002941447420576216,0.008397063908176773,-0.00047320176602517913,0.0016205901242773056,0.0015081683098503672,0.0017397359610761328,0.16954085596692298,0.9264999996889225,0.9265,1.0
60,0.0005101624470591312,0.002846750971866504,-0.00027756001650258,-0.00036873060248432225,0.00023973315638705557,0.0015222483647981178,0.0013896871207675055,0.0005805836976448324,0.0017098358702171677,1.2385533265282575e-05,0.0008446582014182975,0.0006614837509089947,0.0007532565880350162,0.0001933021991309583,0.000388917869841237,0.0005551557533881326,0.0006934307335681502,0.0005932432005183355,0.00022177864815956904,0.0009197863376730346,0.0002509605876382346,0.0007079183292482329,0.0006482512154497892,0.0004810091747362415,0.0004567335596309085,2.4010631556024958e-05,0.00042475998703622524,0.0008721293666847276,-0.0002103671265856312,-0.0003014575507076838,-0.000362575915505657,1.2457697975648283e-05,0.00020404209936694857,-0.00015906320734210882,0.00034401711788268014,-0.0003471611349381509,0.00028141922498263797,-0.0001424930758531821,0.00043152965144645407,0.00023385549590888117,0.0020034936725559843,0.002845148722485845,0.002176764028957018,0.001118485013691797,0.0014431495220861767,0.0005473269160031173,0.0011653427165263844,0.0011092191861846836,0.0013055343524489252,0.0012264610338455061,0.000972657136799685,0.0004233691278310272,0.0008179515312895518,0.0010585304918826579,0.00138482566092897,0.0011503643708855214,0.0014876121750781212,0.0013027948373148816,-0.0001772885678991372,-0.00016023168219445112,-0.00031567419270306184,-0.0003982413296510157,-0.00014532295487067415,-2.1320888188404835e-05,-0.0002386820723705255,-0.0007247604199916959,-0.0003069627730450045,-0.00030062129323636764,-0.0005342064036621583,-0.0005072966929358297,-0.0001086632912634312,-0.001833726902780708,-0.0023593335329301743,-0.0003351029474494051,-0.0006787335141885419,-0.00035045443646711363,-3.205284878639048e-05,-0.0014520616701350147,-0.0016924457925598462,-0.0016321375274340548,-0.004069979035940505,-0.0037493976228666548,-0.0022333551001435963,-0.006761392216789543,-0.007005657201712773,-0.006314779433733075,-0.01649769237011991,-0.01671765076092694,6.620622325589207e-06,0.00021685343061881278,5.313267159637617e-07,0.0004620681410976632,-0.0003841228952799745,-0.0004650435540018089,-0.00020242986018873245,-0.00046757998320978505,-0.00047448356949856933,-0.00031517429505874175,-0.0012414214157258762,-0.0008067146387431926,-0.0005267623746916926,-0.006232882203398912,-0.006080913472398379,-0.000535864806635928,-0.0003595618096431718,-0.00022327792333324222,-0.0011283495921134258,-0.0008451552295479607,-0.0010315332611484868,-0.0005262294980736917,-0.0021112177853319395,-0.0028787647870514316,-0.002204020069860163,-0.004349125749474416,-0.004577117812978562,-0.007713170619272907,-0.013092567402059462,-0.012389339417175748,0.0017709576248972924,-0.00016697364891551787,-0.0005728994444031363,-0.0018272652449773817,3.437250257251869e-05,0.0008327876561852292,0.000885206609365888,0.0021069320183180642,0.005265631878278223,-0.0006672835820304897,-0.0005793162395337444,-0.0008342410100718382,-0.000728189562898928,-0.001354040604611341,-0.0015753235558412732,-0.0019893436433527653,-0.0023560573959276175,-0.00262879958573182,-0.0028409650431960322,-0.00021948706781129592,0.0006157271713787414,0.0009619458150305077,0.002221762305672353,0.0008384778757260057,0.001528743632504939,-0.011993217880727432,-0.0011367346987436599,-0.00217714254552423,-0.0022253692586938203,-0.001974139992230729,-0.0026123353066952715,1.4238362997114038e-06,0.000384276789342662,0.0011631850799446353,0.001549090612065219,0.0058518491804435595,-0.0007972763840230208,-0.000765355503961676,-0.0007941539565327478,-0.0010451319099864201,-0.0009476946685078531,0.002421641236935633,-0.0011524429465700765,-0.0010253888767421842,-0.0011041209203469986,-0.0016965346461675602,0.0007881705963271031,0.0014894044438412146,0.0009505008668228453,0.00033715179783869306,0.16954085596692298,0.04500001084091042,0.045,0.0
61,-0.0014285477575831465,0.0005267869824845898,-0.00578836067227569,-9.91564663401415e-05,1.4549968446771792e-05,-0.0012550680726268553,0.001362080115946372,0.0002223301190609899,-0.0015819329688321676,-0.0011566938556655311,-0.0001618485075094942,-0.00019485903949259786,0.0008517537877684793,-0.0005785098225705856,-0.0005260394594027433,-0.0006082084457173878,-0.00025980497513180206,-0.0005601115648744263,-0.0009591421265573217,-0.000725401417319545,-0.0007852904126435854,-0.0008510034184765082,-0.0004573765298679436,-0.0002486616125485876,-0.0006578982254886758,-0.0005662229595049444,-4.72407167836065e-05,-0.0007043862125508346,-0.0005968885953564875,-0.0008499685746792814,-0.0004520566440751484,-0.0008157717980125588,-0.0011489779758504588,-0.00105184209529164,-0.0008415236984827358,-0.001313037869609826,-0.0016053099346577439,-0.0011370395839044335,-0.0015706038573200694,-0.0017742179280472476,-0.001515401625935824,-0.002279355227277581,-0.0018677506871740202,-0.0011311648530036788,-0.001343072236737699,-0.0014659405324501252,-0.001309586087751587,-0.0013718382652426475,-0.0013140435582108382,-0.001086917780722111,-0.0012640210329481576,-0.0014180401768953644,-0.0012715929479206614,-0.0012161983035129532,-0.0014000837154116046,-0.0014333482185322067,-0.0013787843921961435,-0.0013658154765289056,0.00023749720966740348,0.0001988721771104539,0.00011162625942407538,-0.0006038397590108006,-0.0007280795024804846,-0.0008104252220311901,-0.000950267678472661,-0.0006479302009703844,-0.0009908766159998934,-0.0006922639989328047,-0.0007154279884772237,-0.0010456991612698347,-0.0005090748984443096,-0.00012130454646116258,0.0002704213712585935,0.0003094070636709102,0.0002231782233581968,2.4726132372162368e-05,3.768097020068962e-05,0.0011310242141248986,0.0009930170569639556,0.0003082614210449936,0.0007066446812536352,0.0008761043261052801,-4.3798700849147946e-05,0.0009016712828561653,0.0007043648282712969,5.4739202684700274e-05,-0.006402948785508936,-0.0071198616650997954,8.522093908251551e-05,-0.00027686916639857375,-8.516819104237401e-05,-0.00016398207681141472,0.0001519965014064342,0.0001228068562081985,-0.0005336495606746386,0.0003874545410411666,0.00029967272913493284,-0.0004722488811436237,0.0006431297889296413,0.0007259956901832842,-0.0009655124657867339,-7.72886562396842e-05,-0.0005390451454845499,0.0007768526843952431,0.0005238683546674556,0.0006443598925658899,0.0012920448736322698,0.001696218370827402,0.0023155435679373076,0.0013556048851809176,0.002636902532838712,0.0026825386751111696,0.0018467837987458874,0.0034894286953240632,0.003505570043021455,-0.001390633393997999,-0.0026161204309580097,-0.004865379641355488,-0.0028560438933817665,-0.002003469968122929,0.0003619957016712387,0.000748072751659159,-0.0018152344349396646,-0.0014831783961691697,-0.0019348816164523137,-0.0012998431907826503,-0.0018079334389446363,9.733639960372041e-05,0.000717455445844405,0.00035495694202706624,0.000247700320294399,-0.0002187779757834909,0.0006935515276789008,0.0007104730329425207,0.0006119084332404579,0.0004792022088870713,0.0008279845465048373,-0.0004003041409846239,0.00030108153983319705,-0.0018426653890993246,-0.0016768141322177862,-0.0023366240313736704,-0.0018095898470740853,-0.009620714927511109,0.000923111925040432,0.0003888164771802825,0.0006021384649732842,0.0009488207156123096,0.0008606257887371107,-0.0019528855335585818,-0.0014346125261666242,-0.0017735795811003444,-0.001390291646505498,-0.0021981030935453224,0.0005910783894423858,0.0007312707074357997,0.00017311922095481443,0.0005483505157728751,0.0001314908254464608,-0.0011798617935758703,-0.0018217484951452345,-0.002948019209433641,-0.003351602627077092,-0.006856990028798201,-0.008149998849368133,-0.0033323626395408844,-0.005157571363823705,-0.0050267767628216645,0.16954085596692298,0.046999993881310625,0.047,0.0
62,-0.0010329840037661424,0.0015736209585210483,0.005407259242370236,-0.0003933085975820909,-0.0005210258388585283,-0.0003758987700253129,0.0022341561966500033,5.7932997904759063e-05,-0.0008877193127372517,0.001230303407337063,-0.0012926006056543844,-0.001141821361463487,-0.0007162243242083887,-0.001069612752516924,-0.0008593120913679803,-0.0011619648176516698,-0.0009635521470593969,-0.0007947903467396236,-0.0004189243796564014,-0.0003015038147406938,-0.0010734826683272787,-0.00040913365298638637,-0.0005022852085945824,-0.0004997628638516767,-0.0006767744208281522,-5.289787641360759e-05,-0.00043397983716549575,-0.0003343776195853507,0.0010943351065631174,0.0010704441243005595,0.0010722723300357392,0.0005225495123660902,0.00031509239961370936,0.0007404843829193978,0.0003836572050032141,0.00011519906095375979,0.000408422157882307,0.00013003837768864746,0.0003411239095072085,0.00022763966400648746,0.0003415661694843857,0.0001636619782674002,0.00019259164318554355,-0.0010218537066056087,-0.0009611933821229317,-0.0007510913641831316,-0.000564562134072297,-0.0007181446870763676,-0.000655995533407469,-0.0007184007035199523,-0.0006978339844490168,-0.0005097339845850902,-0.000426832649165942,-0.0006836935845387603,-0.00042704173967688226,-0.00013616557099345103,-1.7974093429075146e-05,-0.0003426334654222549,-0.0005030577669019435,-0.0002465996062267029,-0.0005036985158019617,-0.00024559194608627944,-0.0009303105874119288,-0.0010783345813693372,-0.00041048349923579404,-0.0009552874859974527,-0.0009383771959529547,-0.00043755824254802285,-0.0018221229479174338,-0.0014383953611253433,-0.0015497399984709186,-0.0035060422921516917,-0.004007635384863308,-5.767849707689266e-05,0.0001655090781851075,-0.0002806834031407832,0.0009126496662882138,-0.0012347812181536988,-0.0015321071853708556,-6.520561904541393e-05,-0.002322201842087117,-0.002450145671023684,-0.0005298941165284192,-0.003182150755006781,-0.0036291215833013065,0.0033532315796030695,-0.003927328326775179,-0.003678441290839144,-0.00018279742156888883,-0.000344146886747187,-9.290466166071262e-05,0.000624404606315917,1.3945952649366468e-05,0.00035867384785738727,0.0005373389027284304,0.0014332978574126483,0.0013266597937329689,0.0019786432586301086,0.0015008089545340618,0.0016133948883221645,-0.0004495146755652901,-0.005638506600860381,-0.005383052948862759,-0.0009197364958755163,-0.0009534122125445151,-0.0009680272978765024,-0.0009479281229786605,-0.002426347502226427,-0.0022046103990727988,-0.0003701269279987327,-0.004000180627735737,-0.0036334091170488066,-9.332502910196191e-05,-0.0048037228135448095,-0.004875132673822309,-0.004169708407311797,-0.0064596501904388435,-0.006310463767271732,-0.0006656219952026434,-0.0001988334810199021,-0.0009362071976478301,-0.004812050417539991,0.00021040570926907036,-0.00032765716680021933,-0.0003526582755279815,-0.0003774360374186364,-3.642848451711252e-05,-0.00047544917847186063,-0.0006121653345317231,-0.0012837535194417564,-0.0006713653871981524,4.8802238889221106e-05,-0.0046798148069269125,-0.004093346732424295,-0.0036365353430535814,-0.004221628902441394,-0.0036102236921461213,-0.0022682645584385583,0.00010157490597399767,-0.0004044528818330841,-9.861937966667818e-05,-0.0001382917953289091,-9.366415747583474e-05,0.002519314720150173,-0.004266334830925017,-0.004891291070416049,-0.004421608827902449,-0.004488224502409234,-0.0034674907561996664,0.00011802785252280262,-2.6107613234671286e-06,-0.000613566598042222,-5.762187750840113e-05,-1.6299994791554305e-05,-0.0012034288747913464,-0.000859120998151247,-0.0005355407921184356,-0.0008521166126204458,-0.0005100113384872453,-0.0008299605769594539,-0.0006220808349457184,-0.001136504277240043,-0.0009451944650418691,-0.0016561766980610086,0.0033017337868326505,0.003201722665259163,0.0006821784483792184,0.00044088699167058195,0.16954085596692298,0.024999991488148132,0.025,0.0
63,0.0016214764711924437,0.005789954548950601,-0.002991891666175664,-0.0005883833599378195,1.9316779303434266e-05,-0.00019256238990543922,0.0008327102721505006,0.00010979113010462241,0.0018803694549086839,-0.0003817354590098779,0.0014559196329183898,0.002264480927440764,0.0016366806851708822,0.0009286639435342849,0.0011344587819981731,0.001461122989605889,0.0009581427717643601,0.0015866428012217392,0.0014639768442411619,0.001347239809111063,0.0010632876323845779,0.0012217672218063618,0.0012233647016455578,0.0007916873711105379,0.0007698054359932206,0.0011512942804193748,0.0016815612966531127,0.0013291037893260905,-0.0002952228425717059,-0.00022542739369528077,5.657060080855371e-05,-0.0004216559231208984,0.00015380861589782115,-0.00032790599517118886,-0.0004724289332676554,-5.1126864272714104e-05,-6.719009331553111e-05,-0.0007568415066064727,0.00010844009557768415,-0.00010369216299544507,-0.0005410668291853804,0.00013295441242379378,-0.0005641477894921172,0.001228484350159579,-7.464272367911051e-05,0.0002633324726597413,0.0009962312538641378,0.0016646902149169863,0.0005693459543515019,0.0008924801642524133,0.0006182049629062231,0.0004928618500827214,0.001957136778962081,0.0011653900965566853,0.0001548501545383269,0.001101918480230434,0.0013866999658098617,0.001532663799867984,-0.0002590716455117019,-0.0004425630195426914,-0.0006886446988572782,-0.0014458649129619773,0.0014842021140215053,0.0017493626555942028,-0.0010757721752232743,0.0019425901685496485,0.0014919620073486882,-0.00036716197810538604,0.0010074922514713312,0.0007339319979546478,-0.002030844651248763,2.6921725565718613e-05,-0.00043779873545775176,0.0011361764899283785,0.0010001172911189543,0.0009834370923700987,0.0005262923132668611,0.001648145073426331,0.0028546121135351256,0.0013981867497120718,0.003217315115699366,0.0023904173105514137,0.0015875402984273487,0.0043361612136059505,0.002723665610096724,0.0025804359991081355,0.0012772757198452154,0.000905706851204626,-8.892182088669007e-05,-0.00028863514542071717,-0.0003725483975383825,-0.00044131741732364904,0.00012847400216436025,0.0004359068322722189,-0.0008510624241590494,0.000279903444256244,7.909029032748638e-06,-0.00025818142735589304,-0.0003946209060881418,0.0006263482240818204,-0.0008444107953619325,-0.006038719443994273,-0.006414138718047011,0.0013039531628738798,0.0022269018197931703,0.002502556256217763,-0.00014173573632735045,-0.0017839035679879326,-0.0009760136359517762,0.0007277144814530153,-0.0028047219829615594,-0.0019203565869942798,0.0007527008765373716,-0.004107153154785669,-0.0041538585379728606,-0.004126358339045027,-0.012889915150652045,-0.012224553863254068,0.004014012089992794,-0.0013841898831004583,-0.0015743399023151507,-0.0002891904590656812,-0.001103105165177844,-0.0011690014696817237,-0.001481747413315597,-0.001758557734637667,-0.0006616815435339848,-0.0006147840944006691,0.00014866128346731003,-0.0005223298945450277,0.0004172036623090506,-0.0011213259783312988,5.1621838312780705e-06,-0.0007466243538231023,-0.001116578901906228,-0.00082696295518128,-0.0008029954388193423,0.0003453524805321149,0.0013076789575090324,0.0042611161988198205,-0.0038896424465128168,-0.00527951642412006,-0.005239285291398966,-0.013778378946101037,-0.0005764769383599326,-0.0005813961377844127,-0.000737646495844825,-0.001016487738268946,-0.001448002191772429,-0.0017580827095863684,-0.0011914944432704548,-0.0012907654870993564,-0.0016408538803045314,-0.0010398817100256733,-0.0008285887172674369,-0.0003383543357609319,-0.0002744686128310962,-0.0005416647507633112,-0.0006007276098261196,-0.0005640931306053303,-0.001163004962759738,-0.0010996754518262167,-0.0007005861789399682,5.585588981600254e-05,0.0023276825072358737,0.0017966589685939971,-0.00026824558191299106,0.0005320658444039306,0.16954085596692298,0.14199999995914403,0.142,0.0
64,-0.0023676946109750315,-0.004210944553857057,-0.00468803541741537,0.00010334656916072952,6.532452147322353e-05,0.0004187654637967886,0.0005914550156743005,0.00046139438727530244,-0.001674223656785383,-0.0007790785838713631,-0.0007024076070685359,-0.0006350116877309128,0.002359883674584851,-0.000673260347818851,-0.0007909595735046773,-0.0009636954935552421,-0.0010317882995365061,-0.0010561715337163676,-0.0009925609658829118,-0.000843128666893393,-0.0009578845964682072,-0.0006399874113575228,-0.0009055763523616791,-0.0008754090174631847,-0.0008259712142112617,-0.0009742346335620751,-0.0010813173317215288,-0.0011445029995364102,-0.0008537378006483839,-0.000795889229378271,-0.0006101791638535331,-0.0008217065611549207,-0.0020855186273095573,-0.002101759690769826,-0.0011452251118984798,-0.002070824560862745,-0.0021120022286545193,-0.001244479904042614,-0.0024322136870550586,-0.0018347770624043641,-0.0014501367291608624,-0.0021920613700518988,-0.002407052853636408,-0.0014932343114972776,-0.0016665111021840725,-0.0018506796781186062,-0.0018456953480743407,-0.001975596103137313,-0.00171438740764101,-0.002153012557171297,-0.0022835452737242283,-0.0021314388901295354,-0.001810773423817363,-0.0020576516847107093,-0.0017965846645041866,-0.003319710854127662,-0.002811311484342646,-0.0024475474540161957,-7.508540007909208e-05,-8.224571679707263e-05,-0.00010658231225425743,-0.0001225788895372252,-0.00011045041344779237,-0.00012095269593450741,-4.930011143041779e-05,0.00012367268466799002,0.00011384857216287448,6.69006526768279e-05,0.0002564930165315533,2.4158538272218137e-05,0.001135765053552918,0.0007155547488399692,0.0007704359714928434,0.0006020229758071733,0.0006064232397899066,0.000625463757521144,0.0002736842397547113,0.0017113713136468905,0.0014958937767296182,0.0008915355095533576,0.0006799548371728306,0.001011532254167573,0.0009516069234811431,0.0008218212880284053,0.001153460128213478,0.003233825843352989,0.005757546558451852,0.0060377033565153565,2.2359201885596474e-05,0.0002310281873434994,3.533245069026573e-05,0.00014698466702002929,0.0010890596321923363,0.0009850686416904195,0.0002472160106099882,0.0009471853449634873,0.0006556178243708508,0.0005127026271240248,0.0011216416328421338,0.0010379441410154064,0.00023347351398657573,0.003502446706083614,0.0035981631655886224,0.0019375598487407738,0.0022871995214576854,0.0019173961858567493,0.0007864281273517248,0.0013240000717297357,0.00138681797741979,0.0012224016779655536,0.0010094237165424774,0.0004620432982968072,0.0013093951837605945,0.0015404156180980075,0.0008305579884893659,0.002339117420821328,0.00907933453453312,0.008737657319815751,-0.004349913814145069,0.0014881060891943053,-0.002701440379620234,-0.0028263969695896908,0.0011423606796086244,0.001369945619447772,0.000817904525596379,0.001223058792452068,0.0010783585665473886,-0.0037507489084205557,-0.00292916498729336,-0.0035436633764151923,-0.0024813179627454864,-0.0038910407617130174,-0.0034453432992678176,-0.004281825236928183,-0.0053159503331456255,-0.004852817971872593,-0.005047062679081088,-8.831200998525048e-05,-0.0005266068826005239,-0.005209481632268046,-0.011452675010384883,-0.01026420197567109,-0.010514194224748124,-0.006092158121150441,-0.003329014396514789,-0.0050568235642988605,-0.0037273745378043873,-0.0041613897345809,-0.005852211146272425,0.001565026747184287,0.0014851101805627093,0.0014484680227443846,0.0007232036554881854,0.0006307423306524699,-0.002973497861645669,-0.0033770697493332546,-0.003590566566658023,-0.0032878541911849335,-0.003603187274757677,-0.0005915324878320642,-0.0016215326123202812,-0.0019240395905030976,-0.0023023705530480043,-0.005841797341281308,-0.005070946286096612,-0.001825517893350099,-0.0012204120967011865,-0.0006922260820460711,0.16954085596692298,0.027499992870909068,0.0275,0.0
65,0.0016246453858811388,0.004022986960047406,-0.0004065002180191674,0.00023075107151118506,0.0027625141442682026,0.0002176172686849722,2.9606911764710492e-05,0.0005596121813628675,0.0022703496985155783,0.00010719582088707822,0.0019043394515358845,0.0016770191255699612,-0.0006156951388085509,0.0017765646975715682,0.0015341605421666292,0.001232399005230851,0.0009074492888210339,0.0010637290272036087,0.0008056117246935999,0.0007652567964029465,0.000661580806619106,0.0006387853894394118,0.00089375754717364,0.0005624338647099239,0.0007573493700091011,0.00045176292846441904,0.0009975797997971287,0.000807280560243513,-0.0005642333905778412,-0.0009248713171728671,0.00019093739059978254,-3.3484426187928935e-05,-0.002214206126745013,-0.000834729143494864,-0.00027933046030022166,-0.003812382033832059,-0.001554945384111742,-0.0012043871449088333,-0.00031239375506180215,-0.002755651554853682,-0.0004623011010162244,-0.0028454240637551887,-0.004700584964390149,0.0017631703873426346,0.0015924080821594737,0.002031327181736874,0.0006516833755604056,0.0005324107772661441,0.0003024772814279343,0.0007063196670461173,0.00035638972900150487,0.00021762373436460844,0.0006574972454833097,0.00043297134599801793,0.0004128480698872374,0.0005379684853910439,0.0006885972901221671,0.00035333028069785554,0.0017913190028182688,0.0016637514267486579,0.0014173910713588685,0.0024769071406807444,0.0008059818216847851,0.0003138641722804889,0.0014515130146708567,-0.0002505381233942512,7.068518375365413e-05,0.002933285402031435,6.139812646826182e-05,-0.00038225313223097073,0.0015488949605839202,-0.0006200674764661102,-0.0008803263780629025,0.0005839044142905994,0.0004679933731972773,0.0004848153232533629,0.0012275886362234575,-0.001458332489827663,-0.0012573963180517313,0.0001198932892239126,-0.004360905057339719,-0.004279854019434558,-0.0008458914365864406,-0.00579908079136479,-0.006676446019604051,-0.0033215954938605025,-0.013358011664021317,-0.011982981113537804,0.0003378013984741595,0.0005778994140141388,0.0003701221145116956,0.0010898546184945337,7.205712110727565e-05,-0.0001379734356904753,0.00037870191370827555,-0.0008146514080360084,-0.0005470097889359811,0.0002963532432792258,-0.0011144496108834061,-0.0007855438980249851,-0.00039753235242358237,-0.005519510998826697,-0.004453290194834874,-0.0009233229787930272,-0.0009743126440401333,-0.0009494019463319933,-0.0010843669672738877,-0.004715408069208272,-0.0033531056276883877,-0.0012429493492651952,-0.00613406603500103,-0.0058187460923076265,-0.0028285812498401236,-0.00866304004377808,-0.008583117022375023,-0.009833962382852607,-0.015343321586885755,-0.01461091492288616,-0.001816526771409459,0.0011404807671586772,-0.00011146283506990451,-0.0008950603714960295,0.0005336007879971545,6.149140229507338e-05,6.402831506342551e-05,-3.506787879666459e-05,0.00015861621774516517,0.00010028311688261112,-0.00039565413090417926,-0.00012961502673683413,-7.491810732110218e-05,-2.9773550109516575e-05,-0.0016104889948012054,-0.0008885898558850991,-0.0012011542198699595,-0.0015043330085493022,-0.0023912465504699987,-0.0008604421075449725,-0.001414426770191294,-0.0018587311303932645,-0.0035266412542367875,-0.005065306986558339,-0.007301028311744055,-0.014542574294969532,-0.0014903450268776363,-0.0013605854780268422,-0.0016942566571806921,-0.0015594681429640178,-0.001647374986792231,0.0005339005450460909,0.00010024236086500993,0.00018609234886356182,-8.58688963847421e-05,0.0004485936753488646,-0.0003051266961761471,4.675468818320094e-05,-0.00011653208205515744,-8.894285374649864e-05,8.469566567186156e-05,-0.000345504916020156,-0.0005349024906150903,-0.000528444548070468,-0.0006416079511825093,-0.0011321944437188626,0.0007429172367418575,0.0007933030518941427,-4.3572744428055604e-07,0.0002398952758034314,0.16954085596692298,0.0010000159004864284,0.001,0.0
66,-0.0009207529171490195,-0.0014830544619284895,-0.0017291695320324403,0.00044900015423067203,0.0035605199908324368,0.0005362110455085036,-8.073799598425968e-05,0.0003111121629359681,-0.0011176466777359378,-0.0010234559230042418,-0.0012143557918628618,-0.0014420651800189838,-0.000556310895265448,-0.0008001098340942706,-0.0009199576816764544,-0.0009820640154095828,-0.0005451867349404617,-0.00018649229972456937,-0.00025462320043099503,-0.00039755130473448304,-0.00010623968012964941,-0.00043915601491063166,-7.626435161739068e-05,-0.0001682279151803861,0.00014191857941752128,0.0002678751881282532,0.00024076953764126256,7.315895536125913e-05,-0.0012518213989765963,-0.001557758198673196,-0.0004485116834196409,-0.00024589991206281356,-0.0009402875054089948,-0.0006807294783601412,-3.729095277297628e-05,-0.0011579365879599399,6.53615885681127e-05,-0.0004027849987379849,-0.0008570484867063578,-0.0010179186702625014,-0.0008277140024193984,-0.0013337167390801545,-0.001469398858885879,-0.0008876686840476965,-0.0011945756989570997,-0.0011779312267224207,-0.0004640955788170498,-0.0005560386012300913,-0.00042925543266337574,-0.0003019159413659457,-0.0006557699898023089,-0.00022566534581107517,-0.00024050405677638896,-0.00020115604449915569,-0.00019026087795087442,-0.0002018666887227508,0.00012813988376113612,0.00015502031830080123,0.002642802880153805,0.0027666440324440092,0.002341139089427043,0.0031969141887904663,0.0008558208748685693,0.0009605914204245048,0.0024159534222240268,0.0005861798473331092,0.0006709569006937645,0.0015270347045263349,0.0004158932647493853,0.0004163668272148361,0.0008440961631451452,-0.0007820965530110428,-0.0007559608591472727,2.9561944661408434e-05,1.3688230442769305e-05,-0.00011943889372967024,0.0026722209249964287,-0.00033504089588732894,-0.0006626938974007426,0.0019898686281343194,-0.003564617272825403,-0.003279016601682517,0.00167202195637501,-0.004572248471187767,-0.004833025496345357,-0.0031575040369967527,-0.012512076542385966,-0.011643501969757665,0.0008262360324834808,0.0007871832635602084,0.00043795050586141276,-1.9431952252035385e-07,-0.0003737901684894063,-0.00039626132143552064,-0.0003395246727322529,-0.0008106069582985496,-0.0003906379649740503,-0.0004206832103369475,-0.0011230822210747525,-0.00030957960129067734,-0.0020457009228051874,-0.0050086646169869905,-0.0053441897846788385,-0.0006532100463958387,-0.0012203160589912443,-0.0007209429727432782,-0.0007611885652612094,-0.004274812956902756,-0.0026446216797603095,-0.0005031896864754074,-0.005720390168548799,-0.004989533934493207,-0.0016498585999034489,-0.007935743284094939,-0.00916917788828078,-0.00830939436737684,-0.015758837503029886,-0.014981874446262965,-0.001616507738951913,-4.918507359642658e-05,0.000428892462701708,0.0009709091816486854,-0.0009496421288572714,-0.0008500301969249456,-0.0013958870513030182,-0.0008128108910054505,-0.000429649008512426,0.00039796052555520655,0.0005514852386235361,0.0005598046407574795,0.0009457983033978658,0.0012098801337787953,0.0006213872836452404,0.0007693095734942055,0.000631012855933585,0.0008796660681325769,0.0016522858245248246,0.0010032299920926446,0.0012019995586629991,-0.0013340125358815328,-0.0022504817529147274,-0.0035638025128828994,-0.0054863381801102725,-0.012871548124490142,0.0005873154777493641,0.0008142931059380799,0.0009071941790301378,0.0007536746122450529,0.0013883494772268998,-0.0003326782448566518,-0.0006995963775798559,-0.0004892500959395557,-0.0007767667425720153,-0.0007405855382043187,0.00017386760915753084,0.0005739339926005164,0.0005326000988409311,0.0006207435222021377,0.0011267427891772665,9.468784260255476e-05,-0.0005856358598029536,-0.0005730187917671657,-0.0007360081940340914,-0.0010281934070466177,-0.0004759625401515613,-3.787244992429758e-05,-0.00024578642156321924,-0.0001319771071914176,0.16954085596692298,0.009000692397346494,0.009,0.0
67,-0.0028174835026672927,0.0003197938051778504,0.00024397126534448136,4.32836180517378e-05,-0.00028153573885682486,-4.694709475956695e-05,-0.0001661213396712814,0.0004816714238077005,-0.0010282421404161314,-0.001441491793469543,-0.0006210578381597777,-0.0004727032615737636,0.0006547877293837517,-0.0009670529024829653,-0.0008115644108508798,-0.0007731607944696588,-0.001754184986598362,-0.001745254315985263,-0.0018168650732052218,-0.0016973495802686757,-0.0017486145377907194,-0.002002271111136383,-0.0013642802367132088,-0.0021375646635971436,-0.0019378590909738896,-0.0013778493673422306,-0.0020301139331301743,-0.002462420807716648,-0.0016634213053528537,-0.0012854196244233556,-0.001279747509431923,-0.0018596562316842817,-0.0016001082378327318,-0.001803241910276481,-0.0016827133769284988,-0.0025796953700582617,-0.002393425535474705,-0.0021598376644481857,-0.0032766315590416566,-0.0027940864660735767,-0.0031674324615928043,-0.0031721299463726813,-0.003328865037441921,-0.0013963618254794708,-0.001389293519942435,-0.0012646721526873592,-0.0013030586919263148,-0.0013765162347346316,-0.0018984323140514765,-0.0016990948049596746,-0.0016121561644748704,-0.0012489513988298963,-0.0021728862752341494,-0.0020292534243534356,-0.002058724261943625,-0.0018311580872490637,-0.001993333023499264,-0.0029317908448175316,-0.00019187868799503565,-0.00021339245097243923,-4.214363896260772e-05,-0.0003004254045282723,-0.0006682131318915661,-0.0004535324463546584,-0.0004109780184978989,-0.0005688776979176097,-0.000597765868874598,-0.00016154445040664228,-0.0004833456833175498,-0.00035848011009096103,0.001108702218014457,0.0010376454852705557,0.0008679498391735091,0.0004495590459577005,0.0005074888242513828,0.0005180940590071656,0.00020531551583816759,0.0012565189120365991,0.0012260355779264607,0.0003612136809114659,0.0007832119209044099,0.0009839711421478449,0.0003997259471268828,0.0015689601547300722,0.0010772450166477738,0.001503575112336857,0.0037040087210396797,0.0037460976544454847,-5.006582653907458e-05,0.00017050939699148434,5.406375511479997e-05,0.00010057717717743959,0.0008528023527664669,0.0009474658833922896,0.0002248500606037266,0.0007262295203916471,0.0006838121617248257,0.000417543547864984,0.0008509918433069123,0.000577214772332188,0.0007156348815522593,0.003977343917297932,0.0043789568951712815,0.0003290730740446875,0.00012417720096297461,0.0005749133131081757,0.000648267718707523,0.0007166387364390909,0.0010261776303328596,0.0014754787106869554,-0.0003993675393085573,-0.0008872584904731261,0.0014124253920232378,-0.0003395370155821576,-0.0007024412548843903,0.0015632625801449476,0.004480191129287569,0.004169364493989105,-0.00041431121451319556,-0.0018676515877594528,-0.0031596283235165424,-0.002473637288337752,-0.002428917565986587,-0.0019361070227783307,-0.0026555340565198693,-0.0022650172818957934,-0.00228315175297462,-0.003336815643750193,-0.0031155938803277415,-0.0030857503884837915,-0.004222863236426062,-0.003105265411881253,-0.002245410481959857,-0.0032635841270441802,-0.0026863225404301265,-0.003025580898226656,-0.003188119843728422,0.00010680399008940669,0.0025293750537026195,-0.0014084982897120308,-0.0024266028514494933,-0.002472751210753613,-0.002178743971370671,-0.00021283490369930141,-0.0025582780979937136,-0.0025762217703828695,-0.0027816425571371844,-0.0028360706453794764,-0.0028943150328909935,-0.0019086041817095386,-0.0020976267534057367,-0.0028017062259644994,-0.00236867281591709,-0.0028107637457792795,-0.002701046568937084,-0.0032581435072324937,-0.00295347134801086,-0.0031079721661013775,-0.003412971712666543,-0.0005714261303204187,-0.0013240694211993905,-0.0019320862569172869,-0.002004471135638143,-0.004124277292476749,-0.0016644865249890702,-0.0029002873439887967,-0.0018356284560680156,-0.0014575625618443299,0.16954085596692298,0.009500000300135952,0.0095,0.0
68,-0.0003696231975114114,-0.0024590782948856493,1.9446881399965908e-05,-2.3177341171758273e-05,-0.0003779171688818403,0.00020618787679398378,-0.001272715402321708,-0.0005912399995917549,-0.0011657249820109944,-0.00010812196713709613,-0.0005559115668561288,-0.0007758595692304123,-0.002450268211911706,-0.0007299982334356541,-0.0007045022355377855,-0.00043688521655340507,-0.00042063783849726833,-0.0005058152649349412,-0.0003366300238557665,-0.00018170648527037823,-0.000498345726933278,-0.00022805806648976267,-0.0002930021089926457,-0.00020576140655808974,-9.138609557366631e-05,-0.00013439629076709845,-0.0001093715368166691,0.00010411090324388982,-0.0002663626968288238,-0.0006127185309342225,-0.0003091881448583342,-0.0005567683551653967,-0.0001925109523582282,-0.0005281070917888672,-0.00016704262372075615,-0.0005155977885438407,-0.0002649916847607149,-0.0003212275396456255,-0.0008914437375158555,-0.0003892882960161732,-0.00041411055294767954,-9.342083396116779e-05,0.0002813067174312599,-0.0009163810222241916,-0.0008996975230983743,-0.0013419501926068677,-0.0008375424340390102,-0.000704962695877645,-0.000559040198933303,-0.0005728146512847225,-0.0005704736183706635,-0.0005676909592161937,-0.0007326065180842292,-0.0003667165007702222,-0.0006485366713627925,-0.0004256729928049993,0.0004113188663813524,-5.8896144169370235e-05,-0.00038944738145427367,-0.000277088760741557,-0.0003479798904969934,-0.00027072001109447615,-0.0002767310865008742,-0.00028010101948994193,-0.0004428202393253184,-0.0005840193824983477,-0.0006633910719770508,-0.0003374495376345404,-0.00036939210151341564,-0.000391133204410705,-0.0003906080724435819,-0.0011511607416316398,-0.0009324330893922378,-6.10180110466458e-05,-0.0004490566008319372,-0.00019873743802268097,-1.658804418300373e-05,-0.0004344060349039179,-0.0008725991186670949,-8.929426922922155e-05,-0.0023063465900400658,-0.0025670390872075937,-0.00038862484194203,-0.004922529263255577,-0.005074722035747246,-0.0016290411311430152,-0.00599024525029867,-0.006731387816894006,6.893373543468026e-06,-0.00017424956523003746,-0.00017782973418918342,-9.37134442149606e-05,-0.0006273997645045128,-0.0003879710186768769,0.0005382566986103931,-0.0007442114364196967,-0.00044523441477912416,0.0005124190972790265,-0.0016543067433403159,-0.0008560856771557669,0.0004896422153467644,-0.005553892190158334,-0.005396303132039893,-0.00130454078379582,-0.001214112010778315,-0.0015592242804699104,-0.00016640145005583737,-0.002570876684332954,-0.0019609218232775434,-1.1706835780527893e-05,-0.0036544815009012365,-0.003553723157385452,-0.0007400378419792332,-0.005787426776116737,-0.005920719508897042,-0.003798808060317083,-0.011789786720078538,-0.011125270748840696,-0.005699637204078643,-0.0006232846411877879,0.00018487614390230202,0.000718449710341749,-0.00017561059535379858,1.6152929817786616e-05,-3.1632179002668094e-05,-0.00045456762288137735,-2.371173468092414e-05,0.00032843305648305954,0.00022793558921636563,0.00022148348080572428,-6.943563933509162e-05,-4.8615321748508405e-05,0.0004573580559206365,0.0004494204598155653,0.0005240589294514596,0.00043286239784498233,0.0006685631329945948,-0.001795001728190482,-0.0017280552029035894,-0.0037633999904780457,-0.0014949188862237405,-0.0018083246910323458,-0.002888740322978005,-0.008376767331482387,0.0005250080868037916,0.0006467993441648079,0.00048754934335621476,0.00041907190375618043,0.0005792086577439438,-0.0005879308394797923,-0.00011604518841202088,-0.0001613336905923564,-0.0002051362201645291,2.5607099804810677e-05,0.00018235486579224594,0.0001102277889716741,0.00038920167892420016,0.00011291592023771842,3.816339550454102e-05,-0.0005316604858916593,-0.0007803109774349063,-0.0006950993573080984,-0.0010715493999890044,-0.0016177754032716814,-0.0006000998337573191,-0.0007748630126845742,-0.0005545637440427367,-0.0008212696823981993,0.16954085596692298,0.0024995580302747122,0.0025,0.0
69,-0.0015324375645062252,-0.00501919854347617,-0.0013072581923985521,-3.711665331044446e-05,-0.0001979296865020633,-0.00040550969470264884,-0.0010389280627764034,-0.0005925125837159086,-0.0015855404131988504,0.0026089215126149324,-0.0007056934802230271,-0.0010293186289826784,-0.0004684306915314645,-0.0004993858921995501,-0.0006383519263856285,-0.0005434685695865116,-0.0004577324615585984,-0.00047663824099109913,-0.0003346890106219635,-0.0002083969303391577,-0.00026382752566364223,-0.000554297475061497,-0.0002668442547517578,-0.00032082153045034803,-0.0003274418219447438,-0.001077155395294113,-0.0004808617092701839,-0.00045377121947468447,0.0003560233103836025,-8.572963855130975e-05,0.0007830351856722982,0.0012695066599908245,-0.0007276891218535104,-1.2534848691702396e-05,0.00012746362780069803,0.0010980747042038165,0.0005780058601377388,0.0023741856234336385,0.0016813702773201332,0.0020894344757106287,0.006360605067918375,0.003920657942884896,0.003929111417217463,-0.0011983191188942395,-0.001179358854175121,-0.0016586049073396055,-0.0006957804676819197,-0.0010303868456335698,-0.0011250616683051444,-0.0005701372019482622,-0.0006429941117479022,-0.0004193033329111108,-0.0007876076907944309,-0.000705420898393615,-0.0006769958555849844,-0.0008323983692286311,-0.00027296277443507257,-0.00030836064280734737,-0.00012643288513674507,-0.00014649081129460231,-0.0002411313363001768,-0.0002757898518803577,-0.0008893528335418432,-0.000752583543543283,-0.0005897203415040841,-0.0006632483100565118,-0.001133980896010985,-0.00026128742160066006,-0.0009928872662258168,-0.0014457141108500597,-0.0009114180231151516,-0.0017969063552372372,-0.002020414658065098,-0.0004472556539366611,-0.0005409708377350395,-0.0010537131301035355,0.0007639372076324784,-0.001130417013220488,-0.001252383230698199,0.000139448598696865,-0.003604884058150383,-0.0026899878679907444,-0.0015264354570694966,-0.0038303338049760762,-0.004493571483993637,-0.0038426712413269144,-0.007801564148159191,-0.00864146769873409,3.971926654231131e-05,-0.0003157014512735005,2.0579295790959953e-05,-0.0004031884548952476,0.0003287120317545627,-2.049408552273682e-05,-0.0007895173142930754,-0.0004692718929401096,-0.0008484176945758262,-0.0018497883187933463,-0.0009568434356329158,-0.0005171501318745601,-0.0024349981944008464,-0.005148323566812094,-0.004448708700878041,-0.0010471355816211348,-0.0009371446600269568,-0.0007547314882932635,-0.0006225814262349491,-0.0026182248993084556,-0.002407445670229924,-0.00023535009787203098,-0.00341385749195016,-0.0034818434201682497,-0.0023132402683242233,-0.005007247218521227,-0.0048400838103694315,-0.007594135493335766,-0.011332271559462093,-0.009876929785627781,-0.0013008342828848066,0.002021694904764914,0.0005432236527222972,0.00035287148498227064,0.0008059824581910026,0.00048136059743595624,0.0010317517981417697,0.001799369893321141,0.002511854360002414,0.0004282733978081882,0.0002618487572133437,0.0007693261970456476,0.0009467916535836736,0.0010928007987464916,0.00036967510685496663,0.000247990826851125,0.0001939971135251898,0.00048009601666713957,0.0005720295950611177,-0.0009337861039698692,-0.0018208117975021072,-0.001107920701034998,-0.0025504378608287937,-0.0023491507005342087,-0.00330241827119884,-0.010752267596877658,-2.502689534859578e-05,0.00013730330078871416,0.000550705874942314,0.0003796953786830941,0.0006589452787272442,0.0008423678792875348,0.00035699796343820683,0.0009761660304196962,0.0020346447544351354,0.0022086190753635377,0.00027833338939957787,0.0005380653810657435,0.0009323665797635155,0.00102092799614021,0.0010817993925678743,-0.0005983373493699251,-0.0010088550027683805,-0.0015427605419036999,-0.0016992393490859292,-0.0025399787603054657,-0.0019121305465434866,-0.0018444067215116738,-0.0013831848419890913,-0.0012055856981406272,0.16954085596692298,0.02549954700718174,0.0255,0.0
70,-0.0036251872527010088,-0.006171387736752185,-0.0014722360177337678,0.0004505063883765944,3.2345384202019716e-05,-1.2087579400289572e-05,-2.03255994642158e-05,-6.991680920566447e-05,-0.0020723369586158873,-0.0010542556066934954,-0.0008990041145936042,-0.0012318251615929298,0.0003801531545532495,-0.0022150270136254103,-0.0012275009566471882,-0.0010596080534259146,-0.0018263191704188668,-0.002534290061627544,-0.0018785238948750527,-0.002315729594872984,-0.0023356440809414424,-0.0025378844162333384,-0.0022216935821154178,-0.0027621031597091098,-0.0032869267705777807,-0.0031600051921445373,-0.00330240940698457,-0.0035186420930751567,-0.0012322568790331114,-0.0011889993129241285,-0.0010124717092164265,-0.0014599646448822485,-0.0014238939293813818,-0.0014642082979271706,-0.00133321462698727,-0.0020038717336939263,-0.001554704050106896,-0.0019483477512198429,-0.002507127141848616,-0.002336658275994162,-0.0020244099826456944,-0.002768464949447496,-0.0030027154893816767,-0.0021905073582389216,-0.0020226641750868864,-0.001961804413471058,-0.0016709434936431388,-0.0023821635696440477,-0.002917582965583135,-0.002146550350282711,-0.0024352270406412854,-0.002013924296591056,-0.0029128821006237406,-0.002096572423026699,-0.0024963601791751365,-0.0035507004557004986,-0.0032783081377544096,-0.0033928806543700707,0.00010900862660709057,6.246034504920024e-05,0.00015367183638059756,4.6787138450458297e-05,0.0006841321355810519,0.00045852352408397746,3.022569845963352e-05,0.0005894463697684719,0.0007440155118044087,-0.00015055636707463703,0.001096275765799085,0.0003707002763755588,0.0004070297902417101,0.0022321321603906946,0.0027750295632588194,0.00021205444436778718,0.00023474631379127013,0.0004029469752181974,0.00032348543559493397,0.0008212369728945522,0.0002253359707401668,0.0005968337075513468,0.0009521862735396571,0.0008445336819817427,0.0010961012990498753,0.0012158151990649113,0.0012707972484380806,0.0032699271961510504,0.006226042966733184,0.006060632423319186,0.0007483744085390152,0.0009249902737981651,0.000978981344253437,0.0004428102364979109,0.0018338039288778277,0.0015450478794265564,0.0008208265437279688,0.001210260033523425,0.001384147747441303,0.001030821816610853,0.001511248141637791,0.0016260037140578053,0.0027035127437443915,0.004832542579385369,0.004181336014296017,0.00029957454318098027,-0.00010043415680333317,0.0001823364954029498,0.0006484406268019102,0.0007275245224944986,0.000628260220085554,0.0011991585349057407,0.0003525111572754466,-0.0007434685343363879,0.0013816745454249537,-0.001261588797412245,-0.0004942889149315886,0.0012784493975950913,0.0032325577579163226,0.002008435257670739,-0.001322457987098086,-0.0017625571814519861,-0.003219971957932338,-0.0031853563694255868,-0.002096797911312686,-0.0023260104545464403,-0.0021232001221739008,-0.002272783142589625,-0.002674734689689009,-0.002086478942936041,-0.0024732141075893554,-0.0030995741125726117,-0.004048111001378303,-0.003528549593768557,-0.003073189939686575,-0.0036040764404129504,-0.00337671554084026,-0.004198294003047314,-0.004090943824897166,0.001790845759414033,-0.0002842454761717025,-0.0014595802929429531,-0.002409298340731782,-0.002432635150796397,-0.0006006182553908661,0.0025864761763494024,-0.0026750839797818468,-0.003087529448652325,-0.003923702403516378,-0.0038234606919981635,-0.0040986299325154055,-0.0018852826120315475,-0.0024076773127774103,-0.0024383319398956554,-0.002105903681665191,-0.002951202576989989,-0.003083141542488761,-0.002870334778236395,-0.0027075117244931635,-0.0031479157504173687,-0.0035867680398700553,0.002367129912202575,0.002453068089071093,0.0021955258794805533,0.002730759719043585,0.0020604421595406468,-0.003033515340049795,-0.0030795037493678112,-0.0019868993040918293,-0.002380476695398328,0.16954085596692298,0.020500000117687184,0.0205,0.0
71,-0.0011770534556464324,-0.0005645628633001611,-0.0005555669875601919,-0.0005445035599282761,-0.00037875579745021,0.0017471487191270693,-0.0009145196718534968,0.00012598894904808068,-0.000715552603662728,-0.0001011863643761485,-0.00019820736960783056,-0.00047601021516612343,-0.0006186768853823876,7.023370003524957e-05,-0.00024144489568696053,9.317824139224674e-05,0.00020496608975829978,-0.0004393005933187278,-0.00023296120424457593,-0.0001973042218055372,-0.00048696586444511446,-0.0002647304008519028,0.00020419621752669107,-0.00023063636444861093,-0.0004883257106539075,0.00012372813781325113,-0.0002447153710299363,-0.0005001723630110543,-0.000453292316034284,0.00018262077278293658,-5.6276242873857224e-05,-0.0007158260295188651,-0.0003027880485350459,-0.00024573994412617825,3.772889504734028e-05,-0.00063865946109326,-0.0002473229397494139,-0.0005150087047994875,-0.0004629964699969541,-0.0005067865182651878,-0.0005278521598408979,-0.00011510095272787267,-0.0002780265864039808,-0.0006615895841954063,-0.0009271483404801316,-0.0011500919029251214,-0.0005304142748606079,-0.0007452811513355476,-0.0005974641797400741,-0.0003187785619015798,-0.0007157483740345373,-0.0006910881237973328,-0.00019914647262619822,-0.00047819775738575164,-0.0005269602885148545,-0.00023883897669609624,9.998748985166887e-05,-0.0002167398753021968,-0.00021201471396623567,5.762330666632648e-05,0.00011767150144895936,-0.00041868791520902326,-0.0009431916511552416,-0.0005849223577502607,-0.0007077984760020274,-0.000997914272206636,-0.0011409603126538615,-0.00045844644265400606,-0.0011537907503073141,-0.0017313038998703826,-0.0008585281986327431,-0.00225852507637301,-0.0023274468387382507,-0.0003343859599348458,-0.00032198176708855743,-0.00025067817304675266,0.0006757276350425331,-0.0005961042627587966,-0.000408681139980315,-0.0004191907723239599,-0.003004401286214787,-0.0031158826207638214,0.00013470891149515627,-0.0037616637910918085,-0.0038313629251633366,-0.0014893103119363658,-0.005384730254963887,-0.005351192786493444,-6.331127348070856e-05,3.6405945408944816e-05,-0.00015633615743760343,0.0010362062535071517,-6.047851756118777e-05,-1.4592530203554972e-06,0.000823289152013086,4.483441470263885e-05,-0.00029889669083521086,0.00014289300461338902,-0.0008871530673574705,-0.0002417576941761057,0.0019914933579584324,-0.0014074820266903115,-0.0012364189579420828,-0.0006642395314412077,-0.0009962242957916748,-0.0009316294170159882,-0.0007127506576586479,-0.002678271809630597,-0.002489100717136254,-0.0003251849028549056,-0.0039553668955387665,-0.0038878526705182575,-0.0010018909496139342,-0.005539674907790046,-0.005152709857972777,-0.007123636305516674,-0.007328063573155314,-0.006942499448049084,-0.0034564617946388917,9.765311396130291e-05,-4.450167810918109e-05,0.0005979022718395627,1.1957934490795812e-06,-0.0001729181381477585,1.7133742654342333e-05,0.00014406550067729796,-0.0003986860213934433,-2.1544347275522e-06,0.00025396256875596365,-3.47261441210866e-05,9.208312721330869e-05,-0.00019750579668631173,0.00036885928006457095,0.00034244802854368534,0.0004123473118819673,0.00023026529983867375,0.00038261578252621835,-0.0012178782131073978,-0.000724423285346543,-0.0038621299640229836,-0.005627084491658965,-0.005533459257436497,-0.00695123176615379,-0.015065414309101013,0.0005146303140322741,0.00029990387119233075,0.0003371087863079226,0.00020595551653258527,0.00038525937544171677,3.9869857359877646e-05,-0.00032654104554250343,-0.0004695639010246244,-0.00018497440576965306,-0.0006304543330451486,-0.00014635580332398156,-1.939730560789768e-05,5.946484996401974e-05,-9.857384057206746e-05,0.00035569221990889443,0.00041940050784350336,0.0009383085671095216,0.0010274640487660295,0.0013628540612242515,0.0011412655635126357,-0.001441244832409487,-0.001338621355193174,-0.001244154807444375,-0.0015492832733668708,0.16954085596692298,0.01800165228815681,0.018,0.0
72,0.0027855728364597865,0.0006297439776715202,-0.0031520998078562773,0.0008312312369862844,0.0009515841565014596,0.00043999250101859645,0.000358061292438994,0.0006930500852878541,0.0011503515298976563,-0.0003394094069367044,0.0005311952046666132,0.00027096712562717375,-0.0009031348588136301,0.0001536399395215749,-0.00024211438527075115,-1.8434644720270748e-05,-0.00015494814937555318,-0.0003881672200006803,0.00014855319848477682,-7.089227208852353e-05,-6.456289817320096e-05,-8.318918177665793e-06,-1.3506470079128164e-05,-0.0006044722302481612,-0.00022759764631312168,-2.6664623069317004e-05,-0.0002474953625241652,-0.00012702004620092526,-0.0008975434977509264,-0.0007461886758868606,-0.0006646729861093676,-0.00033664054580520515,-0.00222462451192195,-0.0012357894860118856,-0.0006999390211227222,-0.003500286907706502,-0.002435639120070531,-0.0024511571396557586,-0.0017277300246959703,-0.0034484509918399496,-0.0018930299529616359,-0.001835081820446142,-0.0031426527058511116,0.0006312650498592277,0.0008263885438894332,0.000663414644503012,0.0004380258910495144,8.887893041225984e-05,0.0005891912893157942,0.0005311746381314058,0.0003132882239959301,0.0005365228329531654,0.00047551933154719756,0.0002967602329723196,0.00024119480034418388,0.00036490150037387276,5.993982471498992e-05,0.0003127972691502618,0.0012745222023679132,0.0012932420400386898,0.000933509879246901,0.0017639023011741517,0.0012802184689795196,0.0008672347331057503,0.001996775523616469,0.0006407977347749614,0.0008104932467123079,0.0020756204803559016,0.0007095928151040234,0.00047138950845165313,0.0007996033560082032,-0.00044908477141891056,0.0003392545660838743,0.0007895847681046439,0.0008081466977703949,0.00029781533605285383,0.002283413355540082,-0.0005332747209441689,-0.001314259174581653,0.0010733406328955664,-0.005507612199371548,-0.004909152968245317,-0.0007674943068447113,-0.006547250199426791,-0.006069211306178567,-0.0046617388489440205,-0.013793372738665925,-0.013625578278897531,0.0011677737726233455,0.0010489364399324356,0.001189658168529809,0.0026872302427884314,0.0013908388761461907,0.0009042266458087025,0.0025904500620610167,0.00033055972710326325,8.568193118312737e-05,0.0025557934546764417,-2.278698163087916e-05,-0.0001046283628360022,0.0008944629834702059,-0.003766331247783313,-0.0034162532377499245,-0.001017749881291848,-0.0011374421333784194,-0.001328017814029426,-0.0014030933322635598,-0.004857817108660757,-0.0032232385747032913,-0.0013193364236737649,-0.006305872077189805,-0.005360679407547448,-0.004613138977654909,-0.008388677020551617,-0.008424313486032084,-0.011847676544505466,-0.014904802975968046,-0.013175487861530985,-0.00185037839412534,0.00020193527159399158,0.0009712638395113204,0.0007412703669469557,0.00028600448828362417,0.0003869944885393862,0.0005083201591998205,0.0006670067497054302,0.0004280971143553328,0.0008620302793581496,0.0006018275879236621,0.000680040216447624,0.0005670906017119834,0.0005331740746144202,0.0005299939677580727,0.00029304343945328436,0.00025148754438059323,-0.00017887663942747404,0.0004283673548473868,-0.00022171699835260163,-0.0009376244720743574,-0.0016841745074649066,-0.003177456294018075,-0.005422509915791907,-0.007413337516726882,-0.013298374805332403,0.0003485870577846299,0.0002567964469290927,0.0001775319575469071,0.00038194998128073546,0.00031223629400683756,0.0005676264973342985,0.00032713767309575895,0.0005680007855885099,0.0005745403042151142,6.777809779332711e-05,0.0007553005443213376,0.0007227684292233924,0.00037241526138731486,0.0004904703723633022,0.00069133931340233,-0.00040354372035976947,0.001525421652540502,0.0013690427509314691,0.0009645226807780119,-0.00019359954376326253,0.001050317279623795,0.0003988213540564188,0.0014572878446897468,0.0013790564241253933,0.16954085596692298,0.022499796455431542,0.0225,0.0
73,-0.0010782491431877855,-0.002115097593961762,-0.0017293275341208625,0.000227808338116802,-0.00010058769163062378,-0.00024152175666202714,-0.00036110538253375274,-0.0004578052996041807,-0.0016858300760467094,-0.0009671867882536117,-0.0017303470648197094,-0.0021351534239686266,-0.0008501417867265426,-0.001824273365303818,-0.001546690759322687,-0.0013820467582716638,-0.0006678569157323246,-0.00041569351998903866,-0.0007829811033284283,-0.0006287790792946067,-0.0003933000871363347,-0.0006156724299131519,-0.0004807228079896101,-0.00037172780590877654,-0.0003368858216671058,-0.0003169728003926691,-0.00022632037067041042,-1.620957776391371e-05,-0.0011065625694679567,-0.001412797885657367,-0.0006554776112178307,-9.70351173883504e-05,-0.0010112902045756017,-0.0004634702343617788,-2.4083000127046475e-05,-0.0007216035056507012,-0.0001816036338463426,-0.0003287149624837932,-4.341847149759032e-05,-0.0007375944067607352,1.1565220763947455e-05,-0.0009268118794213658,-0.002942259242397692,-0.001060931950802294,-0.0017053325263674563,-0.0012892275663335035,-0.0009699875942826436,-0.0009716691252009278,-0.000891687995007669,-0.0009126150799523377,-0.0007995057720516693,-0.0005435610505144384,-0.0006186273821170622,-0.0003894586033962739,-0.0005457278575626874,-0.00021677401829293304,8.01379805490586e-05,-0.00027497949804345344,-8.863786503008411e-05,-7.769458440751591e-06,-0.00010784428002219535,9.987299848287168e-05,9.891033677594413e-05,0.00014997438616249015,0.0002812142408748808,-0.00014343900930469913,-4.4151155098160414e-05,0.0005614230127142733,0.00040374415547581163,0.00011989555023051926,0.0004437860818675331,-0.0008844837953143311,-0.00044284287358961405,-5.270297176211092e-05,8.863932512806781e-05,-0.00012489808850414658,0.0006197861421260429,-0.00081312616240909,-0.0014533455054178696,-0.00015422777615259112,-0.0032366852654146182,-0.0034095187921969815,-0.000482834103203648,-0.004574484533866662,-0.005269719905504916,-0.0025443115586973337,-0.00966906698239241,-0.009912065951696187,0.0004472735903857433,0.0006692103462193807,0.0005015970103714835,0.0029896304032941763,0.0009273000163224459,0.0007827222030654649,0.0017719728322668918,-1.849362927425875e-05,0.000244048946386584,0.00044248759743170673,-0.0006154665499915748,2.8322359581687598e-05,-2.701782022645795e-05,-0.006593566885835925,-0.005246854033522802,-0.000880795855236377,-0.0011566017216461412,-0.001041791982625265,-0.0010258030803378805,-0.004111223666102601,-0.0026207640530814765,-0.0006751333942203489,-0.0051943242165159295,-0.004908306547794175,-0.0008854001395084157,-0.006863177970900004,-0.007645834112445613,-0.005381678736509883,-0.013774391325536582,-0.01344739648275643,-0.0006501640516793703,0.0002572033226455422,0.00039146344113679803,0.0007214802023128918,-0.0005647985298385088,-1.696669882259064e-05,-0.0002645340106729153,6.270155348295532e-05,-0.00019322670452695886,0.0003583036862271135,0.00023680876449671474,0.000652604136215767,0.0006184453009311427,0.0008889280335901077,0.0007294053332178591,0.0006425524969701275,0.0008424349678676036,0.0008029964697769362,0.0011421237811852047,0.0007250620704227966,-0.0007876040986494884,-0.0013528985753660417,-0.0018749789320925306,-0.0030206603429735867,-0.004127935743754477,-0.007431757759908074,0.0007763881858400736,0.0005067099708098287,0.0007955920065992978,0.0006675579538947603,0.0011454310358799363,2.88277657126684e-05,-0.0007837461520482247,-0.0003880231636899366,-0.00026628703462791136,-0.00028125484132314563,0.0004396227654420395,0.00025136558808532016,0.0004794239046960038,0.0003138075824967747,0.0010120389221497583,-0.0005186686687017343,0.0005362989723046225,0.0003798672594726369,-4.2816781802224275e-05,-0.0005956781704684693,0.0002618037214537217,-0.0006146217947147416,0.00019065019383046735,0.00021432136076756508,0.16954085596692298,0.003996304008704099,0.004,0.0
74,-0.0013440366086823767,0.0006408632656160959,-0.0003892637717502012,0.00033408729840385604,-0.0003968020613531125,0.00010965354000305272,2.4377023482877857e-05,0.000972339449562301,-0.0030123814851897913,-2.3394880394729422e-05,-0.002028434999879268,-0.0023613012111659173,0.0018030160131305528,-0.001353212157638947,-0.0016039875977088786,-0.001511875875468296,-0.0012112315498681552,-0.0011653712975166254,-0.0011738142954954482,-0.0010145866221760026,-0.0013469015126895323,-0.001286677231274119,-0.0010048661944713315,-0.0010545061365098574,-0.0006364332631526991,-0.0014134377558907246,-0.000629803342684267,-0.0007797748910639773,-0.00010411958128477044,-0.00040057688217828093,-0.00036878262161785225,-0.0002669377936670525,-0.00032764634125876556,-0.0002732696180190743,-0.00016702289749940893,-0.00028555514415927897,0.00010813324617526,6.774324729280276e-05,-0.00018541649907877268,-0.00039202541906482446,-0.00018449436356368342,-0.00021013558914111043,-0.0003788802470001677,-0.0026062025005899733,-0.0024935961024133532,-0.0021933983870571733,-0.0015920695489312472,-0.0015623676094236,-0.0019579760681709014,-0.0020946798518307113,-0.0014765013085665266,-0.0015830281807266628,-0.0012528314799700826,-0.0017755345994448838,-0.001227532006407286,-0.00100418222736563,-0.0008748262333471118,-0.0009006290170226955,-0.00043773228713789666,-0.0004827528599119615,-0.0004254796014032399,-0.0005544309306057518,-0.0005757378643396124,-0.0009051732732635756,-0.0003620761203794895,-0.00035716928600339193,-0.00012505078726910245,-0.0003221690989350579,-0.00044499478931272677,-0.00075017650603389,-0.000498387780841668,-0.0015016165149352432,-0.001574287866231784,-0.00010757599609806816,-0.00017220359574028133,-0.00018516726946719912,0.001069343690580736,1.1286654819389206e-05,-0.0008813238594346174,0.0009772096432886861,-0.0013666124832663116,-0.0024171546308643338,0.0010127905915177423,-0.0023688429919015317,-0.0038318625060076755,-0.0006502141659104767,-0.009750558830796823,-0.009925015212313372,0.00010478293957478207,-0.0002550554519387945,-2.5655029567676894e-05,-0.00027698972282373674,-0.0002791610783008202,0.00023403720419453222,5.8376959906780195e-06,-0.000406590515336965,-0.00040899321076749956,-0.0002852418833462981,-0.0005036064144863562,-0.00010403157871914729,-0.0009709090706028636,-0.001009831357322777,-0.0016912182527842297,-0.0005017179993023321,-0.0004903308524125045,-0.0003688277816400728,-0.0003738663277526377,-0.0014735325896784834,-0.0016686927434366983,-0.00024152282861370178,-0.002299664690789622,-0.002275954382079914,-0.00013746995067206582,-0.004285432650084641,-0.004163973071336692,-0.003301091609928581,-0.00699526394167427,-0.006432213795303577,0.0009367424596793695,-0.0004468506051517514,-0.0013735616313503693,0.000270423521620731,-0.0006650655098491727,-0.0007767144718950849,-0.0006410353687538337,-0.0006332537594245926,-0.0010439386971358995,-0.0024427151090386364,-0.0015381289908666996,-0.0011441800450087277,-0.00020389068315888696,2.6352853748322666e-05,-8.101128109196371e-05,0.00011755092883666371,0.00047530253425090224,-7.41295384467298e-06,0.0011834525305158949,0.00024471208204454034,0.002405855151650787,-0.00037280357952151346,0.000548137292437845,0.00017918998965190647,0.0009032003551251852,0.003468606635856132,0.0006996401304549867,0.00018399971948758262,-0.00044878657086405834,0.00012111295039114568,0.00065104054233717,-0.00044736898470187474,-0.000353359341873998,-0.0007334283239215051,-0.0008316051803405761,-0.0008769548226436772,-0.0016322553864761668,-0.0009987947155528916,-0.001233872805019043,-0.0012098759797302334,0.00011420768610225772,-0.0009537306936140532,-0.000889193522645483,-0.0009113309595259955,-0.0010760333947783577,-0.0016258750544506568,0.0025020140354783723,-0.0053917001274956305,0.0033850568854056095,0.0031346879571957473,0.16954085596692298,0.030499996413168196,0.0305,0.0
75,-0.001538642612537057,-0.003335625514249467,-0.0015768591247568773,0.0007446827636751097,-0.0003556889286664175,5.607141743578463e-05,0.0007652447379221927,-5.2521783939639745e-06,-0.002760607095988191,-0.00037749636198745667,-0.0029687217467730263,-0.002664765206780462,0.004641953167020839,-0.0026293997121242248,-0.002078415154189647,-0.0023686623952816287,-0.0014612576179157315,-0.0022011201283482465,-0.002211829614560815,-0.0023220308752361883,-0.002254877242624909,-0.0020447764061557495,-0.0014338528768552768,-0.0017536430266561524,-0.001556537648943031,-0.0015019735610437616,-0.0010677852986540177,-0.0017140726664022841,-0.0001846087045814389,-0.0003915583144503098,-0.00023067408492090938,-0.0004732519817076745,-0.00039740169191534243,-0.00045646725107120376,-0.0005285092531987705,-0.0005534077116823782,-0.0008432373415750698,-0.0010054802308012427,-0.0013260491782957071,-0.0011501958210192826,-0.0013213310072244275,-0.0013075299304479658,-0.001342893973002653,-0.002458853389142821,-0.0023330681028137725,-0.002495215800634029,-0.0019279829996947427,-0.002234965769974965,-0.0019145246964966131,-0.0022378725522382583,-0.0020908565083851225,-0.0018512143785123097,-0.0014319832194919751,-0.001862879444704403,-0.0015704134211800115,-0.0017894816952904679,-0.0013279447810522643,-0.001102945486234008,-0.0005362155214121027,-0.0004680975023649331,-0.000535237645907612,-0.0005541210922188558,-0.0003682663363252276,-0.0006281058509630676,-0.00043764770532006087,-0.00015849908353052875,-0.0003084822164409273,-0.0005876101326547495,0.0001900437684491166,-9.284844435600393e-05,0.002252265265692769,0.0019318637778051539,0.0024657699662914735,0.0005622573213526484,0.0009723700227450813,0.0008922771526645951,0.0008932483080285374,0.0015016757397738362,0.0018967620109300028,0.0020864964930292678,0.0005588584257107829,-1.0875136725553737e-05,0.00019868308867047413,-0.0018091165265764052,-0.002422562558214488,-0.0010301197619262607,-0.0060136489408488605,-0.006518064831792021,0.00020980104998839,-0.00016302621123480757,-9.479779622541546e-05,0.0003977443794200113,-0.00010939454313981748,2.478665176140687e-06,0.0008349507861545767,-0.0005333067998950092,-9.416894298760819e-05,0.0004545015363512306,-0.0012262713932791741,-0.0005437671596191627,-0.0007385793297784721,-0.007850991999316027,-0.006787188087111998,0.0009970657207347986,0.0011626018607376531,0.0009804536021773874,0.0003402078816377788,-0.0008720738716965469,-0.0006685074970636184,0.00021556666859658778,-0.0017172631084615396,-0.002785884528314411,0.0006400284362250848,-0.004055519190560445,-0.004600836981877463,-0.003738420770280453,-0.007575755802094948,-0.008483885379116403,0.0013143078021059349,-0.0009427432119152368,9.052956450702229e-05,-1.0019036539305392e-05,-0.0007656826328255268,-0.0011799256455601933,-0.001187529828601583,-0.0013195195314939078,-0.0015810263456232684,6.453618516303345e-05,0.00015327208227235796,-0.0005446862931284252,-0.00034971384116734767,1.2576998410273228e-05,0.00038242040017268943,-0.00022444673991606396,-0.0002626391905292142,-6.136859252556934e-05,-0.00023374556009984668,0.002230469709781381,0.0007797861476363321,0.0007223853192026254,-0.0007977074901670654,0.00019500944144670382,0.0006235839715626942,0.002465054562834749,0.000468962464296545,-1.5492913361808613e-05,0.0003551026026740441,-2.4832506099941864e-05,0.00021606221400689293,-0.0006794787206623687,-0.0010765311020898033,-0.001520556079832308,-0.0011600239264146159,-0.0017420214220965615,3.597406033272956e-05,-0.00021699052373978976,-6.869468523410167e-05,-0.00028823846381473766,2.503845849355036e-07,0.0012386460234812707,0.0018748527830044636,0.003806088392301246,0.005960737835059735,0.011343227705271677,-0.004178304488511536,-0.0026890256284138395,-0.0027656223261805224,-0.0033881981452177122,0.16954085596692298,0.0440000013631717,0.044,0.0
76,-0.004264097439530316,0.0016652186691993416,-0.0027927285162875604,0.00015509285203153727,-5.757635019918111e-05,-0.0001290999773840168,4.7952177948820085e-05,0.00011166138881104108,-0.0029873723048350117,-0.0002732543795867393,-0.0024578789269921655,-0.0021563105331276608,0.0001042901671107806,-0.002829895695763579,-0.0021312059429006032,-0.0025218660805393137,-0.002271587201821797,-0.0030540482029668414,-0.0035281279212846226,-0.0027701374056668918,-0.003132204240362623,-0.0035167539863790124,-0.003295500996108148,-0.0028794174983167906,-0.0034783708812125684,-0.00368540376155376,-0.004085687709535068,-0.003821496869393811,-0.000974669466383359,-0.0011076776572875359,-0.0018125107777751239,-0.0014133519130626808,-0.002277483587865725,-0.002210702033876891,-0.0024774504605519763,-0.002942226567778103,-0.003278176724698699,-0.003552195945495483,-0.002763753383903994,-0.0031588509292499694,-0.0026966442677035228,-0.0041668978783026165,-0.0028677301223682602,-0.0026934937835745893,-0.0025049197468432465,-0.0024534179113522886,-0.0016705706925416095,-0.00243785108196659,-0.002458688867678337,-0.0029046065071357766,-0.0029290386662580987,-0.003510854361374611,-0.0028775395874824326,-0.002987804216869827,-0.0028804867845595595,-0.0032349827280668867,-0.004454383126334451,-0.004024501834705124,-0.0002695543826291901,-0.0001975167762526759,-0.0001463054971994619,-0.00021390553551392527,-4.2155294644240666e-05,-0.0006181555162890732,-0.0003712901238041796,-0.0004262611898572822,-0.00017295144881396206,-0.0003183402033482313,-0.00012040941064730836,-0.0004101427914770339,0.0001657615758819411,1.2223836035551131e-05,0.0001585313138482207,0.00038513467429388573,0.0001728394253103591,0.00033717401772201204,0.0002442453905575675,0.00015581997602239593,-0.00046225366184213045,0.00028317562219411235,0.00014498791954965068,-0.0006030345314421999,0.0004785153920938526,-0.0001738466343004274,-0.0010805805677778565,0.001599921809487286,0.0013867849354938697,0.0009256466709673941,3.3412258582871645e-05,0.00022616949150354863,0.00018278802469780624,2.1344374508220233e-05,0.0006491597498661725,0.000849788677983692,0.0001052561073212958,0.0007002954256312155,0.0008612508294147464,0.00015962002877704105,0.0008355319764833425,0.00039637533357729076,0.00020560777563988008,0.0027655079021629402,0.0030096767514651303,0.0003607349480606156,6.41956417418265e-05,0.00044497588431550945,0.0005464308207320267,0.0004744770039264449,0.0005046734062137513,0.0010217762560632533,0.00031885721191047644,0.00020380987863134447,0.0010815648472278128,-0.00036310581255735095,0.0002589457199651821,0.002087552906771812,0.0045712259927470035,0.004534823530840026,-0.0012285859947923862,0.003581409910036257,-0.003113021572224835,-0.0021386993961393084,0.0031899632978133288,0.004011926751703766,0.003979267125901107,0.004501251206395014,0.00485522317145477,-0.003437375611702094,-0.0035317828416188955,-0.0035828720961469536,-0.003498743144359587,-0.0047529942108792,-0.002632728454127855,-0.0026584197376807715,-0.002405919473583077,-0.0032194215921063584,-0.0026254384191919966,0.0003861443596414512,0.00042198515444377184,-0.0018035301773577776,-0.0026754570959183705,-0.003074366460705163,-0.002507936674994752,-0.0018833937454145106,-0.0027484864044643566,-0.002520351407335096,-0.0032892615053665684,-0.0033495651198977108,-0.0032178940080303388,0.003610308125038804,0.0036578811237452714,0.004147843421154667,0.004951906371758768,0.005604348713916258,-0.003628868748046792,-0.0031912485021468253,-0.004421103122349393,-0.004813589312209475,-0.004919569346135666,-0.00026750863159694886,0.00014546640072468888,0.001418479947713645,0.0011371646435262028,0.002262214670402342,-0.001959178788196176,-0.001858400178837223,-0.0014665863550712085,-0.0016588549805738723,0.16954085596692298,0.013500000011221425,0.0135,0.0
77,-0.0020040684996538113,-0.005296743484005911,-0.004352380813349494,0.00011509598500769253,-0.00012046728121117755,0.00033434358014993175,0.00029528385845335514,0.00013978139960768964,-0.0008754174049703073,-0.0007280133597274029,-0.0029084899282683483,-0.002793671761007074,0.0004501032469972682,-0.0025462096735137,-0.0031081728589518252,-0.0026861882181566468,-0.0029237996036122833,-0.003810998735867615,-0.003931529259836004,-0.004566964198249341,-0.0050082584073724455,-0.004236722383002134,-0.005004543074170628,-0.004107732723985349,-0.003714621062267435,-0.004776159100788201,-0.00437491046299585,-0.0043431552256716355,-0.0009939150241994623,-0.0010341479190629557,-0.0010234461967470433,-0.0011747576617220964,-0.0013796404293526987,-0.001315587192769332,-0.00132960524891906,-0.0019392088158286464,-0.0014788374622051062,-0.001242070339715941,-0.002462185396897007,-0.0018677747076578247,-0.001125657988294115,-0.0027517024130460544,-0.0025502963595407844,-0.001060177261875712,-0.0007582902929161612,-0.001658339697301263,-0.0011955796703245196,-0.0012244168474790048,-0.001842574636440921,-0.0014419074092421797,-0.0020344641226084227,-0.001574332525673575,-0.0025101269219445486,-0.0022110191758861523,-0.0019636626136788887,-0.0031343761123078825,-0.0031744548689824495,-0.003185408606901048,9.945138533859912e-05,9.274882461543542e-05,0.00010268343398415451,0.0001526086686637679,0.0006848309298587955,0.0007734462019650093,0.0002307418001309084,0.0008524628737227951,0.0009225072312201053,9.035365329585717e-05,0.0011223397650068606,0.0008135172115711208,0.000702610431397377,0.0025057612775731108,0.0026894615577998143,0.00033351345332568717,0.00041218735056492936,0.00022094449796742044,0.0004565988357499744,0.0007763869490385263,0.0002890332611657424,0.0006345238354500219,0.00042321824229582603,0.00015264217065793197,0.0004369643802333752,0.000685830426873603,0.00032774194378388394,0.0025850528142172848,0.004209266575422645,0.0037670963887698867,0.00030699611744215813,0.0003639372051797739,0.00045727659707190494,3.4007399952882656e-05,0.0007700786867242218,0.0007905008289782522,0.0003191407187160095,0.0009011879222012619,0.0010529357678038317,0.0005840060570316294,0.0007002620180811414,0.000883615770768076,0.00029010190313322,0.0024831847359688707,0.0035298538692023866,0.00098861794905397,0.0006891578016526406,0.0008852816693585705,-0.00028766031450922955,-0.0003708834922145531,0.0001350784356870248,0.0012607028710397024,-0.00018908535670745394,-0.0009814626998065072,0.0009095104491666389,-0.0013927212390497266,-0.0010194815700876566,0.0005603225997943644,0.004746936585789021,0.004446978265828712,-0.002880750047780303,-0.0011740666341967653,-0.00042847692159560745,-0.0019539735588521142,-0.000983608679499782,-0.001147285296570187,-0.0012378413869678876,-0.0015235198231865017,-0.001685771651120716,-0.0008450387809527177,-0.001134854946671623,-0.0017835707112240158,-0.001718563307286269,-0.0019789368750438826,-0.0017107245970772603,-0.0016420318644322592,-0.0019504203293454975,-0.0016820733682001295,-0.0016169692743150399,0.00024473793473808297,-0.0005636243013635033,-0.0036985721149665066,-0.006883551830381826,-0.008583439554359393,-0.008385508442580987,-0.0034500767647588364,-0.0017441843905902372,-0.001853207399107748,-0.002463013493834578,-0.0015423109048861563,-0.0018407779170445929,-0.0009555521521548041,-0.0011837794791363994,-0.001452110137239597,-0.0015421010625007096,-0.0018350501333963525,-0.0007822800878211808,-0.0016792143040746032,-0.0012291285881656112,-0.001250084074138246,-0.0025995326249828674,0.0006002589534828164,0.001551775219838288,0.0014433366999102037,0.001872160511292487,0.0017269224957518646,-0.004058243780262812,-0.0044598889056953785,-0.0026234502632640393,-0.002115217920808312,0.16954085596692298,0.0009999996550748846,0.001,0.0
78,-0.0005211062793479531,-0.0008815341492958019,-0.0021713358750118025,0.0014534022692406043,0.0004827462167648467,0.0004151259922567918,-0.000263920261476458,-0.00011564508876115506,-0.0001048373517704652,-0.00023138622022014966,0.00044448834573862885,0.0002906381190732276,-0.001708015586123506,0.00047368635852950114,0.0006135101610142051,0.00047776024299225314,0.00038517011555362445,0.00038357307243802965,0.00045921730980494,0.0007700055931298499,0.0002847359761933737,0.0003642968545612318,0.0005746556904352941,-5.967663957390881e-05,0.00043082801492046104,0.00014582646020979236,0.0002916957670916189,0.0001704967082106925,0.0005805639154162318,9.116620178724094e-05,0.000570379203769206,-0.00024311878448947667,-0.00026329040379495305,-0.00018818894798307257,2.7069840064721925e-05,-0.00027845783157864077,8.745683068894584e-05,-0.000278699415958718,0.0001695391586713028,-0.00034912949687845017,3.9249145495651114e-05,-0.0006136884908027414,-0.000506216121365767,-4.36746466703793e-06,-0.0003508777305910495,-0.0004393612976307295,0.0005650219803051137,0.00019309925936927415,0.0006402950147154216,0.0008117824141764522,0.0004367000673377087,0.00039560138502695415,0.0006719626867083171,0.0005789326188371625,0.0001783691401796652,0.0006362399974531941,0.0005627553425568411,0.0005296724602882256,0.0003929264986536517,0.0006362957803852079,0.00035494794931779336,-0.0005402700282937954,-0.00030864391562880107,-0.0005355623967772707,-0.0005337916021881432,-0.0011942179338302185,-0.000804146435912112,-0.00038174731422105406,-0.000822949478614892,-0.001017974075038012,-0.0007343118458573778,-0.00125259285707484,-0.0013682457843203649,0.00031044307941959653,0.0008416600117503682,0.0006417085488007656,0.0009153008922554146,-0.00044214813203199423,-0.0011331408552337522,-0.0006713950627238166,-0.0047900584934603765,-0.003231698298512394,0.0037621786527629237,-0.0053847874559725,-0.005938514733138322,0.0078112957922747825,-0.013417022209607114,-0.01233142005104283,0.0021288483325073732,0.0016997897443103882,0.0019962488762967794,0.004348384511805934,0.0019035562065253344,0.001997896089113801,0.003390832208668739,0.0012167460129409986,0.0013237883058170037,0.0001330923784862141,0.0007345180968316001,0.0013212872248311708,-0.00555568593697783,-0.003809583656583784,-0.0027082193436209607,-0.001350974416524345,-0.001554945503964187,-0.001398869615181604,-0.00062823964057263,-0.004192397341870279,-0.002647813261203568,-0.0003354580682970853,-0.004674824247148022,-0.005445520002117017,0.007930128828857623,-0.006839736804926768,-0.0069615212231716175,0.007320960976313348,-0.013427296943099534,-0.011873023572322668,-0.005050834284435362,-0.0003307677926655163,0.0002286450097071696,0.0005346099248511369,-1.8545068063917664e-05,-0.00015756320744119256,-0.00021348098572406452,-8.077810457165382e-06,-0.00026462168684034674,0.00042554362650364824,-3.799075194997493e-05,-0.0004774578749220545,7.2468409591926e-06,-0.0004474069953294091,0.00032677581158914004,0.0001548443689957805,0.0007808081233035733,0.0004156108018215524,0.0010272283875359736,-0.0018502413038861394,-0.004978581487347513,-0.004393710524155432,-0.0035697493584617352,-0.006513860643946214,-0.007719239942321475,-0.012964611885445487,0.0003900228627157965,0.00011710269111393146,0.0003996598518587938,0.0008238966787338805,0.001147721820618259,1.5429703239769956e-05,-9.331202500284415e-05,-0.00024198515341472386,-0.000230119511392603,-0.0003114127703230024,0.00029880336658072356,0.0002963560649500324,-4.7020965096971964e-05,-0.00018956635925770367,-6.220014261369816e-05,-0.0009872663600352376,-0.001197216935919651,-0.001315533616846122,-0.0013641966291288372,-0.0025000053478148117,0.00027323609248892364,-0.0008280395065613076,-0.0006162938030406128,-0.0012021722374178788,0.16954085596692298,0.04700026398278093,0.047,0.0
79,-0.0030161506077549115,-0.010454565486646224,-0.0037350971923360387,3.0173801823285977e-05,8.367146397469709e-07,0.0002799357449878201,0.0007992630735518257,0.0003813346702268644,-0.0014931871420996387,-0.0011908411169790998,-0.0008126754747899634,-0.0008110587879533914,0.0028390582868305083,-0.0015586261717728924,-0.0012832528593530873,-0.0007408673897092925,-0.0018912435953230282,-0.0025936527954973816,-0.002057678080757603,-0.0028370980121063547,-0.001841316295577895,-0.0021036823097650027,-0.002253658859307404,-0.0035210676212803333,-0.003562264141852118,-0.00403859784438549,-0.0031676982595765977,-0.003652924976423537,-0.0011830374527568872,-0.0010833802150943068,-0.0011443254258657358,-0.0017111390039630033,-0.0016810749735931417,-0.0013799223683492567,-0.0020663215048422226,-0.0020594156559307357,-0.002262755035477963,-0.002600299774110434,-0.003120381145074016,-0.003119012293924492,-0.002026922583021769,-0.003852458603415506,-0.004138337885854449,-0.0010460816588593656,-0.0013171965158661663,-0.0011741279063824108,-0.000822761440485224,-0.0007178804015903375,-0.0011263732752396893,-0.0009470844891496979,-0.001133598640449463,-0.000460380832135227,-0.0007602481309383847,-0.000820028911188055,-0.0013652055096471283,-0.001871746255523173,-0.0022555550173028716,-0.0018179918376843326,-2.915825538559338e-05,4.807654235312191e-06,-0.0002431100391472194,-8.488691998855683e-05,-0.000611664948141851,-0.0011545154376883479,1.782137666543257e-05,-0.0011465071185891211,-0.001020847464128098,-3.0302644585745215e-05,-0.002048055388344159,-0.0018525291902875471,-0.0005978295918592002,-0.002908008560019388,-0.002649731915848702,0.0003479883494017262,0.00018865224777322962,0.0003652604661469029,0.0003066282433684715,0.0010883379110454396,0.0009370561314968094,0.0004947835210254091,0.0015167994123070668,0.001478285625255,0.0008014470650545847,0.0015855638557905798,0.0024546592505453445,0.0023081388516830266,0.007904615473274592,0.008462357921192057,0.00026347175621197996,0.00020258275627937008,0.00032247116146785705,-8.436481916559013e-07,0.0006667440977942483,0.0005912593899375499,2.7468047279434367e-05,0.00020362192268216656,0.00015620765622235985,0.0003427639806397717,0.00020844900739530446,0.0003662677107162265,0.0006553530403704453,0.0015197392858365562,0.00133941093186954,0.001694617431282292,0.0020103556293370067,0.0019108869185238163,0.0016674858628993178,0.0018046517941761565,0.001727095693731561,0.0021389730505644885,0.0018069968735820825,0.0016843297296447151,0.002874415212210065,0.002140957665612013,0.002313629328269311,0.0037016974637536335,0.008554791752423595,0.007639394005423035,0.0032390964622330304,-0.0014595643946480265,-0.0012212567917115015,-0.003496770846416027,-0.001982258663277279,-0.0019825644821305785,-0.0015675559297622336,-0.0018802413029002359,-0.002958518422304709,-0.0011721855979757812,-0.0005128118954124117,-0.0007711695797942912,-0.0014218441555252353,-0.0018851370606788465,-0.00361487697058406,-0.005248987674485665,-0.005079709455109673,-0.0056738760220914055,-0.006422925372867663,1.0193658903271082e-05,0.0009129700274729705,0.0025544129383466715,0.0032575493277825058,0.0024369668777171486,0.0029076699621230478,0.008220779788628405,-0.0036816215384644258,-0.003883284471045613,-0.005260188000867439,-0.005053204008138216,-0.0071014672830810996,-0.0022249535501250714,-0.0016698858265087675,-0.0019854873278503755,-0.0019537785839802307,-0.0028016990721330547,-0.0011788452707499632,-0.0008880291999461672,-0.0006152264348047838,-0.0011580327555286637,-0.0024991749289557373,0.002242200401309071,0.003364950754872786,0.0022028114163708356,0.0019566306218970187,0.004271571205566827,-0.005547417894500187,-0.004795898982551297,-0.004298001390135194,-0.005239862096633452,0.16954085596692298,0.05800000009376026,0.058,0.0
80,0.001939011631296149,-0.0028556368990145355,4.969044567978733e-05,0.0011670216567312831,-0.0002946973346460813,0.00047718034978754453,-0.00041976817295049144,0.0008477696212426755,0.0002593879298070656,-0.00027676455609201806,0.00017055943082746244,-7.789051648705006e-05,-0.000973898354620969,-0.0002015089660939264,-0.00042220922169311666,-0.0005756174504844075,-0.0011335577332939922,-0.0014680921736673657,-0.0010725861145122557,-0.0010134347202211838,-0.00170708313382677,-0.00181632826762307,-0.0017622968109176939,-0.0015140814074943605,-0.00319445154631639,-0.003713755395597766,-0.003337941637063233,-0.003112651161905021,-0.0006524851386273332,-0.0007230820296985133,-0.00023342922951175477,-0.00024563565415024625,-5.285352559497417e-05,-2.904332040226848e-05,-3.1768461211432345e-05,-0.0005564210349152988,-1.4827158527855225e-05,-0.0005313368583195528,-0.0009536141799094557,-0.0005001502267654722,-0.00014788838567338417,3.6873087166196133e-05,0.0003546469152781005,0.0001327875375282541,0.00013165338619383144,0.0001791758558611863,0.00018412601154122574,-0.00015481029417077565,-7.104004614962953e-05,0.0003227439047751748,-0.00011899352491773046,-0.00020037301436820988,0.0002429844010844644,-0.0009740446587807315,-0.0010109465055401403,-0.0014562975654575008,2.0508497435983237e-05,-0.0006118570704049783,-0.0003491881008585732,-9.979536649707953e-05,-0.00015678488966608278,-0.00018841088031229357,-7.179702887316274e-05,-0.0002566752829875125,-0.0004419714288735667,-0.0004796476344439605,-0.0003326660101308995,-0.0005005768379287122,-0.0005880672757169443,-0.0006651820974784111,-0.000919592735766563,-0.0006029872026685542,-0.00036760995248314235,0.0003731074710260968,0.0006906392777658017,0.0006640615454333005,0.0008828444510947198,-0.0004611056085143885,-0.0012034131377823545,0.0008691506850626265,-0.004792163821404517,-0.00433421987360599,-0.00016991800177073018,-0.005732643964068672,-0.005016813628361659,-0.0023415815954158413,-0.011667765559381958,-0.01128319886914803,0.0007089962371585934,0.0009258550179881771,0.0010393505365512647,0.0012191532756586176,0.0009381415596380826,0.0007651462879163062,0.001283553444249495,0.0002233628950481941,-6.015842530916512e-05,0.0006645346986076363,-0.0008562396379925778,-0.00010983597738850667,-0.0004657575301868993,-0.00437185489722901,-0.004338258909886876,-0.0007611958534667809,-0.00105458536770766,-0.0007750448042705532,-0.0008314007094056756,-0.0034949273583163563,-0.0022506712710000302,-0.0003085268557731775,-0.00488466220375933,-0.004435397030670011,-0.0011287490338463737,-0.006288016372477844,-0.0065392433595061385,-0.004040249728191345,-0.011949630943999959,-0.010916009180827572,-0.002214927615285698,-0.0005090791985163638,0.0008288928758249853,0.0012733358248327494,-0.00021343659280660722,-0.0004822052568382819,-0.00022887386829972567,-8.814727837828256e-05,-0.00018537797500762162,0.0006056120774018841,0.0005719445296586861,0.0005456817221872247,0.00034309012095225396,0.0007728719523401201,0.0009997633986606638,0.0005266730534154911,0.0004608898800518543,0.0007209203101713516,0.0012103153001884353,-0.0005299464886801831,-0.0013789640987768223,-0.0016942988056646386,-0.001847702013346191,-0.0034572474469188796,-0.004754657238373476,-0.007668065889319272,0.0006485531322621704,0.0005477822274306197,0.0006190865198737551,0.0005969701789578788,0.0010765654886846737,-0.00041750075881718564,-0.00022835161568255074,-0.0003557249353389822,-0.00016748750743553312,-9.725832363363197e-05,0.000870693301452885,0.00044917133634615346,0.000712212180184712,0.00026835035741038784,0.0017361783795686717,-0.0004815961143184197,-0.0006123768860669331,-0.0007375967142454051,-0.0007350277548655732,-0.0010363946217810365,-0.0007960249928200913,-0.000548516895191605,-0.0006634733124860073,-0.0004603774928312964,0.16954085596692298,0.008000448775519253,0.008,0.0
81,-0.0015208801148435009,-0.0017830998807746427,-0.0013138148343650176,-0.0004673874504021033,-0.0003098761706469948,-0.0005925058058008713,0.0006210148436058704,-5.06218802694727e-05,-0.0018785020690477831,-0.00017406198857470968,-0.001371449404267354,-0.0019935069003021505,0.0008138045744680178,-0.0014629192320238815,-0.0013406791648272376,-0.0012487610224179843,-0.0007597202720668756,-0.0010893781150507213,-0.0009859126575287335,-0.0006893401553789691,-0.001432871109210424,-0.0007201134897681917,-0.0010244319440683562,-0.0006979390154959301,-0.0004382755099941718,-0.0003483169533659869,-7.265015103199594e-05,-0.0003619906458307572,-0.00029340702019162477,-0.00023890282460592774,-0.0005205222616491777,-0.00025010683307172754,-0.00030945106764335693,-0.00043352654029929884,-0.0001699990297636215,-0.0002780761264110571,-0.00021862957116605176,-0.0001913874718485867,-0.0005930766262930183,-0.0004516224932485365,-0.0005893736385642757,-0.0005839507536265859,-0.00045186129820655365,-0.001701668760839563,-0.0017444803950820334,-0.001837931029950966,-0.0015455542698070172,-0.0011349260335284704,-0.0008158421425331289,-0.0006525834946999624,-0.0008550891204494056,-0.0009380102315413676,-0.0007333322010342147,-0.0008999117377527229,-0.0009133475987923267,-0.0004616242993401926,-0.00012288991474425934,-0.000300896100063471,-0.0004086967971842311,-0.0002091990993971529,-0.00042582153251360006,-0.00020650732557981957,-0.0003011589793765876,-0.0002501815797658834,-0.00024048156893691154,-0.00024211084102207132,-0.00023299027815545183,-0.0005121835698202533,-0.00026053320147207694,-0.0003917278824859908,-0.00015800341412929256,-0.0015117635933206341,-0.0019079549349873958,-1.1102245699762615e-05,0.0001781932742571803,0.00040036748082307254,-0.0003595607637542303,0.0012149083812405456,0.0016861249995531273,0.00025146578757914473,-0.0007740991244197079,-0.0008089673843025157,-0.002345865920685089,-0.0030581783856441142,-0.003297483893491877,-0.0009871574128698694,-0.010604199441990564,-0.010584159447888918,1.772466978775555e-05,-0.0004633332033962149,-0.00016093299444856307,0.0003865129082351726,-0.00023565557009981586,-0.00018076140285959972,0.0006278063218591668,-0.0002642802916861073,-0.00036246795746156066,0.0003427545460748102,-0.0007623827438796543,-0.0007762180360412419,-0.0004934196246269736,-0.006516973833587688,-0.0053220593940926765,0.0010236273914696527,0.0014957504304198511,0.0018072038640366114,-0.00047299228473171936,-0.0008755708914224414,8.874173767512744e-05,-0.00014693686885381416,-0.0013220127906970226,-0.0019767999396222546,-0.0008268417922845733,-0.004517825314149818,-0.004035111318104777,-0.005075597276938072,-0.0139093147246093,-0.0130008785404355,-0.0005996480746748204,-0.0006204630739277686,0.0001925319598908892,0.0008172891145785531,-0.00042532459103368216,-0.000447149645686299,-0.0005478984802107103,-0.00045450248339609634,-0.00044987576963452064,0.00024639620784792015,-7.538379014882489e-05,0.00022063297741947168,0.0004146558749143018,6.376438299696514e-05,0.0008789795931523953,0.0007365103752306521,0.0005901119391863309,0.0006302016991079457,0.0005049289276571058,-0.0006097091117716435,0.0002741322602942015,-0.00017653683506209142,-0.0008025260396609812,-0.0014643466608810257,-0.0025196014752418587,-0.01152642826628599,0.000854107317730537,0.0007579724678639219,0.00022611087082935848,0.0006288700318841676,0.0007790812016395808,-0.00046987885196288166,-0.00045083293156930804,-0.00038189953287060403,-0.00026031036735455084,-0.0004975885544072905,0.00028940376671148513,-6.399161064728121e-05,0.0002612326538408622,0.00026153227034727373,-2.1735805205382274e-05,-0.0008185234390573008,-0.0009159196942275007,-0.0006826230679310148,-0.0007368955786159931,-0.0007451226444042593,-0.002801764698683463,-0.0016660440852201781,-0.0023838665785106644,-0.0018593034272928743,0.16954085596692298,0.008500165668528487,0.0085,0.0
82,-0.001235688789304045,-0.0014026215153547688,-0.00034918424022889737,-6.92527215494971e-05,0.00026231569265024044,0.00023351181909687067,0.0004398317520418427,0.00031102999998873564,-0.0014622705946390393,-0.0008293599025623221,-0.001882793587082662,-0.001541955047038603,-0.00028926417310134333,-0.0021864584568585563,-0.001345407914099981,-0.0019758949934017027,-0.002298890601072432,-0.0020187743540022915,-0.0018458703574413058,-0.002221000085500616,-0.0024409814198362513,-0.0025594865942294696,-0.0025265226819950765,-0.0023933515627102006,-0.00242235054893732,-0.002686642086285264,-0.0017332086947251502,-0.002857472929146391,-0.0008255511104678055,-0.0007560423393856959,-0.0006160311533223086,-0.00037893190638237654,-0.0005310770176010402,-0.00039258775511344997,-0.0004938048858352264,-0.000551988223548982,-0.0008203159497751269,-0.0005959150788885191,-0.0007425914113712066,-0.0008436825963533914,-0.000763208756949007,-0.001154412372836144,-0.0009570458065682129,-0.0017603511789036005,-0.0017947563187811206,-0.0018074171023635547,-0.001602021621134129,-0.0017054899315492927,-0.0017532369867084006,-0.0013839177867951493,-0.001486312451714348,-0.0013002437168746508,-0.0024964174942825267,-0.0017217152993738096,-0.0019433147885871969,-0.0019200211288513144,-0.0018940632970432106,-0.0019890526267575294,-0.0004036495073062079,-0.0004338276830084106,-0.000346543609664872,-0.00038187414854504246,-0.0005558323002039428,-0.0006222859600679645,-0.0003924504917134386,-0.0005600489962148243,-0.0005720882018772343,-9.341818728561367e-05,-0.00033312326671055984,-0.0006108010717447224,-0.0003887177072335783,-0.0006024518374925154,-0.0005119226304507236,0.0001852683245474152,0.0002187973731181903,0.00019929741252181304,-0.0002288245816215896,-0.00021983705817852264,-0.00048091707360354164,0.0003855828664608256,-0.0017511526702995784,-0.002058733403152413,-0.000981768324444741,-0.0019227529329660898,-0.0026251068181295466,-0.0018258245746635442,-0.004282901879452125,-0.0049548787435286755,7.91774942831146e-05,6.527435768111838e-05,0.00034388224079184843,-0.0003380648118830687,0.00026044620234442616,0.0001427604759865198,-0.00029288532419207195,-0.000300573262301151,0.00031020272819838997,-0.00028710577009970873,0.00036405481413292627,0.00030824202666530556,-0.0009065894573870744,0.002648855700069956,0.0028169830009540145,0.00017619787517148466,7.799966615267605e-05,0.0002569191697986766,0.0007927634674785039,0.0007189365267264648,0.000316133742482307,0.0003362433697092547,0.0008714562358621983,0.0007538896611463653,-0.00024594902906391054,-0.0006144384309494191,-0.0014963527505209406,0.00020807321881743363,0.0010970509894067946,0.00015271824730387132,-0.0012119566154639582,-0.0009841640538521838,-0.001019928640774282,-0.0005648550548593706,-0.0011104922291308406,-0.0010206959053268324,-0.0012542821427543442,-0.001314958620768935,-0.002131361019976458,-0.0009627257013644627,-0.0014218791861305132,-0.0022869936420626337,-0.0025216004546372273,-0.0017672876562551175,-0.0010286049875808533,-0.0013881048331850264,-0.002012470265177492,-0.0026977576800294224,-0.0022787176636035514,-0.0004945788432846489,7.857597001725569e-05,-0.0008482489271180481,7.100778239145786e-05,0.00011934519496810332,-9.279405659361851e-05,0.002453425294913732,-0.0002067550357988916,-0.0018463232744352844,-0.0016095675057742624,-0.002539976032959582,-0.002681382933356793,-0.0009263262589829991,-0.0011073504835338026,-0.001172785212910576,-0.0015635837441916344,-0.002240698462604657,-0.0008124740413261492,-0.001984720549119164,-0.0011743295420044183,-0.0014551783767287312,-0.0019305040294505913,0.0003019824134109349,-4.1787723142461187e-05,-8.245482990614293e-05,2.249553154885206e-05,-0.0017048559743997175,-0.00297103087370015,-0.0015893559260029334,-0.0021826161261599667,-0.0020031536965912896,0.16954085596692298,0.011500001351573974,0.0115,0.0
83,-0.0013533548258691346,-0.0016707795949346428,3.352422513898307e-05,-0.00023020991240554065,-0.00012790261962680372,-0.0004320539598572644,-0.003813753654913308,0.0003834524841751052,-0.0015102655260645593,-0.0006874011105636374,-0.0015480122696532946,-0.0008407977411338886,0.0004991379625578474,-0.0014195772965234687,-0.0012156822429255335,-0.0010388225037006294,-0.0012545793194755283,-0.0013191152398262813,-0.0011710241857898953,-0.001033295038706724,-0.0006653890318823946,-0.0010797417279523832,-0.0013410561874626769,-0.0007869569599350293,-0.0005344770000413138,-0.0012415876578903058,-0.0005912066264962265,-0.0004176782078122602,-0.0013015875136491138,-0.0011503466582315882,-0.0009524018473043318,-0.0013688232935331506,-0.0013311409253202744,-0.0021186317959484497,-0.0016431499998789407,-0.0017762753376036567,-0.0017931595297438236,-0.0018166145128633109,-0.0017967944795469828,-0.0026021330389074952,-0.0030257232754277116,-0.002389329408779192,-0.0025447100134006985,-0.002050518552066701,-0.0014079391624763186,-0.0015066071061224544,-0.0009667355675621459,-0.001354190386899015,-0.0009204298369634027,-0.0013372142932592532,-0.0006429436277720236,-0.0013992412335987053,-0.0015757412376001289,-0.0009435774714091104,-0.0013151009480854307,-0.0018545438693682757,-0.0013563021296490395,-0.0022284077531206877,0.000391412226985219,0.00040304933114922067,8.41156660992545e-05,0.0011159878152106426,0.0002156680107889193,3.955308410900198e-05,0.001821899876935064,0.0002818971202434844,-3.549389252831e-05,0.001429396221965406,0.00039440474006598517,0.0002971395836405332,0.0020707573863382534,0.0005818395609190954,0.0008581909434778597,0.0009326725685947883,0.0007754387173194198,0.0008112232641831705,0.0007306351563123104,0.0027567107988476403,0.002569955078189135,0.0017004266625208321,0.0029339087104521154,0.0023170443075236752,0.0013588995713493183,0.0036597982457147933,0.0033639240557262985,0.0046152939310781516,0.0091318319437708,0.010089139708042073,0.00010252984958633686,1.0762027379695338e-05,-0.00023855201247963544,-0.0007455981781428301,0.0006530354249248629,0.0007958777477782409,2.4141932350039602e-05,0.0003133576830332177,0.0001647838836647354,-0.0005259028469780029,-0.0001441771358029925,0.0001307362305845343,0.001559292188178417,0.0024934249267096133,0.0023289004628751593,0.0011836668040646938,0.0009548763239687021,0.0006348271121150975,0.0009979730148567498,0.002658192277120191,0.002452425464840722,0.002194140926886134,0.0015227419154326765,0.0017171888891692124,0.002304150926637896,-0.002338238753154858,-0.0023149694818613204,-8.985941696528212e-05,-0.002292745640556013,-0.00296811661479244,-0.0016012389514849712,-0.0011859111462939286,-0.001339336142747013,-0.001422655589274138,-0.0015957144811187412,-0.0014490707663200755,-0.0014835903328784383,-0.0018079400698370995,-0.001902112203991641,-0.0012208895936744687,-0.0012777657317431508,-0.0011717041675438093,-0.0006324585312050174,-0.0009075918626693858,-0.00039293015921703625,-0.00016155336438663208,-0.0003329624003281088,-0.0005251492506432057,-0.0006448697760267056,-0.00022152382112504526,0.00012202866682872259,-0.0014959496086061667,-0.001663565823522229,-0.0015415166490921482,-0.0011992646589680978,-0.004608785612525057,-0.0004886869055176475,-0.00023904973057395365,-0.0006343855222966879,-0.0004321034351449674,-0.0005922419826063301,-0.0018567850359419657,-0.0013341884010073302,-0.001821678802817541,-0.0018295152404067818,-0.002083896551542693,-0.001428426494124249,-0.0006670536350747523,-0.0007429344363421067,-0.001058513464390165,-0.0010054767692799045,-0.0002706743104381513,0.0001427310689341441,-0.0004195783577689847,-0.0018206360808492926,-0.0012778886582631133,-0.0031501051007332055,-0.00145151071757279,-0.0016071685908799222,-0.002163728404095415,0.16954085596692298,0.10600000413058108,0.106,0.0
84,-0.0009032068191935893,-0.0016695580842937812,-0.0043843550610591624,-2.8038122088482033e-05,-0.0002351592767696669,-0.0002733501770606686,4.7314014169105343e-05,0.00020012409172221523,-0.0011900609154660404,-0.0004461624170508353,-0.0020796837044925786,-0.0011352732695265016,0.0009377604603085916,-0.00332484545225225,-0.0026769078660647543,-0.00214285042115944,-0.0023567014734848543,-0.0030579249475823776,-0.003784075149644799,-0.0032400707428700613,-0.004695057704262654,-0.004255540778205658,-0.004158885535969082,-0.003861157503448255,-0.003227370958338941,-0.0034913677068362774,-0.0023886144154640046,-0.0024665266733319294,-0.00042237985570990844,-0.0005225409044698085,-0.00034387774045580347,-0.00041849530643504326,-0.000514139170075957,-0.00023789100760319022,-0.00018057137268396122,-0.0008562241558054262,-0.0010006425190811465,-0.0009036039551797952,-0.0011523135484775928,-0.0009089666144357952,-0.0013161597423472977,-0.0013685176105468022,-0.0016921719549075633,-0.0011242487280639021,-0.0017837587110574014,-0.0015083931925787602,-0.0018449934197489783,-0.0017087103538815727,-0.001381603856645815,-0.002018104983252521,-0.0018179081409766158,-0.0022262982876545,-0.0021825458054364547,-0.0026371627968976514,-0.002451861677520808,-0.0028358632150507494,-0.0028767218620573934,-0.002347735477714361,-0.00021220008632766085,-0.0002448902447352594,-0.00017780927167581007,9.174179202657814e-05,7.554750282418144e-05,0.00010909527587259522,-0.00014274702367195126,0.0001697221659963929,5.170653309833891e-05,-0.0003319494309753201,2.6821272857642337e-05,3.8273084339383694e-05,0.0012816223663348941,0.0013422826227431092,0.0012876555109665787,0.00018111250263408915,0.00033285033638514553,9.407594201579285e-05,-0.00017925344754084093,0.00010008332742061206,0.00046094282913603516,-0.0001540082800731148,0.00012274469747682422,-0.00012671813571880192,-0.0006458603110396886,-5.860987517532841e-05,0.00039476644844700984,0.0007413456853547379,0.004387218899024579,0.00544870962026639,5.1048752047309935e-05,-1.5332952983420033e-05,0.00041599735279398986,-0.0005636136010526469,0.0010013831298836533,0.001160723208612546,-0.000255669100361869,0.0010453908350575862,0.001575775950691029,5.462188553917984e-06,0.0022571491562171932,0.00127603654429203,-0.000336384173697703,-0.004350368888519015,-0.005237564264362748,0.000708280531675101,0.0006652427431580439,0.0003497390341570419,-0.0012063720398408635,0.0007237230749835988,0.00015798552562169992,-0.00027103432166604994,0.0006003097415564676,0.0007790482877542835,0.00023058546908750048,0.0015094182976950444,0.0018189040345719767,0.0009303684733386519,-0.0014881935087582448,-0.0014244163102553956,-0.0029396410372318224,-0.0010540753611428856,0.0001336132400335413,2.3978981943935583e-05,-0.0011156401140055025,-0.0010866397013686573,-0.000877394508559483,-0.0010530950178620703,-0.0018142885874186433,8.388219026435072e-05,-0.00023903164518564206,3.82325210837065e-06,-0.0002939532958536659,-0.0007567552900161029,0.00048542466638021705,-0.0003377503042320003,-0.00046216400406326523,-0.0002894943127020472,0.0007006469825618784,0.00019941573331185754,-2.0166542518025404e-05,-0.0028327400945720423,-0.003806673933557399,-0.0036298500301014253,-0.004352693983808315,-0.0047640447784989375,0.00016180638661793633,-0.00044240495762571524,-1.256911047450502e-05,-0.0010295502480770732,-2.552387677885007e-05,-0.0013753950435346405,-0.0013639902262728666,-0.0011470983903183135,-0.0013571370097394963,-0.0016837663349300875,0.00023424201672357504,-0.00037666699863101176,-2.7441878895456796e-05,-0.000249932705049138,-0.0006734237131691999,0.00023356790313307848,0.0014732497256425765,0.0010649416640000947,0.002274517421788868,0.0004051905980934542,-0.0063347401684013755,-0.0031981206402553097,-0.003428091925688847,-0.0027731550002557262,0.16954085596692298,0.033499998860799685,0.0335,0.0
85,0.0029026757203468494,-0.00027201067651993333,-0.00044572390580209444,-0.00037282229891528947,-0.0002688461569793436,-0.00042633378110411714,-0.000600271858604657,-0.0009445895056279662,0.002613093542006008,-0.00014390420101857061,0.001029103164593667,0.0003832310044130141,-0.0002013305715778243,0.00042485480373241673,0.0012737038710782902,0.00030458867160510443,0.0010143815135180466,0.0005892023533279859,0.0005312202706167109,0.0010037837996129907,0.00018118105109430027,0.0008627741848060296,0.0008160646489008373,0.0008992061405668628,0.0009843303301610476,0.0003899071387603487,0.0005164928427701182,0.001130337210040286,-0.00030179264315598534,0.0002607290810866766,1.735288304898988e-05,-6.360414629959849e-05,0.0003673032417530214,0.0005524036979999708,0.0004524456834732825,-0.0003847237888632366,-0.00011070265534614157,-0.00051707494390438,-3.2960454735926726e-05,-6.0209634007952636e-05,0.00014942868949276644,0.0006507742183841966,0.0001674766570969209,0.002059899536843714,0.001563139513681817,0.0017132853774758222,0.0009671238399386976,0.0013101728094003504,0.0012928368263207305,0.0009659862685005484,0.0009382870384793019,0.0011946924110543332,0.0010994746375132213,0.001255526852758828,0.0010324144954767197,0.0013882288040333165,0.0014273846914950345,0.001499269336676489,7.244883018932657e-05,-0.00016461112022892905,1.5971240351211166e-05,-8.273542551943e-06,0.0008411239655900173,0.0006477279795428489,-0.0003910109770876886,0.00047164608741053507,0.0005286677734929123,-0.00017438654076168663,0.00032240042756287516,-4.877072895995225e-05,-0.00026053600882630347,-0.0006707036842850504,-0.0008492051100526269,-8.544444947984923e-05,-0.00044029768446619946,-0.00013276181430499427,0.0002824732506574985,-0.0010028145076615134,-0.0012963986875505395,-0.0012831055173706518,-0.004667783765861075,-0.004675100777809647,-0.0018543842495465058,-0.006382283232393313,-0.007356891372490728,-0.006869980849330779,-0.016035980418060473,-0.015231148540013553,-0.0002811948833239162,-0.00018887452775908135,-0.0004483398413978309,-0.0007510915509199525,-9.830443139561449e-05,-0.000535361927000448,-0.00013366334244859713,-0.000696781795312986,-0.0006892267971525189,0.0005779043558748686,-0.001461772509793469,-0.0008006764745103656,-0.0014076108062411605,-0.00772843438040617,-0.006473289552615913,-0.00029733389252302656,-0.0004696790832554412,-0.00042694542226030346,-0.0006072334687472267,-0.0013422559830811541,-0.0010956947386277216,-0.00036708784112606885,-0.003331041746030658,-0.0031201092638590937,-0.001545934584687664,-0.00537839209177519,-0.005525455061864455,-0.00527849471603264,-0.01248071732856383,-0.012366767261106214,-0.0002555030190914594,0.0018040851879361271,-0.0007079773935242545,-0.0021796414782508924,0.002000672786780847,0.0023454795362272797,0.00218365458113473,0.002177867304991975,0.002525408830530596,-0.0009284513945926661,-0.0004274910229700733,-0.0009288622387556002,-0.0005986840492480811,-0.0008913467816279118,-0.0014293396757937475,-0.00207971002338686,-0.0020996638424537234,-0.0023555710258794504,-0.0024394142246849443,-0.0007652288815391626,-0.0007158178761175344,0.0010424137049365526,0.001617451245698349,-0.0025563771812255514,-0.0061530364954248,-0.013605814481070188,-0.0015975302867498535,-0.0016509883764138865,-0.0022857062882806864,-0.0018995639926195373,-0.0026873850987174934,0.0016709477962758403,0.00215089008634926,0.0021517991462613505,0.00184190959339192,0.002968162612150938,-0.001005339530774735,-0.0012130949636639267,-0.0007909538253908429,-0.001209510361664254,-0.0003772362393936401,-0.0005219769969513888,-0.0009682982137578003,-0.000888328033336388,-0.0010067310442888654,-0.00010115715071987487,-0.0005552774431608862,-2.5073340293505196e-05,-6.574172281617167e-05,-0.00013352426433460064,0.16954085596692298,0.02949984277985554,0.0295,0.0
86,-0.0013263535385110885,-0.0015904793315289225,-0.0005390324395077521,0.00030662629051170215,-0.00012399521169353985,-0.00029229153016179253,-6.365578899894562e-05,0.00024259437449088722,-0.000856509368503357,-0.0012546129972801875,-0.0013101219121612185,-0.0014165181322103439,0.0034170274291011778,-0.001461434686464815,-0.0015224235329839445,-0.0012534082879996182,-0.001710054886137985,-0.0013560232504286535,-0.0016241507472772665,-0.0013530255504274552,-0.0011869805983518178,-0.00083459010395595,-0.0007447035407763993,-0.0013226423304153198,-0.0013677380470853476,-0.00102814985252183,-0.0004914527460310875,-0.0007632775679824699,-0.0015534436474629325,-0.0011979856158264184,-0.0013711749385016455,-0.001353710799477743,-0.0014108046940854678,-0.0015234115130386627,-0.0018008183116563655,-0.0018509348109337768,-0.0014594386532994445,-0.0023061524445170106,-0.0020357882115803233,-0.0016192597829133976,-0.0022647108378753924,-0.002185792126667951,-0.0020599768575116978,-0.0015610651196647641,-0.001382676167956669,-0.0013223602601740666,-0.0008584358677711741,-0.0012802904602486915,-0.0008616437106234012,-0.0009769311872958942,-0.0011934651763947455,-0.0011324883085003935,-0.001339674793516718,-0.0011363313386409952,-0.001410632470469778,-0.0009676555207362736,-0.0007595579817582946,-0.001103928166671855,0.00023601266617455084,0.0001799937635675127,0.0002085518135496411,0.0003182473182211131,0.00016641679235106555,-9.563522417718283e-06,-9.334935712692645e-05,-0.0003284715409919771,-9.170922614956365e-05,-0.0003392955245837014,7.553229854390023e-05,-0.00017465313869922754,-0.0009645725880522922,0.00035208120652262655,0.0009760257431510904,0.0006214908814962884,0.00040595040863014277,0.0006517216979046344,0.00022124054318698843,0.0013725843797193441,0.0012489326641933328,0.0006691108338868295,0.0008318724688788081,0.0002353624401506032,0.0008847857221503064,0.0007180087416886836,0.0001551328274340355,0.002550259539317859,0.008234489699194145,0.008514759069660701,0.0001902473709492306,0.00018553487973571277,0.0001358158249237979,-0.00033842463659177277,0.00013173006009256356,0.00022632691273482723,-0.00054211242416127,0.00015898298369414364,3.278271417600547e-05,-4.558499996081718e-05,0.0003165341602780742,0.0002804909265704501,9.625595604698722e-05,0.004038132661889515,0.004455719733201638,0.0030839493640061684,0.0027967039304475656,0.003407874086620819,0.0018591822543710709,0.003117716149164769,0.0022869728578257466,0.0025669144848645092,0.002551676936394727,0.0015226437867127322,0.002051801185355165,0.004153336540990946,0.003898925761854872,0.0025607645313832014,-0.018095533016677823,-0.015977694405482638,-0.0021778460641795248,-0.0017565250812234105,-0.0015448475009175622,-0.001133891990847741,-0.00305581760635171,-0.00277478627695438,-0.0030780152809947317,-0.003406456553571649,-0.003501670955704438,-0.001062867618799317,-0.0013915465967331432,-0.0016155224303164477,-0.0014597257765821645,-0.0006256791925055763,-0.0011604581308884848,-0.00128167821518619,-0.00069351558670662,-0.0011882395076474952,-0.0012029266308302782,0.0003039385502472516,-0.00046034692191235954,-0.0022629539786693386,-0.0027233633608122927,-0.0023470321005508357,-0.002433052732385585,-0.010373404427469746,-0.0012318234892548343,-0.0006969020173857446,-0.0014992678189653089,-0.001010720135959102,-0.0016682175735101578,-0.003085873914244145,-0.003513573614724695,-0.0033506024432554482,-0.00287203794000893,-0.0031948500416036463,-0.001399260399202527,-0.0010812043747152615,-0.000988383226307253,-0.0009268558664047213,-0.0013621161639565055,-0.0001922743252518176,-0.0017145689266377584,-0.002012514743506384,-0.0031948270816264304,-0.006905512903645534,-0.0003247939025494437,-0.000913917258042154,-0.0009511724746116565,-0.00036805090551735167,0.16954085596692298,0.04349999998944082,0.0435,0.0
87,-0.0005715790338525906,0.0004964453772618888,0.0011275454968694251,0.0007327251624475592,0.003569764543785082,-0.00047507182278997177,-0.0002497891470017309,-0.000184374803254936,0.00244619290028477,0.0004970005658071357,0.0029707177651357975,0.00217806279002668,0.0005332573322766306,0.0005727985431637311,0.00017972521795544196,0.0004798635393773553,-0.0017703542995152854,-0.0005484138469253611,-0.00029724801151050784,-0.0020285295006740567,-0.00036312661286771276,-0.0006441704989060722,-0.002305905305897364,-0.0013465090705264643,-0.0005569069560686718,-0.001487970050376218,0.0008608222539220811,0.0006204383147760344,-0.0005552366644344992,-0.0001785949669597464,0.0006834971852961474,-0.00022139480214379852,-0.0009526720408865913,5.322039750217821e-05,-0.00027184577989269204,-0.0005371543293914953,-0.000570162503528881,-0.001301594083415451,4.991797890738652e-05,-0.0007469598633428409,0.00026846228035957065,0.00011562931204700595,-0.0011598853254358448,-0.00022208374289573238,-0.00034140291840432913,-0.00016960157001854966,-0.0001396701389009229,-0.00038936753997698,-0.0005001209126823868,-0.0004743487986615086,-0.0006096483152562086,0.00017513381201164575,-0.0009565458103822329,-0.00021425642060642164,-0.0003175409059731805,-0.0004432904512252707,-0.0005483534941040255,-0.0002832477488123041,0.0024703169652111343,0.0023378832354069195,0.0022455052384641756,0.0011975513773672221,0.001206251653814605,0.0012118335999847774,0.0020090049126835117,0.0012508992202840078,0.0006649646013493597,0.0011788409246437012,0.0009510358950497713,0.0008430636553486349,-0.0005208268060896675,-2.8081795535324852e-05,0.0004490732992879001,0.0003962214673766034,-3.387899833688436e-05,0.0003271627227781186,-0.0008210889535574158,0.000865353131883758,0.0005635762466492794,-0.00037961974041034494,0.0011050779128518962,-0.00031277972315503445,0.00025053456432765325,0.000204743965749644,-0.0009111857293393026,0.001394750851913136,0.0011642126457002723,0.0011545438567977294,-8.667501641070777e-05,-0.00011440063128347255,-0.0004366341547062255,0.0009094843655644135,-0.00017143575895866317,-0.0005215619699297883,-0.0009935576403643932,-0.000686716765059229,-0.001140026105834896,-0.0010602751453223697,-0.0005685800732865565,-0.0002595256415260102,-0.0016333592013953889,-0.004735112939473973,-0.004765409773908909,-0.0006059558694669792,-0.0008265276684904537,-0.001068036952844692,0.0005758193188248122,-0.0037758904141045424,-0.0027923949789645107,0.002910278537434645,-0.005285612440757827,-0.004838035748664529,0.0032343853687673953,-0.007585478799570469,-0.007813209657413262,-0.0046902294614829,-0.013835064222114382,-0.014090486259942234,-0.0005179736666196361,0.00042772315973266505,0.000592752735020003,0.001037208447033573,-0.0005112888325041602,-0.0002886536115881644,0.0005358233333403134,0.000484823501737421,0.00017005850529546232,0.00039848511650929344,0.0003040124651276636,0.0005035685368069801,0.0010207239150217128,0.0005679809443651753,0.00100754496510728,0.0005054584833629973,0.0003892913547260387,0.00012622521753063868,0.0009834723891500394,0.0015072046342815611,-0.00019989493938487736,-0.0016212413690093435,-0.0025630339702171004,-0.004353874742740131,-0.006253550690379438,-0.011127941611960224,0.0009458847011761394,0.00030150010033145957,5.929619167137644e-05,-6.517169704598041e-05,0.0008951612221916753,-0.0009135148521632443,0.00024571559245939293,-0.0001115214172541348,0.0009781638414300686,-0.00013418035815815598,0.0006473811718773906,0.0007545297592342668,0.0007633500908406539,0.000893323604181389,0.0006016006912715522,-0.000588788489378468,-0.0009097718900041922,-0.0004872753508957076,0.0014976847155827285,0.001697435480104225,-0.0016865298056126354,-0.0018772810058682648,-0.00555550527659248,-0.005978254497935001,0.16954085596692298,0.08399999993764119,0.084,0.0
88,-0.0015337589256241093,-0.0013784719362520989,0.0008648817446129661,-0.00013948324775082466,0.0020563959816817887,-0.0003100350096174515,-0.00039726940734239257,-0.0003674679688695134,-0.001678002432808361,-0.0012354794780133527,-0.0008465491003508449,-0.000891562774041684,-0.0006124803808759585,-0.0006146640671203614,-0.0009068398099000136,-0.0008456768562376437,-0.00022129751019051824,-0.00011616869601068863,-0.0003760144602723796,-2.6824174526149323e-05,-0.0005188091013736324,-0.00033070173752170346,-5.662478440668789e-05,-0.00024033331848766112,-0.00018363917175935024,0.00010389755800626127,0.0003116062459664529,0.00019456387601379964,-0.000903045665292026,-0.0007850763366282278,-0.0006599591224576997,-0.0005459769179494974,-0.0009186783384297632,-0.0008098427492600855,-0.0004679908967590006,-0.0008147337628094049,-9.314926847394498e-05,-0.00030438907310339987,-0.0007976493284220139,-0.000636361110445704,-0.0005894843551624831,-0.0003847906129738401,-0.00037296914567014447,-0.0014892139848717556,-0.0014783784316547942,-0.0018262369167057046,-0.0011129565603910764,-0.001289647994357702,-0.0011634974165227912,-0.0011924353964765373,-0.0008046440011091069,-0.0007740810595963954,-0.0012364649047978214,-0.0011240566048664289,-0.0009952785397823614,-0.0008176435128420044,-0.000376429178387097,-0.00026769524964050226,0.001893474767982716,0.0018490425427648211,0.0014412565369859894,0.0022122240859820228,0.0010640053931003986,0.0013857560570685198,0.0019053185977319575,0.0002860847548837997,-3.622507810561554e-05,0.002455542836292684,-0.0007854263182938058,-0.0011489111252602608,0.00026430325009809135,-0.0028409187063434507,-0.0033269094507021087,-0.00033842569793414537,-0.0003404011637429935,-0.0006624022948308312,-0.00017879924801225466,0.001278604582377723,0.0010376189071253778,-0.0004420606533487128,-0.001961861190467876,-0.0029110476859916983,-0.0016021712778625833,-0.003370866737905712,-0.003929664645586171,-0.0027732928804120142,-0.010452159365331396,-0.010898705965849168,-6.572472223692863e-05,-0.0005165568756304697,-0.00010245731816776938,-0.0005815426324306106,0.0006889062564367933,0.0006239811727810243,-8.345126209111977e-05,-0.00046770318697004153,-0.0009592235954310777,-0.0006279822658000925,-0.000845215670767178,-0.0009546001719618942,-0.0009566171269493461,-0.0035106031219529483,-0.003304222743099767,-0.0007645102984250411,-0.0009593555639384884,-0.0007752867526952948,-0.0003031009802127486,-0.002150357115676667,-0.0016710087781818942,-0.0002076316344148702,-0.0036353488434757173,-0.0030955503173625814,-0.0007335449766006239,-0.005570633443996828,-0.005495745142041132,-0.0034460842777460786,-0.01665959488744483,-0.014471954358362888,-0.0009946121705174083,-0.0004627864247621572,0.0002451308893105372,0.00038667658432479186,-0.00034845937098375263,-0.00029145401584134513,-0.000349049966082756,-7.766711876507152e-05,6.667257276247037e-05,8.658331388934428e-05,0.0002551636353778209,6.0641328426290596e-05,0.00016135877517972538,0.00031945223094700497,-3.101995837803238e-05,-5.680820791569951e-05,5.047778420308046e-05,-0.0004316487408204903,0.00036134933526106214,-0.0005218257713734809,-0.0013842022301623267,-0.0006733811165790706,0.0006933528622827405,-0.00035094323775318996,-0.00046986978274743695,-0.012031621380538371,-0.0005018285794662626,-0.0002120159575863699,2.7816148303169166e-05,-7.01650308682637e-05,0.00030065777796629145,-0.000382696146028952,4.412223804372999e-05,-0.0003142693767024164,-0.00019608678519572787,-0.00018257396095089191,0.00022683391486863085,0.00014507881476752982,0.00017360641946605415,0.0003139720323642226,0.0002713910941049708,-0.00023636147644427917,-0.0005628135278550737,0.00017370981298784626,0.00027326827902083314,0.00025864396158639284,0.00023534285867470852,0.001162252622997707,0.00013278297124918166,2.6423534634725916e-05,0.16954085596692298,0.017000154238259707,0.017,0.0
89,9.095939775408249e-05,-0.0014992661484866977,0.002874195460047845,-0.0011690917429089216,-0.0003581676574904664,0.0005923161214675063,0.001409868021667844,0.00032191620434524423,-0.00012492673872319834,-0.00012666688847353871,-0.0037661792656585417,-0.0032559828264591716,0.00020750075665546013,-0.003836931057266593,-0.0029730349834460367,-0.0036769955346587654,-0.0031253439724834345,-0.004111569771319111,-0.004939455514258514,-0.003397232107223031,-0.005313364656427779,-0.004992919037772046,-0.005059402288762799,-0.005034635230090353,-0.003487221707040341,-0.005016522219357959,-0.004922635049982676,-0.005473450828814391,-0.0001425257849071585,0.00015904981094896713,-1.3057728431981286e-05,-0.0003847334041268696,-0.00018960266979733967,-0.0002382793140036698,6.580323136776791e-05,-0.00044262528126699134,-0.0002976349428419145,-0.0006150519540332182,-0.0008696426692073956,-0.001031505755018345,-0.0005288884480009375,-0.0006885606506641452,-0.0005859950390844485,0.00035088561646518695,0.0004185468204462789,0.00013914506309720617,-0.0005029176444334791,-0.00038101378956426584,-0.0007410285054482178,-0.00079046413698667,-0.0005956174286020121,-0.0006833770805171585,-0.0010954704459569511,-0.0008711723759923679,-0.0005756333762508301,-0.0012378577056215893,-0.0005179401953699662,-0.0011540887505579547,-0.00021676342937706239,-0.0002974549344602716,-0.0002577749104244268,-5.750742136339084e-05,5.0771931797708925e-06,-0.00029901160181338365,-0.00036038787599512506,0.000137967191115112,0.00024234979697912662,-0.0007335818719468138,0.0004561834571209629,0.00023090185272260178,-0.0005538480447510787,0.0008784735090423712,0.0002553987687409557,0.0004941070628379518,0.00015131997156970795,0.0004380059342471703,-3.803578949415782e-09,0.001199721053845297,0.0010520118099036115,0.0002824086736798358,0.0007238322439123054,0.0004349550793154547,0.000423403369777262,0.001686287768582172,0.002448321876807903,0.0016812657752799044,0.006467852079252776,0.006470458994691204,-0.0012857637556413317,-0.00017309662297575307,-0.00028204942567241695,-0.0006059568231531337,8.659740794855971e-05,0.0004009520871104149,-9.903985760408039e-05,0.0002853644563856177,0.0001307744566463929,-0.0004495827983456431,0.0010936296598751413,8.834568454453574e-05,-7.22026910715671e-05,0.0048624486848152905,0.005691604195293501,-0.0003865505479557673,0.00028072606819984147,9.673656507741986e-05,0.0013262224392241054,0.0022052741569947437,0.002388660497097332,0.0014780384071421035,0.0030246713939277607,0.0023993272805799314,0.0026930845588387323,0.0035993776158516635,0.0033451975333207355,0.004539525222859516,0.011488826431690625,0.011145996985238911,-0.003424009235963967,-0.0009407727180526034,0.00023859364878175697,-0.0005946439938731913,-0.0007781926473008053,-0.0007320398493537038,-0.0009100120282780449,-0.000922560678403824,-0.001079395585977992,0.0009855387560910088,-0.000977898953353282,-0.0006562325095191168,-0.0003943774813008037,-0.0010627638423919583,-0.0015644589424232108,-0.0005376989568936726,-0.00032574074143456076,-0.0015757292401388564,-0.0015920339819441487,-0.0022585168251688516,0.0002221045190787947,-0.0026039233944357776,-0.001942846437188557,-0.0022926944863698616,-0.0010819119372951344,-0.0015166002898848695,-0.0004689827092585461,-0.000704239032796673,-0.0007046834197238875,-0.0010355976427996398,-0.001681756853823246,-0.0007593613973514237,-0.0010271557103774167,-0.0004361716721402729,-0.0010460634303200488,-0.0009125046664691501,0.0009282836249758764,-0.0007424270120881405,0.00018372677802354232,-0.0002523367759366814,-0.00032976875988567736,-0.0009517435679621298,-0.0016276008257461061,-0.0014015182333579888,-0.0013690903449856465,-0.0033126869875749823,-0.0032164811156706664,-0.003961192328099739,-0.0016562538264489825,-0.001712048726599048,0.16954085596692298,0.11149999853312037,0.1115,0.0
90,-0.002472348617238573,0.0031664640855622417,0.0026340192783677113,0.00036094686917646204,0.00014428635746896126,-2.9220755832998395e-06,-0.0015789852823818176,-0.0011527389971964003,-0.001593730241145686,0.00010276897192425987,-0.0007841056229618259,-0.0003981517162879772,-0.0009835527127071589,-0.0007823040153015395,-0.0008985164330914491,-0.000993391125137369,-0.0005672668219748186,-0.0012306048330123303,-0.0009555924380476279,-0.0010162286001717377,-0.00126537828435596,-0.0010449675298923984,-0.0007698990140739679,-0.0016183532486614058,-0.0008711903267219292,-0.0010134881718500564,-0.0008733550136518067,-0.00083382622978809,-0.0011145500595939049,-0.00018033630341981037,-1.183597575420715e-05,-0.0009108590125967676,-0.0008136039103555835,-0.0006550837084868078,-0.00031202579685065556,-0.0010162768673010133,-0.0018252267665299208,-0.0014256782139611486,-0.0010329876133449132,-0.0003348658270620253,-0.00016548952575786406,-0.002053082352334464,-0.0013151715817624496,-0.0018206502150483182,-0.0011708041395845198,-0.001300632332450509,-0.0007771993184358157,-0.0016099916307003189,-0.001501012915305919,-0.0015823567853445741,-0.0019721153118536093,-0.0017176161786713166,-0.001173821083253787,-0.0016949940026123771,-0.0014744285601424566,-0.0010524717848959394,-0.0017208009413136295,-0.002299083292031402,0.0005745015993886159,0.00046321313179441644,0.0005598416480618143,5.062555415706182e-05,-0.0003786869459480702,-0.00045808919887015137,0.0001492320848428781,-0.0007530296040575363,-0.000606022647869623,-0.00011254878062839585,-0.00040088107174231203,-0.00031256084886957443,0.000531401496485397,-0.00022480192631871502,-0.00018236376209299708,-0.0008747424482979059,7.916983824519593e-05,-0.0001765168229157178,-5.722050598490147e-05,0.00029216338035196906,0.000519765121081763,0.0003109935815210208,0.0003226570622527474,0.0005646391753550473,0.0005132761111803715,0.0016793240359128667,0.0010936261978583238,0.003005240479127609,0.0028462889084110913,0.0015903459451784233,0.0002563090403675093,0.0005725248717106698,0.00016150560633802769,2.7118705169691855e-05,0.0014572669984888398,0.0013061955188036138,0.00023840896347807506,0.0008214704850959683,0.0006073729303998588,0.0005115582263908601,0.0007809244112741844,0.0008281446450870151,0.00012099593666008152,-0.0007208037073222716,-0.0010231375535356122,-0.0011764370015654218,-0.0009653680826803839,-0.0007065748534817506,0.0010602198219419876,0.0019527154445000826,0.002173743805292193,0.002040165784317242,0.0015382307128027717,0.0011141942762886235,0.002040175599361888,0.001489260743374538,0.001891308727481079,0.002064877906240613,0.004209303052130938,0.004817632184564189,-0.0038343971014266724,-0.0011291038261823877,-0.0033722072309307675,-0.002005299890532808,-0.0006813873804507207,-0.0005588095850984861,-0.0006935493646267695,-0.0007697845062847312,-0.0006107360881877886,-0.0016777202573313226,-0.002433408870215411,-0.0034220639898548595,-0.002749747176921542,-0.002910359824865541,-0.001855713099554944,-0.0018726700739841162,-0.002362781880524167,-0.0025017375435116515,-0.0022633977493871863,0.00020399851605636403,-0.002180610056489791,-0.0034207126827882563,-0.0031797287958746675,-0.0035382703100550776,-0.0030896582467157974,-0.004101202041482388,-0.0026926942129971063,-0.002037428334687973,-0.0031245731653155705,-0.0019613037834750194,-0.002336770024150896,-0.0011547553997790872,-0.0009716696721197906,-0.0004076072069439318,-0.0005380335342131855,-0.0013182214932451668,-0.0017468829069060728,-0.0023132393947241925,-0.0029557793941354473,-0.003823099911387902,-0.0029112013913575535,-0.00024813045069845804,-0.0015209271399081812,-0.0018378579210240845,-0.0019452304336569728,-0.004731441655857135,-0.0046595104296000825,-0.0028649683606967622,-0.00291066070248673,-0.002288491011398495,0.16954085596692298,0.04599999917002985,0.046,0.0
91,-0.0005437902387435523,-0.001749610618744102,0.0023452445240545747,5.431672855213036e-06,0.0004454437093369471,9.899161076456418e-05,-0.0009303450647825233,-0.0005552626850974109,-0.0012834547229079985,-0.00038326001932490676,-0.0006067191152381342,-0.000921725789302187,-0.001417054970067453,-0.0005065925572499882,-0.0003983262864927109,-0.0007031282060531903,0.00020248217227167943,-5.695428381408777e-05,-0.0006223181253716492,0.00024406217717825763,-0.000524492968389199,-0.00025248076617699665,6.625087066448747e-05,-0.0008037806888760651,-0.0005561329717889497,0.0002457610865201218,0.00012663589492652782,-0.0006909886935880492,-0.0004785353502274511,-0.0005017834177163702,-0.000606171834085119,-0.0005655053053285175,-0.0003449883432939162,-0.0003522123706857703,-0.0003305885082598538,-0.000565344208316078,-0.0005010026300841186,-0.0004290981014874797,-0.0005895358360077436,-0.0006036495998331952,-0.0008586224335730658,-0.0004672951881976329,-9.266340947408019e-05,-0.0007429124698150346,-0.0010723385113657726,-0.0011778564256047198,-0.0005273336029494227,-0.00045144365853345037,-0.0009245247905509921,-5.0263200419767194e-06,-0.0008656190241979783,-0.0004905158098448574,-0.00024823902106482684,-0.0008833519537391603,-0.0009024871174591748,-0.0002615979907063682,-0.000872831003654455,-0.0009277743722904838,-9.706078787618298e-05,-0.0002663334163064853,9.397414153956608e-05,-0.0004731321469663008,-0.0002951914069854112,-0.00023797408409307916,-0.00035067395728944614,-0.00031168068942147455,-0.00031006124443319323,-0.00010067279060996161,-0.00015217449249197449,-0.00037287818881044074,-0.00024728372586587104,0.000525150686599313,0.0005535296813612062,-0.00023391944274066213,0.00018389814913541283,-0.0001325714892926688,0.0008712416325685646,-0.0009362567340480684,-0.001278936619267762,0.0011493586671681175,-0.003441702719667416,-0.0035772880217506105,0.0003084243392552062,-0.004587634951849728,-0.004805896025675642,-0.00284560342140741,-0.008443880295868017,-0.00776512122837908,0.00011255393356091652,0.0002289370754006695,0.0003536291049277302,0.0011511929469012543,-0.0003648059136798619,-0.0002588398201478921,0.0012245016922415345,-0.0004110669182577719,-0.00024226796210570313,0.0008879245523500162,-0.0012026210352798418,-0.0004130796015001395,0.0001334398204675154,-0.006343223604498758,-0.006048535131766924,-0.001124314792223144,-0.0010807744363659725,-0.0011198063774836052,-0.0008332592970027802,-0.0035689615352317073,-0.0023907439491894335,-0.00035562460086262595,-0.00461972277448785,-0.004968946138812198,-0.0006087291883596966,-0.0070708153398892516,-0.007471814946402463,-0.0048309748387095255,-0.012044713116970562,-0.011634721271846392,-0.0029812526135898736,0.0008319142501404897,0.00017376344299263358,0.0007006815288370473,0.0004718220945389976,0.0014969544429615262,0.0011623849671366898,0.0011763705852153512,0.0009550007131058144,0.0001261428699668325,-2.467044458649626e-05,-0.0003288026654955062,-0.0004370411150038921,-0.0005701480435734199,0.00042657150064736335,0.0005577028745458434,0.0002546433659111792,0.0004080223122356202,-5.5437455417676015e-05,-0.001897725180993004,-0.0010598536106664837,-0.0018660638368036397,-0.0022851896537871936,-0.003576042921099113,-0.004830570105781743,-0.0038511301865082727,0.0005074045031934949,0.0005332748352693703,-3.497041439687161e-05,0.0005661132157298124,0.00010595326826914918,0.0007718404817561779,0.0016969402181024429,0.0015786747261653134,0.0015737054010171094,0.001259706632229105,0.0002229061070350385,-0.00044063636540866025,-2.455048371575581e-05,-7.03996994351234e-05,-0.0005130745746114923,-0.0005348559072493547,-0.0006635341597181376,-0.0006823765127265104,-0.0009185450232074323,-0.001120733991113867,0.00013766734650167922,-0.0005507528943047915,-0.0007852315155715625,-0.0007742052217993965,0.16954085596692298,0.01649772534334204,0.0165,0.0
92,-0.0023369789672425113,-0.0013716784693905777,-0.0023076862142068252,-5.2728953648713614e-05,-0.00044655700437268216,-0.0004121887335248303,-0.00043681807129094353,-0.00022006510720557105,-0.0014544829846193687,-0.00038764350010014957,0.00028379974261267133,0.00011631956555378548,-0.00036907140307056564,-0.0002699473454898615,-0.0002455514774264603,7.590744255186511e-05,0.0003186892997934385,-7.277380361151701e-05,-0.00013619152065602822,0.0002845699759111842,6.57949593228768e-05,8.971825455095137e-05,2.0681495179034777e-05,0.0003525480959308816,3.0085841388799447e-05,0.0009585795230909401,0.0003168547738414855,3.231280487469525e-05,-0.0004742993183264571,-0.00048983081133036,-0.0003692741809921108,-0.0007791349112973532,-0.0005439061583349424,-0.00039853497058942174,-0.00041465083315243124,-0.0006815469468301089,-0.0008698676914847772,-0.00045807122898098,-0.0008443160384566904,-0.00048673882191137366,-0.0009732884095539975,-0.0009024328686313889,-0.0011546372782251788,-0.001411271645147371,-0.0011508566719914696,-0.0013051248834987468,-0.00096500808956047,-0.0009133028088825098,-0.000952807445656709,-0.0014171778649251618,-0.000860570937215783,-0.0013260698293840222,-0.000573255445588012,-0.0012243423062411986,-0.0011430341295497052,-0.0007938610513817024,-0.0012856023595304998,-0.0014775850739081073,-0.00028587127805709014,-9.431152983108131e-05,-0.0002394227805267155,-0.0004041723827882627,-0.0005989446293986505,-0.00040198294384221576,0.0003135423534590655,0.0001661991360258002,5.479283647938852e-05,0.0016275149473001735,-0.0003081021567450165,0.00011916331498091105,-0.0015789988373424144,-0.0035145125064661572,-0.004323625435867829,-0.0005529569760713246,-0.00029443641418264567,-9.079727691786352e-05,0.0014183367154756317,0.0001639467399674607,-0.000341259637377814,0.00010303573770815683,-0.002054443760049558,-0.0029787301633970166,-0.001418030695700488,-0.0032644393506699784,-0.003472890718552938,-0.0007546572201114504,-0.0031673532658841033,-0.002713100567775989,-0.00018976304068620573,-7.301168501739435e-05,-0.00017516120468477614,-0.00020853235692652064,0.00017051193723366208,-0.00010251149291386051,0.00017888958046604277,0.00011744511701907017,-0.00011494666212574114,-0.00017146815346700867,0.0013392129519432822,0.0007005506552823618,0.0018574305397725476,0.005660685939295905,0.005669037485625347,-0.0012994447373726066,-0.0011960609397695349,-0.00114705542719042,0.00017388318342195707,-0.0023955480794698777,-0.0020131327927000254,-0.00037494836575124933,-0.0026711556668814335,-0.0027489080891839046,-0.001781348553758296,-0.004221010752009632,-0.004776355581937318,-0.002582300994090989,-0.003806889090548509,-0.0029723318738279453,-4.323748195682334e-05,-0.0009331698388183819,-0.0003877125040982351,-0.0026187645510211883,-0.0011890718256709308,-0.0008444124109720455,-0.0011256244040535378,-0.0011872944267947313,-0.0013261093943410212,7.92265100667045e-06,-0.0003438830303188484,0.00016353595958239228,0.000226710563910076,9.1356028579666e-05,-0.0031879925012971207,-0.00312923924369213,-0.0029695445982644134,-0.002898154608286076,-0.002638156965904698,-0.0001875995669754526,-0.0003925997285337634,-0.0011852188214922293,-0.001534254993156989,-0.0010509766391674465,-4.9761623175813165e-05,0.004414479302532645,-0.002972703544716949,-0.002149275601654041,-0.0027872376173330676,-0.0020482433094407265,-0.0024862052967804045,-0.001099795743024146,-0.0008684199769342021,-0.0010665988973347668,-0.0011047836522855314,-0.0014835653346457593,-0.00011860442471114609,0.00026181694237904015,-1.533192667796774e-05,0.00011392407323159082,0.0003905479894460433,-0.0006408142980999976,-0.0010261962672588533,-0.0012857523431538483,-0.001639535032204969,-0.0029838558616594227,0.0008975660518979985,0.0004846473202691136,0.002328214515148127,0.0018337643031472908,0.16954085596692298,0.04349999369391988,0.0435,0.0
93,-0.0008736295304351227,-0.003106531686380853,-0.00188901841482876,4.2778540189083104e-05,0.0003896476854015672,-0.00038677481034758975,-0.0004966829572367181,0.00018323911077960855,-0.0014118559041462419,-0.0010089676560215495,-0.001527021211964027,-0.0011696096946293517,0.00026711698557748,-0.0009787788300277226,-0.0009585279102390551,-0.0014738674388270329,-0.0004965192017441705,-0.00041028401573358606,-0.0005645368689351567,-0.000631248567740723,-0.0003452965791461962,-0.00033724951584643883,-0.00027149244627889727,-0.00019924867821240693,-0.0002731641429208523,9.596783304494753e-05,0.00019200630785588634,0.0002634091008593337,-0.0012531715667776062,-0.0011640325767257136,-0.00033448841315361654,-0.00015688627017359879,-0.0008764230298976507,-0.0005265677156521253,0.0001474921059021112,-0.0007425338441859764,-2.7878680658456552e-05,0.00023606101981769783,-8.426751618754793e-05,-0.00066572977931435,-2.2819187605427734e-05,-0.0003038192789043837,-0.0013746410316439642,-0.0011112450117467508,-0.00111301862532808,-0.001294980945848311,-0.0008165236139956065,-0.0007185825663090495,-0.0008397678087545359,-0.0005767692297010941,-0.00026685746938776396,-0.00041939229206847903,-0.00033000209290221,-0.00020686116166842116,-0.00018576434531524053,-7.931655977793561e-06,0.0002398325869172795,8.312790066546435e-05,0.0002009561797685277,0.00026129034107592284,4.4825988665690066e-05,-0.00021912571023618215,-0.00029154936808448303,-0.00014493649029388668,7.731366695329924e-05,-0.0001845831967027795,-0.0002505006425611438,0.00016884801168192347,-0.000634217328298929,-0.0005146803214971608,-0.00043193404835298945,-0.0019854012292526303,-0.00180348448191074,0.0008942306967237518,0.0009843499624052768,0.0006292128006339855,0.0001570980631459113,-0.0004927830285544195,-0.0012230655227014233,0.0011619318738099438,-0.0026820582878787583,-0.002711442730800001,0.0006098807955564641,-0.0036838582318168473,-0.004328650087206863,-0.0023388830574723805,-0.010812270660487058,-0.011355849681803618,-0.00014857070775997787,-0.00016388289267803627,-3.449278176643046e-05,0.00025698512833594267,0.0004140118065913079,-5.467231015950386e-05,0.0006741349525443757,4.003474319116725e-05,7.389494494127843e-05,0.0021612136151493684,-0.0009113308686605505,5.5474235031911506e-05,-0.0003369855229534878,-0.006136842456855181,-0.0052557538061936545,0.0013852402720294968,0.0015790112255423614,0.0017434002649334987,-0.00017226828826143238,-0.002613343849913957,-0.0021364586565636697,-0.0005683329326600803,-0.004561281179217137,-0.004124423481510036,-0.00019777730350043523,-0.006787255868462373,-0.00743680603965824,-0.003547913396694411,-0.01372775190844875,-0.01290523819103013,0.0006556426164872556,0.00017661372212999575,0.0003889407978779438,-0.0006271696114829885,0.0002071028973437255,-0.0004068448225649501,-0.0005963955857769262,-0.0005504573296892011,-0.0003824282414081441,0.0002227734937842304,0.0003188015992726437,0.00021693320145469423,0.00040119017097380917,-0.00010211260690229426,-0.0005342338364278813,-0.0010619874962100322,-0.0011016742347523547,-0.0013511670445999376,-0.0013454246321677888,-0.0005326925928559381,0.0011466672838416824,0.002412262347643266,-0.00010433399571589844,-0.0013472813536809381,-0.0019172944324309948,-0.005507978095520282,-0.001163050629399519,-0.0012660617074847697,-0.0018181765851558295,-0.001761951926903949,-0.0012009107407556405,1.7042340573704543e-05,-0.0004648750149965248,-0.0003273523200539086,-0.0002558784057750944,-0.0003307819151172493,0.00044432333578561063,0.00019920116835388344,0.000546749529125271,0.00027165233545189385,0.0003406219841382979,-0.0004883422230924086,0.0005465849521473235,-0.0001853526257609923,-0.00028638544949245346,0.0022459859256695057,-0.0008940125249881249,-0.0020624269667076445,-0.0015373877675200153,-0.0008620739113573174,0.16954085596692298,0.011497549467565593,0.0115,0.0
94,-0.0002715658119995231,-0.00012204136946295716,-0.0003167721052654012,0.0011019940555401495,0.00016171671247021584,0.0009797015432762833,0.0013179510945088237,0.001747221443156362,0.00010664920721260125,0.00046501403033948334,2.2941135937211126e-05,-0.00035355542133885424,-0.0005381957113577315,-0.0003976054722905205,-0.000573278367576257,-0.0008758687446760374,0.00012146078508151617,0.0003350901112481814,-0.0004600847535559693,4.7012638477120806e-05,-0.00014870419043967742,-0.00017800201007992197,6.580804642933017e-05,-8.92238595051885e-06,-8.312758264789097e-05,0.00027264869108909183,0.0003189271430662935,-2.3348855701358466e-05,0.00048161049014789725,0.00012584859794327252,0.0003080304453585123,-1.7638897090577505e-05,0.00012533256234424157,0.00030407333018159374,0.000660739457725447,-0.00036261187899398176,-0.0001264570662561983,-0.0002300589928336709,-0.0004831229502221693,-0.0012092315554815664,-0.0016131309232497945,-0.0018152892586972213,-0.0019370034928531006,-0.0002840389061610968,8.968076171923416e-05,-7.095106356625879e-05,0.00032458140277133804,6.347538576986744e-06,7.419345487558358e-05,0.00021565744645700002,-0.0004823013712913029,0.00013400599197130718,-3.81800406030032e-05,-0.0003320602418088737,-0.00035169452105978706,0.0002465736333570957,-0.0003257103612067552,-0.00016488460252029683,0.0005945488887596543,0.000643744476323958,0.0005767070793001022,0.000300470148816583,0.0005871361924178449,0.0005027801050904762,0.00042046198625258157,-6.494327927174358e-05,-3.149055205094823e-05,0.00039280196549026615,-0.0003443940037095746,-0.00041118070002730997,-0.0008935415726415428,-0.0014579880424890046,-0.0009125415202937012,0.0015686193993238269,0.001713650567376054,0.001372911882772446,0.0027017617863479113,-0.000703676421843533,-0.0014099406271772382,0.0015051054970704643,-0.0051710858377715385,-0.004881742353229672,-0.0003840283124680448,-0.006647030336298057,-0.00657578664265135,-0.004405444622697305,-0.013662695510774913,-0.013350256750056947,0.0018977699632116713,0.0018096599317980145,0.0018646757721477215,0.0051740603364379785,0.001165745664546738,0.001008227142240718,0.0028135819613927535,0.00032323245602154524,0.00021772785073812418,0.0024739387968831642,-9.820933943711009e-05,0.0005168361109553599,0.0011035939029962211,-0.005536490623088549,-0.004610730116308005,-0.0006387698990129784,-0.000817498074212342,-0.000516283556320818,-0.001399520770830952,-0.004555438036263133,-0.0028731116073033016,-0.0011924241083187156,-0.006192761280549855,-0.00540731485152706,-0.0030976944355666294,-0.008620497718481963,-0.009385053990295017,-0.008295747395575205,-0.01580068162831206,-0.013995465850186078,-0.0020746019563558492,0.000919401643318019,-7.145204664737172e-05,0.000777056227704984,0.000661949892380553,-7.63100948046147e-05,-7.471000794713381e-06,-0.0005632494415504547,-0.00039395187881107813,0.00018123000704939047,0.00025344601518650884,-8.989841753759338e-05,0.00011910264006496335,-0.00035047231914189276,0.0001900752859575713,2.2595302334958077e-05,0.0001796389501978857,0.00024391378776916195,0.00021011891677718536,-0.0005085554300418813,-0.0017302820644486858,-0.0017511997262055375,-0.003041519186802882,-0.0053864574765437176,-0.007535505647034579,-0.012180876952465475,0.00038745050255302693,0.0001982304509340849,-0.00015446002582159075,0.00031474218593043643,0.00015190445683139591,0.0009483894412970727,-0.00015519742292886777,-2.90309521072697e-05,-0.00034121571701455566,-0.0005843608076528934,0.00010770574413652448,0.0002117928297271418,-0.0004216339901354437,-0.00023633348277981496,0.0003232413904011382,-0.0004554303415467847,-0.00014081434346579916,-0.00023979173236057772,-0.0004060241460705327,-0.0010905700746404675,-8.984960221730797e-07,0.00040677728337681424,-0.0003731023360573515,-0.0003314219122425182,0.16954085596692298,0.01050119184351267,0.0105,0.0
95,-0.001476784877181455,-0.0026702361315627107,-0.0038353346443393953,-0.00028553945783489225,-0.0003450009532719751,0.0009020976856964545,-0.0004110810907687187,-0.0005228552604908198,-0.0025536674828069462,5.118830355436082e-05,-0.0014674540054639455,-0.0014436798642896793,-0.0015481084946049064,-0.00183467198750216,-0.0010746554264243592,-0.0014847513523700805,-0.0005757653524548934,-0.001296000170612807,-0.0015285288943409781,-0.0014303854648772605,-0.0012650842976512147,-0.0010978638042489052,-0.0007799925460729631,-0.001247937379944677,-0.0010412957111733717,-0.00039556124704982526,-3.093550554269112e-05,-0.0007143773422216064,-0.0003544867954472679,-4.922914301735775e-05,-1.875480562783471e-05,-0.00037048162882428266,-0.0001312165012520032,-0.00041987337444584794,1.1581870677333436e-05,-0.0006346615484509521,-0.00013179625554103462,-0.0005489371114115031,-0.0006171623266192018,-0.0006787254022703192,-0.00048080081902760635,-0.0003528516035417972,-0.0005110732137956522,-0.002455966335286553,-0.002272918654587635,-0.0023302334354860467,-0.0019625580787822434,-0.0018101890618568116,-0.0016213959201399034,-0.0019619368398040428,-0.0018583362264972267,-0.0018979150893829182,-0.0013957713205503756,-0.0018056879132653586,-0.0013323995702207991,-0.0015045596210013761,-0.0008169321592011037,-0.0009139307557268902,-0.0003489384225158442,-0.0003388316161229009,-0.00036851058383953245,-0.0002330343720122501,-0.0004083705038120687,-0.0005094773601047055,-0.00030234359142564224,-0.00039402333916901266,0.0001599483107107803,-0.00036228611536165363,0.00019681324049728623,0.00020385563685843897,-8.174095472896859e-05,0.001736849972246933,0.002072137306414305,-0.00020295696357133732,-0.00042785547774193384,-0.0006936224178316098,-0.00022619704325591754,0.0004574965420257431,-0.0005005927831858195,-6.344059795969355e-05,0.00026932892454252944,0.0006760793725737746,-0.0004706051336511809,0.0006842220718928541,0.0006295131247072945,-0.0004558422381647049,-0.001311574804570347,-0.002215475109516036,3.625588260275358e-05,-0.0001251422825759799,-0.0002904298849538252,0.00022649284299823061,-0.00019615901792899618,-0.0002685658862093433,-0.00036081007975969617,0.0004969809271934487,-0.00023828495769661793,0.000994182370643617,-0.0013019140343085464,-0.000532441262745811,-0.00029227847926797354,-0.0036899931218355667,-0.0033351525559111995,-0.0007952743728812243,-0.0014519677730104798,-0.0012560972433551844,-4.328141160452191e-05,-0.0020566928729447128,-0.0012552294261817401,0.00021747837237655606,-0.0015449749694545338,-0.001052028395444052,-0.0006056789625419816,-0.00285519992288744,-0.003277125340540224,-0.0027251624025495065,-0.0033552076518456844,-0.003500283897060726,-0.0018575208851823156,-0.000791479612932955,-0.000524064643978303,0.0003026740047428343,-0.0009487315692666194,-0.0013667562419536821,-0.0013384829952848524,-0.0015042562506195991,-0.0007717933126877605,-0.00014155894826677003,-0.0003368260894179049,-0.0006475481702457348,-0.000507243062731952,-0.000374380644418728,8.583191943158252e-05,-0.0008632477316377912,-0.00042275637201338997,-0.0008819317808595129,-0.0012338216293603472,-0.0008368167003139399,-0.002628280239453226,-0.001011125088150631,0.00011991493279330423,0.00043893570845146866,0.0015384313141189494,0.005113823032906266,-4.922253745910131e-05,-0.0005821491315716182,-0.0007583990906441218,-0.0008980261863188113,-0.0009400262273841195,-0.00081454438388443,-0.00156077285198553,-0.0018348194351194948,-0.0012087136825981453,-0.0010612712745692162,-0.00027740128836301064,-0.00013609754262585013,-0.00027930062182419057,-0.00045134370578217353,-0.0004402654497578442,-0.0009941636051761708,-0.0013102525271557334,-0.001126005095117751,-0.0014684247790472103,-0.002176758486095945,-0.003181633568701964,-0.0021120147986451124,-0.0017620950605725491,-0.002331218334670029,0.16954085596692298,0.030500002113532015,0.0305,0.0
96,-0.00018255591625473294,0.0011800797032089213,0.0038124997878613873,3.334547332501916e-05,-0.000603931104662601,0.0007531315466385094,-0.002855533359681122,0.00022751588583129847,-0.00019255993334804512,-0.0012158920509955388,-1.3616133425628993e-05,-0.0002888295866475034,0.0005580952413895851,0.0004907812704849035,0.0002624151646395973,0.00019460469533699346,0.0005212548161909308,6.097274211830036e-05,0.00010870004784586392,0.0006468868880371203,-0.00013464755010935282,0.000311466105719578,0.0010724490428951053,0.0004130763350262922,-5.224379480735675e-05,0.0001467820955289505,-0.00019342576136837164,-0.0007326184033882977,-0.0005725471510344508,-0.00027761392934494623,-0.0009907245787367442,-0.00046900547896284225,-0.0008272729221172324,-0.0002993202598466874,-0.0006254295322132152,-0.001196413965279563,-0.0013068125721761772,-0.0009529999603682013,-0.0013319184953152399,-0.0014352737245887542,-0.001146507094419754,-0.0017263452591438028,-0.0022178580409111,0.0006843399471449543,0.0003930697372399261,0.0011773291533574547,0.0012285222593275717,0.0006091459206609865,0.001174681906620694,0.001303817344037682,0.00014131842893168873,0.0006479061116026255,0.0011050442317579168,0.0006769416340987807,0.0005503154711651028,0.0010734282310893067,0.0004907523134295148,0.0009276067844447231,-0.0004220361218285815,-0.0006128277424896389,-0.000628636060226598,-0.00013784507186321042,-0.00023036360706468674,-0.0002562139624611421,-0.0004736210938825063,-0.0004910457895988277,-0.0007351947639082978,-0.0005547053889931979,-0.0005190897039621886,-0.001054931064374221,-0.000746596167762797,-0.0017316913904808205,-0.0010591908539023121,4.4695861806969075e-05,-0.00010457694789293421,-1.88575676905478e-05,0.00022050444295694822,0.0015304420273171593,0.0017624024699824182,0.0009265716933836223,0.0024659616096779405,0.0029017654014043422,0.0008555084994811924,0.0031461290972730578,0.003838387389420384,0.0025382970379690915,0.011124895372544573,0.011470689590001132,-0.0003546118148889005,-9.621451882271165e-05,-0.0001939382444055275,-0.00013227396433994164,0.0006002693950605964,0.0008317879128836498,-9.180386966462493e-05,0.0006573138704531079,0.0002921120986879436,0.00013885214636957972,0.0008726431362871379,0.0004939790601322,0.0004593602044160177,0.005209607576631287,0.004975365429857176,0.00015758483054966529,-0.00025070656515618813,-4.564315664467658e-05,0.0012503001896738732,0.0032149045103967125,0.0035752663854335294,0.0018838900160104578,0.0038581866165801966,0.0035388067080756153,0.001777545921466149,0.005217445926902712,0.004113623739884048,0.002024807387346856,0.015649218051852196,0.014409189535484949,-0.0026787182854522413,-0.0022175923750109346,-0.0004287832494600677,0.001034071218615326,-0.0015668154629173523,-0.0012276153482167025,-0.0014333815544508473,-0.0006840547836378914,-0.0018671533175892482,-0.0002993263710823892,-0.0008313571590071211,-0.000406113183048519,-0.0011338357778085126,-0.0006132358227950639,0.0008257361736329326,0.001471366564990315,0.0013286570475396979,0.001176235560161109,0.0015345902231286273,-7.757121850030007e-05,-0.0015653530335050395,-0.0022924297394644726,-0.001440745102090219,-0.0005149684889861098,-0.0001507505461082624,-0.0008380261375733586,0.0008964715342820334,0.0009704002727693916,0.0013488589399070637,0.0017195693241302812,0.0019061416495076095,-0.0016724269046927273,-0.0013175994430003844,-0.0013439872574167093,-0.0010541352498821925,-0.0018315271670084282,0.00020307211523209342,-0.0003576868971070831,-0.0008034155956844192,-0.0010217638006998105,-0.0008130730368262169,-0.0011623864441659875,-0.0013792696141333902,-0.001155603582362045,-0.0026840489698792785,-0.004573755943989816,-0.00230902343851227,-0.0011939376011378495,-0.002817798743473217,-0.002918836413001788,0.16954085596692298,0.23949999900033064,0.2395,0.0
97,3.280877505047546e-05,-0.002290210047724042,-0.0017115519897060961,-0.0006109500300707229,1.2324980477386854e-05,0.0005105692361173296,-0.0005398337123306824,0.0005258808525674093,-0.0008109468541941194,0.006377518663109937,-0.000483698124817908,-0.0007990336922394779,-0.0010865425006169485,-0.0005781980390486729,-0.00020640446741246543,-0.0007254747615614909,-0.0005165142731773486,-0.0010021941700394076,-0.0003390783373915101,-0.00032508135751525537,-0.0010317306525294168,-0.000608693471808221,-0.0006419141889784918,-0.0005141555895202225,-0.00010869471131163789,-0.0004797542873004997,-0.0005212900224879396,-0.00021824856806997855,0.0017824413906371173,0.0015095463271274595,0.002001809631434254,0.002230245207825247,0.0006103133243714898,0.00045482524313293036,0.0009169123341921308,0.00010497551500512876,0.0006935588835468684,-0.0003577206098066841,0.0002296732256791468,-7.43883984275973e-06,4.3872633078868316e-05,6.843840638905954e-05,-0.00043285668467816027,-0.0012847018057577306,-0.0008111571145845149,-0.0010094280411834962,-0.0009329828985052943,-0.0006686145752042598,-0.0008999006196919792,-0.0008943758037993108,-0.00045115005571720406,-0.000480093921944772,-0.000986245999391072,-0.00021015376414093846,-0.0006126118497844362,-0.0006301791999840118,-0.0003950594866436798,-0.00030917778574430285,0.0006790577376394907,0.0003147403475689828,-2.1043151204922174e-05,0.0005300682711285385,0.0022856269910666535,0.0026097950421381144,0.0011331073587603309,0.0010268357092713854,0.0009723950173821794,0.001233594953804774,-6.82620467028881e-05,-0.00012060148094183106,0.0011314898382132272,-0.0011334349847368867,-0.0018942906931291804,-0.00014327970149407125,0.00043629484194862263,0.00046595884735131367,-0.0004929837147031608,0.0007795590811170807,0.0006144738439034562,-0.0012034831859577995,0.0005903432190220735,-0.00044371129518756,-0.0019941251468990244,-0.0029982361279982466,-0.004113222079831307,-0.0011172668589257224,-0.006930393253253311,-0.005325986167563295,-0.00028335633650445577,-0.0006253597358064276,-0.0003030406806650111,-0.00041939732569248596,-0.0002830711112361998,-0.0010060939599914876,-0.000981831977275352,-0.0003948097381825354,-0.0008242756493683394,-0.00019501979500727396,-0.0005505815797677936,-0.0013563090152304204,-0.0018007101390470103,-0.002079249385611753,-0.0038144318805355334,-0.0008759307501697149,-0.0009931355783293282,-0.001325588507640735,-0.0003991864519285743,-0.0025991184757369955,-0.001990666044638688,8.24102183753334e-05,-0.0034386711845602325,-0.003680222251075383,-0.0007278436755950451,-0.004864276055508769,-0.005384055279864648,-0.003147328275502056,-0.008512672491623676,-0.008209298578154904,-0.004639358633830216,0.0021845046830813843,0.00013330009139616515,0.0009444875743483768,8.12038538868972e-05,0.001686641012017869,0.0009729154016895434,0.0011446914844648278,0.0014128486483054336,0.00020157581993388222,-0.00013565818262124024,-0.0006102236118561206,-8.15121900965306e-05,-0.0003765745500337913,0.0010028363233655542,0.0007253329304749023,0.0002378557232206779,0.00016011018460660082,0.001088957049007746,-0.0009720410375447229,-0.00022575003754873906,-0.0024996229267674713,-0.0021082026308605075,-0.0033571424361822917,-0.004121340594350804,-0.011596900484240193,0.0010068890389646386,0.0004307103609527227,0.00015925587998533538,0.000489191151294611,0.0011544040251900924,0.00012527808359997467,0.0011684123525430622,0.0010342923006461627,0.001318745514687199,0.0016174706150490683,-0.000265051741926407,-4.082292370067254e-05,-0.00033140433089004696,-0.0002176332544006049,7.396821330219505e-05,0.0022375018460824444,-0.0011242587846506836,-0.0008963037822139438,-0.0007178501635292035,-0.00132017264207703,0.0023219532421024087,-0.0008682588009517183,0.002716877415956081,0.0037314483873301086,0.16954085596692298,0.08100000267753261,0.081,0.0
98,-0.0008890460935753428,0.0036182455023363123,-0.0005024494188992662,0.001300137314507344,-9.02931117907323e-05,-0.0003590744440588187,-0.0010032988978042963,-0.0005198406967624275,0.00021202221918994449,-0.000698006164187906,0.0006627024578848405,0.0007223472896390773,-0.0015210675862812322,-0.00011997809286303957,-4.631873338713636e-05,0.00031382269305053727,0.0005699163843445695,0.00021004783188156108,-5.354097813942674e-05,0.00043943420626015316,0.0005089054132949257,0.0005081513218986722,0.0005752400663501023,0.0004409268475162673,0.0002481571738495869,0.0008949083289237292,0.0007691166402883313,0.0007293349377200787,-0.0003873638391744564,-0.0006078335642062783,-0.0004521471593560844,-0.0006442600666562533,-0.0007138622552856768,-0.0004289200382904885,-0.0005417304428411503,-0.0008097673343556913,-0.0003069441438887708,-0.0006125142878580874,-0.0004844864955203842,-0.00048250125680115297,-0.000798434183816742,-0.000839751730316317,-0.0011896574035749896,-0.00018375694775636954,-0.0005440436181837191,-0.00036329882901143927,-0.00026710534635015647,2.782037378718244e-05,-4.6725068045386766e-05,0.00022497964750207197,-0.0003230274099094479,-0.0004501433983181407,0.00020405584414814765,0.00037354916134409497,-0.00022104976480077237,0.0005696007120970389,0.000557060196762407,0.00030313636581565876,-2.2592815164205268e-05,-5.178033809520528e-06,0.0001517314980281552,-0.00040174832520557656,6.681601502264299e-05,0.00023369544609980566,-0.000380212090268791,0.0011214879174209398,0.0013738983272925367,-0.0004142847881582839,0.0016223192866397999,0.0006099767846243087,0.00013193634465846177,0.0012373939455680044,0.0015702952908488153,0.00012227672866544392,-0.00011304833027208196,-8.233018359243941e-05,0.0003678722130709587,-0.00096858900411379,-0.0010540688645322364,-7.819302441855305e-05,-0.0034502725857244857,-0.0028010005026013764,-0.0002196492527379499,-0.004016863929818912,-0.0048853452365858405,-0.002186031671504617,-0.0028564229539318293,-0.004111634535385778,0.0012731362251468302,0.0014998262755356044,0.0011815530308166389,0.0014676712838418765,0.001054457922092315,0.0006338834575818025,0.0006203506559175605,-2.9752230516235704e-05,0.00035748508324750627,0.0012671705582488462,-0.00019024389276501248,0.0008067231688893272,0.0007852703528980673,-0.005158088409630151,-0.003987739210805784,-0.001558713711131665,-0.000824433486618138,-0.0015727265274631654,-0.0004965621363685459,-0.003039301566097696,-0.0019420961856427158,-0.00042723936140059683,-0.004180313455790644,-0.004458756852174543,-0.0010327916007283574,-0.006021281680654274,-0.006314607415207131,-0.002938449607687974,-0.009338759377611,-0.009264734182979887,-0.0072158912831549685,-0.0007958844736303606,0.0001306824683707424,-7.18237405552933e-05,-0.0009349150896536092,-0.0003782869273399573,-0.00043210284982031364,-0.0006837820351703833,-0.0007287224983993907,-7.06866853116188e-05,-0.00010676945635251659,0.0001962740064178523,6.053612370477325e-05,5.5278750978581704e-05,-0.00032069258731638804,-0.0003470266619834587,-0.00046273981151918414,-0.0008719854124173228,-0.0005317675455359242,-0.002712368762194012,-0.0046628319282212794,-0.005653256447747763,-0.004287595018042266,-0.004045971301342506,-0.005799833158334652,-0.002255824975283685,-0.00035182157958444635,-0.00026891508173847737,-0.0005254938825747985,-0.00044939686089009014,-9.649504382208636e-05,-0.0006525660840072807,-0.0004527656685011369,-0.0005702743925540498,-0.0008087939448371513,-0.0005655223798077225,-5.151636220196626e-05,-7.288845551691585e-05,-0.00013938923686565306,3.495081839268719e-05,-0.0004924132238415049,-0.0005750479290823101,-0.0005383862547804851,-0.00133541480305999,-0.0006317949445557243,-0.0029102796837675074,-0.0009166645846812739,-9.333292619148652e-05,-6.355360067595688e-05,-0.0002995824517677482,0.16954085596692298,0.04000006103153647,0.04,0.0
99,-0.0013628093465481049,-0.0008970127460479649,-0.00224111458574802,-0.0002815725696879625,-0.00018675892504065663,-0.00024079953370203082,-0.0003531040757404931,-0.0004823072544987252,0.0009457439768307531,-0.0008081087254979585,0.0005041635844126453,0.0005776863470497121,-0.00016317887280036731,0.00032655771113741685,0.0005612272385944744,0.0003783053140639618,0.0005758100403246516,0.00047601505922148204,0.0005205051339398942,0.0003263062089154493,0.0002630727708047621,0.0001643193818714801,0.00047766638958038495,0.0005086195986578541,0.00026641854146110537,0.0003631727729544586,0.000747648013566684,0.0009451543993830826,-0.0001453144904248185,-0.0009290200589432369,-0.00010785119838720225,0.0013761524143719138,-0.0008738571694471288,-0.001041032829857445,8.087719287038257e-05,-0.0027515117641425044,-0.0015323420586868912,-0.0013081709257771223,-0.0016942773137826306,-0.002108941322206502,0.0016517347209405468,-0.0016273697830638343,-0.0034768818076020692,0.00043289709810368773,0.00029336858121412914,0.0006387416381843683,0.0002492143911348584,-0.00010759438632976076,3.08695504848296e-05,0.00020169404281771108,0.0004173459700721592,0.00020214515281521123,0.0002202246054619232,0.0001235622544204141,0.0004909902935146318,0.0004566094918692276,0.0005599594901699576,0.00030538319495931497,-0.0003115932141256127,-0.00021049692950061868,-0.00020029490672567979,-0.0002912922206421675,-7.159386397209567e-05,-0.00015167647908766332,-0.00038290957728560985,-0.0004978702309357626,-0.0005878808661705346,-0.00014930291555361185,-0.00023267766512536473,-0.0005240852890189894,-0.0007654107406875678,-0.0015498896920031478,-0.0015850660653999491,-0.000502107672707871,-0.0002521209286515935,-0.00039355961530741985,0.0004895441438087725,-0.0011161393425866979,-0.0016547779463589084,-0.00044075031713503823,-0.004340444503718563,-0.0039185471517768425,7.635552687011435e-05,-0.004726075637028703,-0.005791485628481483,-0.004498027323826455,-0.012349339065180098,-0.011175638059194852,0.00024644749494843814,0.00023433805430888633,5.270036743815886e-05,0.0012505723396715113,0.002465895441897796,0.0018055522233815693,0.001522533662817262,0.0015709075824747504,0.0014239815029260191,0.0026404871885593486,0.0024739981492101783,0.0022621047454552666,0.0017250974570012841,-0.0016315224052316014,-0.0021246230963410076,0.00015441157405726152,-5.5717833903612065e-05,-0.00030667913132474684,-0.0008844298799083268,-0.0031769444935583046,-0.002198912026922964,-0.0003768150408964486,-0.004807671740306347,-0.004329042613107105,-0.001668306916908961,-0.007550763475673864,-0.008198447180170682,-0.008871248329622973,-0.013683634319923223,-0.012428748255070957,-0.00017788596292061726,-8.07491397283157e-06,8.577153345682186e-05,-0.0008491197239566526,-0.0001243547985120143,-0.000353972152450792,0.0001257330902053337,0.00010233136902422935,-0.0006805500300208856,-2.9054863941749405e-05,0.00030320955423819037,-0.000264759903169728,-9.544482972768744e-05,-0.0005638607443386478,-0.000738064102230076,-0.0010744183394277899,-0.000992644856421011,-0.0009225813908162502,-0.00015534945617690023,-2.6668079778181077e-05,-0.00025259502121949176,0.0013877210145008462,-0.0030166742950155446,-0.004725740130228363,-0.008531617461611506,-0.015624059096813771,-0.0008176613872391509,-0.0009844435676968914,-0.001276010436364385,-0.0010342637566392162,0.00023896280066495568,0.0003823064535434663,0.0001761767645620598,-0.0005073137780120175,9.89500687161469e-05,-0.00044877344731909997,-0.00010682860384481305,-4.9539543782362915e-06,-3.683667246810948e-05,-4.5679729374403947e-05,-0.00012995108555957757,0.0005609737548147938,0.0011590917407749354,0.0007053466675463184,0.0003839962940052537,-0.0013036828718645272,0.00015999730239374144,8.118255793050634e-05,-0.0004039093306627367,-0.0005544133692280484,0.16954085596692298,0.00999999247987754,0.01,0.0
100,-0.0003959987504069681,0.003382856013638626,-0.0013674035549833814,-0.00015169906546473477,-0.00022835655884321276,-0.00041592079127413504,-0.0002996115351482698,0.00028580925190726776,0.0006367445116203908,-0.0005048715223824388,0.0008453856642690989,0.0007061499132424426,0.0001148399927331288,0.00047460003130820884,0.0008139231711404413,0.000368797663751093,0.0006397340539995559,-6.311804403935989e-05,-0.0001341557811373459,0.00030950869244553543,2.0398384362307593e-06,7.756662773154208e-05,-0.00014269111920612757,-0.0003905530810209161,-0.00024334784015936833,-0.00015495903912720693,0.00010210808555133635,6.192146879911825e-05,0.000594951372993316,0.00021823664911663012,0.0006872101968309885,0.00026152027283468524,-0.00019143012215456858,-0.00022736998674968028,3.5909489840423e-05,-0.0006606419937398394,-0.0002419026471751307,-0.0006722278530056636,-5.703695476753543e-05,-0.0001908513767507068,-0.0003013956040390097,-0.0001821743042803292,-0.000785378181451795,0.0005117861275582145,0.0001437667232611577,0.0010652894427478719,0.0004399885133715228,-0.00023095399928973177,-0.0002546197256226052,0.00029954006523442593,-0.000401491643304522,-0.0006934412642713688,-0.0001853683638461477,-0.00010868194290310237,-0.0001978939613478165,0.0003346222409502354,0.0001047248952264781,4.207225929583799e-05,0.00016421248027001514,0.00020509588020809914,-2.719444340518805e-06,-0.00023840486850295928,0.00010544583540796166,0.00020320847207104151,-0.00024185335818190855,-2.8145671237791775e-05,-0.000291248058643628,-0.000545262638506992,-0.000598674859562197,-0.0006302374340613848,-0.00017455673959668947,0.00016263288623874814,0.00017970382076174985,-0.0003076081879064337,-0.0003601437185261091,-0.0004289744826811079,0.0003564847112680613,-0.0002950945810477215,-0.00056982907310571,-0.00035838122667489333,-0.003304106680817647,-0.002513489152991021,-0.0013257934242852402,-0.0041831962743045115,-0.0036562055988508687,-0.0007761822353557757,-0.004852133491601234,-0.004634867432303648,-0.0003237950721004585,-9.464091246450856e-05,-3.618077388350377e-05,0.0008413045392262376,-0.000294659867292615,-0.0001274184523881041,0.00026502903639341304,-0.0008900590202557926,-0.00042472290224159897,0.001150363359724973,-0.0016401059431719834,-0.0007631464899894373,0.0006318522066317122,-0.0056855868802912,-0.004574798898052761,-0.0006687413176412752,-0.0003943419925380483,-0.0003567903476375504,-0.0006514129484186868,-0.002350988020282864,-0.00178908873991422,-0.0004378667276438989,-0.003588768160063019,-0.0038779995807473986,-0.0004699721994464315,-0.0052642895496185825,-0.004766280119780513,-0.002716990567944377,-0.007752112224194511,-0.007274754109225518,-0.001385388729599563,-0.0006916079435668863,-0.0003375335962296064,-0.0012175469722473277,-0.0004171054398099413,-0.0006168125065557357,-0.00037309511160223656,-0.0006697951967253119,-0.0011707388885522283,-0.00027463573032775044,0.00018746661394204953,4.226342872817196e-05,-0.0004012189232226349,6.123111482337018e-05,-0.0012312173994410932,-0.0017768372945955358,-0.0014058796686646803,-0.0014724162097562211,-0.001926097575663097,-0.00020668661622557603,0.0007070758504409708,-0.002650035107685846,-0.005069881470372322,-0.005583598858733429,-0.00842260443264775,-0.013706108600962738,-0.001216389073359761,-0.0016833644917485589,-0.0017077089466164027,-0.000948832400337142,-0.0009495949756698634,-0.00013049084753061088,-0.0006783306938281398,-0.0006270642551745936,-0.0011690505855420467,-0.0012746888535775233,-0.00038736360692406146,-6.80841632276399e-05,-0.0001061923246133984,-0.00013143348722318687,0.000303315447900765,-0.0006677057744813255,-0.0009328035283554008,-0.0011881039067209197,-0.001522794424204728,-0.001556143525321344,-0.0006835291248221392,-0.0003958688920602829,-0.00028202294698315773,-0.0007465348334758631,0.16954085596692298,0.021000039887602656,0.021,0.0
101,-0.0025965651652526864,-0.0003472643653408955,-0.007381636062063596,0.000497669874186241,-3.5349291873317456e-05,-0.0005040861281500572,-0.0006214156282161343,0.0003248911982287498,-0.0022992960815232527,-0.00202805357324023,-0.0015233888658894895,-0.0016656856149283748,0.001412790483817703,-0.0009004199027895078,-0.001434345027305426,-0.0012410102353856407,-0.0011200033216741583,-0.001175614704220637,-0.0013720960904679905,-0.0015687428519478173,-0.0016995355141313773,-0.0011710771373395475,-0.0012292926884466108,-0.001412590714844514,-0.0014202656194526701,-0.001130238365007434,-0.0012557420243624752,-0.0009092739991519424,-0.0021175618937798674,-0.0014671441492189576,-0.0019318991983871953,-0.0022589143568622267,-0.002006077869533986,-0.002282006873081122,-0.002448528006191504,-0.002596818708922119,-0.0021005910785718016,-0.002619604540259953,-0.003309262215446807,-0.0033083713120888925,-0.004549304211853183,-0.004400787620569146,-0.0037881576830058753,-0.00286109702554341,-0.0019336736115658814,-0.001958175041970304,-0.0022091335344059534,-0.002181337648726517,-0.002406670180215403,-0.0017091282097573038,-0.002367909007251595,-0.0020757724749687666,-0.0022278637824285305,-0.0018373187302278826,-0.0021751764382375973,-0.0024865356597904053,-0.0017999766665140779,-0.002098389945811907,-0.0002823578011172413,-0.0003855920047134297,-0.00034642039561579447,-0.00012242518450047315,-0.0006546571564847539,-0.0005694393932899445,-0.0004331185983743453,-0.0007043269986130382,-0.0008022241850021587,-0.0004185766045487265,-0.0006750856840329913,-0.000997537097510121,-0.0005354967088078473,-0.0010914104472770022,-0.0005300935956590612,0.00041043614340770994,0.00018950110231890236,0.00020876603419998517,8.669891175670174e-05,0.0007249251541375742,0.0006435135909046872,-0.00011570404816384326,0.0011402386594473565,0.0002454799971097588,0.0002104291124725968,0.0013253950859283834,0.001691285068359855,0.0008448249855567984,0.006217263876045412,0.005173834833909065,0.00026011481380667465,0.0004262180679151207,0.0003530892125421626,0.000119908102101399,0.0013280647119086157,0.001074707024952384,-7.771208472657243e-05,0.0009198379002908917,0.001417576341292442,0.00040969168159159805,0.0018833174874470795,0.001524503133488322,0.000674550683274251,0.00520719602850003,0.0052004484334567565,0.0005165979531554207,0.00039491899450356627,0.0007689202697351364,0.001083026953057967,0.0011808670015297533,0.001719913000853057,0.0011736020991858099,0.0017869879321384956,0.0017598091811013002,0.0013705883989067306,0.0023555406178677463,0.003042350951656806,0.001686865208421892,0.008873218423650157,0.008046101735780522,0.0012147552829889904,-0.002129465269815479,-0.002826609293689775,-0.0012503478276626946,-0.0022392645510948984,-0.0018827844079391115,-0.002092183438798715,-0.002346829724931745,-0.0030625821247165425,-0.0027725518208092503,-0.0026162689463410656,-0.0018009859348572215,-0.00255842557379163,-0.0018487555473059665,-0.00083650728102233,-0.0013687865106381115,-0.0014013489734031903,-0.0010618556955698094,-0.00048111764049015704,0.0008774846254405701,-0.00031274064038143076,-0.0003608311745318501,0.001560581946913006,0.0023577426549953313,0.00014584060546066094,-0.011112403785498293,-0.0013047800619340115,-0.0008628541524278093,-0.0010771341919805467,-0.0007267414366219421,-0.0011870173965484571,-0.0020275763427052267,-0.0018950909684052634,-0.0018659185963126994,-0.0019973258621522366,-0.0027776504820182972,-0.0025223574157086986,-0.0023987425211383765,-0.002237012058818681,-0.002536553294002942,-0.0021979949827290223,0.000866197571396817,0.0011558471737442104,0.0006307748452635436,-0.0010324599202019135,0.006982827320654438,-0.0063494887510879075,-0.004895870004616309,-0.004197474605976551,-0.003988342394338748,0.16954085596692298,0.04849999821003402,0.0485,0.0
102,-0.001234818475239577,-0.0018826064672369499,-0.0009074066766078546,-0.00013986470258593527,-0.00014672166141720342,-0.00022413342806937512,0.0002829996592515171,-0.00021735558668912848,-0.0013829470044761242,-0.0006705673211676564,-0.0009850783746960345,-0.0007740886165522035,-0.0005284936973024662,-0.0008870293397307108,-0.0005776307837092223,-0.001138104718080006,-0.0007086093722720846,-0.0005983212687554775,-0.0006806378515700535,-0.0005311978388159238,-0.0007499256690319656,-0.0005603718145426239,-0.00036256470479177145,-0.0003663009542415304,-0.00043888941094334953,6.73968269903006e-05,0.00028849218700825236,-0.0001458812885005864,-0.0006969530509122446,-0.000771878377973479,-0.00048244723050861366,-0.000721842902291216,-0.0005993381687781282,-0.0004335918786361688,-0.00044472255921016834,-0.0009339653632556884,-0.0004475519223392045,-0.0009424434758221052,-0.0010529169091791242,-0.0010165518956236433,-0.0009654270682220383,-0.0014819079471362399,-0.0013070080295142,-0.0014774768726871473,-0.0014757003867890944,-0.0014640946054936541,-0.0008551460796379695,-0.0009106942599204689,-0.001104667532119984,-0.0008081112539355961,-0.0013589425393670733,-0.0008263618114092255,-0.0006857408765551086,-0.0010438902374275561,-0.0011297071199675795,-0.000227236023242117,-0.0001267533849916053,-0.0002276902229800653,1.796469296300118e-05,1.0921708231230528e-05,-7.00911152740589e-05,0.00010656425129260786,0.0005713031429358462,0.00028135531688058726,-6.782646611034219e-05,-0.0001664553262164444,0.00010834058200772162,-0.00042113993809143755,0.0003772555900290315,6.766970985695337e-05,0.0004181952274387504,0.0015530301750488061,0.0016664677809654727,-0.00013094449394315274,-0.00028957308942849006,-0.0002170375521407342,0.0001300182065340567,-0.0008377373859229592,-0.0013108342558438434,0.0002877119564946426,-0.002371435043738745,-0.0025526037718309217,-0.0005421860572796905,-0.002522084255058674,-0.0031254836155480237,0.0005584396457635212,-0.003039277554519604,-0.0034503241532146452,-1.319152613479558e-05,-5.412739549312391e-05,-3.228147394880663e-05,0.001382770815242574,0.0005622974005791846,0.00019857654905519384,0.0009127287450899373,0.0001279044763525682,-3.631305568670514e-05,0.0017323702675739233,-0.0006099483147142872,-0.0007203014818037374,-0.00025431744969349685,-0.005920396944539054,-0.006229768258621039,-0.0006924965045953998,-0.00070464672100426,-0.0006288616380265909,-5.07087078223752e-05,-0.0026658665435065096,-0.0022923074999862355,-0.00022950391549963152,-0.002931194926017431,-0.002043083170766385,-0.0007665230581660194,-0.004416530805941107,-0.004480795922379687,-0.0033517263168639684,-0.005499622472512501,-0.00502093497100613,7.549078198030124e-05,-0.0011562886010733266,-0.0014584295966714644,-0.00287168426644651,-0.0010883820919124227,-0.0011323029795861092,-0.0012813051878098843,-0.0013266721498490126,-0.0023519829045986645,-0.0009442666859692294,-0.000513594206362876,-0.0016367937361593632,-0.00016028426416724584,-0.0004062694856092939,-0.004089227913058857,-0.0033771910185838613,-0.0027651172399123297,-0.003207122616374543,-0.0028731687264028707,0.0001221905133063088,-0.0006285851483941322,0.0005095622612406313,0.0008094308988874318,0.0009732507486501557,0.0021040574384195905,0.005993373848181063,-0.003765482155861989,-0.0034313546448443174,-0.003699563736353395,-0.0033204734909620713,-0.0029499178605207383,-0.0009415460434072465,-0.0011469786178142356,-0.0013932868917539004,-0.0011747166011351695,-0.002038104681014323,-0.0013558749993773675,-0.0007804620894695483,-0.0007767875603279723,-0.001163375984398619,0.00015274698984954897,-0.0007151059940146696,-0.0010752030400874245,-0.0010846756913683578,-0.0012529633653637438,-0.0016617329858923087,-0.002048391498494899,-0.002192423901182214,-0.0014085836277656916,-0.0012251923198255785,0.16954085596692298,0.004500077599002672,0.0045,0.0
103,-0.0006348948181513641,0.00449440785641604,4.841726857858257e-05,0.00016196885721939553,-6.3909690325084965e-06,0.00017182697095395982,-0.00015910587531574481,-0.0002830504788793857,-0.0005476716555559577,-0.0003070494488304879,-0.0007767801213127422,-0.0012600578087955156,0.0015657996547498187,-0.0014489921877020224,-0.0007086003626003885,-0.001447307477671499,-0.0018419663921367708,-0.0012666252020995564,-0.001490044578844472,-0.0026770710083936417,-0.0024274989076743976,-0.0027328309508295413,-0.0020231381708358215,-0.0018694389330933304,-0.001541251050662531,-0.0026475283027014764,-0.0022891471596466575,-0.0021424224045598185,-0.0002915725598741717,-0.0006187211759982499,-0.00043951914839685246,-0.0006320283495798133,-0.0006781780906325814,-0.0004052440166845284,-0.0008274573653839432,-0.00037869553203092335,-0.0007019203465237809,-0.0009519150286787238,-0.0010454336679876293,-0.0010432911314282106,-0.0011410131888522068,-0.0014626063535251573,-0.0010150708313863856,-0.0013106485940762008,-0.0009324842495599374,-0.0014564818602393083,-0.0010862699662326403,-0.0018406229213197896,-0.0011748730678198941,-0.0016902025348886477,-0.0012302909303466656,-0.0013093455472771133,-0.0010469094080745077,-0.001419383853289865,-0.0017085690777260169,-0.0021343324981575656,-0.0017273181243686092,-0.0015485807356266535,-8.471156717144677e-05,-4.374624780604255e-05,-8.586830449804245e-05,1.5313266495854878e-05,0.0005361427168171977,0.00034956441526969836,0.00022419324592617341,0.0005760053912737042,0.0006218354546391195,-0.00014455716700604806,0.00044760929165482,0.0006702249853882727,0.0004734233947557737,0.0011178872779759725,0.0013699749247582198,-0.0002959519795693535,-0.00019074267946340919,-0.0005999075994613379,-0.0005320262421956076,-0.0008956481585238207,-0.000557256810534858,-0.0005140776752903047,-0.0025189906803772294,-0.0021327233103529374,-0.0005011681094270148,-0.004155581581928268,-0.004371680910869723,-0.004027385884793115,-0.00902823415606753,-0.010591466934158585,0.0008268690355663098,0.0006603543906006945,0.0005719317175350136,0.00018647449839237214,0.0013596277024141986,0.0014581179070917813,0.0007750405701664563,0.0005932403789472956,0.0005461418221779616,0.0007599074625643009,0.0008625224593273459,0.0011773164304257897,0.0002527822160855763,-0.000173042083265508,-0.0004816495043174327,0.0006020436781609656,0.0007340098949746186,0.0009371217911847856,0.0009691076076827579,0.002320505806870883,0.0020764631145967247,0.0004450945977183458,0.0016419370440255434,0.0014161579097865331,0.0005948536548955799,0.0019784060829619527,0.0018229616306996595,-0.0005674186149994215,0.0052764513338134375,0.003996788236944077,0.0011215061470981618,0.0024158750471609766,-0.004733451090531869,-0.002186627724559066,0.0023243451506567924,0.0010680276082539399,0.0010444206728891009,0.0010745248668001185,0.0014152901060288023,-0.0033717180131892987,-0.003880361768001664,-0.004695066239131944,-0.006223325511729571,-0.005983630273516739,-0.0014186738011092949,-0.0025089012876165742,-0.0035875903480546223,-0.003383196956423446,-0.0037574211952146204,-0.0002637575879270052,-0.00022242307032364995,-3.491524079011453e-05,-0.000998220796167953,-0.0014711058772083445,-0.0009892384082250117,0.004164408208641632,-0.0018677611957982935,-0.0024230929873200026,-0.0032566384691058857,-0.0027723995376233716,-0.004699992997410072,0.0020746877579893796,0.001373053286759921,0.0009087021215987795,0.0007962412489499975,0.0015439789993070127,-0.004817034139123982,-0.004113016869780928,-0.004552572456044115,-0.006314941151551687,-0.005069799749223038,0.0017413066195143046,0.0026738143040761385,0.003100564002528628,0.003475565233193861,0.0041070437906729875,-0.0013265734842803918,-0.0005782284837455702,-0.0008210463934147843,-0.0010566315113918825,0.16954085596692298,0.05199999984862297,0.052,0.0
104,-0.0012435695875107988,-0.0005172605983394941,-0.0004130341320004501,0.0007423920121469997,0.0012517888392348652,-0.00023750701638767686,-0.0019702742779924517,-0.00020211675744668945,-0.00044040860481474585,0.0001445774480561722,-0.00021905983461371025,-0.0003884905266329515,-0.003079746702990731,-0.00026195266165474643,-0.0003326212380951039,-0.0007268894606077865,-4.1852573316101447e-05,-0.0004987345157667634,-0.0007408670154166686,-0.00017885525792292435,-0.000579550833165675,-8.200038310460989e-05,-0.00041581641600281954,-0.00045562096069137563,-0.0006663792612110395,0.00019573205948996496,-0.0007220519278527145,-0.0005334938916857808,0.00032782686202421446,-0.000244820867600685,-0.00013778970295824755,-0.00041023273579179225,-0.0002558974332982801,6.996008911839458e-05,8.483271863088271e-05,-2.1544885473966542e-05,2.7662422379523617e-05,0.00021649534209712418,-0.00017692800441957237,3.9598959665888e-06,-0.00030383350131723446,-0.0005476237159599744,-0.00030757709884343285,-0.00041844089129536527,-0.0009469592149952334,-0.00026356944262698314,-0.00017115990898561916,-9.901718908377005e-05,-0.0002929744563501197,0.00012037220361120893,-0.0006629058495516191,-0.00029504816406895104,-4.341517463463801e-05,-0.00037773274269711207,-0.00029761838591730325,0.00034202139566213876,9.75900249106725e-05,-0.0004910406322719354,8.36032769924635e-05,6.864962467409445e-05,2.6213902239370093e-05,-0.000515873870255194,-0.000397654792149542,-0.0004250980813050912,-0.0005271708357387048,-0.00047762760642875785,-0.00019668745906067003,-0.0004297236850839659,-0.000308055451002385,-0.00015618045025783212,-8.372198156722136e-05,-0.00031296261209486504,-0.0008371881657207446,0.00043659903861735955,0.0008767665079318179,0.0005287279532721897,0.0003146617715743774,-0.000717646675009346,-0.001452423151000868,0.0009095770842292195,-0.0022707943653185194,-0.003159080548552384,0.0005714385388858558,-0.0035869577075494717,-0.003476700524799977,0.004050179192264142,-0.005150113571429508,-0.005097200286005399,0.00045618190817488756,0.0013553983377761862,0.000923022989251102,0.0005164392552379454,-3.1849198188087245e-05,-3.417585176961607e-05,0.001577997796598878,0.0004154741104042594,-0.000217004424823243,0.002316439255863837,-0.0005605604568020954,0.00020519548746472476,-0.000851275328204845,-0.005494030253317315,-0.004986747703074463,-0.0017458549217299496,-0.0013070816496331215,-0.001464013671165337,0.005878400737260145,-0.002244397583260813,-0.0013599930231496793,0.00634790233144558,-0.002519171557234212,-0.002729085565448711,0.006498544867627986,-0.003530573346589534,-0.003869574800331881,0.0016435039917249846,-0.003959109895642924,-0.005317033114074055,-0.005599796540162994,0.0006529937521337397,-0.0009668054709725828,-0.004076087589260627,0.0012589826799579635,0.003077767212701619,0.0024982628749172934,0.002471441898011518,0.0032430136485830856,-0.0005326920529800918,-0.0008562105242554289,-0.0007319936105747129,-0.0005105119025449243,-0.0017113534694241192,-0.0039889352573762435,-0.004079325111320772,-0.004215341020741157,-0.00399391574937517,-0.00571492887468851,-0.0016474505780094332,-0.003802013087659006,-0.003551132103116458,0.0008730779097825685,0.0007536485986202918,0.001434405407003151,0.004049176439917134,-0.0031870539258513765,-0.002923219414640341,-0.004073214343141623,-0.003467128915858738,-0.005531950366899668,0.001482438303477227,0.0031390156148975367,0.0025527573008373174,0.0025446232665292385,0.003312746317919726,-0.0007291207615463843,-0.000838075129354027,-0.0007819004969111662,-0.0009354091951430459,-0.001495405671692678,-0.0009067177439610884,-0.0008617594769932607,-0.0008279854016456675,-0.001218049276428794,-0.0014934521653797899,0.0009130898565764998,-0.0008678784967272845,-0.001250576111181981,-0.0010423373349160978,0.16954085596692298,0.07150002055275782,0.0715,0.0
105,-0.0012284099924517555,-0.0019197012807981974,-0.0012458866260535923,0.00031743063937850023,-0.0003439500805073001,0.0007496620943531914,-2.299708047108264e-05,8.135302223178616e-05,-0.000971575490778354,0.0008595218237866157,-0.003634395612325071,-0.0041975561836297675,0.0009127325764183136,-0.004537547342445794,-0.0036363903555143694,-0.003983194895279727,-0.0035456406726807966,-0.005250580657009823,-0.005778887197780111,-0.004481718330973059,-0.005819747941878355,-0.005460713111772338,-0.006940651462980752,-0.005430063422603096,-0.005500279916810959,-0.00612416055980528,-0.005698392081101538,-0.0057310865716325285,8.82168456485109e-05,0.0004761830733782291,0.0001825596264735707,-0.0005201200460185388,-0.00036541282817461506,-9.63579040664819e-05,-0.0001295161715570068,-0.0003591189571430302,-7.946348770990639e-05,-0.0012098229426955054,-0.0008985118559442889,-0.0008591145997216595,-0.0005346436247678878,-0.000721762815814008,-0.0007044260160114391,-0.0010768855804183023,-0.0008580395644521289,-0.000893874273104797,-0.0011070113004883787,-0.0014097874634186065,-0.0009956100253568584,-0.001895994521557063,-0.001350721532827939,-0.0013972271438738501,-0.0019163953485785347,-0.001379164845157054,-0.0013715333062586919,-0.0026385515774391567,-0.002426699707345709,-0.0024036612935321167,-0.00043056382216966364,-0.00022947521226037332,-0.00031380821217603304,-0.0005185879277018267,-0.0005622668365686596,-0.0005339174212561273,-0.0006463211069976869,-0.00033172386598165555,-0.00039298433674273323,-0.0003394128237104512,-0.0002578832036457015,-0.0004609290159327639,-0.00040744118189686343,-0.0013223745328298298,-0.001085387523837756,0.0003435166107616412,0.0002737918709018642,0.0004576108203818103,0.00016110757556946084,0.0006776643049363342,0.0004584913599490198,0.00022515832749445735,0.00015942074595847846,0.00032602825917869724,0.000193144289718609,0.0008127549565243006,0.000674302416087397,0.0011383338037229687,0.004314769339256607,0.0026004007420803725,0.00028146541528496457,0.00025545116708797076,0.00023160615249442017,-0.00013728253697885124,0.0009852181150197786,0.0008601828335475108,0.00010371538503643036,0.000972600275090123,0.0007304798030906038,0.0005348404768505372,0.0011120707258188238,0.0008503556005766565,0.0002293510199739902,0.005310729310887711,0.005179246053462727,0.0007459387467462762,0.00019799581546221372,0.0005219284217637069,0.0007400121093240941,0.0006754582096299827,0.0008441691112470037,0.000690740553267461,0.0009112847181955512,0.0009010778793884831,0.0008914036444445419,0.0016458989407299393,0.0014577046846647622,0.002035783498384574,0.011301869079141847,0.009652420086257888,-0.004039932457676755,-0.0004994731267339671,3.53640854860533e-05,-0.000286063204172746,-0.0008214382446214902,-0.0010824017899424055,-0.0009110329232594232,-0.001452995308873496,-0.001552664216710106,-0.00015393320870284402,-0.00026126991148500787,-0.0004820543986493559,-0.0004812267898589241,-0.0007253033302661331,-0.0005281699757837021,-0.0013885758624588838,-0.001480014582417132,-0.0018082882610123098,-0.0020561671016418015,0.000885328715669518,3.960317614928477e-05,-0.0031502329438676435,-0.004651314266483132,-0.00442478233472984,-0.004146184306074816,-0.0060011513036031345,-0.0009236230515923612,-0.0012526303269314034,-0.001405717994088617,-0.0009387353959651357,-0.0019206890383618844,-0.001165350830948869,-0.001125115415572169,-0.0010195872091746491,-0.0010795023532958724,-0.0016008203726806875,-0.00017861673470520974,-0.000277002436892899,-1.4587575641544042e-05,-0.0004239954841686554,-0.00027072996886269915,0.00017958575555394367,-0.00016218706925957713,0.0012864161185589785,0.000804455725736302,0.0005576667918915283,-0.0027242849318905144,-0.004283007444700211,-0.004343935745577447,-0.004616323545629045,0.16954085596692298,0.039500001356661235,0.0395,0.0
106,0.0018983819193095362,0.0004512844325570543,0.0007615020356215948,0.0001541254364030827,-0.0002373846230564336,0.000438825227665952,-8.930425294839802e-05,0.0005390452720632641,-0.0014974603014156615,-0.0007640677906701132,-0.0015769039055280527,-0.0016747006529454031,0.001020470499081024,-0.0019761086393246365,-0.0022598028195267043,-0.0017934470025100968,-0.002990470242899774,-0.002382997661576277,-0.002752141565402459,-0.0024874070166378,-0.002520837092776172,-0.0030267033427435275,-0.0027328412907511633,-0.0030953773486787494,-0.002593274439883899,-0.0022831781701753914,-0.001989157039819543,-0.0030625624118310103,-0.0010902528506682595,-0.0012259375626772157,-0.0010206095557869078,-0.001302826542466889,-0.001219214055876345,-0.0013185970316336626,-0.0011190605880738121,-0.0020209919013790233,-0.001382194171075061,-0.001687633030946158,-0.0021075270794560287,-0.0022079159683209637,-0.0026097416400648133,-0.002091057915010821,-0.0023250567634964595,-0.0017556670104979027,-0.0015974499654710685,-0.001735884090577385,-0.0013602964759559754,-0.002372871672019867,-0.0020465916684859415,-0.0024071744948436858,-0.0024085238253544203,-0.004072411092929241,-0.0028228621965076537,-0.003514565211738023,-0.0027705044767899986,-0.0027366775055824117,-0.0037149989761281303,-0.0041435774510279,-0.0003357772038468344,-0.0004182970615165382,-0.0002332967480828193,-0.0003038201171142907,-0.00032317314836999316,-0.00022925023798861708,-0.0003738194165199693,-0.0007934339532455091,-0.00044091493196636366,-0.00019208001069696872,-0.00047406619234277456,-0.0005570762522159982,0.0002537142801837444,-0.0006638432695150088,-0.0008506624269133226,0.0007973282367814563,0.0009873760733207398,0.000870055891274934,0.0008592491596951261,0.0012064035461424442,0.0010494607488812787,0.0008547059073251034,0.0004973662225277288,0.0010403856454295618,0.0012661985942931284,0.001307433702891539,0.001463827968827948,0.002077957473632271,0.006114196322062753,0.005789584301113791,9.709225588851499e-05,0.00021553448182136072,0.00021874346337163807,0.0001852682460565521,0.0005362673058975382,0.0007463471716553332,0.00035974749905322057,0.0007176157596362773,0.0009639104794883287,0.0003630057239455744,0.0008450963638428564,0.00037620816507304237,0.0004635256582055911,0.0020549660817868473,0.0015857289205530182,0.0012065648975294926,0.0008973660489245937,0.0010754154365096773,0.001124840385727904,0.00014036149078633787,0.0007039486660635814,0.0015773399459984745,0.00014345602331459836,-0.0003470748102009542,0.0012736450781944463,-0.001336302076036336,-0.0015987578432635934,0.000991649267774372,0.003879462325351529,0.003075611488839687,-0.006262270587820747,-0.0015578185415253314,-0.0022941252440896896,-0.0010897253407075147,-0.001641223211233047,-0.0015808317001954645,-0.001408454074510568,-0.0016280118198730323,-0.001636457393951474,-0.0022295174675891014,-0.0020173135251185807,-0.00220833839240021,-0.0025705662063568945,-0.0023412592303014524,-0.0009400777525224492,-0.0007691229031915088,-0.0006120475186093643,-0.0010717690620131361,-0.0009530911383798357,0.00023899123107635933,0.0008987577982570499,-0.004454152413350372,-0.006654134365963535,-0.006903041145152205,-0.006948786016937788,-0.009687646515961532,-0.000816235296880998,-0.0009532673465697594,-0.0011656573126252415,-0.0007578496986856622,-0.0008966166214054625,-0.0014574360584745328,-0.001772871512305831,-0.0019668742760378735,-0.0015309433277954309,-0.0015983650104914081,-0.001944779495189437,-0.0019561498916277767,-0.0025139507045038264,-0.0019083327790801368,-0.0020316693949384602,-0.00022403055757532202,-0.0006819520843675911,-0.0009077157017285048,0.000551884758847957,0.0034810403432311756,-0.0024520816059485496,-0.0015845396919093634,-0.00037385150365356777,-0.00032773215461165894,0.16954085596692298,0.015499997950770478,0.0155,0.0
107,0.00021463393686962603,-0.002995242877201175,-0.00166349672132984,0.0007784435789184935,2.4961960660012785e-05,0.00044221068762279324,-1.2004857180566813e-05,0.0006754989048865241,-1.0554058653790406e-05,-0.000652679204633801,-4.228650586999588e-05,-0.0002069524626801953,-0.0012052307056891812,9.261852995142594e-05,0.00010206661238008286,6.7202400035572e-05,0.0003708030627462003,0.00016968301365592484,9.694484556808822e-05,-4.264911587934284e-05,0.00033508204895321437,2.969618759265784e-05,0.00019190208595975852,0.0003772468692093026,0.000466594184899152,0.0009841125398972134,0.0004642569880877031,0.0007938878312690684,-0.0007449658151039319,-0.000843307920859818,3.119841757638324e-05,-0.00030499990187071914,0.0001543500855654677,0.00010229619463432915,0.0002364182458253405,-4.9821734293690444e-05,0.000322107261835531,0.0003413395610049098,-0.00010681756859088262,-0.0001973643646059555,0.00021007505162261398,0.000593575046885781,0.0009997991652358146,-0.00029504254947948,-5.149543287915191e-05,-6.702579359816059e-05,-6.434765726862445e-05,-0.0002803557369956269,-5.875152302728461e-05,-0.00020981258763885563,-0.0002822102600276672,-0.0001559661942079182,2.8031255742713966e-05,0.0003549973891793772,0.00016748485401886265,0.00031214188560749336,0.000491423819404262,0.00023198829654464268,0.00042583187160267317,0.000636470214062945,0.00041211116939571685,0.0010439042287128195,0.00047350506707143867,0.0005602147489280081,0.0014053642099795237,0.0005133494682127031,0.00036068441938166905,0.0024695479937941384,0.0013196475496419352,0.0005661840226313798,0.00223462601341195,5.2655131402326415e-05,2.940709116923528e-05,0.0005449931150375323,0.000864201425114317,0.0006089987322665647,0.0015534376775295394,-0.0003247080838922727,-0.001483802106661999,0.0012240962530739245,-0.004969824183372816,-0.004384986965326383,-0.0004973268729731701,-0.005583412046041694,-0.004814274146693753,-0.002878945953142116,-0.011224220492932573,-0.010600015633893128,0.0007981184142741159,0.0011883475850331397,0.00085033487582041,0.00218834334523156,0.0010550676154989591,0.0006664135781722429,0.0017580170343847379,5.0632962030082596e-05,0.00016030723410680176,0.001242614520124849,-0.00018063069061510618,0.00013192522150442198,0.0022049533059333225,-0.00470764131569598,-0.004383062132349473,-0.0014292835568316007,-0.0013315613360714617,-0.0007425635591649007,-0.001387754316286071,-0.004533061117155429,-0.0034003652731053715,-0.0013310523014696016,-0.006354664071640415,-0.005127714993781793,-0.002909381717691287,-0.008871121228660909,-0.008983500919244599,-0.00906368093139191,-0.01547035199326661,-0.014491804387745685,-0.002870559291865014,-0.0002547688841904009,0.00038213028006678,0.0010040071621427345,-0.0002172278327742053,-8.901875110909802e-05,-0.00017714241087533452,-0.00016881716325728468,-0.0005168031822531644,0.0003536708305675908,0.0006450982320653052,0.0006376912946911181,0.0004497448093342486,0.00044616962043367406,0.0005310267826330896,0.0009596347813756521,0.0006908085398950526,0.0009856803815140108,0.0008629465823361792,-0.0010128708186559273,-0.002585221536623038,-0.002264830050880853,-0.002958813409824034,-0.004919055337311685,-0.007789247501293318,-0.013622907204084584,0.0006633720450569336,0.0007877610722354172,0.0010443017801472793,0.0009016957629418802,0.001010300041437826,-0.00025441361935685323,-5.141607800729796e-05,-0.000216164628196806,-0.0001210187229552977,4.9755372661718515e-05,0.0004392288436117337,0.00033913569606774463,0.00048225178356197925,0.00044059674233248413,0.0005079365691947835,0.00026041743171147834,-0.0007901807344000803,-0.0010313085625796262,-0.0014282972223990395,-0.0015168264372208144,0.0001530237718640707,0.0003434019478392567,-0.000553212775672038,-0.000703550223838071,0.16954085596692298,0.02764425676273663,0.028,0.0
108,-0.0009345052086527098,-0.0020019672176507875,-0.0006491268134830063,-0.00022539863845165027,0.0004887422084493715,-0.0003978950474970332,-0.0005493156945279836,-0.00019217821264259433,-0.002059509683390188,-0.0010224899879317246,-0.0015108313850743594,-0.0016059389002290813,-0.0010664404701877387,-0.0010794942625877249,-0.0011082465792414948,-0.0011286457309670607,-0.000166622215848615,-0.0005609241921268792,-0.0004580647449081474,-0.00023200188381759186,-0.0003599527692134903,-0.00023022239736564064,-3.231321476456832e-05,-0.00014066744102461353,-1.3154427097047873e-05,-6.674863767228807e-05,-3.28746685821921e-05,2.418560142397424e-05,-0.0009783051232606578,-0.0009286216684781462,-0.0003296686583451388,-0.0004007202484805902,-0.0004107490192394663,-0.0006762203349982458,-0.0004146946918220886,-0.0010249246956316096,-0.00016086960078790516,-0.000692044014713681,-0.00014440413184181995,-0.0005570950250085702,-0.0006837016623157396,-0.00039895173117792076,-0.0009906093710976796,-0.0019347504156013674,-0.0017879958717982958,-0.001841164625733421,-0.0008529524177656875,-0.0006355675531317514,-0.0009236967813180105,-0.0006125192574074475,-0.0006902423312645239,-0.0006475476892411006,-0.0003836043487989054,-0.0005595700418213349,-0.0005369514834119638,-0.0005026814266263129,-0.00013093852036934545,-3.926347247875083e-05,0.0005517908688634917,0.0006077322977090625,0.0004834519327074485,0.0003321550673111029,-0.0004440847251960478,-0.00024728179265774214,0.0001699342704456611,-0.0006754681220395504,-0.0008868314633149332,0.00011778147189467027,-0.0011465382451800617,-0.0015112135734155305,-0.0006697069390682702,-0.0025601181156134907,-0.0023183744374997172,-0.00025720029142119535,-0.0005730039608751266,-0.00021302294396301745,0.0009265064983256251,-0.00046331798426296723,-0.0005842836780736677,0.001133348927544927,-0.002747295113447954,-0.0027600965963195715,0.0014464175749638708,-0.004584777951011764,-0.004938416138918798,-0.0023618536965045243,-0.009196259971328507,-0.009455583299582782,-0.0001057253950639789,2.697285096338268e-05,1.9893534307345835e-05,0.0007633858170597778,2.9308143109742052e-05,-0.00023138258488560387,0.0005141932266775294,-0.0002941102448885858,-7.791430250799611e-05,0.0008328177140157584,-0.0006806201788939454,-0.000553017006981191,-0.0011445919340580329,-0.005568435903824627,-0.005108696966102213,-0.0008179652714033434,-0.0011207398861227025,-0.0008464302110109148,-0.0008799459684479902,-0.0036928254983090688,-0.0023677831085129786,-0.000352063998677149,-0.005064575910706711,-0.00472373361489038,-0.000996229398342977,-0.0073173171203676675,-0.007706459893437941,-0.004727371977176928,-0.010686694642325745,-0.009538550924301718,-0.0020326034274923675,-0.0007023394582096286,0.0006332202447199127,0.0007926131622417283,-0.00044436791063687443,-0.00011763423641045724,-0.0003025933866687468,-6.510419218219609e-05,-0.0003280732355543458,0.0005699256328084559,0.0006298710886412246,0.0002644668365894711,0.00013726411955046594,-0.00015459741998261994,0.000760230423933767,0.000814671150555601,0.0006049608069323175,0.0005120376019455771,0.0007000146200400188,-4.106321555943268e-05,-0.001119867666199276,-0.000776208025652434,-0.001692554804102281,-0.002758483061730609,-0.003667622182159354,-0.004058782261275845,0.0007475506243106119,0.0006401884516561643,0.0005971028487259674,0.0005595582009427869,0.0006034924536192475,-0.0003339358163377544,3.5162153847696525e-05,-5.664075737454868e-05,-0.0002279203800448529,-0.0004312772501109737,0.0005840825663668148,0.0003343463958361986,0.0005696421885723066,0.0003731321793944624,0.0002879580831473647,-0.00047193326943364023,0.0005533015227706108,0.0002258248496490678,-0.0001679098277722166,-0.00038240868735409133,-0.0005196377852190022,-4.147848331927315e-05,-0.0003561331862098058,-0.0003898154460863515,0.16954085596692298,0.0070046391865753455,0.007,0.0
109,-9.185023121317003e-05,-0.001397106008980149,-0.0008701918395749306,-0.0009242415438427383,-0.0004779328176407851,-0.0009016324688196776,0.0018064692815854177,-0.0011847467607750816,-0.0006294789854981722,-0.0004978863869866287,-0.0007474645790025878,-0.0011658146172440907,-0.0026004044128185547,-0.0015804904205126548,-0.0009445591724548838,-0.0012511899329316076,-0.0012181642345459364,-0.0015155823611186824,-0.001201419727145508,-0.0011760271218651359,-0.001552245693926846,-0.0018997944993182916,-0.0014571503515978313,-0.0013246427413127274,-0.001961653600497291,-0.001040346073075788,-0.0012274327115222936,-0.001039285060083951,-5.9116075264400263e-05,-0.00021295085560783927,-0.00013697037925553161,0.0004788055704166543,0.0002848556927710663,3.0150249346198763e-05,0.0006253715172607247,0.00013459773964628275,0.0002588500425116058,0.00011276011538845134,-0.00016347796153355753,-0.00012270534908995556,-5.532875964982198e-05,0.0002199736727035443,-0.00017028522276365916,-0.0005656147844450788,-0.0004803175592177706,-0.0010324698875551269,-0.0008189019176042063,-0.00078442969045961,-0.0005738069320364369,-0.00035176631090995587,-0.0005357132743418976,-0.00014066406819057846,-0.0006729318458472671,-0.0005582916485743023,-0.00032078184100930556,-0.001065240328054675,-0.00022606170711646928,-0.00024156878344096152,-0.0005173882218942075,-0.0007129330367085437,-0.0005830160385298567,3.19580588062765e-06,-0.0006027496770150718,-0.0006472544873456237,-0.00031939276754980626,-0.0006453946159526872,-0.0007939430954350771,0.0002535477588098589,-0.00023140250306829385,-0.0005449960987188302,-0.0003613088358676264,-0.0014025863794434048,-0.001408914358039396,-0.0002639840673422437,-6.849469557323443e-05,-0.0004921608799418102,-4.691771652758175e-05,-0.0011578970813467444,-0.0009475093591376765,0.00036561826738855743,-0.002194536350296131,-0.002185513486810206,-0.0009360205783106588,-0.00179893893882368,-0.002395720143820399,-6.433945009015747e-05,-0.00030967290270599013,-0.0003893388075142414,-0.0004176714354330971,-6.309959677095532e-05,-0.00035568431153849795,0.0016396127920511496,-0.00010882223380562845,-0.0003154073181643332,0.001952387927171107,0.00010290361276372621,-0.00031249902327932605,0.0026056084929122927,-0.0010014663722609765,-0.00017386985183297997,-0.0017681213802909464,-0.004030408036511758,-0.0031733716999602086,-0.00041789409099239584,-0.0009384404141084126,-0.0006925045167748245,-0.0005661157938991974,-0.0017209703330802583,-0.0016511016309273417,0.0001212522096109036,-0.0018162698999393484,-0.002485196521760024,-0.001052521298319637,-0.002531152645159957,-0.003226059774286835,0.0024163195466355212,-0.00036195552243374846,-0.0006772468939247741,-0.00626894832821138,0.0002208174679978958,0.0005250073643882488,0.00018950361925194924,-0.00021689024445769174,-0.0011483040903618425,-0.0008901395015915587,-0.0010926284477570775,-0.0013583437214067437,6.835570721644458e-05,-0.000358075485873731,-8.036560895711592e-07,-0.0004333516028941477,-0.0006268858294316743,-0.00011862272446143307,-4.157809478759214e-05,-0.0006361463974580791,-0.000787067311083967,-0.0005301299891447482,-0.001968223943857298,-0.0024109711777447057,-0.004229348544973772,-0.002221801649017993,-0.0022425461506366475,-0.0017661543937249884,-0.0017826000176858839,-0.0001743448325480453,-0.0008092250019823797,-0.0008991228772926753,-0.0005875173531516017,-0.0007456050421873852,-8.25153477143816e-05,-0.0010530320682804906,-0.0010866073332524279,-0.0009062820004351186,-0.001286344770145224,0.00031687322371236906,-0.00018821130415241878,-0.00016833172372516045,-0.00040726233069234284,4.096317690832864e-05,-0.0009945316523490226,-0.0010635631177979296,-0.0010703770699579335,-0.0009406565568795668,-0.002056627297773413,0.0020538223662881524,0.0009824013748354033,-0.00013792233507194465,0.0004849023492144128,0.16954085596692298,0.04899983688800885,0.049,0.0
110,-0.0008969382515719435,-0.003077402920342753,-0.0006750893889787577,0.000926681281370352,-0.00012572151084061018,-0.0005356843797015529,-0.00029634548079704437,-0.0013102846262737897,-0.001590333941857815,-0.0005661072387121141,-0.00148212682950748,-0.0013611118779693029,0.001805995329326906,-0.0011035505916268255,-0.0011385902034588473,-0.0011909630745399991,-0.0004753137365056918,-0.0004841270808599824,-0.000606730825999137,-0.0006183700896110239,-0.000641001155062476,-0.00035841216049405436,-0.0001730466575771146,-0.0002196038032263215,-0.00015769631516481393,0.00021041581471433168,0.00011376026648259135,0.000222310521480299,-0.00046228819243835875,-0.0008227475616158087,-0.0001909722977512715,-0.00027783821045855453,-0.00039138645025823556,-0.0007364662431067451,-0.00030047181009012813,-0.0008860672292891535,-0.00018199900751287267,-0.0007195444596483473,-0.00041386380617135324,-0.000674027548393836,-0.0005181855014265868,-0.00020359005882428477,-0.0009125971606048854,-0.0011462827997166282,-0.0014767871919787875,-0.0013685525126167233,-0.0008851179186403383,-0.0007835870533868504,-0.0008624506601686067,-0.0006258485215241509,-0.0006975584151916674,-0.0007451584873818929,-0.0006213570880794813,-0.0003098355325331551,-0.0005003928624237619,-0.00025215379178111867,-0.0002503930754834433,0.0001261274574336632,-0.00048491828682263106,-0.00033246267903763396,-0.00039115918890357613,-0.00028693947368072404,-0.00044665235250234114,-0.0003520628671120873,-9.18116161608551e-05,-0.0001536771754765666,-0.0003391012698058736,-0.00029405759626846567,-0.0002828104341790478,-0.0005658688492690708,-0.0006587863094826981,-0.0019259322496373776,-0.002012612278016214,-0.0005792567927388492,-0.0004466988542524326,-0.0005166772223498174,0.00010755754503257928,0.0005417829513099899,0.00017566789118885617,0.001988533785676072,-0.0017348568618034072,-0.0010763813576559766,0.0012955668847685758,-0.004061678963022187,-0.003990411384011631,-0.002442692858865218,-0.013094980818157936,-0.012044785452034334,0.0006509666601045773,0.0006351335172768944,0.0006559159503056404,0.00332592850054,0.0015965075208742047,0.0014114080002851112,0.0033073885344526125,0.0006540964955078351,0.0008760370968931893,0.0018601679648394343,-7.05006749870379e-05,0.0001932994945671902,-0.0005826761404517325,-0.006517193530577248,-0.005928289035171799,0.001945272456165834,0.0025297636142208174,0.002463450667013698,-0.0007566729927364496,-0.0024312450316967263,-0.0018176403785043914,-0.0005334397595413065,-0.004164401309830035,-0.0037200696415388966,-0.0005881998301258941,-0.006722412364881391,-0.007961850901086753,-0.006046378070852119,-0.014522796910030436,-0.01468245495096746,0.0025636791760111077,0.0010534161300942157,0.0002522234255988529,-0.0016938280666844413,0.0009146475650909998,0.00047400521325079446,0.0003950617417544709,0.00010959125163895539,-0.00018610860502566695,2.944997540143866e-05,0.00019476091425210345,0.00018561938203333003,6.969586185607711e-05,0.0001726966040584895,-0.0011758100161950193,-0.0014961549905461622,-0.002536938126888262,-0.0021071561908589565,-0.0019362516013426041,0.00044902099636050973,-0.0019311325205681078,0.0023174208886959894,0.0009736970725387765,-0.0006333656469177255,-0.001270510076042439,-0.006872509570915507,-0.002171509061179723,-0.0026575124449899515,-0.002277523233078296,-0.0017844286362790544,-0.001508229021031645,0.0010112945600583394,5.375226140428713e-05,0.0005738508065661217,5.754157774906594e-05,-0.00022123542135504067,0.0004895385294765919,2.7991908573996346e-05,9.423033912746482e-05,0.0002498366589974218,0.00035790119757359555,7.733685743274288e-05,-0.0006200690138102142,-0.000558464018225115,-0.00037387965336593034,-0.001163644770125955,0.0007825021738222016,0.0006430909001589208,0.00130652262747764,0.0015909849333809757,0.16954085596692298,0.018500124710360694,0.0185,0.0
111,-0.001149691796279193,-0.004429770481617106,0.0010078222422692776,-0.0001282187844168966,7.315718446201041e-05,-0.0012551582787262042,-0.001621190951300714,-0.00017019990870425746,-0.0012694369417421412,-0.00015058797346060419,-0.0006743808043399801,-0.0003609350582935446,-0.000765312230042892,-0.001121781164887321,-0.0011343382149859383,-0.0002897197906290805,-0.0005249647403173007,-0.0008088599864594197,-0.0005885405598208046,-0.000428902185663061,-0.0003864439613166835,-0.00039973667769159824,-0.0007263626484383981,-0.00034216999160211126,-0.0008248033895939438,-0.000692743435911256,-0.0006259925423189455,-0.00015484078251958326,6.826896030634787e-05,0.00024628487720619987,0.00034969862223031964,0.0005363298979924391,0.0009528842899052114,0.00030421763401265733,0.001065557233705276,0.00036078225564489515,8.186753261464495e-05,0.0007607431375595326,0.00021557638140276564,0.0006447114453667322,-0.00016831112595632467,0.0005210056309709404,0.0001662192792736873,-0.0013186184034330766,-0.0015361477466586644,-0.0011952085071039208,-0.0012202409785977322,-0.0008529058577255845,-0.0010322790014240992,-0.0014811962385762978,-0.001048201527441154,-0.0011260479735970936,-0.000867943358784206,-0.0009255376719603677,-0.0007069040739976898,-0.001138053808649952,-0.000887095910663189,-0.0009154816133998766,-0.00019167901362976265,-3.207692593929515e-05,-0.000169267299040031,-0.0008186009612952398,-0.0012267766831424807,-0.0006584835135008875,-0.0005569536578826201,-0.0011354097420926343,-0.0011298653001816585,6.394260705465518e-05,-0.0012948883356853646,-0.0016714598763740917,-0.0006691292579828732,-0.0026823963143142856,-0.0024521872272120246,-0.00026096717438207657,-0.0002773630356649939,-0.0005382102142908483,0.00036831902784859114,0.0009739378020807053,0.0005360643585154567,4.123557285402681e-05,0.00019078998898508902,0.0003689967046944778,-0.0009465438586798801,0.0007226036591076806,-0.00021149254864969837,-0.0013775737645791565,-0.0016788999700448873,-0.0011024904542125276,0.00016658795399217266,0.0005162131786098526,3.4289857822124704e-05,-0.0004836772780727767,0.0007604002189177229,0.00016903276714594738,-8.7442808713635e-05,0.0005292904593305181,0.0008030301452986173,-0.00017069206258390956,0.0009236127020079847,0.0008944041831838376,-0.00047421990550346903,-0.002409780793133566,-0.003143292443743197,0.0006258849511096429,0.001061310392824771,0.001049632108507476,0.0015319443406528052,0.002780465696097899,0.0023362596156801447,0.0015559342625421102,0.0024476315828103326,0.002190610051932944,0.0003993922959765045,0.004267707052115648,0.0032193003805500446,-0.004378102195449583,-0.01800300647964515,-0.01867218943478925,-0.0024720370740086463,-0.0006985118516700372,-0.0005519849582901636,-0.00019806083869339708,-0.00033617479283923915,-0.0005139823866397317,-0.0007016538217337144,-0.0006187879771798832,-0.00014575290238557533,-0.0005687508493116285,-1.9388118762083526e-05,-0.0003321848714180702,-0.0008547618228899447,-0.00021961127355236209,-0.0003791411005501434,-0.00023902212724845936,-0.0005446542859688821,-0.0008372556869984295,-0.00026425561007172515,-0.0005572585031971122,-0.0008366753629471427,-0.001527785154240933,-0.0020159636713930023,-0.0013460596999387898,-0.0024305446257654414,-0.010154271763287509,-0.00017896611585381812,-0.000598709604692126,-2.589207229296719e-05,-0.00016122600961470445,0.00011292499858210293,-0.0005184368477660475,-0.0003447102775152697,-0.000977140887865544,-0.0006401303010758214,-0.001034691374306776,-0.0005028211926264365,-0.00033243593514173115,-0.0003940414439130192,-0.0006098518307469833,-0.0002930204740066511,-0.0012815743813792834,-0.0017786133531836213,-0.0016613652593100176,-0.001466441858402493,-0.002837104113463155,0.005092615868780323,0.007068808968151684,0.0047854310844420225,0.004367490450243955,0.16954085596692298,0.07849999778669728,0.0785,0.0
112,7.0871222369253e-05,0.00012780044861843682,-0.001232004552291086,0.0008946379691191201,0.000633233191766749,0.0006360534841762238,-0.0006392536262298271,0.0007645383616652399,-0.0004952117212493142,-0.0003416519488799611,-0.0007209823834495924,-0.0006776287119313934,-0.0011494246458860326,-0.0005285258478038914,-0.0008709754855417948,-0.000514722063171136,-0.00023340831068464454,-0.00019789324772454775,6.550522409497171e-05,-0.00010898685745109068,-2.7897849838264808e-05,7.95646724588515e-05,-0.00015250008696559918,1.2214928932128048e-05,0.00028726015637008817,0.00032424521654363233,0.00022017632404037552,0.00027604242614954187,-0.0014807061864197852,-0.0015496534447526605,-9.875699597511674e-05,0.00012335054869430076,-0.0025934720676599383,-0.0011324889294344609,-0.000149101826778359,-0.004178085454913249,-0.0022370318215036984,-0.0013033615902821175,-0.0014915998043541045,-0.003068362120671492,-0.00048248236064187856,-0.003522633724091235,-0.005005763199990786,-0.0005824183345505049,-0.00033079891171281965,-0.0005341713203444513,-0.0001600911671434615,-0.0002649815777850442,-0.0001224583365128718,-5.040195979795824e-05,-2.4746943043143927e-06,-6.0413416714885864e-05,-1.161972628424377e-05,7.422439516541294e-05,-6.746062992108492e-05,0.00014304102419076699,0.00027497640017733405,0.00032207637364503535,0.00037096819495986287,0.0005942114853901603,0.0005668732986109547,0.0008707727173673868,0.00038312838344785127,0.000529807737533342,0.00085350785012452,-2.3529414916774303e-05,0.00024401441370603457,0.0007311132238753743,-9.843658312065124e-05,-0.00022365203612776362,0.0005198667412192092,-0.001512017886751943,-0.0006962176981111525,0.0006945338167405433,0.000542294670571296,0.0005548831710767527,0.001350880834996097,-0.0009653762508244993,-0.0015431918482047705,0.0008406456327394073,-0.00498183744861342,-0.00478284684528859,0.00013027613846396715,-0.005884323666427968,-0.005920814511961296,-0.0018291523018269021,-0.013186210797865623,-0.012575476172967708,0.0005198071153267405,0.0006583840221624721,0.0004927550596068169,0.001438901033348599,0.0008137143305048996,0.0004899745128651536,0.0015172933610014953,-0.00010687374670014474,-0.00017096433666425625,0.0015133897248387988,-0.0009773678745742614,-0.00019079435649239915,0.001412134589651097,-0.004894848243583386,-0.004472212789121186,-0.0010982087960397908,-0.0012666412412766844,-0.0010828921637245437,-0.0007126348072960027,-0.004661509051486419,-0.0033192106887164376,-0.0007181469591965194,-0.006292666015600552,-0.005342185222143312,-0.0014661651517863053,-0.007898726522118642,-0.008602555724439387,-0.006478696103411674,-0.015313297453806359,-0.013777713142500116,-0.002274145230763089,-0.00022645816011786205,0.0005335500967843965,0.0008896782018399254,0.00010402371400470443,-0.00010568935335184419,0.00014270547259869634,6.903452516885573e-06,-2.3514164852675566e-05,0.0008019509236403199,0.0005238774152372067,0.0007552115618962737,0.0005631118744939506,0.0009428702654061847,0.0010161809457450294,0.0003625412466141055,0.0006262402473745191,0.0007210144392790971,0.0014452776443295591,-0.000697700786848327,-0.0011736335334736185,-0.001721976494916921,-0.0021077944574706907,-0.0036934191719444334,-0.0054261447778464955,-0.010624065673360487,0.00032289528726815785,0.0005374583056849403,0.0008093560541607629,0.0009619311341653704,0.0010256127196462531,7.202772959934995e-05,1.560421086631816e-05,8.761213720863149e-05,-7.583751060179426e-05,1.580537980831584e-05,0.0004590804675832105,0.0007377352549221136,0.0005197068568986618,0.00042785923070537413,0.001017070893006863,0.0006919682869745121,0.00013502129381816186,-0.0004456267787428234,-0.0006892497534047023,-0.0009265262116252536,0.00046504947685830944,0.00019478116032547598,9.541573465681143e-05,0.00011299716311799504,0.16954085596692298,-6.106180381409976e-06,0.0,0.0
113,-0.0016389554995250612,-0.0006557773669311572,-0.0019370276969038454,-0.00023970126825115833,-0.0004717033243038319,-0.00012509061952797982,-0.000367236380512275,-6.6205828543889e-05,-0.0026275784364151113,-1.000158546115565e-05,-0.0022939713605302846,-0.0022466471835211974,-0.00013950833015353184,-0.0018222951757885443,-0.0016359566720743032,-0.0019660141743486543,-0.0008436072063278935,-0.001251136416576534,-0.001366439548387821,-0.0009008877016039699,-0.0009386229461684314,-0.0008218705766318167,-0.0009656396973066196,-0.0009682626735131317,-0.0005740096964402749,-0.0011584450290236267,-0.0005709799123000391,-0.0008812023124628672,-0.00040415634898641065,-0.00028368595847544695,-0.0003722597616636465,-0.00048333691127564973,-0.0007468138859687475,-0.0005603015676374095,-0.00013704889621917756,-0.00018634859483912007,-0.00015334797162065442,-0.0005563627619238291,-0.0001980507167102595,-0.0003395715014460537,-0.0006464339030892967,-3.953213469858421e-05,-0.00021677126224706655,-0.0028487406580188328,-0.0026039327722238987,-0.002319537299666787,-0.0023358784387063126,-0.0020828023831759605,-0.002009502259472161,-0.0019809352868022643,-0.0013794685348091941,-0.0013286811778115788,-0.0013358892576890592,-0.0016046423486770934,-0.0010896155789034347,-0.0011492051549802267,-0.0006121886752328998,-0.0007693770460983777,-0.0002592269608819861,-0.00035792076473401105,-0.00023964421115346915,0.0008518804560928206,-0.0002510068758318947,-0.0004164050081630063,0.000886338645783169,-0.0006728937274964518,-0.0008906282740947024,0.0006440062907433147,-0.0013578418886162058,-0.0012917381024764418,-0.0015095381199920672,-0.0049287288691480914,-0.005077837503362137,-0.0002090935303820274,-5.4138866755917835e-05,-0.0007472047065645585,0.0008841177296147225,-0.00068244843024685,-0.0013063482118544003,0.00012610838363366034,-0.002643988977560704,-0.0028836269904819545,0.0005401568402988297,-0.00411174857216986,-0.003369739164177845,-0.001275211402070512,-0.005029707138368145,-0.005171560746094724,-9.422601547451852e-05,0.00019687609309216103,0.00048762021894830265,0.0022335970048657557,0.00039543880986140636,-7.034030310453599e-06,0.0009281495631047761,-0.0005228684012892838,-0.0002163354186063909,0.0001280842645412961,-0.000819303179524129,-0.000922641518320991,0.0012827626823785313,-0.0067349735028187545,-0.0059314682037289726,-0.0006976226020526448,-0.0008046718578194438,-0.0008742524113354715,-0.00023099254374004126,-0.0025733617004453256,-0.002836628523878388,-0.0004609643546978567,-0.003939854621888694,-0.0037088236600187675,-0.00028760301786674995,-0.005479975399593993,-0.005332956564490288,-0.0027448236884811206,-0.008429754423978503,-0.007503304141426349,0.001009355395132736,-0.0009482093057538409,0.00011968640388665118,0.0013727981275760003,-0.00019942130411510078,-0.00018262605437559192,-0.0003206364607171376,-0.0004118981081362684,0.000409930611514939,0.0003989397508074435,0.0004005690733168278,0.00025316002962274625,0.0007443500924806817,0.0009561835448996871,0.0013349524537972798,0.0008001144493614685,0.0009114217938692233,0.0007181695943871927,0.0011772624605008596,-0.00020482326533458376,-0.0014673287030318172,-0.0005381840540159301,-0.0006828547091379642,7.69259109735239e-05,0.0016938866370140339,0.004167369201647134,0.0012388629862484515,0.0006355974415453815,0.0010399054682040702,0.0012006903168012722,0.0012176412365030064,-0.00043653021145852866,-4.999957166872197e-05,8.381798309684632e-05,-0.0003471416370394501,0.00025350047928769046,0.000542458249340842,0.0006090851181932698,0.000798274128293204,0.0005268664069464211,0.0007670925199390657,-9.290396104792604e-05,-0.0009571251241291696,-0.0005087664442733921,-0.0007852439648518954,-0.0014442708699033266,-0.0012324253171845235,-0.00022425081302619997,-0.0009998001673656041,-0.0008985372097092202,0.16954085596692298,0.025500023065723965,0.0255,0.0
114,0.00012368011645875785,-0.0006055797401294062,-0.00041282926628363704,0.00032811255433393263,4.320873305675784e-05,-0.0001683707328359586,0.0008593946256549557,0.0003798521200526374,-0.0009781691937216048,-8.59323513989205e-05,-0.0008161999183521733,-0.0012623328077718816,-0.0010076886498172196,-0.0008159292660939805,-0.0007387917568737009,-0.0008352753326434656,-0.00035509017212342653,-0.0005072364038498086,-0.0006135799096305403,-0.0008044123817059636,-0.0006999436803610409,-0.0007833172984607439,-0.001038581579947867,-0.0007560214901156203,-0.0006745134056542396,-0.0008786195618481133,-0.0005128447684109429,-0.0003616497948035885,-0.00021023445607695488,-0.0004383954227876147,-0.0003305742701847152,-0.0002463235362570414,-0.00034748850748527664,-0.0003174857574036771,0.00025157431641765533,-0.0003957682277775473,-0.0001823156563150774,0.00016894993853701912,-0.0005814232949016569,9.288443008808624e-05,0.00021110406307902805,0.00019557563988683395,-0.0011406205881907086,-0.0010172479811843148,-0.0010327826811993154,-0.001074830675885769,-0.0005845358829231948,-0.0010367011027449888,-0.0009502605476212679,-0.0007352944712477117,-0.0010976514882740619,-0.0006660519613000029,-0.000608929018999236,-0.0007429131023352398,-0.0004385170027838666,-0.000485444479868171,-0.0006195463403694887,0.0003891507315213046,-0.00045740164684038455,-0.0004088560805086302,-0.00028914588700460056,0.0005377627431130548,0.00038562113776153124,0.000432936150233868,0.0006884861100619058,0.0005983648816324701,0.0005450009624694316,0.0003636440901501931,0.0001924862825348112,0.0008917390394675839,0.0001411206749324098,-0.0015817162300199835,-0.001053391400577854,1.1484369476783714e-05,0.00014644174395017593,0.000363948700023662,0.000589525900251592,0.0008249836714124492,-1.760613105215334e-05,0.0004189746905179413,-0.0016338210083803246,-0.0012328111797725093,-0.001315255537188613,-0.003214045633129815,-0.004355650114273495,-0.002002122766933507,-0.01083092623425909,-0.011524414927355365,-3.543704796750348e-05,4.5827979814170954e-05,3.713320912784741e-05,-0.00042819717692481313,-0.0003139085615157199,-0.0006982431200269328,-0.0005004221226564012,-0.0013744708056013155,-0.0002573856483155238,-0.0010683644937084784,-0.000730751856777863,-0.00013197489774932972,0.0012659530146709502,-0.005375587100710124,-0.004789187820506462,-0.0005802699768964788,-0.0011374743624835717,-0.0008545603183701939,-0.0007738502996420355,-0.002331533701217403,-0.002130264389452137,-0.00043085704895216224,-0.004217386303618139,-0.003887316778725608,-0.001199031720856435,-0.006708800602128088,-0.007203515188838244,-0.005448457738894515,-0.014544343943300984,-0.014224691205615687,-0.00038150805530918444,0.001176633316619323,0.0007734990878045822,0.0012056430874561792,0.0008408764225253531,0.0007601497643514301,0.0003991606433262071,-8.690480468098754e-05,-0.00048377229828820006,0.0006583609787417881,0.000744369623366764,0.00030895630457344154,0.0007037693121197062,0.0010013952386328415,0.0007759680059080384,0.0006654812080785464,0.0006559327178299527,0.0005270003419199368,0.0012697341533902402,-0.0007626240774112888,0.000389922186552228,0.000203230582595342,0.0009968092601792481,-0.0007611304427830035,-0.0038400887301975905,-0.009490101735535736,0.0006154355786059824,0.0008214757890477887,0.0005276672829943277,0.0008802168231310088,0.0008747764939827994,0.0010603515347763883,0.0006053806527129243,0.0003058359470826299,7.886338073090025e-05,-0.0005535194445222957,0.0005860705872376903,0.0002729769133929006,0.0005183400605428361,0.00047709292620591,0.0007621207448103564,0.00016594102593639018,-0.001051462693931543,-0.001270122832312061,-0.0009503033971938438,-0.001383467206547538,-0.0009507955479300598,-0.002305951302489487,-0.0004727527417739278,-0.0006428578827795888,0.16954085596692298,0.026000158445389276,0.026,0.0
115,-0.001097784513203531,1.20558083093486e-05,0.0018871366976070385,-0.00028844040010683145,0.0001857021758366053,-0.0002186943372237086,-0.0004820335822668709,-0.000442284718684565,-0.0006075008091606223,-0.00017570622572270713,0.00011630400945037081,-9.273846289007652e-06,-0.00029323512717939417,0.00021546551830164802,7.375685772267159e-05,-0.00014937528500666496,0.0002567302925660628,0.0002281890956037929,0.00022691729832373722,0.0002449525475603026,6.2401998098922675e-06,-6.020636908186465e-05,0.00017305659025819314,4.952261923985735e-05,0.00014533508080439,0.00029438558373107686,0.00041974542195180646,0.0003072496666325069,-0.00045592898081784597,-0.0002456666628075085,-0.00036003566969389206,-0.0005808764282595884,-0.0008907885805778553,-0.0009285144858403535,-0.0004870685048816045,-0.0009104832085216998,-4.258946033435657e-05,-0.0007324722341721472,-0.00017037045926471297,-0.0007770980986687545,-0.0008837581418885687,-0.0009254634910967023,-0.001303582159760867,-0.00030474017117914623,-0.0005447466731958886,-0.0002492245602617284,-0.00041607793373197937,-0.00045074767506619304,-0.0004512014208461148,-7.422363226122181e-05,-0.00016468400246888546,-0.0002051027917959901,-6.790078261968357e-05,-0.0002479987643298085,-8.64631798872604e-05,-0.0003699960972698953,-2.306876072573759e-05,7.652710721674925e-07,0.0005045509247944741,0.0008292548794006972,0.00047943787868695597,-0.00010187175155536146,0.0003297209575572021,0.0007787812462020685,-0.00027674903369650995,0.00030666480490342825,-0.00020751577762375957,0.00019312742865511842,0.00011081624562908878,0.00039460931264427633,-7.054370888059505e-06,0.00027880446991668196,0.0006317690307344358,-0.0002638063501497383,-0.00021949700512374586,-0.000682377966733018,0.00015463590869930523,-9.17774354661332e-05,-0.0004676930929410204,-0.0004130981906733008,-0.0025866476789536815,-0.0029120652515097515,-0.0009094168993541459,-0.004433020092256713,-0.005108593570390519,-0.003239807178216696,-0.00954740595898593,-0.008909826525792197,-0.00028318014085257674,-1.8357172397179316e-06,-0.0001521521631152907,-0.00035799625809216317,-0.0002691701460624208,-0.0003680095074597844,-0.0006237523338565144,0.00027699308760398625,-2.127028573437949e-06,0.00026820163197786503,-0.0009493065907526564,-0.00029062162297631086,0.000994772615212558,-0.0019064310941166636,-0.0014392654515694508,-0.0005631053915910892,-0.0008756510350339775,-0.0006988265207050144,-0.0006545065418308565,-0.002061285223136745,-0.0016689937709567732,-0.00011566835763734608,-0.0031789339061894925,-0.0028597727392944685,-0.0007967071136418111,-0.005461709158719637,-0.005754186552799523,-0.004997504050268853,-0.013172410456686032,-0.012187745345441484,-0.001958256755410549,-0.000561818368410021,-8.216450881951226e-05,-0.0008541323990595952,-0.00011138641445214435,0.00020461495049157796,0.0008806886231115936,0.0008236885455938192,0.0008558791685240972,4.8063064221571804e-05,-9.122746508917853e-06,-0.00023070249967034438,-0.00011677009058937495,-5.719809482600844e-05,-0.0010586240614370171,-0.0012112298804749615,-0.0020672337958050667,-0.0015088732414521384,-0.0014170982481725113,-0.0004323649935197457,-0.0012860851659854259,-0.00146773346954619,-0.0009305749290631838,-0.001774927396084572,-0.0034179057272049913,-0.013331406750652596,-0.001576813701548512,-0.0017916803071721817,-0.0013253324843933508,-0.00144102307047885,-0.001850111226601353,-8.904412844832114e-05,0.0003771496160043851,0.00014826428936914253,0.0008149208473291759,0.0008087874973866947,-8.31623194454556e-05,-0.0001539290328853027,-0.00023620411418254932,-6.0371215778747465e-05,-0.00015065727395898435,-0.0005810036224221232,-0.000782749458842349,-0.0003409039575696043,-0.0007793292601444053,-0.002129929890972494,-0.0003406712973907407,-0.00025797622735249413,-0.00034866517319446984,-0.0004287998704402134,0.16954085596692298,0.018000109980925133,0.018,0.0
116,0.0005203341434181534,-0.003298572099708977,-0.0008143418691855462,0.00040794219338712,0.0010483265374111666,6.362518956608133e-05,-0.0006058946644043084,0.0002921314589995975,-0.00039951503822082947,-7.72163887062287e-05,-0.0006495046574094285,-0.00011091174355123027,-0.0011782209683656843,-0.000361620150883647,-0.0005791615228188347,-0.0008077387069538325,-0.00033224841860471057,-0.0007017894051766695,-0.0006971876317763583,-0.00014271414915697464,-0.0004311473583940683,-0.00042870348897340783,-0.0001970924865321808,-0.000798519522367792,-0.0005384130104889015,-0.0005807903607841417,-0.0018577909281922537,-0.0010690714428372293,-0.0002969856921759052,-0.00028041858739284123,-7.261383389755728e-05,-0.00028955076264699457,-0.0002057767450231905,3.7009613034104787e-06,-4.955497848082182e-06,-0.0003291042051350644,-0.00022326467404829953,0.0003100928094532257,-0.0007785693031433271,-0.0005400946637108333,3.8872868016309854e-05,-3.373857837793299e-05,-7.390593384757758e-06,-0.00036617237006801367,-0.0002100474349747097,-4.212271563082453e-05,0.00026102674198570197,0.00016383957396011068,5.1153941292212046e-05,0.0001338965619527587,-0.00022021640564509414,0.0001326130985051655,0.0004013117198017276,-8.309227466082023e-05,0.00015917704063441387,0.00022807574966836198,-0.00011721504986958097,0.000387069026520811,0.0009545743881093514,0.0010412424736916863,0.0010598333787295929,0.0004129796775585095,0.0007511842215120675,0.0005992584850979578,0.0004732180363248167,0.00016213766822118755,0.00019959945557096505,-7.490494052647818e-05,0.00011204980507839998,-0.0001317255659822467,-0.0004675713254568998,-0.0017430762685849287,-0.0011021616232923912,0.0006034658822924058,0.0006409923795938509,0.0008705725112566402,0.001978781979583328,6.435640228659731e-05,-0.0010057180539189301,0.0016759684407586318,-0.0044285881528291614,-0.004146913426830993,0.0002588336399375041,-0.004804638427842967,-0.005247509981988907,-0.0013487197512121625,-0.012514335920897431,-0.011747176604816006,0.0004023892730368681,0.0004907110762892035,0.0005549563980226556,0.0022460982083578386,0.001129424111778987,0.0005338763389912906,0.0019029775778088582,3.949532816124714e-05,8.566042836561418e-05,0.0018498348804334818,-0.0006819088829126531,7.689139278307377e-05,0.0009640893893121542,-0.006122896313917696,-0.006307632761091368,-0.0009591017478941222,-0.0011288108947698423,-0.0010563553100195774,-0.0008717936861784239,-0.00449491434627549,-0.002825078032600874,-0.000662286931745682,-0.005894239823143091,-0.005131566439743195,-0.0018211135043165972,-0.008891027611029846,-0.008584045011434775,-0.006494582344370021,-0.014991999177461773,-0.013863462965908476,-0.002596275290737321,-0.00037346208141360743,0.0005620208436056896,-0.0005500734863309903,-0.0003129516998791705,-0.00016419118265449957,-0.0006243181689446383,5.891040427310892e-06,-8.57700192664769e-05,0.0001573226707233456,1.7045644764851444e-05,0.00022382400366739364,0.000496630939747319,0.00036129975154893147,-0.0006329473725952418,0.00032135345498195757,0.00037645831360231234,0.0004533464247444197,0.0009388662174533419,-0.0010329388970113525,-0.002038063680476498,-0.001728350732396707,-0.002828850521994511,-0.004175095467696754,-0.006919183687092457,-0.010373903601040716,-0.0003635284632349018,-1.5954643492791492e-05,0.00057516071104542,0.00048176786185231496,0.0009174354256903417,-0.00028935061730060014,-0.00032797938868573957,-7.573730854614138e-05,-0.0005355078520192224,-0.00020435854026669246,9.044832012367904e-05,0.00025160221364427,0.00045209432313372935,0.0001915301157470111,0.00024388022555739967,-0.00044369542644552546,-0.0005692136424586806,-0.00048567603522033624,-0.0007901827709518066,-0.000980105182069649,-9.859453636115086e-05,-0.0003647005228288432,-0.00034141576006262435,-0.00024093730355343736,0.16954085596692298,0.0025288122006559,0.0025,0.0
117,-0.0006720942280937826,-0.0014376483420209198,-0.00707404597229567,0.00022691580652715504,-0.00016214232454334586,-0.00029890357968500306,2.544845189355495e-05,0.00023148279191250335,-0.0012801268529809636,-0.000808004362198935,-0.0035330074924463336,-0.0035316409717191174,0.0014314846348525703,-0.004486300161066726,-0.0035420325746744323,-0.0029591709911216354,-0.004087098307567088,-0.005337417523625185,-0.006072297054952734,-0.005041632445826642,-0.006155621746570371,-0.0073258988602234384,-0.00711877028356697,-0.0058690335369600026,-0.004977162082326883,-0.00462224432301873,-0.004426243919180053,-0.00518355494032338,-0.0006595277016760819,-0.0006667311099531384,-0.0003357546570428002,-0.0007995700659163934,-0.0007998341599991315,-0.0004100671585383862,-0.0009812298941085037,-0.0014354659204557727,-0.0011449263151469434,-0.0015880773085303922,-0.0015302906216373754,-0.0023998651074665497,-0.0022514900697967587,-0.0033444488313553295,-0.003375618732361158,-0.0010173062990635924,-0.0005195250344888131,-0.0019030698999171448,-0.00047215432352411675,-0.0012342384978645212,-0.0011318365943258776,-0.0015251625608722816,-0.0020083009570700874,-0.0010554308964359049,-0.0014743169182969001,-0.0014189012398107344,-0.0010431535170043343,-0.002820946053137136,-0.001770755134626916,-0.0012063560281618322,-0.000256297018047281,-7.057769419753038e-05,-0.0001442944919230232,-0.00029221012470636556,-8.915002605666592e-05,-0.0002574549513336962,-0.00024963045388384385,-4.546637505280195e-05,-1.4932835865250501e-05,-0.0003842538027933659,-2.8761474140131e-05,-0.00010898162657794516,0.0002546039155975449,0.00034405893932515634,0.0002672713634394999,0.0007249652797541803,0.0006551272235855531,0.0006291199299164491,0.0004865110611421806,0.0017991190734998074,0.0015694461125457693,0.000845994070705601,0.0011073352013891132,0.0014089876507160709,0.0004534495110781443,0.0012565011971764554,0.0010575233572625432,0.0023588500118580896,0.005514679200638631,0.005778011952914379,0.0004270083471698842,0.0004115116982307115,0.00042873140359283717,-0.0003720862502918969,0.0009567339818875675,0.001004657305036691,-0.00032527429629370996,0.0006309662906274062,0.0007982037230479658,0.0003660521753816763,0.0010356832733710304,0.0010086463043603876,-0.0003368833548028461,0.004505762695345452,0.0051686392613366295,0.0008514551817705468,0.001041279885849593,0.0008189410617235016,0.0005118341613003144,0.0016956023160046658,0.0015731206720589822,0.000834035006033155,0.0012278441402144642,0.0011663373687028002,0.001314015981259096,0.0019437585628081496,0.0011305560503240514,0.0025200763546710196,0.009857571567335799,0.009442735772083998,-0.00311278430448355,-0.0014934213781626897,0.0006634560396683272,-0.001109016925477918,-0.0012789890581644042,-0.0015053151463515601,-0.0013114639582628674,-0.0024529671426373354,-0.004050514743881136,0.00020699749437120735,-8.307558970605498e-05,-0.00011838798325805171,0.00011451507710946977,0.0002097359408703362,-0.001165012293604542,-0.0016446169851857435,-0.0007570388018791926,-0.0005920621017364517,-0.0005147453626049366,0.00034932021000804646,0.00024239765386312376,-0.004013171483884238,-0.004697858772719124,-0.003678154531272036,-0.002770678447421595,-0.0029112406086028164,-0.0005829732349365524,-0.0012517724439532276,-0.0011841078770129458,-0.0009280173635036345,-0.0004911644361224601,-0.0013849969889482628,-0.0017257529787848495,-0.00156828549793962,-0.0028009802045894615,-0.0038076377103062934,0.00013221071248499755,0.0003916470879159428,0.0003414255959290054,-5.2208409551713465e-05,-5.9366628153139245e-05,0.0005968011153441353,-0.0003527422326013719,-0.00046352477634471306,-0.000785072752517146,-0.0008187137692393779,-0.014073328665870128,-0.009324953188526441,-0.008031288040322862,-0.008637907813192316,0.16954085596692298,0.015000000280494558,0.015,0.0
118,-0.002901936242603051,-0.01738985833307477,-0.0015335866989497006,2.2331749034111303e-05,-7.923801810383685e-05,1.33807780843897e-05,-0.00041756663221321285,3.2218195270580944e-05,-0.0008178625600696407,0.0012106780726555348,-0.0018093113371791597,-0.0014738972677982875,0.0006479561533680398,-0.0017673549679654487,-0.0017473404856765517,-0.0018288368735779378,-0.003377674925743099,-0.0030552627405209445,-0.0023095317805249985,-0.003001327435889054,-0.003668509167330992,-0.0030345130639264977,-0.0032999242784926257,-0.003430649484837354,-0.003035358790274885,-0.004186407977238806,-0.0031515533001253413,-0.003804380943663709,-0.00025286947755673967,0.0006039393391598638,0.0003007295114501093,-0.0015569917872526693,-0.0014769175153604233,-0.0018681786299770578,-0.00197309218759685,-0.0027668239560020118,-0.001596869110034565,-0.002550235933387732,-0.0014053135853678179,-0.001006101021056199,-0.0035633370649223737,-0.0020504559984323525,-0.0018233933092882079,-0.001017585918541304,-0.002134396588581184,-0.00021896757873970084,-0.0014884805820546446,-0.0016242657282644864,-0.002072209356250682,-0.0011936924065086446,-0.001989917035013016,-0.0012727121956854106,-0.0011553379520677642,-0.0011276188310326291,-0.00201745922277163,-0.0013650719522675138,-0.0021326311888859796,-0.0018636272767491994,-0.00022725013300092182,-0.0003943795702567992,-0.00025683322323742614,8.664751006027399e-05,-0.000853461344678344,-0.0004126612016162906,-0.0005689282114539245,-0.0001687485948013951,-0.0005379387402899665,0.0009575771751246405,-0.0005712838892825737,-0.0006291538421252948,-0.00014270490564791165,-0.0020383079638416008,-0.0011148307341026216,0.0003051434372835478,0.00021730057684771743,9.586312057132235e-05,0.00035981625466037655,0.0012821677855415154,0.0016530033627290726,0.0007567873687172156,0.0015828010788266691,0.002146115528975789,0.000862998830440941,0.003324029779449035,0.0033609454434293837,0.002251397378501783,0.00917905211727179,0.008372922392410291,-2.7678169085299064e-05,-5.3764209731854383e-05,2.982853433164437e-05,-0.00015437456659686644,-7.59396483975286e-05,0.0002877137574851267,-2.1833402874337416e-05,0.00027212351106556095,-6.988214331198041e-05,0.0004827381196802201,0.0001266730719806023,0.00040715572902166246,0.0008790802961941697,0.0022385171420257802,0.0018383568044233064,0.00021431817777900944,9.946844035321008e-05,3.6182726655584514e-05,0.00042404404488366834,0.001477433501038266,0.0012839624872724325,0.0012715282203091362,0.001532857533059799,0.001199059108490795,0.001787556309906271,0.0017353793413783193,0.0024759661379317446,0.0033583151353770093,0.007020983175909977,0.006218499804142749,0.0026276905167913114,-0.002432677202208542,-0.0016682347998555275,-0.0017385790013327274,-0.0020219487099641365,-0.0018859818213970857,-0.002435178120014893,-0.0019596299725539094,-0.0025641846574916034,-0.00183611548966163,-0.0012850966283411813,-0.0010498347090898653,-0.00150100315949465,-0.0017191432645283584,-0.002150024936475483,-0.002100267350721856,-0.00172086542105649,-0.0018877366802891166,-0.002133183932006229,-0.00017690192712494608,-0.002758464356886823,0.0022413766223368537,0.0024685373715691785,0.0008306133900587298,0.002543642944308021,0.005515597689738306,-0.0018125094423396186,-0.0018399338396505886,-0.002142437543213084,-0.002050578514837141,-0.0026307085445797396,-0.0013828175122127077,-0.002085355391799696,-0.002930428024494863,-0.002783352379618968,-0.0027572534256257906,-0.0010122238243563582,-0.0013009372386901439,-0.0005785914202982216,-0.0010599145119973782,-0.0014151839259251852,-0.00029437623952568076,-0.0008334562065200764,0.00022489348302216457,0.0009189338893572178,-0.002701467105926015,-0.0022433499987451885,-0.0026132252258944254,-0.002313899604887477,-0.0024222422480663554,0.16954085596692298,0.05900000042520341,0.059,0.0
119,-0.000987837721211455,-0.00018964239562636645,-0.0008355439196282617,-0.00018247562066839765,0.00034502811628524125,-0.00014979680575960777,-8.204707402348967e-05,0.0004881027704806973,-0.0011645358704038247,9.033321654832645e-05,2.9566274813358618e-05,-0.00027086298695580384,0.00027879475075145434,8.779704930038695e-05,-0.0005254595357942866,-8.071106262733633e-05,0.00021267076653842833,-6.179179490366383e-05,-9.942627675448813e-06,0.00015358049520621705,1.4263616901486109e-05,0.00027777541514133295,8.512316674995756e-05,0.0001221284535570482,-2.6608654417481427e-05,0.0005265530425511456,0.00010621422611527521,0.0005568955965569259,-5.780621110960986e-05,-0.0002130245002819242,5.7086183814025655e-05,-0.0004162630901744465,-8.931997640264391e-05,0.00013540231941581285,0.00020979595545369037,-0.0004851117932020934,-0.0003086251801535741,-0.0001848069368306229,-0.0004537674273240146,-0.00018672758582336427,-0.0003601173701566866,-0.0002873944220262131,2.3650542965324257e-06,-0.0009117016823236571,-0.0011152055341230255,-0.0007972506224080543,-0.0004434045743280562,-0.0005890773397067835,-0.0008408226050787102,-0.00030982546614225084,-0.0007046555333567925,-0.00033410686845678145,-0.0002514866798778674,-0.0005404048007478855,-0.000330036766775596,-8.666478520894258e-05,2.5541540353241615e-06,-0.0002306265617389569,0.0005296161301118945,0.0008939418528032359,0.0008781005390469934,0.0003878864299691161,-0.00030044765338793736,-0.00016816723811681114,-4.672235677077348e-05,-1.2643015398412352e-05,-0.00021702503886507276,-6.086330373708021e-05,-1.546764076343791e-05,-0.0001826254111493819,-0.0003892411396492271,0.0006342690004784902,0.0007751278007721652,-0.00041287629153279797,-0.00024631426145601046,-0.0008466320393237439,0.0004249322549212141,-0.00039781922298411305,-0.0003420490103350608,-0.00031006331168817117,-0.0010283792259536844,-0.0015437437184198076,-0.0018059124483875359,-0.0011233663629041414,-0.0020262896821647987,-0.0014149610229059204,-0.00039326702978400977,0.0001635752384397857,8.268104062345969e-05,0.0003870717751864111,0.00017825140566598267,0.001780845849892909,0.0004991778918563573,0.0002711539754620458,0.0012710950091759962,-0.00023472083876650214,-0.00026299859350663714,0.0012481292788214238,-0.0013257911446594407,-0.0004315483912980426,0.00015646030039709034,-0.006620835772286281,-0.005877480464095816,-0.0005260974448041428,-0.0006678845745214469,-0.0007607611663497665,-0.0005867664862026794,-0.0025610717915489937,-0.0014470861337449227,-0.00022891696873050243,-0.003518138497596326,-0.0035278608828582113,-0.00044362832708750503,-0.004451147982610895,-0.004832846211622964,-0.0034895786766229223,-0.00947084242843429,-0.007904785845847329,-0.0006156482333996782,-0.000871011396336722,0.00013125190710991432,-0.0013718385850348214,-0.0005572597133201461,-0.0004231669768515061,-0.0006299959869522242,-0.000435105905996532,-0.0006473613232507373,0.0003300388343658837,2.6980740588401337e-05,-6.803132155136729e-05,6.334075171486447e-05,-6.616485574343335e-05,-0.0014006116013499756,-0.0011104486933142732,-0.0015522143027801659,-0.0015781196634481506,-0.0012422225452193203,-0.001058397125229116,0.0005650609020031367,-0.0017748059772858176,-0.0033172065840402624,-0.005287384715258016,-0.005725383357855782,-0.012587299407276728,-0.0016441104326233784,-0.0016256351711134976,-0.002098876295886944,-0.0011805830977396543,-0.0015091620882849638,-0.0008697208406457475,-0.0003360188191899978,-0.00031395620176755845,-0.0005617889410038949,-0.00097632125218671,0.0003707163472138351,6.218511348373112e-05,-0.0005676329124927038,-0.0002939739190350956,0.00026837085518877573,0.0013196382530834584,-0.0005134538881164435,-0.000819573161122896,-0.0011476646886385176,-0.0016436424090280756,-0.002223762107143482,-0.0018369620651867726,-0.0010695411068575229,-0.0009194408939994564,0.16954085596692298,0.03500013207392663,0.035,0.0
