,Mouse_nose_to_tail,Mouse_head_to_tail,Mouse_Ear_distance,Movement_mouse_nose,Movement_mouse_tail_base,Movement_mouse_left_ear,Movement_mouse_right_ear,Movement_mouse_head_base,M1_largest_euclidean_distance_hull,M1_smallest_euclidean_distance_hull,M1_mean_euclidean_distance_hull,M1_sum_euclidean_distance_hull,Total_movement_all_bodyparts_M1,Mouse1_mean_euclid_distances_median_2,Mouse1_mean_euclid_distances_mean_2,Mouse1_mean_euclid_distances_sum_2,Mouse1_mean_euclid_distances_median_5,Mouse1_mean_euclid_distances_mean_5,Mouse1_mean_euclid_distances_sum_5,Mouse1_mean_euclid_distances_median_6,Mouse1_mean_euclid_distances_mean_6,Mouse1_mean_euclid_distances_sum_6,Mouse1_mean_euclid_distances_median_7.5,Mouse1_mean_euclid_distances_mean_7.5,Mouse1_mean_euclid_distances_sum_7.5,Mouse1_mean_euclid_distances_median_10,Mouse1_mean_euclid_distances_mean_10,Mouse1_mean_euclid_distances_sum_10,Mouse1_smallest_euclid_distances_median_2,Mouse1_smallest_euclid_distances_mean_2,Mouse1_smallest_euclid_distances_sum_2,Mouse1_smallest_euclid_distances_median_5,Mouse1_smallest_euclid_distances_mean_5,Mouse1_smallest_euclid_distances_sum_5,Mouse1_smallest_euclid_distances_median_6,Mouse1_smallest_euclid_distances_mean_6,Mouse1_smallest_euclid_distances_sum_6,Mouse1_smallest_euclid_distances_median_7.5,Mouse1_smallest_euclid_distances_mean_7.5,Mouse1_smallest_euclid_distances_sum_7.5,Mouse1_smallest_euclid_distances_median_10,Mouse1_smallest_euclid_distances_mean_10,Mouse1_smallest_euclid_distances_sum_10,Mouse1_largest_euclid_distances_median_2,Mouse1_largest_euclid_distances_mean_2,Mouse1_largest_euclid_distances_sum_2,Mouse1_largest_euclid_distances_median_5,Mouse1_largest_euclid_distances_mean_5,Mouse1_largest_euclid_distances_sum_5,Mouse1_largest_euclid_distances_median_6,Mouse1_largest_euclid_distances_mean_6,Mouse1_largest_euclid_distances_sum_6,Mouse1_largest_euclid_distances_median_7.5,Mouse1_largest_euclid_distances_mean_7.5,Mouse1_largest_euclid_distances_sum_7.5,Mouse1_largest_euclid_distances_median_10,Mouse1_largest_euclid_distances_mean_10,Mouse1_largest_euclid_distances_sum_10,Tail_base_movement_M1_median_2,Tail_base_movement_M1_mean_2,Tail_base_movement_M1_sum_2,Tail_base_movement_M1_median_5,Tail_base_movement_M1_mean_5,Tail_base_movement_M1_sum_5,Tail_base_movement_M1_median_6,Tail_base_movement_M1_mean_6,Tail_base_movement_M1_sum_6,Tail_base_movement_M1_median_7.5,Tail_base_movement_M1_mean_7.5,Tail_base_movement_M1_sum_7.5,Tail_base_movement_M1_median_10,Tail_base_movement_M1_mean_10,Tail_base_movement_M1_sum_10,Head_base_movement_M1_median_2,Head_base_movement_M1_mean_2,Head_base_movement_M1_sum_2,Head_base_movement_M1_median_5,Head_base_movement_M1_mean_5,Head_base_movement_M1_sum_5,Head_base_movement_M1_median_6,Head_base_movement_M1_mean_6,Head_base_movement_M1_sum_6,Head_base_movement_M1_median_7.5,Head_base_movement_M1_mean_7.5,Head_base_movement_M1_sum_7.5,Head_base_movement_M1_median_10,Head_base_movement_M1_mean_10,Head_base_movement_M1_sum_10,Nose_movement_M1_median_2,Nose_movement_M1_mean_2,Nose_movement_M1_sum_2,Nose_movement_M1_median_5,Nose_movement_M1_mean_5,Nose_movement_M1_sum_5,Nose_movement_M1_median_6,Nose_movement_M1_mean_6,Nose_movement_M1_sum_6,Nose_movement_M1_median_7.5,Nose_movement_M1_mean_7.5,Nose_movement_M1_sum_7.5,Nose_movement_M1_median_10,Nose_movement_M1_mean_10,Nose_movement_M1_sum_10,Total_movement_M1_median_2,Total_movement_M1_mean_2,Total_movement_M1_sum_2,Total_movement_M1_median_5,Total_movement_M1_mean_5,Total_movement_M1_sum_5,Total_movement_M1_median_6,Total_movement_M1_mean_6,Total_movement_M1_sum_6,Total_movement_M1_median_7.5,Total_movement_M1_mean_7.5,Total_movement_M1_sum_7.5,Total_movement_M1_median_10,Total_movement_M1_mean_10,Total_movement_M1_sum_10,Total_movement_all_bodyparts_deviation,M1_smallest_euclid_distances_hull_deviation,M1_largest_euclid_distances_hull_deviation,M1_mean_euclid_distances_hull_deviation,Mouse1_smallest_euclid_distances_mean_2_deviation,Mouse1_smallest_euclid_distances_mean_5_deviation,Mouse1_smallest_euclid_distances_mean_6_deviation,Mouse1_smallest_euclid_distances_mean_7.5_deviation,Mouse1_smallest_euclid_distances_mean_10_deviation,Mouse1_largest_euclid_distances_mean_2_deviation,Mouse1_largest_euclid_distances_mean_5_deviation,Mouse1_largest_euclid_distances_mean_6_deviation,Mouse1_largest_euclid_distances_mean_7.5_deviation,Mouse1_largest_euclid_distances_mean_10_deviation,Mouse1_mean_euclid_distances_mean_2_deviation,Mouse1_mean_euclid_distances_mean_5_deviation,Mouse1_mean_euclid_distances_mean_6_deviation,Mouse1_mean_euclid_distances_mean_7.5_deviation,Mouse1_mean_euclid_distances_mean_10_deviation,Movement_mouse_nose_percentile_rank,Movement_mouse_head_base_percentile_rank,Total_movement_M1_mean_2_percentile_rank,Total_movement_M1_mean_5_percentile_rank,Total_movement_M1_mean_6_percentile_rank,Total_movement_M1_mean_7.5_percentile_rank,Total_movement_M1_mean_10_percentile_rank,Mouse1_mean_euclid_distances_mean_2_percentile_rank,Mouse1_mean_euclid_distances_mean_5_percentile_rank,Mouse1_mean_euclid_distances_mean_6_percentile_rank,Mouse1_mean_euclid_distances_mean_7.5_percentile_rank,Mouse1_mean_euclid_distances_mean_10_percentile_rank,Mouse1_smallest_euclid_distances_mean_2_percentile_rank,Mouse1_smallest_euclid_distances_mean_5_percentile_rank,Mouse1_smallest_euclid_distances_mean_6_percentile_rank,Mouse1_smallest_euclid_distances_mean_7.5_percentile_rank,Mouse1_smallest_euclid_distances_mean_10_percentile_rank,Mouse1_largest_euclid_distances_mean_2_percentile_rank,Mouse1_largest_euclid_distances_mean_5_percentile_rank,Mouse1_largest_euclid_distances_mean_6_percentile_rank,Mouse1_largest_euclid_distances_mean_7.5_percentile_rank,Mouse1_largest_euclid_distances_mean_10_percentile_rank,Tortuosity_Mouse1_2,Tortuosity_Mouse1_5,Tortuosity_Mouse1_6,Tortuosity_Mouse1_7.5,Tortuosity_Mouse1_10,Sum_probabilities,Sum_probabilities_deviation,Sum_probabilities_deviation_percentile_rank,Sum_probabilities_percentile_rank,Expected_value,Sum,Prediction_probability,Appetitive
0,0.0029116869644784564,0.002999896233459209,0.002842932328222178,0.0018201805861000756,0.0004965871122234185,0.0014455824937887503,0.004166134361492639,0.0035720623476236573,0.0011026441809245128,0.0016144952233085367,0.0011779728577847547,0.0026224204394577253,0.0025931424520027856,0.0018265417990112431,0.002051034521412135,0.0019294253365433626,0.0019069778533648935,0.0022251171614833904,0.0010132214242941026,0.0011356221602937663,0.0012409484996556699,0.0013338042867707476,0.001518090423862775,0.0017872873329051703,0.0011480900709307932,0.0015749249338151334,0.0021229713436002108,0.0016615695273307265,0.002104490992048782,0.001048031997257549,0.0018972817181339859,0.0020314961772664123,0.0022277687495314874,0.002203264679234501,0.002407480465637479,0.0022212064215626323,0.0022054087730984957,0.00281302762844027,0.002326970125171633,0.0021579405700370537,0.0020435238541781963,0.002640136729117424,0.003089633809323357,0.0015506780881568197,0.0012675315955260591,0.0014559687268562965,0.0023792361152549417,0.002370542680555062,0.0020135175922042997,0.0011326592997363061,0.0019237212304447319,0.0017215866808659905,0.0016006008221690238,0.0020804219013319932,0.0015982275479174606,0.0018358595661109567,0.0017617997475040132,0.001865580056259324,0.002972208565387545,0.0032030702173910072,0.0026537892566244592,0.006627266993426779,0.006526579198803383,0.006683987751003204,0.006553182534223036,0.007229414257999053,0.006592257148962916,0.007886051217677456,0.007792932426494381,0.00634969996863655,0.0029848289522929564,0.003719668343829402,0.003913072143672807,0.003907467217641198,0.00430730430536233,0.004688843131563868,0.0028544950451193426,0.0037090498387636903,0.0035190660780547653,0.008972937025134655,0.004096743486184408,0.0043302179415166476,0.012172350785825669,0.0034627209739953673,0.0029388173820721858,0.03826941036385477,0.002505464014453145,0.002046780603727715,0.0020553157035111715,0.0012565956710988905,0.0018594065737885161,0.0020031181691788176,0.0012159757066969082,0.0017948717059658307,0.001790835357768054,0.0017316204306792597,0.0014517884731003194,0.006289196571701662,0.0018085455206611756,0.0013060189568596201,0.010186946355890236,0.00274104470278566,0.0033767383995780362,0.0014470629759729577,0.0019911323714557547,0.001590549109472118,0.0016658776390007079,-0.00017282282139612372,0.00013918973756163008,0.0028163648817146223,-0.0012087496218973664,-0.0004696859172643527,0.006047476521694069,-0.0018185500367746158,-0.0008746978092412619,0.015214500316613293,-0.0031991644766620757,-0.0033135885088720306,0.006242738937289245,0.0010521640933348782,0.0023529266145807105,0.002621059049475666,0.0009881831492570036,0.001202493570323805,0.0007675765610536106,0.0015452996672992861,0.0009665626795917258,0.0020457664171736408,0.0026864760973143308,0.0030915980614845207,0.0021962209980272273,0.0022250235402863213,0.002574186869981499,0.003037647033859924,0.003157915863279154,0.002112938213027509,0.0038171841666055123,0.003904562822755501,0.006051093060655777,0.00308023234591693,0.0023624161620567417,0.0017460453406802946,0.0026146567434176893,0.0033147871252138007,0.0035757438832240028,0.002900985400120584,0.0026014626093237166,0.0029459109644836413,0.0036323323939517612,0.001659045864021125,0.0015327793156077625,0.0010404939502702362,0.0015170842837465104,0.0010014900804150247,0.002072221237896764,0.002925465421641505,0.0022677393347433085,0.0018427754148678103,0.0024331118833177774,0.009453315711641704,0.01241901914934014,0.016619885209465713,0.01898554856941207,0.029365489440980216,0.0027973466182675683,0.0030535555088634057,0.003523064924929455,0.0051487641165310905,0.16991902824464572,0.7310009631430605,0.731,1.0
1,0.0006552977189597896,0.005280806693558567,0.00042146478434691796,0.0017798348188983505,6.521972093163804e-05,0.001873616704551815,0.0011959131246565145,0.0014345168439114477,0.0007246661898230019,0.004373192368260348,0.0015840396960400311,0.0012172975762914193,0.0012056194629065744,0.0011000352939096363,0.001555250874672372,0.0009955764965318436,0.001248807490968168,0.0005935483440006969,0.0004378114155074934,0.0012448553807367097,0.0008108800994401085,0.0012643223260247962,0.0013127630852526218,0.0010216827282239136,0.0013653424693277775,0.001526238701139297,0.0016138849376200605,0.0014131974796690633,0.004069067145781882,0.0040282132661302265,0.004559303504051131,0.0045891479887033145,0.003939337834596706,0.003295867842429723,0.004269641876272997,0.004840934386186083,0.004260986358698281,0.004637343405165947,0.005228785229429702,0.00426467875147435,0.0060264422111331005,0.007838056241224987,0.006263026210799574,0.0006614010532440313,0.0014054837775917795,0.0008500125455979797,0.0009702170339737875,0.0003546360340898944,0.0015434497413185666,0.0008278598254455593,0.0009553536520147502,0.0007295689776546021,0.0006779009130010968,0.000956702523094099,0.0014379549097034419,0.0011055087087147224,0.0010492645084691323,0.0011409370634267188,0.0004137302939237853,0.0002795886009801841,0.0002840436312710822,0.0006521503251684596,0.0007890480864173477,0.0009960129985166924,0.000775502774056682,0.0013967941392430093,0.0008479918485610896,0.0005203789142674001,0.001250590288111123,0.0011172363329418826,0.0009938399421618286,0.0012110406507521558,0.0019265936587541039,0.0023644596546758792,0.0018917353194570971,0.0019040714703819012,0.001109641070161844,0.003641408933809801,0.0030934831969982543,0.0016003998564334955,0.005417605321497204,0.004245858971160993,0.0013380682589555232,0.006589007550588513,0.006327291269230667,0.005434717713532454,0.018706386032866094,0.017594109934328,0.0015095167282370263,0.0014665427990126782,0.0011476010495193457,0.0026911537914824125,0.0014569347475748868,0.001318092195669211,0.002229918469219206,0.001537054628414397,0.0013630829786248403,0.001535398020006194,0.0021949577683816578,0.0026941284040950197,0.0033964246197297028,0.006180246835149297,0.005765140374835629,0.0017265874193827285,0.001128961910449719,0.0012917576077290146,0.0033556132529653795,0.0024890840906428204,0.002358239689862505,0.003916329781877744,0.006360417432185353,0.005490183415633258,0.004795720643105815,0.008490629890381466,0.008920030037644851,0.00981711769004556,0.021448742147179126,0.020011865410522203,0.004824814725744428,0.0031788931485374717,0.005862476450963092,0.005980136123408829,0.002400647357532283,0.003337123719948979,0.003120237757141621,0.003532281983687024,0.00459640989907148,0.005295908381048981,0.004277723806381904,0.004822988388107164,0.004228940768485726,0.003909245575133219,0.005128123977817952,0.005269575989311927,0.005389675649004406,0.005804801785270623,0.005637017437774905,0.002514158736513862,0.0022565684513733237,0.003961969864546477,0.009452839035755294,0.013097063456388386,0.0185575206141856,0.030434858347044264,0.005773359178565978,0.005814661622524678,0.005731080961414433,0.005573469157383183,0.007569339060830801,0.0033063142942639247,0.002267488404862467,0.004346900212703292,0.0036418981718354297,0.0049759466864907256,0.004022492850825364,0.003940542506212153,0.0038516502496505033,0.004513634547633747,0.0042840601624913885,0.001119601826778207,-0.0003386832659927383,-0.00012067337183757905,-0.00016611687244535672,0.00031711463196112055,0.0070868539844562576,0.007483588945770484,0.006133919739035908,0.006187499415939485,0.16991902824464572,0.7929999999905215,0.793,1.0
2,0.004045738751069251,0.0070240521685428665,0.0007608668950519861,0.001963079245755019,0.0029461443493933566,0.001069935402584596,0.002479280743715695,0.0014472797654799675,0.00248092730904322,0.002059201181643457,0.0026435254018513407,0.0016595279962875477,0.002433620261139229,0.00284148167581676,0.0019466474488375617,0.0025691682406271785,0.003369551797668976,0.0031329890304060267,0.002944583294980299,0.0022667196062210945,0.0018609465574149118,0.0026130811284901653,0.0030929568334592513,0.0027541649049834115,0.0022926692105953573,0.0023469735222043367,0.0033245497652037784,0.0029528520001804674,0.0020149908427698616,0.0020715271511794406,0.0017584340530167597,0.0015147859506775866,0.0017745398899817503,0.0020449523011165575,0.0021541573787132633,0.0025707373126217614,0.0021201578954491954,0.002216542488402585,0.00223624135492692,0.00205592719359691,0.0026735531731222474,0.003337700828939169,0.0026318115499521662,0.002519914485840435,0.0031195292814466175,0.0024377367630415143,0.003632221477202264,0.0031402824911113533,0.0033061563359997295,0.003858326973886053,0.0034600724828921024,0.0026788008758204724,0.0027011583451614727,0.002584059971786775,0.003118857750414917,0.0036164016703798627,0.0035386927489327543,0.0036463163939358893,0.0024978271042624877,0.001770001798715651,0.0020768101385002864,0.0012163414203327338,0.0017464197650180634,0.0016818842881142731,0.0015868300571673228,0.0021123084883467006,0.0017782425601292069,0.0012690890132192273,0.003029152111989245,0.002666137813222944,0.0046334174785974,0.006199296483493671,0.005427358174276472,0.0014021871750642336,0.0011820340901283785,0.0010447895595933124,0.0021298257744453513,0.005009168641247602,0.003961690748446321,0.002887697365365638,0.006678094842415224,0.005896886979685667,0.0037673551766956893,0.0076009468686626044,0.007436457211432041,0.007981183081219874,0.0156873770555192,0.01527347192259501,0.0012365805862663397,0.0010866900328442687,0.0010687341067229053,0.001159239679004967,0.002102597078953799,0.0016233576773476627,0.0016333516336962265,0.0025733104821882473,0.002347417932733346,0.0014421471369983664,0.0035370376136083007,0.0034722126597413164,0.004544128795579882,0.018662458979729363,0.017996834198261168,0.001172800010767543,0.0012079535661588044,0.0012625807602345245,0.0032775112808200767,0.002703134801072738,0.003354242169475212,0.002895520136739321,0.00368525915447661,0.004021807178803957,0.0040444708632415005,0.007156395886964433,0.005868569050887886,0.006985589966660849,0.01249101554369903,0.013372565677319117,0.005701410829686453,0.0028602160948537126,0.003155300873654723,0.005384378071402116,0.0033600155500499553,0.0024287436240094306,0.0026905600098648375,0.0029405761126491624,0.0034396133894389726,0.0033751838619643744,0.003307081526841727,0.003448474500790343,0.00306890720387646,0.004575674562260773,0.005644973298831304,0.005185628885632919,0.005332926520792202,0.004571561248232954,0.007179943145486109,0.00511428045726971,0.0038989409019429336,0.005432366950048226,0.006392212994295484,0.008664820558091079,0.011639544069876752,0.023507634593327793,0.005509310822387826,0.005404436192152985,0.006350354596186005,0.005721794501439223,0.00750416305680808,0.0028797660851538607,0.0023464778829390314,0.0030565108121150125,0.0032450892886332753,0.003681984811278252,0.0035810008365728856,0.002783843316322559,0.002689223178945964,0.0033028504929838763,0.0037793434705375344,0.0016131241550988045,0.0011781024631791856,0.0023066809103820343,0.002534797988426872,0.002136734217126482,0.005246022893446753,0.0065774489312553155,0.004675499968582074,0.00470255247195879,0.16991902824464572,0.8245000111535938,0.8245,1.0
3,0.00416118051210376,0.013122758490606944,0.036647541652837616,0.0006323436062201978,0.00021472007069644702,0.0019743473755671885,-0.00018327860675537922,0.0006091292651049802,0.0024250469487113926,0.002059247994165599,0.004195470422617772,0.0038634302774991063,0.0007753842205107327,0.003919481619172833,0.004936348674684461,0.004499228472446012,0.0035178910593980646,0.00494195329091464,0.004667828115179877,0.0070081163750506615,0.005216330061279407,0.0041685305741107,0.0064827504350743435,0.006110361809587697,0.005380543845359603,0.009298823075448274,0.0066772038480108035,0.007369026944903699,0.002129765451574346,0.002615582330767839,0.002773710906622009,0.004807288589710988,0.004204362172867158,0.004805312026677778,0.005927852682021,0.0038568958469033915,0.004422308061470059,0.00515455335303675,0.004990919377243995,0.004289072865135835,0.003838070307467105,0.0038816522639539457,0.003552302100688988,0.0028424248297491466,0.0024238722428021157,0.0024854050077935557,0.002233490985538785,0.0031005621033817193,0.002857349238368506,0.004001362277510496,0.0037249684760316476,0.003869422995724049,0.0053621169250145425,0.004545394553804015,0.004964442955801713,0.008337122596101419,0.007415533206807303,0.006116898442376199,0.0007758760777609168,0.0005827866432176182,0.000705776127439233,0.0006974946529709641,0.002470200361800291,0.0022273807022784057,0.001156326648348046,0.0019754444929691753,0.002319126798144961,0.0005572452380875529,0.002172372448687902,0.002368273746869576,0.001940695710020349,0.004720512139913247,0.0051107869778479805,0.0002743732994918711,0.0002559879800009372,0.0005712481375019571,0.0007012983653191914,0.003317071582050962,0.003780136064127652,0.00176362494183488,0.005168816542921647,0.004277580343139727,0.0018415696387905924,0.007203779013471324,0.006558293387547696,0.004929459760905177,0.01562513359087994,0.01478456818435877,0.0007915033855560281,0.00025248615577195497,0.0006361353495653697,0.00033696442092660307,0.0020981735701179624,0.0024510907394201943,0.0013513206987310555,0.002799717816273855,0.002728907614235212,0.0010613453203854016,0.0037806225549088714,0.003182627476590083,0.00316544961602145,0.01076986905487245,0.00956156236149747,0.00022144611393573984,0.0007819634064487283,0.0002080605856958121,0.0039653940353038255,0.008656877489342412,0.007502354161573042,0.0045763900281915295,0.009222848346869112,0.008335131374695713,0.0046447662864042664,0.012130190083105698,0.011607832941022212,0.00911935551706546,0.024043484319182053,0.022009869039207982,0.005372899191704083,0.0006126690908977444,0.002819205851126267,0.004274086131150225,0.0007776935779998089,0.001374155529309731,0.001720458700652673,0.001156794771708526,0.0032038344675157644,0.0023332781626265206,0.0023859306352265793,0.001644840698420686,0.0024172662677676257,0.004512579833437792,0.004050364073680124,0.005144445814149363,0.004985645444285384,0.005542987051415058,0.007552167628685562,0.0008789343406729218,0.00026603605314153407,0.005811126773975297,0.009167697285390483,0.009742431306428307,0.010600933692812668,0.014454856523479942,0.003794086553920791,0.005366209436799181,0.005621632328737631,0.005742790391170217,0.006968717547884685,0.0008669293032376818,0.001408201451614585,0.0012634169889042142,0.0014336137119741255,0.003103058499848828,0.0021157542387787906,0.0023882913261180235,0.0021254722275668835,0.0026066081439965966,0.0035955664861478083,0.005181619669498672,0.0046395043448011555,0.002542712033773153,-0.00021323261276374555,6.289049064952519e-05,-0.0003996892049981455,0.0015835975470073098,0.0007924090583461407,0.0011387545257210538,0.16991902824464572,0.8994999966961112,0.8995,1.0
4,0.0016735663491427577,0.02270709329856572,0.010647200819123938,0.0008608914743820445,-9.512309606300532e-05,0.000454629631239608,0.0009820577260658762,0.0004990226599886294,0.0013142413897250696,0.0032275032630458365,0.004139995803370153,0.005273771732205169,0.0029575934095475978,0.004555773208267122,0.004926367391510764,0.004998496333094119,0.004830828793562412,0.005655064214247549,0.00520134018343222,0.005701654077992492,0.005452967510964597,0.005122527979594758,0.005904816435534465,0.006201937952401767,0.005741114376615293,0.007199279764528751,0.006070235390132402,0.006599568779859099,0.0026101957753520495,0.0029082430932225647,0.0024639829180990937,0.0033196277029621316,0.0038460181680212676,0.004036877866206799,0.003802853272456199,0.0033804746134387673,0.002701890426506391,0.004278561951661387,0.0027182155232518433,0.003162529515706575,0.004169032472496738,0.0035751211318521174,0.002563534360908159,0.001652536033199048,0.0014565451127286644,0.0013796771411904933,0.0011289161365912947,0.001353303903859383,0.0015423091219276893,0.0016460335273676787,0.0015587119455123077,0.0013693510929056662,0.002193846553552312,0.001626812129855109,0.001632769156001715,0.0023760003986738666,0.00219711936406853,0.001964887204210399,-3.9021694714069764e-05,5.493199528641105e-05,8.011932573417813e-05,6.283063365416429e-05,0.0005065704523143502,0.0004557896121260606,0.0003622279303915603,0.0003637096274176701,5.107855719163782e-05,0.00016575238739210095,0.0006852538142652016,0.0005730500256316245,0.0009238958599468665,0.0007098473791393426,0.0010453115687603899,0.0013714652628300714,0.001145460290025113,0.0009111448086645034,0.00105542739942685,0.003817874109635425,0.0033149597799300235,0.0017061332906763429,0.005677165221167232,0.004359900721703119,0.0018277204246243419,0.008094303577350933,0.007642900522473568,0.005381646066348588,0.017499171007798374,0.017475594280854084,0.0009107030311812351,0.0005836868116232587,0.0008271549876965432,0.0004919946814313268,0.002159041600868643,0.002226781971699006,0.0009872771693478584,0.002104707094694414,0.002096762460005616,0.001032344126958216,0.0035372169103811647,0.0035078169539129508,0.0030544071618258707,0.011751788707341329,0.011443733452776566,0.0029993084033286925,0.0027774712764757846,0.0032890062185157378,0.0031364622047259545,0.006725208218803441,0.0059439636952878325,0.004635583011430475,0.008256760384430784,0.007716896339639171,0.005068133249385576,0.0111066158317366,0.010543725497956647,0.009513177349333761,0.025065799402497008,0.023191944280670573,0.01337573420295714,0.0011172178667637196,0.002200656672188832,0.003938787331223545,0.0012852400725786926,0.0022121587316038856,0.001813044685553535,0.0020852899842723595,0.002337646918835711,0.0030524780236136344,0.003190727123145731,0.003164811172559905,0.0034112625949933046,0.003373970449411873,0.003945005350855151,0.004875952092881089,0.0044435260483319085,0.004897182303325641,0.006025875394540119,0.007568478138967169,0.0016542705183370755,0.013333838972362965,0.020877585552989384,0.022453492522801533,0.027793869206395778,0.03664059987033095,0.0038562859157417356,0.004328893676930451,0.004542324536082964,0.004645424071327161,0.0055397485518052115,0.0014647777498507672,0.0028020365973549914,0.002550107410392893,0.002666827186998047,0.003225707470915672,0.0031739481895546873,0.0025579948282954345,0.0032575348638530914,0.0031506842778896045,0.004196396114168549,0.0011934101268415117,0.006446822917897557,0.010263239606682129,0.014910355026560693,0.027532724253438643,0.00175577408590521,0.0027304050021331196,0.001855454312101662,0.00147731197068964,0.16991902824464572,0.9684999999797494,0.9685,1.0
5,0.0011526135814723599,0.003401646864567201,0.008348018470611448,0.0009554036509121929,6.023334556708863e-05,0.0012689013766410033,0.0019497131043941702,0.000789158674902421,0.0014839030648541862,0.0047529194062318056,0.0024785868592715724,0.0029270021777457753,0.004676769592493341,0.0028680519654393946,0.0030304034824660798,0.002952939867345262,0.0032674619728936143,0.004205437455524004,0.003684308643746119,0.0036901885774945488,0.0040913013626733075,0.00425198370421983,0.004178489715675007,0.004412530333607699,0.004285428274382219,0.006251914527149979,0.004836862299776808,0.005887085246284642,0.003910369565249836,0.003963697794868169,0.00422275738957485,0.005104173324422063,0.0048977414925974305,0.006185243668736029,0.00505193906461987,0.006281212782251845,0.0059142333205771894,0.004454476360052323,0.006898182412057903,0.006579062067556977,0.004485660772853063,0.006883675337030203,0.006553397956542314,0.0014225662584404501,0.001583845121744046,0.0013850450693386313,0.0022986482073892776,0.0019960046892245607,0.00212467878944805,0.002231923391475098,0.0021315295969096737,0.002672401300691068,0.003860912368639731,0.0024961866427876097,0.002794894072938793,0.004537779671111023,0.0040828291060115195,0.004370277373769213,7.284737757627935e-05,8.184510779673333e-05,0.00023292600742079626,0.0003638615560804158,0.001133613336874926,0.0007965470104194584,0.0004539110313578549,0.0009403301053911841,0.0012062709639725443,0.0002994919671780854,0.0006002013744457008,0.00022384657839501928,0.000836249231460333,0.0012992741696904277,0.0014212774307919556,0.0016228016590538472,0.0012635859291474138,0.0014149366782771605,0.0013379473987284952,0.00439077543349361,0.0041860722529192445,0.0017846360731986987,0.005126351684982211,0.005200041891469029,0.0023241012346225435,0.008484245160138784,0.008430372137794078,0.006642929025283977,0.023566189041060254,0.022789924385416292,0.0008466130963842099,0.0007844874542783506,0.0008304743252542655,0.000804733878046025,0.0021946429735236637,0.0021936039329104825,0.0012545382187233475,0.002860165623516769,0.0023717398667322015,0.0015400239397678956,0.003944179711112244,0.0032135812616679396,0.00392131226607596,0.012084262244799162,0.010746001883479081,0.003843972352906483,0.0034284067627803525,0.0037070239226272405,0.003988198029429491,0.007013570641401656,0.005527686688007942,0.0061092386792392815,0.00875612912417221,0.009261547074668272,0.006616997094108132,0.01274957143884754,0.011832038273915414,0.014163937539685029,0.031248307020701898,0.02839461906357331,0.006845010361934721,0.007999654682763944,0.002987395940665464,0.002170926206626128,0.009348211057795288,0.0046746651094700005,0.0034072923714059816,0.003925770083431774,0.004263965114164065,0.0036363360903014915,0.004203794294395518,0.0056662696092418755,0.004558892036401592,0.006008195317773224,0.0017404806746540184,0.0026786052050712748,0.002696903274915941,0.0037952348863111857,0.0039354514314090035,0.0006522607174514353,0.0014627667558553615,0.007136252468296032,0.010613252709408645,0.012193189244124877,0.013117161647163061,0.01704057856047579,0.0021055657771856385,0.0024471387298911833,0.0026645693903197413,0.0032239052080229287,0.004536575905860683,0.00653901159417461,0.0045838641447906855,0.0032670997160759918,0.0034889348821432685,0.004454503851765809,0.003164656831160827,0.004117794825853598,0.004966850164288758,0.0054198278134305646,0.006523126782696532,0.0002645317254776009,0.0009366393124503745,0.001573847486338147,0.0029610548517226853,0.0050171609284484055,-0.0013774975039401434,-0.00021769925811024505,-0.0005103999909129755,-0.0011022169577900953,0.16991902824464572,0.9180000004915232,0.918,1.0
6,0.0014264005871654198,0.003229506294460799,0.017798217568809213,0.000834595668221261,0.0006898302618086303,0.0010525175118870993,0.002372859296574914,0.0010324712307166987,0.0007661470244584896,0.001241170189125818,0.0015802231737742699,0.0020058427429293685,0.002571742291623819,0.0019102589056206795,0.0013151830574338371,0.0015685227549666523,0.001692112795653228,0.0024329674653406448,0.0025100054904977397,0.0025684614211945182,0.0019608216253126287,0.002170852077653227,0.0027890357367085605,0.0028543410580884492,0.0024945624028243187,0.002984750295249506,0.0033351110587035095,0.0034193503361946644,0.00147920865981238,0.0016066536608400396,0.0012517348054356988,0.0019232232568894235,0.0019051893058633558,0.0021002155975080564,0.0024529063254019085,0.0019874255573667323,0.002290669905828715,0.0034112338606843463,0.0025899479767331653,0.002431336631160019,0.0022604578250317166,0.002763111798885589,0.002162498322744203,0.0007236216732209086,0.0010347707434238125,0.000955859749969294,0.001697889776075081,0.0010752186150585403,0.0014542115138757074,0.0014931393327694965,0.002531589490252474,0.0020066427306235845,0.002509940500036727,0.0022832095011991183,0.0018389735281109107,0.004397004661445428,0.003945129385953824,0.00329878648496405,0.002974650443926656,0.0031756293441297227,0.003148410944312355,0.001531252698655519,0.003815505874624372,0.004862194015101607,0.003856869694205308,0.0064727737419126765,0.0053617859663832035,0.001762450884262406,0.0038816202705913403,0.003536168450122863,0.0008641618743489059,0.0032890144156458336,0.0024851051714625113,0.001058477934195616,0.0011037951477957386,0.0010931671066382797,0.0010495709784309934,0.003440368240090832,0.0031584781771122985,0.0016300203874073317,0.004988713375907945,0.004112284534219793,0.0024853134027273166,0.007553430057427926,0.006943146795716753,0.005009476599115501,0.019938684041439333,0.020188097835122036,0.0007620041699670245,0.0004839577588776555,0.00030938900434256654,0.0009362482974943601,0.002582925179886147,0.0019131863680650787,0.0014765958353944195,0.003114793618144313,0.003081732618227858,0.0016908803434067322,0.004724014878537618,0.004689247358403903,0.004415080200481668,0.011878660947299073,0.011175716558823054,0.0023689010665161555,0.0028879400890869525,0.0023806345485813596,0.0029343541614571824,0.00633925453179376,0.006343238534613035,0.004179093877054554,0.0074675522991921196,0.0076469499430779665,0.005415718641004741,0.010606386899462977,0.010213661502260567,0.01294786191707134,0.025756756303210362,0.023479917100219145,0.004538125004858926,0.0012897967980243783,0.002225348369454913,0.0026609882428356413,0.0014094492437817844,0.0016946266623695308,0.0022584100743395473,0.0016317031322386918,0.0025276199763711823,0.0026924209248535055,0.0025920162492609955,0.003501194528369289,0.0033117276060879506,0.004069000229922972,0.0021727848246514228,0.002495054036632832,0.003114678505491921,0.00273956440737561,0.004230701721782738,0.0004544060062002464,0.0019867122639518407,0.004821382570167293,0.006696163439532708,0.0068051092487179735,0.00902011162540861,0.015322237378611764,0.0023761053663895653,0.0026160720754532024,0.0032094278261541468,0.0030700884730182503,0.0028355298861020726,0.0011092253090288983,0.0018617694175226828,0.0015863811479950272,0.0022318451309559324,0.0024819844260222865,0.0020897797455520385,0.0023981390643468357,0.0022582708979681397,0.003616610529227062,0.0035043247517894116,0.002203099074840883,0.004071710504233903,0.003043451020452191,0.008183418959840594,0.002733354353932169,0.0003767425219943138,0.0020293323921420888,0.0018675512162699374,0.0011223419472530343,0.16991902824464572,0.7844998518095736,0.7845,1.0
7,0.003608213097788756,0.006183244984235033,0.0019840159319670933,0.001250182225631416,0.0005520191788464108,0.002091600934079362,0.003159183091613472,0.0012208883943208475,0.005956279378950223,0.0012860777327960667,0.003185843017557456,0.0034443469534721997,0.004717469851083736,0.0031821905600839377,0.003716566601936965,0.002953389688067101,0.0026853923505061367,0.0026873073228513645,0.0023112139890166254,0.002656469092231625,0.0023970166242793614,0.002615989714296381,0.00277919485743375,0.0026143771205490197,0.002697350375151877,0.002824596357273058,0.002349891253246692,0.0021663947914416248,0.0018610775727618911,0.0019557589264346093,0.001934929445325581,0.0022509540462173506,0.0018664797694327607,0.002113620581657093,0.0025625504514723285,0.0022171230295410824,0.002303446471334387,0.0025136199366250656,0.0018401726703291604,0.0022949767021632267,0.002513507252085858,0.003958472220284174,0.0032099449906748596,0.00485972254750481,0.00665892516997479,0.0052331187632259964,0.003631491473581955,0.0042490006481053595,0.004967761114234271,0.005813585052809234,0.003829521399825966,0.003880008439052762,0.004665964821829732,0.004329599776360807,0.005432270248921674,0.0053348451934814075,0.0065539069861545625,0.0079043101515358,0.00025113257079598637,0.00015486638128018858,0.000127760036125324,0.00041645380516372834,0.0007484866688450115,0.0006762307988304247,0.0004924986310720381,0.0002967246234274085,0.0007070435329431394,0.0006093063464773969,0.000528650607690064,0.0005980062611804971,0.0008668279743523188,0.0017567795492283008,0.0016265738735732151,0.0019509851227805946,0.0015708805591509735,0.0016123219382719696,0.0019839715097216583,0.0065620495992632175,0.0064122082414995235,0.003802849224921105,0.01135977980660427,0.009469954788829468,0.004429768396992496,0.015497933039588978,0.015985278276841562,0.009382096973786582,0.0382384188085378,0.03637908814828218,0.001418833079793036,0.0010423244331836951,0.0013786794596016574,0.001486384607089757,0.0017640690535413387,0.001666786428691106,0.003024867821656758,0.003667031055211334,0.004653506128341114,0.003534629108701462,0.005873839155241889,0.005964811895364976,0.0067647964993472354,0.004681907249991375,0.005158504145264217,0.004300274573498689,0.004692350853371243,0.004032933221368477,0.0038240414155058648,0.004443103168297028,0.004098429180138184,0.003718135820778871,0.003942701570615135,0.004402688754512906,0.0075416389285196716,0.003921848985128152,0.00440247381262707,0.01874789363811417,0.010220324679038028,0.01062099428924175,0.011407293025954833,0.002406741000407792,0.0028334801512194157,0.0025845541292764565,0.0023761458705316195,0.003473842653058246,0.00390996004282587,0.004819778316391848,0.003840477531308165,0.0032587454107536763,0.0016703502277969383,0.0015654711020177937,0.0024094747584336765,0.005275609546460878,0.0024634049290910265,0.0015925957419184675,0.002358768227916753,0.0013529109214092446,0.0017437045044511699,0.0016622692609133197,0.003942364034114352,0.01061543353928646,0.008884139796890579,0.0074619534907360225,0.010049825411667478,0.02105713989299023,0.003368400694251536,0.0016762691141351998,0.0003324906972903693,0.0017593837551265583,0.0015222063284431936,0.002165231576986819,0.004106335025951526,0.004754341980356976,0.003925837424443626,0.004088758462969582,0.0028628928849237364,0.001958885054192322,0.001737801006381996,0.003080209022732052,0.006287808244585209,0.00030445034796094917,0.0005957145700129863,0.001506114165319668,0.0020070536922507077,0.0018889080964773707,0.008942170317077558,0.005155159598060434,0.0031675437249093826,0.0033674721471986233,0.16991902824464572,0.8770000001259854,0.877,1.0
8,0.0014904250673867406,0.010850221180005368,0.0068153842412273175,0.0009539462706556959,0.00015889236905461892,0.0009002255415280165,0.000982290252256614,0.0008657779650645515,0.0012182643701747187,0.007667743195867669,0.002265881011786037,0.00245618110265865,0.002985187368450424,0.001849050987765938,0.0026620163283470385,0.0022443709840902636,0.0021698492767990673,0.002774014030235874,0.002118578012888371,0.0030652277994173546,0.0018319079288724753,0.0036483044946100203,0.0025727149155134635,0.0028726627732171264,0.002668581146841414,0.0033247678071010958,0.002860798329946589,0.0036552226816467413,0.007690771709488627,0.00784766415061556,0.0069573708508183,0.0038762951568298543,0.00514161407536731,0.004814109995499701,0.003977848001791967,0.005551485842241311,0.004255068384717212,0.004257147126444354,0.006229560758311782,0.004422005057902302,0.00594751336297561,0.006424723811011905,0.0064879300322394995,0.0008713208902398355,0.0008030540905076799,0.0016200968648126355,0.0013618039099164833,0.0012831108367737571,0.0019339547368680831,0.0016469826234048524,0.002007713843871327,0.0015926273267973029,0.0020438868206189083,0.0018439207783675674,0.0005010798747164726,0.002446691469761032,0.002326946365278978,0.0026503817268721365,0.0007036944930791212,0.0005039302015121139,0.0004127585651327563,0.0004752502863561444,0.0016027452119133504,0.0014634277001515567,0.0006527059021368632,0.0027966905345279346,0.002609239610957687,0.0006374142991316717,0.004140947793045769,0.003411782960157866,0.0022481126954657644,0.00779189569087286,0.00718187897664926,0.0007629680474091296,0.000770044434121015,0.0010582303176083247,0.0009001232596678749,0.003035796799856325,0.002752368998310422,0.0011736015040310192,0.0031807094700854856,0.0029968495348347214,0.0011452348819532248,0.006305162504075706,0.005531470045126759,0.004194320540320267,0.013174182717946152,0.012650729408165513,0.0006884632933900675,0.0006966710511789151,0.0006045622692536813,0.00019654341644621397,0.002512083016563698,0.0023187044610435952,0.0009083928754007654,0.003659471558686249,0.0042532059024947225,0.001889255153093811,0.004832223119886471,0.005922875385540588,0.0034724748997383304,0.011553133170156066,0.010356764261901654,0.0033740638678048814,0.003458898896936152,0.0033408547900564073,0.00461201291387782,0.007355948687572682,0.005931642363138389,0.0054186118416701835,0.008145003942526976,0.007523871925320834,0.006444575921769243,0.01158832197115249,0.010494427772070221,0.01065833271173809,0.023222158857028236,0.02178704258761931,0.005854674676281039,0.007247033571738538,0.002312961835569901,0.003796228467255951,0.0053170432468881215,0.0034030017204413994,0.003519796112813165,0.0036373052387690366,0.0035910635468256024,0.0021833836884070064,0.002455947967666908,0.001156597337912219,0.0021145596796138927,0.0031852384653034225,0.003332527525711612,0.003212638155752856,0.004604550663467478,0.004189954550583673,0.005084494853284585,0.0010943507371080803,0.0006115817805938808,0.007260862683297106,0.009116650514432414,0.010975462044252067,0.013695847154850758,0.015937909749298207,0.0035946214066804347,0.004152625961551709,0.0036166207833628916,0.004280901134414459,0.005757805088706784,0.0050682966461302785,0.00293998855897958,0.0029454314001032328,0.003270267476609697,0.004199914210001603,0.0015457097899821077,0.0019791220553502355,0.0022704951521681223,0.002228375787180537,0.0028527551805680998,0.0030955011021519476,0.004758596318947729,0.0009503908651789111,0.0015221476894445186,0.004233571786571994,0.002848201047846914,0.0024541184457466288,0.00261481537292796,0.002281004414933613,0.16991902824464572,0.8465000000664353,0.8465,1.0
9,0.0063534568004450665,0.0033140781375565562,0.003040100734030769,0.0007831677877953976,0.0003186357295608407,0.002152015364926069,0.002035680735469383,0.0019140577020241973,0.0034135799406560317,0.0026767656711218922,0.003665087869726135,0.003908717889354924,-0.0002147849651042312,0.0029300921398835384,0.0021397827396460282,0.0019620465226318374,0.002766958052562024,0.0023837793254901205,0.0020896831425030577,0.001989337729411665,0.0017123484880039621,0.0013489672421284997,0.002602947771049237,0.0017819386016298734,0.0021694617671928072,0.0026493665922593087,0.00235268863470473,0.0037364945028905247,0.00514095334636359,0.00335132375641915,0.0033825509067521163,0.004210682751927206,0.004244391741945483,0.0040870360320892155,0.004631285876823752,0.004024329418259532,0.004065431194267583,0.005117927655420371,0.005958749170295737,0.006477249921721003,0.007090468841686761,0.0070222815968533445,0.008158794069267495,0.002290278255012936,0.002732964239569662,0.0030503726001756565,0.0017978912510283821,0.001918602954901047,0.0021428583236889755,0.0019447019964624805,0.0021611950776087153,0.0017914166325020537,0.0019135247067859336,0.0022105228480345895,0.001707444363415597,0.002036343890969564,0.002836321009958919,0.002430254780349641,0.0004514323256192122,0.0008570688013359394,0.0008022044919694988,0.0003983617133744755,0.0022544444176460982,0.002813882016712272,0.0007639092684681365,0.003240536017202407,0.0045748025433158266,0.0004316509892953499,0.004152363164896717,0.0038161281977571915,0.0025694444769746596,0.0034757932366098862,0.0032147177040814877,0.0027499569609809667,0.0028950704595616067,0.002761246339553234,0.00160129643282555,0.003537303431620075,0.0023796613556969094,0.0018532410493304428,0.00499250742041824,0.0036456620282701697,0.0028087751620942277,0.005003888014588888,0.004635012810621729,0.007213127301159319,0.00586547833152027,0.005305290697008226,0.0011240852075350997,0.0013422985510311571,0.0013094935506177217,0.00073028586178922,0.0013242593073830727,0.0011099974696001937,0.0010917374161675988,0.0014859576201916116,0.001241888098565315,0.001193535068920528,0.002175926257192491,0.0017285381552229505,0.0040471890374472515,0.007464819453415616,0.007814854368926207,0.0014243758435792556,0.001021957102628671,0.0007065688908773375,0.003816232903976349,0.0009213683990198467,0.0010839221530975995,0.00467981134780845,0.0024688321014496076,0.0016921648561443597,0.004488455649838719,0.0028020792954015308,0.0037367469920552747,0.003996977437400905,0.006797375156833851,0.009218546063385466,0.0032039758385488952,0.002384398448697695,0.0009917025707214353,0.002778100457458988,0.0038333658177400203,0.005115979576126643,0.004673069590181981,0.005233760034139336,0.005694093583891539,0.0018659569059145704,0.0008539768937241527,0.0010935003247151236,0.0009575818441078509,0.0014365841973157688,0.0023690743005687145,0.0020937568432888606,0.0015561764075532347,0.001757069361956742,0.0024187911464676227,0.0014415760350744292,0.001353634293775744,0.0023632211678121517,0.008258244674206473,0.01003252248846816,0.014836302029552502,0.028803233876642704,0.002436594659110724,0.0018705609771636658,0.002244712919499567,0.0018719069370557958,0.0028369911627904986,0.0037594274549637395,0.005091749418745475,0.004227111089837952,0.004744878579282489,0.007692470825170777,0.001634022175060972,0.001065113883007159,0.000983577365292771,0.0013825508619187015,0.0011160171693183442,0.003397594485573369,0.0030344685920138956,0.0018153843313993584,0.006775954924708984,0.005012848620652319,0.0006216657937219574,0.0008426121650691447,0.0011574592539904678,0.0005565091987436126,0.16991902824464572,0.7064999984355076,0.7065,1.0
10,0.0023350497251055083,0.0234573845678314,0.010017290809119441,0.00043644996684633725,0.0003689726012347371,0.0019022875499448092,0.0006240801875234185,0.0006879154211186893,0.0018614255698427367,0.004252365670186184,0.0024600736797869872,0.003160314810557094,0.0028043847590700837,0.0031946159823390582,0.003072229493285939,0.0033361044973278134,0.0027249744532985834,0.003948038064654381,0.0033448660344387506,0.003891424635456886,0.004288892299676672,0.003907520273524318,0.00503737403377902,0.004650460223387369,0.0045850770506717905,0.006503180488302596,0.005774022358687676,0.006091531608196362,0.004295355216478558,0.003569006801432253,0.0038958659978166276,0.004717504592513976,0.0039048517422670247,0.0046060977144107935,0.005549713201717715,0.005448444979107347,0.005437208383966165,0.00606957264949647,0.005006433832411137,0.005720858487114683,0.00677618469096616,0.006292301879846995,0.006120560485326207,0.0016210113101915635,0.0017880414589904088,0.0013175078475202132,0.0013338347923046554,0.0021517734493323483,0.001270024762852868,0.0018903273419793927,0.002458332143360277,0.0014465544376687644,0.002134571101569556,0.0023157377271174604,0.001597839356134642,0.0027482845937195624,0.0017667722968390956,0.0012944022300752493,0.00010225191898598656,5.571231738697459e-05,0.00015140567260789686,0.00026634975488538324,0.0012554600422428437,0.0011819204419516636,0.0005195191561081752,0.0015568520424475694,0.0017609104039914448,0.00045106616719255545,0.0013862150809332017,0.0016447393031951407,0.002165501369188058,0.0030110768091143733,0.0023817281424711946,0.001458337626691876,0.0011594006143186236,0.0009879562113698827,0.0014087618438702516,0.003952937903999533,0.0036970069635969003,0.0020451839308526796,0.0045758392492857465,0.0042189937653036936,0.0026532497417134553,0.0077266993962362964,0.007003962288450517,0.005962051363422572,0.0173269590980216,0.017323431804536146,0.0008412118046210172,0.000565049062334453,0.0004720015712047246,0.0003704887411902174,0.001976389971882958,0.002041441793264188,0.001252461873495662,0.0024843843326642543,0.0027119413551434566,0.0013244118863868298,0.003408444462369772,0.003337762478272891,0.002763054077048045,0.009424133919674666,0.007873396875543214,0.0028289614455545113,0.0031864428244242978,0.0030049480704696574,0.0037864848080609434,0.006766570380046209,0.00648499308660952,0.004929416955646577,0.008957593057153457,0.009128525555306308,0.005730536512252272,0.013612698047675299,0.0141235683280741,0.012943512022536354,0.029858105046298527,0.02773745961555194,0.006232537055816444,0.011062667993998205,0.002835201527612619,0.0023278672858581605,0.012104620167552031,0.010112539154604326,0.009230051772494752,0.012042760032486416,0.011614915484476795,0.0030437697088677063,0.003449571295625403,0.003625729402796487,0.003043096169545203,0.0030381608368663,0.0033554185618642615,0.0028191327969284267,0.003465194247157269,0.00415908615001046,0.004898234419651661,0.0005335287279142618,0.0009152168874902276,0.006595357697634573,0.00990267735822906,0.010849949258161334,0.010961294831117343,0.014989666580223325,0.0030125794032137324,0.003764601674313842,0.0037669788143247914,0.004235934761054945,0.004500294727355098,0.00999928081137408,0.00877798488139853,0.009883839607246913,0.009856612209089842,0.011791813186684536,0.002627830822737194,0.0035276657161789856,0.003271595479828083,0.003957827098308983,0.0034203983945940543,-0.0002273889091245053,-7.08976717234409e-05,0.0003579034541691373,-3.8580637257734646e-05,-0.0003080742429400726,0.0011187960483761447,0.0018181002350291834,0.0030142959735659967,0.002732188016937757,0.16991902824464572,0.9485000062092162,0.9485,1.0
11,0.0012901037592394729,0.002813998725432977,0.001116473761881623,0.005188047293462875,0.0002774419463015534,0.0017863445306656662,0.002134575943498451,0.002073466802785415,0.001760866910936001,0.0023500248515760545,0.001902115878077452,0.001876015331675291,0.0009590317089038724,0.0010758918872935883,0.0016907719869001217,0.0021848856002269195,0.0011498676307551779,0.0006861877652780246,0.000992350214165704,0.0009973188679879906,0.0010702821664701383,0.0009051524454338673,0.0012147664594529984,0.0012045113085960867,0.0009114724664210974,0.001182193424777322,0.0010593178506450045,0.0012982145489007803,0.0020078981391499135,0.0015587669248596791,0.0015503990243204238,0.0016779221214650922,0.0014058110706903955,0.001916295939801457,0.0014273314033056215,0.001721813673280357,0.0015450465762537385,0.001993958510980895,0.0023451567077779328,0.0018531805544276237,0.002517747171977306,0.0022579816213118232,0.0014913548027924094,0.001157867240436684,0.0011111475529949812,0.0015387056737515828,0.0008288278767762661,0.0006239043259131447,0.0011223179166748374,0.000746439855787084,0.000700955048481368,0.0003498030778147362,0.000779756726992254,0.00046854205422494253,0.00034796199625407315,0.0013828215479980569,0.0013890430314268565,0.001080638119145677,0.000528412315007859,0.0003991982025067173,0.000589676976338251,0.001212863679417031,0.0008229073990060359,0.0013353658280804467,0.0011377436220202726,0.0013560243523271557,0.0020242447743016277,0.0009245532486267408,0.0020426516027925563,0.002498085322208385,0.0022588537062963204,0.0032473124415393724,0.0031803182067492363,0.002070953537130637,0.0017914583599461715,0.002061756730032842,0.0038485429057263836,0.006274400943989764,0.006385135598967195,0.006555540152899526,0.0071400017930103605,0.0066230548104946945,0.00665072445117472,0.0019622166523957426,0.003484897456712104,0.015333860847299622,0.008093251099690378,0.0076278591787556655,0.00644413042644833,0.005571504716204111,0.005468620797116494,0.012760582602919172,0.005775536430253854,0.005093709501736659,0.008781162524094773,0.005624146209895011,0.004377182778348977,0.003718299946151741,0.004685732014097937,0.0048153386258242906,0.005474079338629108,0.002474264367391268,0.002858992098126729,0.0005761926997290271,0.0004858029209722878,0.0008870971513185797,0.0024752826158377698,0.000592227287382302,0.0010284150132505872,0.003279126781821373,-0.0004895997635467625,-0.0003807024988464276,0.004970538925926124,-0.0012122994707771289,-0.0015091302748712523,0.0048709744602216404,-0.0021284199785318717,-0.0015364671225779397,0.003403253032421182,0.00159704474573899,0.002165781941616851,0.003579287316881018,0.001003488218507378,0.0012570029494980023,0.0014199730173333884,0.0016715074693292441,0.002443643515732072,0.002465167410541876,0.002554248247739001,0.0030572740007675393,0.003201335426529146,0.004964497889370702,0.002755304890926634,0.0036281630818126623,0.003749744638536275,0.003869706931301975,0.006766813253942226,0.001282459995721625,0.004975825512622013,0.00138948284964706,0.006700708740750415,0.008373793522019082,0.012150304544650471,0.026145727039077905,0.0031268661495574713,0.00337468100277214,0.004638247728749192,0.004353225565811045,0.006036323989309315,0.0014293068409299786,0.0016351095694860291,0.0016364161441009965,0.0017763100313298653,0.0029736214277039773,0.0020725440068367685,0.002777381658378978,0.0031578491450105794,0.0030184867300944787,0.005572894400156632,0.020408169038663798,0.009286658485819745,0.008370509432033971,0.0062441433048603615,0.003993329848417555,0.0086091242234566,0.011581956037743094,0.010593407499116898,0.012997642396466395,0.16991902824464572,0.7155000487592655,0.7155,1.0
12,0.00611846275449799,0.013495452638383126,0.0046726318148063994,0.0005088213170677203,1.9448786398913196e-05,0.000994093940065888,0.0010662262901777787,0.0004390753410869618,0.0041141325068456075,0.0015670215119154192,0.008761405480287185,0.008564743967745848,0.002792582992131619,0.007212013627881003,0.007838577948109065,0.006964206949898195,0.008262064823744607,0.007768115134382747,0.008010554992587059,0.009299202904686948,0.00818255744308321,0.008124105982533011,0.009130098252616275,0.008362275623169154,0.007987284546250757,0.007891853681036448,0.008390553805297792,0.008928798171810522,0.0018854893575915642,0.00137445677795486,0.001595837546906991,0.0014996488307530951,0.0019225120361269846,0.002254410768493387,0.0017760017483201376,0.002944725324315471,0.002096012988395936,0.0018492646055839623,0.0029235881262602275,0.0026102121974798773,0.0018535764518056474,0.0025047964183714903,0.0029919982900400415,0.004368785033879141,0.004159927590739808,0.0036593879126191075,0.003550223156876957,0.004393704177830633,0.004136497950669772,0.005435122270771523,0.0047472719104394035,0.004365316151085522,0.0050069758975477986,0.004050898646483195,0.005460736970255178,0.005129892747418122,0.005937780359859254,0.006645743096066789,0.0001312628980946536,-9.409087339359477e-07,0.00015722737107728028,8.485030483754326e-05,0.0008129398317493948,0.000825221476123505,0.0005333461837260336,0.0012410395490472137,0.001139327376682794,0.0005417184065794851,0.0020190625713540577,0.0017961871810424088,0.001627358974485122,0.004158824951051817,0.004207253979769908,0.0009904353396303252,0.0008126235865011943,0.0008480099097883667,0.0009464069647164659,0.003386506196485144,0.0034423838503693754,0.001539486292633418,0.004936618979411112,0.0037245912645240335,0.001549182657886394,0.006635718722851992,0.006702329197176396,0.005045763284747553,0.016970443541641934,0.016157488559412177,0.0006623351783901345,0.0005710983988738974,0.0005536084633979564,0.00039461344573414386,0.002200186554102231,0.001627520124874861,0.0011324992291357452,0.002491541957754209,0.0021415367813605287,0.0009671488728729239,0.0035806075733767493,0.0032955794272289244,0.0027941453694577695,0.01050820433608662,0.00962832536333561,0.0030536387617029707,0.003440381556229565,0.003609247493067548,0.0034567890183308677,0.006209291268788194,0.005453832495919155,0.004336834303414211,0.007705532338962212,0.006998999580496013,0.004878206181520329,0.010365695604939353,0.010179748318643668,0.00906678326049698,0.026177455297513752,0.023535159813702803,0.011817077011856664,0.0011528492346873065,0.005425069715931153,0.005353123132389495,0.001126839344250697,0.0012982197547158853,0.0017696607582063182,0.0017941611106696278,0.002129631032422998,0.006571939496990953,0.00684430333897276,0.008855681625378378,0.00770546825654962,0.00944179006023458,0.004364008691880761,0.005139949354284753,0.004872850741560656,0.0052334024522072385,0.005193384344716651,0.0010111693002403737,0.0010460344204004926,0.010213782043297126,0.014756066874117147,0.015247545948718398,0.01825503091149269,0.028706923721781345,0.003944632825436336,0.004803326238631199,0.004348517951986041,0.003911849875171907,0.005445795778148127,0.0009715373145780887,0.0015478324742367496,0.0014261227094145067,0.001978292207534929,0.0019929152587215594,0.007929789693316886,0.007549595163517977,0.008311134334628174,0.008671304046998729,0.011086313019886603,0.001969567493122472,0.001485757618413564,0.0027243834076099093,0.0037413113001582535,0.008139130443718456,0.0008277322014425921,0.00025304846840269263,9.521722165522002e-05,2.3528559331510323e-05,0.16991902824464572,0.9909999999624743,0.991,1.0
13,0.0017041940331228374,0.007093949086826216,0.010071131458842296,0.0023153186484935247,0.0013683371227870167,0.002208425213782956,0.0016459858299821691,0.0010278447737248888,0.001551909511638045,0.0015863041178124028,0.0016373394059106513,0.0012589866547630872,0.0010646772448478148,0.000754832675877847,0.001412568889899112,0.0009897123878308785,0.0015730339105123731,0.0007082621892196158,0.0012455344479166271,0.0010807206625212413,0.0008281963987172005,0.0016001630261546537,0.0015038820876181293,0.001996885754871232,0.0020206204709423818,0.0023248158470221573,0.0030569008590299687,0.0026765427816515834,0.0019354809192805335,0.0017970612026562069,0.002359825129622741,0.0021817949510783783,0.0019140217261192584,0.0023397182450008553,0.002659437275807077,0.0027530445906823802,0.002265321768726498,0.0025258412834927952,0.0025797693176912006,0.0014715574491093238,0.0027920177063353877,0.002427789655939108,0.0023334098928128083,0.0012894393326616477,0.0012261295210763206,0.0018832305366731773,0.001518806858313162,0.0008335005334530077,0.0013017987527455042,0.0011074670179846847,0.000730268169890759,0.0012935861891978488,0.0006170410456223445,0.0011324832703014163,0.0016659101749982581,0.001960126966520863,0.0021412600780174786,0.0023597068835234285,0.00217324222609109,0.002774450479438981,0.00260539218833319,0.0031900037940818574,0.004987107070550996,0.0041552419218312524,0.004621078107604269,0.004190730070163667,0.004001435334538395,0.0032571764598183883,0.0028941341100107167,0.002740839398468694,0.001552092050830073,0.0012850074699199668,0.0011898407525883267,0.0016634658527750646,0.001559634001654023,0.0018321808632473793,0.002049366520508378,0.0035743163866478133,0.0030286277873077467,0.00379222760112618,0.0030513031373434704,0.002799719015418183,0.0044051428793506694,0.004971163719440413,0.005673413420309191,0.006283235457811152,0.014077889926261722,0.011986454520560902,0.0022474558653930448,0.002320046651973728,0.0022553323355705363,0.001445193051300167,0.006101887731052566,0.005474908951407881,0.004092647025857986,0.006518098060327561,0.00618312448985794,0.0024584708186994107,0.005245902643829881,0.004441758730180237,0.003975723471983736,0.010637312155033272,0.011197328353399896,0.0013044315927757445,0.0008441076240616958,0.001211491154260663,0.0025253260928372293,0.0023424024202947998,0.0027215596864161944,0.0031195849565557516,0.002595134250118078,0.0030082276072107587,0.0031820513108832237,0.003337981851466812,0.0038334835935039738,0.004831457327720564,0.013956442234199139,0.014116194875253929,0.0049930189828118,0.001644726755151655,0.003559154130336888,0.004669058850369171,0.0016662637896053163,0.001739958462489566,0.002002329349900464,0.001789507894981423,0.001176051207638232,0.0030570737636239093,0.0028909401932905453,0.002497788671605486,0.0024839806438564753,0.0034641416989020317,0.004531855743343787,0.004473092437332989,0.004919379180414471,0.004518260315772465,0.006066821965036585,0.0042551953682612165,0.0028557188263494877,0.004823898249908657,0.0074027303557076774,0.009192109798888546,0.011803399414471002,0.025724913839911497,0.0038969781969220955,0.004033665127706884,0.004244915620027358,0.006281214914275362,0.0072500933218103475,0.0015162863538619401,0.0016500060634490228,0.002004318730020368,0.0019076495027521296,0.001302433106621013,0.0032652490235196676,0.0030079990632234294,0.0025943215172132272,0.003134484212033994,0.004158648259793974,0.0022498477991993566,-3.8868192976846316e-05,-0.00018177906586071645,-0.000289510742012262,0.0002168351254173227,0.004337166075876889,0.006036339737824227,0.011222892552936797,0.009483506908738896,0.16991902824464572,0.7489999927220938,0.749,1.0
14,0.006131150698693549,0.004166020612913867,0.005757676908818559,0.0020268215018815934,0.003947845931719031,0.0014338934873717294,0.001522530777497244,0.0020802919689189635,0.004810004844898767,0.0033905537543834196,0.003261560867637032,0.0026330019678235763,0.0007116986851904006,0.001758696067125784,0.002216126815367178,0.0021032451991464586,0.0020650668169128715,0.001562678329371022,0.0019597033555782246,0.0023807425819676025,0.001498294065355884,0.0009549897966440877,0.0021227424331159866,0.0021292478236697374,0.0019892537286000803,0.0030757872545888717,0.0037649957992791274,0.0030733964966290273,0.0033675700314844677,0.0036710298824935636,0.003263302867658825,0.003357309149705484,0.004264126990370181,0.004461960173064801,0.004476738463225845,0.003278603296882632,0.004701506560232737,0.0039002878407773654,0.0038230244379521957,0.0024257523339045644,0.003991548995830368,0.004619227341565631,0.0050229899774206195,0.003604300321199366,0.0032555221009170623,0.0030486972598852604,0.0018654219374427054,0.0012789758693148045,0.0013659883078089915,0.0020567012349978434,0.0010063758610760812,0.002052970357260339,0.002227342245694186,0.0025544893495285737,0.002246443749598185,0.002806057305235956,0.0024925508810766175,0.0034200541798050984,0.00392904699453728,0.003959862498251414,0.004640363091549496,0.0023258021137404087,0.003636644834001963,0.0036173278978983594,0.0032045794978279546,0.0032664935654600404,0.003090480600020919,0.008983502543208127,0.0032195612008420276,0.0028206279807645018,0.01952544070137493,0.004381776482049714,0.003921085927208118,0.002798221703428505,0.0027605229521599924,0.0032021891484116027,0.0037002859240612036,0.0026441321223860796,0.003033159896258698,0.003925404839555719,0.0014648617244316028,0.0016660199922728044,0.006734081489766978,-7.478351797880588e-05,0.0005760689522976786,0.005869482408831955,-0.003867120742899369,-0.002439664363968826,0.0018848117192470971,0.0026909225402428428,0.0023310082526644877,0.004156406688850993,0.0018630428317794674,0.0025001658188537894,0.004965854773178827,0.002605683369800889,0.002992475951922105,0.005324989713432554,0.0023636641355215594,0.0025335208559027255,0.008322182971890519,-8.861102821947944e-05,0.0004320732221643565,0.0003258999779974589,0.0002839420030516138,0.0007541034704726898,0.001991356819397814,-0.0008413432322705176,-0.0003691802303740216,0.002213326188005556,-0.0021419985625583263,-0.0020423228757015933,0.0034611639728452204,-0.0037009008315926893,-0.0033385313191995674,0.0022276647156143042,-0.00760308858630204,-0.007106214034466771,-0.0012832895857897706,0.0022152153743572375,0.003349395420457633,0.004290085717466665,0.00197635527876886,0.0020217999261438607,0.0016729838671825747,0.0010323115967051785,0.00200929660068148,0.0031358357427558343,0.003113171455062964,0.003092851682255263,0.003956700525022066,0.0035611719809544528,0.003743076988060333,0.004117747734293392,0.003451835867608334,0.00637613475675605,0.005653797754846127,0.0020471565449283334,0.0017771492570155649,-0.0005562550831159615,0.00039810513294339674,0.0007073021246817203,-0.0010573944242037588,-0.0019934550985133133,0.004559633418279581,0.00405135628871912,0.0048677504945026095,0.0043578975076636935,0.005731892736325591,0.0019908749394125726,0.0018123796761543144,0.0021592851279149954,0.001493153405677725,0.0024726697492693144,0.00240298492049545,0.0036870928996454964,0.002915527306175687,0.003151166901728806,0.0029301063326593094,0.0009732203022048878,0.0010655189132945948,0.0009608572448973919,0.0015769035505124383,0.009343998456247216,0.014380801416567694,0.017987718937749475,0.01074704943963159,0.009213471063892946,0.16991902824464572,0.6475038420360058,0.6475,1.0
15,0.0023825019098318856,0.003421682306928465,0.005954837769798732,0.0027932576925859373,0.00036223484443128517,0.0007749452168933525,0.002511335427021495,0.0026536998794335622,0.0019037820155739264,0.0011900820773707538,0.002405884879409769,0.002950839309380106,0.006872595418203163,0.0020485576757913295,0.0019111067712346223,0.0025033151346658526,0.002696062987409984,0.002175461003707367,0.0024027153638843998,0.002810522370421382,0.002216833728389518,0.002785737133715795,0.00299327268196787,0.002293555277190221,0.002764210315636142,0.003150110373829335,0.002853459711260502,0.003689387615692397,0.0012790402212094244,0.0014712465909142507,0.0015982470906528879,0.0016681340917903532,0.0015817492524953416,0.0015845677834497602,0.001973628252139168,0.001199847406207339,0.001430974939243311,0.002078535096473015,0.0020449434409844673,0.0009466967261784629,0.0023998927965456227,0.0015178640577138802,0.0026469663789952477,0.0015016843178646607,0.0016591189485508453,0.0017398205770790863,0.0010747810914472234,0.0012117556092465676,0.001362973342050462,0.00192994334185615,0.001618536045509053,0.0011711373328348671,0.0021454150101515084,0.0020509305799495912,0.0014711535869649246,0.0027568832794562423,0.002739604175040389,0.002393684297994857,0.0012781555669678344,0.0006869091194984658,0.0008855889261163312,0.0009478420436944551,0.003828858050090925,0.0038934480378584138,0.0022379900552403557,0.006507463207655295,0.005292225823865572,0.0007615625856741792,0.007470658091276104,0.008092590542797212,0.0038327644004716417,0.007014257427116745,0.00676592594574547,0.0011909480434399227,0.00045871070198225567,0.0012807422934150707,0.006362932340213052,0.002977698834516902,0.0026247532583943915,0.002630344158480972,0.0038696591933019267,0.00399190282775367,0.009492474356300169,0.004274734954850836,0.0037875403072363764,0.012760814625641246,0.006454807585141997,0.0046253625555887695,0.0013084660423289902,0.0009084640126264699,0.0009446350382757097,0.0009364713738397767,0.002389440162779585,0.0019238204131205,0.0026043707324615406,0.003757200904582036,0.00423617290462445,0.0017830049910617363,0.003670296175456979,0.005414025276455571,0.00502209674740219,0.013481615277549484,0.011972991374060013,0.0010489098067780892,0.001250076066171706,0.0013635742954186299,0.0028078747787883213,0.0021956792169951322,0.0030125685789160676,0.002159495529037561,0.00433674115718337,0.004596118785218901,0.004804040088996896,0.0037823454640219314,0.003974512593565122,0.004605806501647886,0.008180005858745145,0.010843604032826621,0.004678341050387976,0.0010177148737532274,0.003637139820299266,0.003961385643001662,0.0008483347087953417,0.0015500946510718413,0.0015986265594814173,0.001864012826598042,0.001128892740171311,0.0031566689169304184,0.0030297011991765334,0.0027522875257788024,0.002619227595539385,0.003122901772861269,0.003055497588986804,0.0033427058443516624,0.0037187174652414043,0.0038742794609332954,0.005023663153858113,0.0033557662329212258,0.0056551172094481015,0.004735358446316399,0.005143476465680306,0.006093853971569309,0.008317300222432053,0.007584946613025995,0.003900152114448222,0.0039224163420372654,0.004188317408711326,0.0034507649635040208,0.005727878932771414,0.0014956489422375575,0.0012602506858502111,0.0017703770345737881,0.0020008868614321937,0.0014498924479167349,0.003156600754966854,0.0026340439567947246,0.002134812216957213,0.002703428559873282,0.0032470452596990206,0.006253087755713463,0.008410314361613696,0.007515440871478289,0.006441640534940266,0.006106490287636287,0.0013808738569122917,0.0019504510903059539,0.0016551579192208108,0.002143157414880003,0.16991902824464572,0.7230000039716427,0.723,1.0
16,0.0020424046628056995,0.006581229514201949,0.010252177559408437,0.0007818745793266191,-3.386381887672369e-05,0.001628390913720784,0.002413916431916749,0.0007146079023388625,0.0014355537693238074,0.000684216871659073,0.0039033639034321914,0.0036891423161507083,0.005795889561277821,0.0033734677310350803,0.004672753715862386,0.004855630475363215,0.0051188890777392375,0.005761742066140024,0.0047925346842682265,0.005535981854359838,0.005087743104799656,0.004883823766902223,0.0062604478846853065,0.0052788816053385935,0.006008721873494264,0.007499320470692787,0.0061188263137509444,0.007257483275848346,0.0010199595294871756,0.0007322882982343211,0.0009185530488121049,0.0009626238768543413,0.0009926629075962027,0.0009515475744351709,0.0013861300903523755,0.0010143193330515493,0.0010525067074931374,0.0017414349923306133,0.001372281655174251,0.0012944419447581375,0.002394186407950028,0.0018956041104309781,0.0022287157375044473,0.002130225787773058,0.0018270892335703025,0.001492724623245926,0.002328909594279486,0.00239805837097563,0.0025069395069969645,0.003354969698393922,0.0027374386422306324,0.0029550005596616843,0.003464703201588151,0.0025993592984467433,0.0028854728034224827,0.003920043965419403,0.004039395573289776,0.0037037233013431257,0.00017120001698595438,0.00010180410251884071,5.070113057645214e-05,7.276804469209317e-05,0.00039233089689976196,0.00020421597238146652,0.0001886061629854879,0.0007529113005008298,0.0006702502786055922,0.00016802546590372264,0.0006185964411045024,0.0006168748046439276,0.0005285512249438623,0.0011705044197682767,0.0009883574493446262,0.0019459072374783282,0.0015623228094129393,0.0016902293096735497,0.0013613355575171902,0.004461940526255462,0.004298544027154251,0.0024167153661464194,0.006208224814539099,0.005328205783236205,0.002768749015376045,0.009609396939282701,0.008893947040157387,0.00801701302873959,0.024810556421130538,0.023491627108762382,0.00175934887494453,0.001401136321959438,0.0013797716802215945,0.0005502277249413461,0.0026245260090051728,0.0026622610248150506,0.0022855106985005605,0.0043731668278926186,0.004030315816321926,0.0020839387756950763,0.005080193711012688,0.005407822398377999,0.004790300908360528,0.01477534446545143,0.013462833214272165,0.005920693189708549,0.005651480912876019,0.005798858489471355,0.005521429687483811,0.009062892833810421,0.00819398562732362,0.006706084809752331,0.01056315024588629,0.010328983318954585,0.008418996296475252,0.013847649586114468,0.014919538970373805,0.016448432255194934,0.03302406246894759,0.031499740768690304,0.00608760957503294,0.001575423692303116,0.0031530780789887484,0.006961011790467785,0.0012012350277963353,0.0019817302223756597,0.0021422909272874055,0.002125187016565122,0.0023286297972126844,0.0028938478997229964,0.004066055401555333,0.00406304199858058,0.00503110899739981,0.004786804419163638,0.006437816915163981,0.007352875702478547,0.009483176994049013,0.009708172656712722,0.012767215560256805,0.0015568718840467128,0.0022034601475933325,0.005620519903651043,0.0091609074170915,0.01043918050595838,0.01230091017962952,0.013735456732682215,0.00655053086048491,0.00770433373033211,0.009186085455442491,0.009738753767178709,0.012341050863298788,0.0019387407677177774,0.0015486395994001487,0.002016747977586183,0.002081807143101945,0.002730953361290958,0.002561384721337937,0.0037403901975643266,0.004456335579861277,0.005641621755208223,0.004957962772304472,0.0005108641956199507,-0.00037855954318072717,-0.0005822761123601771,-0.0009987067894592476,-0.0021101299096751755,0.0036127975910145937,0.004952434335504125,0.007273564764263572,0.006612472224697743,0.16991902824464572,0.966000000048568,0.966,1.0
17,0.00223733035203719,0.011967086839826939,0.00454017114085772,0.0008166978599581523,2.735677743676319e-05,0.0009971168060243906,0.0015937748419501867,0.0011005365354347344,0.0018651754992330088,0.0018888528188344088,0.0033727658323691053,0.0034536551402611095,0.0038019707426513723,0.0036132200002640677,0.0036876029324613975,0.0039905712122102685,0.0036520449361314425,0.005037818160100417,0.00398026318374719,0.004537469591274319,0.004537289742809293,0.0042846490818849925,0.005946239544129393,0.005802641393479991,0.005472515900908888,0.0059755999082285885,0.006059883349117389,0.006075775624605325,0.0015195750292351373,0.001455934500469941,0.001675579083639743,0.0016234966514502686,0.0017046801852703345,0.001528282047597508,0.003226567336937092,0.002645537741166516,0.0024466857722700045,0.0037079052763657767,0.003563762727107007,0.003116086455018434,0.00890283709290998,0.006547137124736381,0.006064972045856853,0.001409487209508273,0.001882686836115577,0.00189772233598497,0.0023225977026438667,0.001713216326070093,0.0019289972819089964,0.002682103198911525,0.002412527118588713,0.0027185152905867586,0.003380914695137358,0.0031641082044976446,0.0025477990770346043,0.0040746585884301936,0.004003237317575203,0.0037148918462433307,0.000569782213008923,0.0004264220118582459,0.00031792153214132854,0.0003305948570921667,0.0017008773589231635,0.0011240206675981507,0.0005337622959034016,0.001127372794401547,0.0017522638422690384,0.00040591861873348915,0.0012111674466339316,0.001085588877845774,0.0016762205812425727,0.002051622945450231,0.001967804374306834,0.0008651703293227013,0.0009696584157949667,0.000947387385264893,0.0010363293563900092,0.00407300540191627,0.0035612980871553733,0.0017635716119459026,0.005896631678213897,0.0042602769120558,0.002673520455063592,0.009276924124694039,0.008538094056409234,0.005718755555659212,0.023338165193491255,0.022143788459069128,0.0007625220304353928,0.00046502812956130166,0.00022066052532757386,0.00044593942902603205,0.0018697148635272664,0.0018990963202182003,0.0014293209267575446,0.003089270967268324,0.003268394381271089,0.0014530808512861237,0.005749391643419143,0.0049445912061125636,0.0025237156129071254,0.013511332532962425,0.013215288102151512,0.0035436424862543576,0.0037949717434251134,0.0034512512449517674,0.003614180361526101,0.008899121727348008,0.006300208587496346,0.005273737867275058,0.011088129164142506,0.00977903305694485,0.005924273021467883,0.014545753480962818,0.014475840499072346,0.01186458406771167,0.037641456299632337,0.033120248101441256,0.004255044568618885,0.002547746581312391,0.006725673656121735,0.00372434268503395,0.002302797929548776,0.0026143488968963977,0.002999141614009556,0.0037132123806005524,0.0072163339789340685,0.006899261568998191,0.005997414196811328,0.006631795439471386,0.007826791229982508,0.008983515896730269,0.0030889027370139353,0.003631954911518197,0.00403260116239537,0.0037512180686806026,0.0038097322976146752,0.0007065225729466471,0.0019484681867468006,0.004817137161950046,0.007238055199059879,0.008063360324316718,0.00997511498169081,0.01017024927721243,0.003094816555635699,0.003155539967252553,0.003485427690391761,0.0042441222457132435,0.00403939132023274,0.0026283735624285176,0.002583412354790435,0.003577517871962344,0.004256798263220721,0.006067428497205683,0.006781889223636056,0.005872240838498002,0.0067306049422185335,0.007931844753082434,0.008537592110683468,-0.0008213066607972304,-0.0012994803578106164,-0.0022735972754178544,-0.0023439894449357257,-0.006336072313712381,0.001315828012955522,0.0044017496858261215,0.0011689018199612304,0.0007049261972957254,0.16991902824464572,0.9105000001284143,0.9105,1.0
18,0.0028245154002536723,0.003930532077601885,0.0012516343043344413,0.0014434552292743091,0.00022278060089115775,0.0011348296109694779,0.0030975754675720253,0.0028820673860179245,0.004298424597640784,0.0014293320451722728,0.005807624625854491,0.005150867754510149,0.003938226312351664,0.004766706973132188,0.0037623405686297803,0.004527239988120962,0.004235713144670288,0.003474878983135935,0.0034199760556650077,0.003959727433272428,0.003640527266262452,0.00317292973497187,0.003766650387058388,0.003169798365178375,0.0034752977033459215,0.0044089183391869255,0.004088459991869655,0.0035694963399397987,0.001228710630931816,0.0013613417697333563,0.0016947755860273344,0.002316090271605313,0.002473707218677107,0.002548847254175492,0.0027261122021427315,0.002835224122441723,0.0029826743025576615,0.004562061677485868,0.0033780603615980965,0.0043956132778936894,0.007769238560010387,0.007355208567674402,0.006471762052869138,0.0034374343285702587,0.004171588889152549,0.0029585328264478783,0.0035445167136186656,0.0026340609010134172,0.0032707337822012825,0.0030664092149728893,0.0022828338838218583,0.0026237501958892573,0.0035006240250011426,0.002653901874657897,0.003326656987826722,0.00294094834016596,0.0029974009042423072,0.002364652087554445,0.0005936673343402018,0.0003971925745267365,0.0003080661606227986,0.00010979520255165453,0.0011152605237187026,0.0009153734934427864,0.000609657636087748,0.0011732420070903456,0.001915190919348838,0.0006277834046647886,0.0014875483876300936,0.001587668323763951,0.0021516529982055156,0.003295605200910254,0.0031950577265682373,0.002321045937968593,0.0021531896255902474,0.0019401853157551378,0.0023139716053210955,0.004003155107013836,0.002916479832794704,0.002855820728124849,0.0050792378673466644,0.004949404244478521,0.004230436639696676,0.0069694191277436006,0.00793652125329973,0.009682862069228228,0.019372439629012313,0.018768308955189914,0.0023366711049633416,0.0027859868977214088,0.0033835207417030485,0.004088976241473926,0.005618475489747842,0.005607632471492556,0.0023972258585494882,0.006586787630991984,0.006797599887490264,0.0018281941757093622,0.009263089902786225,0.009123160330806748,0.019044522840978316,0.012762553094793464,0.013142295754327198,0.00038875414187745873,0.0004662158424184901,0.00043534541518395586,0.0014156205623797667,0.0002047053755239537,0.0003992693485821839,0.0014369458241321297,0.0017469357926282614,0.00239843601899693,0.003329388917485746,0.0025946355489731366,0.0023754460487452867,0.007611811367546896,0.01040260441006256,0.014762568691277256,0.010278833785739388,0.0009268075544130104,0.002197983348695564,0.00449591545609186,0.0007790514396843111,0.0008309219559526783,0.0008868141781547674,0.0013369632489850204,0.002221283528177493,0.0024499623483410452,0.001064061055184931,0.0010494012478619442,0.001503477576222953,0.0013955152353970583,0.004813491233736071,0.005064436192924091,0.004466656654226573,0.003826438881468583,0.0058239130498262065,0.0030491125713687666,0.015214189810233028,0.0047540176497981555,0.007296263125341971,0.010719493716457884,0.01705737185139997,0.03784988446687668,0.005154631893584553,0.00503392390272783,0.0041684342234206235,0.00420807088064737,0.005967790309104965,0.0011391021869613476,0.0010727626838597803,0.0014872416147833265,0.001490286188676166,0.002442479025937062,0.0019997263519293132,0.0013579845080800238,0.0010969767101321264,0.0011044140033643324,0.0013169566459450036,-4.538476918169416e-05,-9.013648372776819e-05,-0.0003406153783121828,-0.0002792411958107994,-0.0008464891229525407,0.004074096388156492,0.0031415317940869355,0.0022400284984281753,0.0018995249563633022,0.16991902824464572,0.8345000002826404,0.8345,1.0
19,0.0016533836758987823,0.007845281247864861,0.0032536515425884488,0.0009386689508499955,9.046396354625755e-07,0.0010330447108215864,0.0009949465868007916,0.0012757748021941814,0.001709936028765619,0.0017685191393630967,0.0009898165342939894,0.001409465787474997,0.0014534971137754296,0.0018170804868456593,0.002265083880017396,0.0017738384086209349,0.0018133321512177757,0.0010707325836311283,0.0017104108188057874,0.0015609377995274714,0.002149761574746688,0.0020900543558657514,0.0026845115173617334,0.0028964504665546847,0.002526812510783784,0.0032586004103732913,0.0029421129050094417,0.0030639018593172766,0.002397307605549996,0.002109237690952331,0.0014081221023350293,0.0020655847041950873,0.0016699648228707508,0.0017269455854782537,0.0019542593583421228,0.0015609805653415063,0.0017597812163219846,0.0022215853299225926,0.0014381363492436893,0.0014574319305271169,0.002637562766484112,0.0015805545192687886,0.0023324076418745534,0.0016413515573884389,0.001392863562833259,0.0015716094868130867,0.0014416077164946316,0.0018813003348949532,0.001727128769195809,0.0011391057380120912,0.0013037193686844452,0.0018298154254232843,0.0018277315270837633,0.001923758183695918,0.0018345555166296983,0.001975833279919677,0.0021857526695955257,0.0022102937405191186,0.00016822900718816368,0.00042180897965946035,0.00039417572322383713,8.027681151190287e-05,0.0006117302880338412,0.000530194548951912,0.00047596490081705143,0.0009878232411949213,0.0006578160405614456,0.0001395338266633363,0.0008581993228334763,0.0008780438569269428,0.0011180240777070253,0.0017143886445059456,0.0022491617765018567,0.0010803018546992978,0.001114764761862044,0.0012276722038563885,0.0009921589887475616,0.003302565780873821,0.002737878212216137,0.001629850493219533,0.004923528798984244,0.0038102139880300413,0.0018506665901189517,0.0068920239002309555,0.007388649086194464,0.004601981696964485,0.015736441958621828,0.015631204402262268,0.0006425479802274307,0.00035071451812494363,0.0008834439210068334,0.0017796746626824087,0.0018470090141837097,0.0024598093326011054,0.0020699967064036493,0.002737512335541713,0.0030834808383495378,0.0025540683581522835,0.003762995264291206,0.0033788676123083527,0.004386680574752854,0.012326220633423264,0.011482215356842133,0.0021069475458882604,0.0024409097920701467,0.002009404530469115,0.003912192539845876,0.006829817600648696,0.005296365049067309,0.005590533683450409,0.008328746216880676,0.008105140215279883,0.006518967470499946,0.01040058741494554,0.011777761627643575,0.010644408135625685,0.028971415759965657,0.026923332329407728,0.01229344962046465,0.003221077678382375,0.0027940134843430216,0.002964264956073645,0.004238482315008485,0.004361581256857307,0.003909041294911711,0.0039026754312702873,0.0036074501853969594,0.0031474439303813984,0.0037203626674302353,0.0039055886793989574,0.00391886871867308,0.005044377747441394,0.002873469520437199,0.003913734286574611,0.003995046763565133,0.0048307567642221485,0.006419026796573564,0.0013717174922604212,0.001187850665220237,0.012176219542127546,0.01714853220541213,0.01787010964659666,0.0243732055137504,0.036996256970025725,0.002939137366458925,0.003274268297620314,0.0050823247050879325,0.004578761199821349,0.007678764779630297,0.004232303900949082,0.003688157161966639,0.003922074522221827,0.00405342263942993,0.0033178394951608446,0.0027309649539078197,0.003795579441811764,0.003959931910846314,0.004461958037306561,0.005062691969565452,0.007631009280843538,0.005363488139959409,0.006019615242278026,0.0041076953572902536,-0.0005942257157186254,0.0012126042747582979,0.003807776920779981,0.00576596448170193,0.006840416559569739,0.16991902824464572,0.8569999996393334,0.857,1.0
20,0.0018942703383724594,0.010206306022536834,0.012326356615626784,0.0013722588173829895,0.0001583433458720071,0.002180068689683959,0.0027740872732927918,0.0006912489040769885,0.0023238465157063093,0.0014851458182658804,0.0015738658109830024,0.0010348350831321258,0.0017249687256605149,0.0009448692326762168,0.0010793960067025912,0.001912675886841819,0.0013380990302394224,0.0018878857769970764,0.0013557459184687774,0.002642055687591891,0.0020118989495513852,0.0016826911759457285,0.0026872227169068,0.0022141618200509972,0.00205597407620026,0.003359157437094659,0.002891601671420894,0.003374976893802524,0.0024051310629918626,0.0021115099892873275,0.0017006523765566483,0.0022447090467220586,0.0024430236919012836,0.0026564363227180557,0.0027800839745368874,0.002390228890702087,0.0024345962130994997,0.0028126182169080113,0.0028786216948665433,0.002930868801993067,0.003292282897463818,0.003620591127322192,0.0035265030800330412,0.0022799176396851068,0.0014232890569755511,0.0024183083986065996,0.0028603882267152604,0.0024888705192283905,0.0021626975581662917,0.0023305481891730713,0.0025165465716865706,0.003177591289485712,0.0032200496461943715,0.0038688368571096667,0.0035740873483700135,0.004020856726630454,0.004542233168320041,0.004369738819732894,0.0003033717475286061,0.00035081290430269446,0.0006074386216162373,0.00040989593964078637,0.000742578773914417,0.0016040288948890567,0.0005722580079722958,0.0011852029103817424,0.0012973241103556915,0.00023642778326813136,0.001773122336911872,0.0014804186700059702,0.002007026504942574,0.0017034363225615133,0.0017222887632351723,0.001552119225304764,0.0013514529472226466,0.00121447380356568,0.00105469991858648,0.0041525207135368865,0.003663786131265605,0.002362556677604731,0.005863674461971721,0.004467254235762791,0.00219594072211375,0.008009267446064465,0.007444454909131306,0.006232613665825005,0.019487280094176683,0.01773317928457822,0.0012999919359590897,0.0014487988714702168,0.0011601171446681954,0.0015521020480875722,0.0019852872198653482,0.0020388623136455455,0.0014587766599268275,0.002879143444699221,0.0028100016723278816,0.0009926684535727565,0.005039514965599066,0.0032683635624890755,0.002165688621809152,0.011844887563273095,0.009463204376744744,0.002840824622059533,0.002999618080664411,0.002646985513809495,0.007251927646999825,0.008696560785294601,0.007089775091532839,0.006224042009337966,0.00966603008612473,0.009105588815492564,0.006149983198096409,0.012316876433118153,0.0119233933937919,0.011143390130442478,0.032015622794000165,0.029594606644285423,0.0023556124409566293,0.00109939094867941,0.003671098215307321,0.0035919249144764995,0.0012801139196493988,0.0011740110195877522,0.0013803243382702385,0.001693337075673017,0.002473916848338992,0.0038531780585995897,0.004351890137418199,0.0044961996436031935,0.0052570592651720385,0.006515361474851606,0.0037064393453758037,0.003969708309399221,0.004478832949361091,0.0046137646854110224,0.005364710405514797,0.001006453599943335,0.002059678036984244,0.007709637846964056,0.017855365156936465,0.019119239470810036,0.02367785315865274,0.03408165740187426,0.003342511661556148,0.004077965118393666,0.0038020955266014128,0.003523794242441229,0.005647114560478628,0.0014010073167993842,0.0014361000620408747,0.0015830045817488581,0.0009569873889982193,0.002072316648075471,0.004514457828712316,0.004295218889829407,0.0043598148408825,0.004361579222022309,0.0061523206087374105,0.0024636467560525967,0.004037110703039739,0.004750590613472578,0.0027869933498959293,-0.001207668450087302,0.004057219229948527,0.004468816191960859,0.0037020469837885915,0.0031397992151431585,0.16991902824464572,0.8890000022746811,0.889,1.0
21,0.0018376613329564705,0.016121246177994132,0.005996590061921265,0.0006026709262827084,3.1231241723289354e-05,0.0005025219267009246,0.0006856752996501319,0.0008732008127611901,0.0016674317022162212,0.0010653547715353889,0.003352768812322416,0.0038622085446993284,0.0027225863100574245,0.003174050491015874,0.003909047119632323,0.004287204093185901,0.0034139102354154966,0.003154529947749895,0.0035657253958063574,0.004236664809433295,0.0035543761921031656,0.003794927073313821,0.004580439098279307,0.0039563721443179704,0.003996917941106084,0.004720179207449143,0.0038879033593290997,0.0031644864187622555,0.001621150207390179,0.0018279295090650406,0.0013452921375713533,0.0015094892803431746,0.0014832636222727501,0.0022769624968917985,0.0018734948323876736,0.0017680535585572169,0.0019609612539263624,0.001984863703303115,0.002284257922178228,0.0024850089590685164,0.0025972278597418,0.0032027612872150683,0.002306717685897639,0.0024135145794426357,0.002476699022432252,0.002277612814291688,0.0025403843886120958,0.0024759345962411467,0.002577202943101762,0.002468771858707226,0.0029288261622631775,0.0020476531422090427,0.0026629777587321678,0.0028094782763961805,0.0027220496037814296,0.002835308746384146,0.003128504670431983,0.002966906720121262,0.00023801227906322122,0.00023841253367717254,0.00034321232611537897,0.00033481266603674505,0.000884806122147941,0.0009011076610823914,0.0007110061308909838,0.0017643558106981154,0.0015460353892161399,0.0006819673938846938,0.001047023913164421,0.0010541910298239284,0.0012844289722179429,0.0019960267666644035,0.0020411861967119583,0.001283040991232371,0.001182220574688441,0.0012112310800441637,0.001276226466096228,0.0039623974868405794,0.004064204547078595,0.002062426493289808,0.006062175393961741,0.0051303349660138785,0.0022774599623795995,0.008234226461254063,0.007770535063507553,0.006867966652773242,0.020825843262387202,0.020218220777392246,0.0010951172968284638,0.0009939242552584157,0.0011087436402162775,0.0004111492229265042,0.0018380924414278443,0.0017575835697992246,0.0015670013511653973,0.0025878609087698085,0.0022724750167598235,0.0007776617807573987,0.003149679660477414,0.0034487517425238648,0.002703139293220106,0.009652212749939243,0.008938570008924588,0.0028173957899081882,0.0029871489345228716,0.0029440155295548023,0.003251207699584843,0.007480433885182061,0.005785447722031866,0.004399049911262184,0.008133305710548901,0.007800308879001206,0.005693136253604395,0.011504170215753649,0.010941288104519064,0.014076156905278329,0.027170162383271298,0.026378863339599375,0.010050581781708133,0.00190389252930881,0.0026814217881151923,0.004398755261784172,0.0013422988973537824,0.0021654484384522224,0.0019150159086331225,0.0020449234340520653,0.0025146952588975015,0.0030241703011583128,0.0028806858219863948,0.0031245260125920414,0.0023053928693748155,0.0026449107234119518,0.004708494843385404,0.0042158293929090256,0.0051125853783162,0.006168666826809872,0.005858501922455838,0.002131236669413467,0.004573743902402594,0.010867051522200058,0.019777058094116957,0.020061822678175897,0.02481645052595996,0.034281212399189624,0.0046219758996600266,0.004816950623012934,0.005793384723137267,0.00499848695606181,0.00533172166652056,0.0018073705594025687,0.0019692644077252256,0.0017791931089283471,0.0019253414792339634,0.002658316176752609,0.003338869074615656,0.002867929467802423,0.0031090928043162325,0.002828004630878613,0.002838113639186647,0.0004934189907077251,-0.0004169852343209008,0.0023120406569862176,0.004551284646990031,0.015779803035360248,-0.0009997269305696836,0.0024253219873666583,0.0021038908718667704,0.0013422513567784126,0.16991902824464572,0.8915000066448413,0.8915,1.0
22,0.0030710628487895563,0.0074712999057287306,0.0034291582265946223,0.0011761482905219105,8.94357417756604e-06,0.0011068380051114672,0.0008921652861655052,0.0007233312395623466,0.002259447885984886,0.0006361255117542519,0.0019496841679786131,0.0020411892787703346,0.0031347758670960775,0.0012668448263165864,0.001725368183369843,0.0018477921514422264,0.001895269483789553,0.0014398435322831786,0.0008921116398086165,0.0015912265125498282,0.0013155122610767958,0.0014612304160950276,0.0016938517595215328,0.0013493840701014528,0.0016238774313251,0.001528295026842286,0.001424967696712799,0.0017977535874119399,0.0008322479152750734,0.0009356763787762589,0.0007981752441154512,0.0007728774850874573,0.0005680651002644876,0.0006231647272989432,0.001403357790647411,0.0009347690798277925,0.0007191663664200384,0.0007125232070003758,0.00018892430114284507,0.0008762650355469884,0.0011898025316779588,0.0012152493467582298,0.0015013621127145146,0.0024016703533473803,0.002221672717101791,0.002359367442629826,0.0019924890394017766,0.002621267513415296,0.0017182818176570277,0.002204851480701193,0.002483080108747279,0.00236764671350799,0.0021820063389567258,0.002848988684972716,0.0019856469260410635,0.0026971143444925855,0.002611603465798804,0.0027117180121707554,0.0002535044637376079,0.00024826617440580075,0.00013589333062670472,5.577427638880776e-05,0.00048565396004484674,0.0006725596479878887,0.0005517332290045368,0.0006603533452833443,0.0006646637215341744,0.00013723667854027995,0.0007835295958481843,0.001099268372021926,0.0009244891134754601,0.0020261416821641064,0.002104934552150963,0.0013898427858648208,0.0009733049207119874,0.001528507983600124,0.001630593538880718,0.003285584791982107,0.0032273312281220256,0.002650093728456279,0.005650525673971867,0.004124052323833616,0.0022039088700536594,0.009106897885284718,0.007739105659667841,0.004459162924720897,0.006714917106879072,0.009043549529574188,0.0008650975967511129,0.0006746662209552832,0.0011205693506071142,0.003708799977525892,0.003081751541520288,0.0035078587868564506,0.0026586523994740177,0.0034893732532270596,0.004510079433301885,0.0011965993536416258,0.004749606993941117,0.00477309631760109,0.0038813611430278637,0.01561689159587825,0.012973386057344152,0.0024428233770817493,0.0038171488629617435,0.0027456472412665986,0.003659220583370577,0.007147639853966848,0.006251210536171506,0.005123173632106816,0.009157590606432951,0.008282896891251324,0.00623919496737986,0.011109147557784478,0.011060216551182106,0.015787623867576317,0.024563371141598758,0.023072637704284246,0.012566188827020418,0.000998193420499112,0.0025051668521252337,0.0028740340007629315,0.001168383531687916,0.0005103876038329639,0.00038877845433306574,0.0003693663078363384,0.0009070247547997112,0.0025896413117620872,0.0026684280028382297,0.003522709441586968,0.004213858583383276,0.004797738969109693,0.0024561665979668116,0.0032845168558515974,0.003292104896789948,0.004097627476038776,0.00354355927487594,0.001526641206397683,0.0022137836901122685,0.011560636834153395,0.015788599347900827,0.017185809956107554,0.021510803666744738,0.03478643077733598,0.0031821610423396047,0.003665935644094563,0.0033874238264972566,0.0037883861008115687,0.0033903554750165255,0.0012902861690296211,0.0006318886034721135,0.0005921269923922719,0.00033355575658871103,0.0005071718980597302,0.0023574919995928167,0.003252285202362719,0.0035965499564717136,0.004067535239910559,0.004951037779176222,0.0044410024766582505,0.0016205604475681397,0.003945600909335997,0.006449254138038091,0.021299961147472683,0.005321201879225877,0.00652220360985299,0.00734974757084961,0.007079423244471647,0.16991902824464572,0.8155000007350546,0.8155,1.0
23,0.004616909794981643,0.008291554601901287,0.0023682246425355026,0.0004257631833147557,-0.00017985567269460968,0.001575011815182119,0.0017279532609113808,0.0010101249356830495,0.0035605381214542193,0.0016061221728664598,0.004140828810530046,0.003932756503927875,0.003400257863929219,0.003342358891512743,0.0039752368737069116,0.0038122610884427244,0.004234564239408294,0.004715381001052905,0.00485868110805888,0.005188870390535558,0.00444304940250811,0.004441968911319366,0.005073720520349882,0.004947240548989683,0.004552189889893334,0.006323181893829924,0.004847217405956991,0.0051530106727676606,0.0016907336273809031,0.0016067109827742204,0.002073425052909772,0.001954642516224978,0.0016707523702081122,0.0017664324918659363,0.0022512291675394138,0.0020787529718638677,0.0018806530279590213,0.0029603123182003494,0.002779035954240701,0.002814854029046251,0.004724601728216345,0.004546407673320674,0.003658685433546213,0.003478563725882173,0.003555063661536215,0.0029244537948376185,0.004549227585881443,0.004339893904211911,0.004424464357973871,0.004627539292049168,0.004919016642108838,0.00445178008312027,0.00687439265708741,0.006084127259063855,0.0058368976350578914,0.008658817108645538,0.007382831657221684,0.009045705810137939,6.0494110103156044e-05,7.126070863358233e-05,3.369266116675307e-05,0.0003710699672265846,0.0011760541284861503,0.001471613172953923,0.0007625466154612165,0.0012149887646095369,0.0012446275052677611,0.0007359946119758368,0.0011927406208415783,0.0017842234956108398,0.001239012341597896,0.0022756574701825803,0.001820549389279622,0.0016835705999250596,0.001383502184531792,0.001450394327544254,0.0013177702122148637,0.005088904370280954,0.005038411094141244,0.002713759858448376,0.006481449933361554,0.005075596213848229,0.00271803832430568,0.009473365362763662,0.009067444557708406,0.007658714995106944,0.022360715230771964,0.02085978534612399,0.0006555580640397339,0.000432965707336928,0.00035900192171100804,0.0004303283943733057,0.0017288568232210753,0.001470135208930367,0.001064457254568796,0.0022717228417562284,0.0022087947937153816,0.0008657469544545561,0.004187108185171419,0.00303952611802941,0.00282617140707053,0.011750152514505516,0.011038637568487497,0.003272481985938421,0.003644407743031495,0.0030788882350940567,0.003373102491515808,0.008004245432122272,0.006711522110171563,0.004850277542331421,0.009461811560185825,0.009630103448085443,0.005593304238246842,0.01383782778659144,0.014180368155876194,0.013967384750369937,0.03033636500819179,0.030550660273019732,0.004511403351745935,0.005561965052670091,0.003615805619986067,0.0027925284165333255,0.00631966002970415,0.005622042975586268,0.004232108008109816,0.005590992373593934,0.004489826872374951,0.0029217559059325077,0.003993885651605669,0.0037780538307710513,0.004795276549418442,0.006099451390894563,0.0023498178195956432,0.0027400342740483705,0.0036642069408509433,0.00344195336149421,0.003004279730287019,0.0005087524628173569,0.0018382764780927865,0.0044178120714318805,0.006898813068245493,0.007834896749474478,0.009653675115152591,0.012537661975314682,0.0026751280189019192,0.003348485777078666,0.0030558065659072845,0.002928792299653502,0.0033349112868910425,0.006009397029150108,0.004340042677925576,0.004777280334850242,0.004345867787462698,0.004904471961147643,0.003375920877165091,0.0037780050850578875,0.003756908127911327,0.004478949845601018,0.004648341769327687,0.001886366562249466,0.005711073297477623,0.006448604298277389,0.009612486642238294,0.015126902582270126,0.0006789438896560062,0.0025190306164942088,0.00202625630740633,0.001955068160169165,0.16991902824464572,0.9474999962062347,0.9475,1.0
24,0.004828146880688012,0.008744719117716553,0.02754061758962452,0.0006757000068282711,0.00042465208694357747,0.0011898420855174033,0.0018787400195326848,0.0011303711119947878,0.003728665265315629,0.005034273217409605,0.0019612043442240367,0.002006537376252189,0.003197182161176561,0.0018332917114112627,0.0024811719168959805,0.002041025255286673,0.002622429630876283,0.002650698963176075,0.0025112954433028855,0.0033107682402439597,0.002644143913892061,0.002842669421486638,0.0033881472273397943,0.0029909433030902944,0.0028176178963213584,0.004164605096680744,0.0035237415566053394,0.004287904175718861,0.004450840597153784,0.0032007456832970145,0.0041013893708591745,0.00400220762266091,0.004513733686544614,0.005349003335597117,0.004419726998438796,0.005297825297843994,0.005497969052955016,0.005470041116074199,0.0064430675968483835,0.005709922183576508,0.008576515790019319,0.007076357432987657,0.006665260271981995,0.004270181696257175,0.0033875389825329767,0.0040208126968480995,0.0033488273180040484,0.003470951275920057,0.003034485717682629,0.004270103008424169,0.004146213334323243,0.00417062771115621,0.00468815904284259,0.004445634902632667,0.004964014679674336,0.005915502895247953,0.007272519905519144,0.007041506206476979,0.0007016846482131422,0.0006463456283421136,0.0008762005068072692,0.0006467892324740472,0.0005833541947328578,0.00041690017402059833,0.0004008017877228347,0.00047617759459212607,0.0005125292207255937,0.0008606333729285471,0.001170022474180698,0.0013882863861589148,0.000315753166034288,0.0017624701327475494,0.0021967318167729322,0.0012100568797143248,0.0013459412068010182,0.001093268307174223,0.0010760555056943029,0.004575569476887381,0.0039468044400269315,0.001925768957306616,0.005016317736861941,0.004511376123030963,0.0025880697169625667,0.007747989750118923,0.006999097103936879,0.0059722857305529705,0.018361526339478684,0.017359417992290266,0.000846834306321627,0.0005482628977387087,0.0005045310140372801,0.000541242442087872,0.002674344538587649,0.002236274137186383,0.0011890300449930154,0.003053820150339365,0.002943848542940385,0.001018800423973516,0.004204696228258246,0.0034491245249720272,0.0028488264663528522,0.011692658159948093,0.009873849212527906,0.0033248849685610427,0.003343480468631782,0.0031310936016203904,0.0037677379739044408,0.007779658846911721,0.006372446245320111,0.004663597815537175,0.00933330352539377,0.009519660442690042,0.005261532476822913,0.013184436685213288,0.012792354910515495,0.012919831747647657,0.029038294846109914,0.02687714748263699,0.004736249795574185,0.005902574673744519,0.003909770186683711,0.002432648861528656,0.002699813793046109,0.002140742218735712,0.002722210845822622,0.002696521836497819,0.004953139607364875,0.0035110065383765106,0.003533202500931583,0.004231030744686566,0.003989057971922833,0.0056449941846923105,0.0024118895913326998,0.003432109345419936,0.0031650968202241695,0.003480848925889499,0.003969825670978254,0.00044460521039329484,0.001078059088413215,0.004776097187991183,0.00735762031440576,0.008080129023395614,0.01032541383981109,0.012623524000327358,0.0025349477397028164,0.0029672060387276877,0.002729065578597617,0.0036636756393020917,0.0037813783758759,0.0030925636151809335,0.0014825038854082639,0.0024137245204641665,0.0033102420151360354,0.004372465479476941,0.003818931556733873,0.0036764960736236905,0.0034678743611619095,0.00406841184671388,0.005233558610315177,-0.0004072461999421529,0.000233785816814394,-7.837022150832395e-05,0.0003307419642946919,0.0012257967231831134,0.003215894821502607,0.004939166290527429,0.002974764575027712,0.002992589094406929,0.16991902824464572,0.9015000003805691,0.9015,1.0
25,0.0011011986112842286,0.011846215576278256,0.009476519184788512,0.0003402456041097299,0.00018233443678844082,0.0009887902483092447,0.0010628070808662165,0.0007848442902923508,0.0008914156940458782,0.0011503213612724294,0.0030039621394627697,0.003628717303135961,0.0027243433989021775,0.003464242713054598,0.0032678804333786163,0.003063375752048903,0.003040298126557414,0.0031480706435458184,0.0034053671211676756,0.0031788465883195853,0.0035662826801813484,0.003248263337298285,0.004585517645560101,0.0034268494114814145,0.0034051975487590512,0.0036955146988628253,0.003386006642346521,0.003800184333095218,0.001950680007477906,0.001809601850065005,0.0011103370842883362,0.0014905455812370793,0.001600513018654228,0.001491886555783725,0.0019429452930421216,0.0018681924306143652,0.0015677493152576186,0.0018383085839890395,0.0020593705963455654,0.0023246138667967807,0.0030257776428530476,0.0026162505259441616,0.002700530553440504,0.0008820801783435929,0.0011925921170518538,0.0010325794758702374,0.000988047842850407,0.0010171109535521807,0.0011779915275007748,0.0013033951809440219,0.0011414351449203794,0.0015987200132920943,0.0015746866909351627,0.0007097522322778913,0.0016113933520745755,0.0015577878616017994,0.001853894620817308,0.0016724871249332307,0.00023927943999730474,0.0002546007787894675,0.00030304755776310586,0.0009098790834695265,0.0029399684485249943,0.0027724601446118473,0.002501289060826576,0.0034838026990437563,0.0026169019667308152,0.0010209498304096787,0.0028451551554546355,0.00270408615076015,0.0006121428425670571,0.0012343714041661011,0.0017283073372040807,0.0015332005737454138,0.0011482743051045262,0.0009615816785820664,0.0009916952750022047,0.0036953218652313632,0.0033022294299287418,0.002343545040612195,0.005265262648072161,0.005062266875078772,0.0021420472723800155,0.00764119327317791,0.007218667746579999,0.006624230508434068,0.019411557809906693,0.01801944000414944,0.0007583885673404004,0.0008877826316848879,0.0009652025307189732,0.000840524077142077,0.0026372949290694656,0.0025181523112219593,0.0017444022925534868,0.002688899895533729,0.002592495261679435,0.0010106635761103382,0.003613571812037579,0.0031762539288778444,0.0031047128541625,0.011806662131605533,0.011175281776206133,0.003871658762795586,0.004068539858912362,0.003966984822760694,0.0026816168181557037,0.0064911182715164115,0.005011522871660286,0.005334404908275203,0.007033785472893789,0.008111300609595506,0.005802683865511071,0.009669054738095225,0.010015415675230363,0.010667096844152001,0.024397773049296127,0.02324928114796551,0.008058399738577159,0.0012537625736637652,0.002396799428949845,0.003220205464041474,0.0006789610830630896,0.001021514179097946,0.0017500033905621484,0.0022206506816923083,0.0020654370997028487,0.0020138559158023924,0.002074780850631452,0.003010451361538149,0.0030773166774814165,0.0025264115780041195,0.0034810541654884467,0.003753833210125812,0.003112880052299059,0.004262755173384825,0.003671420562970077,0.0008898100381100512,0.0017276578339780794,0.00838892067819157,0.011241569412813235,0.01252251201018769,0.015436491302285527,0.022192792348645695,0.0030916180906353503,0.0033788218486624673,0.003479447200036157,0.0034790019493705754,0.003969733658178606,0.0009418819814339515,0.0008753882928406213,0.0019704091315686473,0.0023253820422107457,0.002813174267095125,0.0023462248986731533,0.002080068260263945,0.002389162882055859,0.002309591608327742,0.0030988664036495886,0.00013722351008455512,-5.224565353432052e-05,2.230608410123426e-05,0.0003773593990207132,0.0030659385481742966,0.034764330827126134,0.0195384883592439,0.01654603062583669,0.017588366886156562,0.16991902824464572,0.8554999984841596,0.8555,1.0
26,0.0012976526742548235,0.008015758744875314,0.0031627378481416724,0.0007019732481314045,3.764109079184666e-05,0.0009034945185350324,0.00045621864003014226,0.0006384071964889874,0.0012509133771781901,0.003760263932086097,0.0010447398465372973,0.001579736780118786,0.0023569422577597293,0.0011319501648693814,0.0015976362952026854,0.001884194612001115,0.0018288955998135672,0.0020623773155336042,0.0018157681687889378,0.0025724627915532094,0.002226286505431525,0.00233000950979976,0.002035143079644873,0.0029203092228776645,0.0023417317018020584,0.0032649661007561593,0.002812090642540151,0.002824186013858696,0.0027949573895680547,0.004109781330874722,0.0030841672162532333,0.0023349298606110905,0.0019316576331804328,0.002543013541742932,0.003469876446805532,0.00271679627724275,0.0024723853313655107,0.0032465323928607924,0.004072232240696574,0.004849693169028621,0.002537459565579875,0.004229189934181203,0.005015509963176929,0.0010087955465997646,0.0007554796334099288,0.0007479159829136584,0.0011179230595474647,0.0006669130501207098,0.001413224054224955,0.0014383132052987772,0.0014901597082078873,0.0013638991576924876,0.0013712546518293578,0.0011112685360905297,0.0011742433884944282,0.002136092919909411,0.0020915776751734448,0.002064577714864204,-3.8736058729284805e-05,9.269989481681627e-05,-2.414565907565633e-06,0.0006774798585836536,0.0009282082020871306,0.0006617782306240522,0.0013063711275442202,0.0014214331713930115,0.0014762424513961364,0.0011514532194569656,0.002369578358828201,0.002401912567978055,0.00355185055349887,0.007989548158424717,0.00769589136213289,0.0010626873239606611,0.0007419919062286255,0.0009480455569479586,0.0010355233418519526,0.0033454312126919195,0.0027453163561970634,0.0015319651766310287,0.0034378076168270822,0.002953704177615021,0.0017983312121918752,0.006227687301447105,0.005515245342856694,0.003989883536782436,0.013565438019850499,0.013681594437304089,0.0012644428005092775,0.0009706733039293904,0.0008356211656656213,0.001058820922348821,0.0032729999194131463,0.0035771743396578897,0.0019724887501746152,0.0053964766859309525,0.005065615488165441,0.002634301700212151,0.00741569190408201,0.007348494651961167,0.0048324262208904924,0.01777459570378487,0.0165829944329065,0.0027170655670404288,0.0026904378981495395,0.002555089503010606,0.0034124814499822127,0.00533603969324707,0.0047954547879345884,0.004650128724944293,0.007482284300792986,0.007325658458903139,0.005082748906798155,0.011256399834788865,0.011112166658575853,0.010142535502492021,0.02733512540510982,0.025857883390094205,0.009363021035814148,0.01228891845996762,0.0028607457122054253,0.003947921161571679,0.010800143526022928,0.008572499054366602,0.00869866259963797,0.010103808994700808,0.009913204652326306,0.003573127702098251,0.0035426639808840217,0.0029773873307447174,0.003391446006743458,0.004010911636563294,0.00351861500285334,0.004503349237939133,0.004727197874157127,0.004085698432077016,0.004811430975662188,0.0014623435112863688,0.0012072163777302122,0.00945557776984992,0.010938185047212536,0.01392644181443853,0.016731970585075123,0.0214394271711866,0.0035610564223933446,0.004301298584487998,0.005464189176039095,0.004304368445477328,0.004665383304841523,0.011844211487632086,0.00805917275028731,0.008895949329608518,0.00893662470984551,0.011005393497655414,0.002882194252803811,0.0027839061583165865,0.003136780381668499,0.0024277942677657033,0.003919860317516623,-0.00032776871914194227,0.004096462778435957,0.0030074359624975918,0.0008320013649055875,-0.00455813941028812,0.0014720547184561674,0.0028863850204786374,0.004718846271462985,0.00568101984063437,0.16991902824464572,0.8990000003914977,0.899,1.0
27,0.010623970151612436,0.006344048398207786,0.020542960310713374,0.0010672382541921735,0.0023639320359395413,0.001390969541552824,0.006899076355542437,0.0060330983969050294,0.003153213572164493,0.0014945093588537087,0.0013519810950111872,0.002720843690276272,0.00023468690334615735,0.0019435189998095372,0.0018381804012168406,0.002112393839580464,0.0007138921010348871,0.0014002415213960004,0.0008044745800674042,0.0005802298345801121,0.0011838770811342827,0.0007249221193868979,0.0012924639968551603,0.0011829616832579775,0.0016591652319117595,0.001427846084462184,0.001291609299857594,0.0015224463674389996,0.0026071931412834756,0.002495653855295941,0.0022477151714620056,0.0041148202821127385,0.004154831971044028,0.0034641153156207533,0.003487199577251057,0.004472683629364955,0.0028968363374390865,0.003740667700803533,0.00397029381474866,0.004937100410605142,0.007834892080337807,0.006939753808653081,0.006006646675016112,0.002924910124398055,0.0017890668365596171,0.002274301575882181,0.002586865351207601,0.001629321733996501,0.0020772365650379462,0.0016988174370486573,0.001431380123474365,0.0015248410372431514,0.0022433366971810454,0.0017051955022546297,0.001504058473025055,0.0026131283345422625,0.0024097428914750777,0.002552753011489547,0.003121384521093174,0.003332403880465241,0.0033437012998799886,0.006243998415710831,0.0019307450614098934,0.002195073201045673,0.0012210997131041343,0.0016684134947012868,0.0017730295921594113,0.001636946567881756,0.002186581363517895,0.0023528570566020983,0.0023586653508834393,0.0030791464506967022,0.00304012897520151,0.0013228226002533934,0.0015242487455930122,0.0016809888108815867,0.005130441507867854,0.003130424073655744,0.0034885038160685495,0.004497225920971921,0.004760655499818212,0.00518951804907169,0.016048014966645204,0.007641014987680465,0.007323516126795929,0.024550347694844248,0.008012487502203252,0.00942624736809669,0.0020694868558088627,0.0022886302018342085,0.0019542136744635803,0.002357325652886466,0.0016819234352898865,0.0019431565130235587,0.002872349772751071,0.002303697222607325,0.0014802785330341086,0.0040850636304868545,0.002582636871174811,0.0031670173341252134,0.00960219132265516,0.0040126499281196515,0.00421715677415272,0.0005135540360447466,0.0006925065550002338,-0.0001307701214333792,0.0018893654857429984,-4.7019221832732e-05,0.001117198550551467,0.002884525458503447,0.000817985371977258,0.0012332279741934455,0.0047974143530751965,0.0008015020159263674,0.0014009083460901845,0.005268192698164975,0.0005802793535821418,9.930143757487964e-05,0.001094060794891419,0.0019393988045124596,0.0031764707971283575,0.002501558110185542,0.0034045125533291665,0.006789016192533688,0.006260159610915905,0.012597999492323972,0.01685494980708086,0.0027211768416321863,0.0021528350188202675,0.0021435686377061043,0.0024583809232890503,0.0032736932131665,0.0023493912183641104,0.0022903081668799725,0.0018633163747073676,0.0026934192099463848,0.003208986578198174,0.001722668726302446,0.008417220149938787,0.0014074571339683184,0.002986955868593657,0.002228956972027824,0.004052357085016536,0.0030031114642950474,0.002821865505455912,0.0021519627507697726,0.0022040875944553473,0.0028307165441612495,0.002866341919803655,0.004642393210252234,0.00476709119283513,0.006118203382826308,0.010970255356148076,0.016592447850140156,0.0028561580060549787,0.001985055241509633,0.0022852571714535408,0.002240737180020955,0.002815201130578423,0.0008305490481055995,0.00017164582764055844,0.00031010183291594256,-6.701941724162026e-05,0.002291926269986569,0.006012704031004829,0.009042480658117844,0.007948481062892388,0.00731951950171387,0.16991902824464572,0.7654998141445382,0.7655,1.0
28,0.009405930010291424,0.004523349465857947,0.003565664869655321,0.001185176168939344,0.00048391524051712804,0.005100216601421899,0.0034379766430165143,0.007409904540535379,0.005353636911910491,0.0014643448358230278,0.0028613985266147646,0.0033851117103480552,0.0019960565155565236,0.0021416988228765794,0.0027348058633403006,0.002490446123257148,0.002391146279190919,0.0018302429676910214,0.0020899487631641568,0.00172905264330433,0.0028036689276200646,0.0016846615678455833,0.0018804069224131975,0.0022088504852990683,0.00251149831387803,0.002594422950118499,0.002665377893348824,0.002613043768613419,0.0014146208386794966,0.0012108064403248812,0.000893104706097,0.0011630662365873497,0.0011995775515193348,0.00149515882301567,0.0018045336572851517,0.0016395515709363244,0.0013770197866653376,0.00130666931300763,0.0019320847777288186,0.0012120056350436957,0.0019820050033638576,0.001454995915201006,0.0022073815317105857,0.004245293159126494,0.004730429509688722,0.004053558811578564,0.0027174313887009544,0.002252472277435851,0.002598110722834808,0.0022363767232746576,0.002551877178272607,0.0021783053650778635,0.0022081953899323655,0.0019939936864660506,0.0021557158987029067,0.0023904069487849936,0.002785126447422797,0.0023989420237998647,0.0007199202005092402,0.000558226775478096,0.0006698664965380407,0.0009703571385675589,0.001493615217921149,0.0009448490573720317,0.001441074415717696,0.0013099300663376168,0.0008599284793491663,0.0007942345608117091,0.0012856485029313542,0.0015066197302324564,0.002065265580987191,0.0016514425870317586,0.0027992610606059893,0.004493466552822594,0.004910459015625117,0.004701405275651071,0.0021819430594253106,0.0043617613830929545,0.00435627925811736,0.003553349764703391,0.003203179799948388,0.004002645149682085,0.006308352260834957,0.002151362418652637,0.003887707018815499,0.013388431503790186,0.0008054176852690359,0.0028405545167917187,0.0014315621707900168,0.0013562207460001167,0.0020599653844258466,0.0024726929684605998,0.0018249654952138586,0.0021276747154530397,0.0025535871018455194,0.0020403349463156526,0.002204323567606323,0.004501141081967554,0.0028633166299140158,0.0022045980812803543,0.007595881827149146,0.004506071054430598,0.004274125839634637,0.0012671290883155078,0.0008907027139896307,0.0010000329219882142,0.0022185691642975097,0.0009024636014267359,0.0005284939456274841,0.0028374922090302727,-0.00011520602967813538,7.463906870942227e-05,0.005879321252962424,-0.0010789896267456788,-0.00032503719664531865,0.009340156908025156,0.006227911616086798,0.009341891913399465,0.0017659917140936425,0.0012579964380132992,0.0017484268917741341,0.002904542682608142,0.0005026233179742965,0.00022880136484487504,0.0006933814043862818,0.0005205679215686996,0.0010164270475521706,0.0024810017194162814,0.0023685300165960984,0.0025537543862352804,0.0021820024211634944,0.0038464321317515622,0.002879890570596164,0.0034722888112243486,0.0031396711418118922,0.003319148952374564,0.00583632225829004,0.0033280529484761025,0.003954688893227587,0.0012505933954611791,0.005859551418669085,0.007920251131253756,0.01630882645406861,0.03943860873969833,0.0034784674510968026,0.0031815991081254884,0.0031396342913209223,0.003660403127290621,0.0052664566001004815,0.0015830841610328743,0.0009143740893585691,0.0006520437999159124,0.0009277934978994947,0.000869725536495791,0.0018873041780433002,0.0020331222997314797,0.002045855442364644,0.002487667079030875,0.0030847173377281023,0.0020668077487676017,0.0016049247663627493,0.0013336957826765685,0.0010745792498528422,0.006322336311492421,0.002884404784060866,0.0056529796383820614,0.004980926351246552,0.004616165206803996,0.16991902824464572,0.6719998296025613,0.672,1.0
29,0.002118542130462146,0.009109674432222643,0.0067424600049479965,0.0014738795691602391,0.0003605463830253182,0.000992499017298532,0.0009402468369356036,0.0011702196155112246,0.0016905339748020465,0.0023767859803059802,0.0016748305009306106,0.0020021996020322553,0.0037921475406434597,0.0018150075496714522,0.0021021208033327435,0.0019498089912248042,0.0019494937388959297,0.0021884040844744376,0.002014387722353055,0.002394975515910521,0.0018583487353910316,0.0026397574881725687,0.003315328776990003,0.0028360773758434516,0.002859088715310112,0.003129664756001006,0.0033767913314646063,0.0037540121116884624,0.0020123351450560332,0.002386763194822844,0.002628233435713967,0.002519294597982948,0.003158955455449098,0.0029109750919354234,0.002939263842261216,0.0030793376992502555,0.0026312709529855843,0.0033722309321597157,0.0034227892255294695,0.0038737130458765647,0.003368912742646322,0.005475928265435183,0.0041809613101638264,0.0016632362081774987,0.0018332055229196003,0.0015691735011878199,0.0015982077843311657,0.001644730873993586,0.0016802475111305686,0.002195891597251606,0.0020607906199531017,0.0026353729379123433,0.0021713963657409518,0.0026264834095569892,0.0017265838149376803,0.0029779787672493054,0.002829064917768305,0.003114632838208366,0.0002575432714945044,0.00031076299163981916,7.813749685636653e-05,-6.1022228468603316e-05,0.0009504893548228164,0.0010100585256160109,0.00044422660906973934,0.0008353032942931084,0.0004692824113160276,0.00031805983828481573,0.00117680008790311,0.0009271164183241512,0.0006862813330341946,0.0015113947722494195,0.001501226650452541,0.0015261071558646392,0.001451985247610639,0.0012936408480454915,0.0010618578034655064,0.00410446984559253,0.003971216344148632,0.0026327469695705177,0.005744313759027212,0.004274905715112245,0.002431639021083198,0.00807195984319502,0.008198502974113356,0.006037985097830864,0.018019733040192686,0.017526288893022234,0.0006826240594815827,0.0006445735966956976,0.0006294336208211983,0.0005261565914649164,0.0016229392253638087,0.0013442795332556446,0.0014963145067795355,0.0029605258377985925,0.002600692464617353,0.0013332549007138658,0.004228603734124949,0.004237024916797364,0.0028480137799712633,0.01161585238527019,0.009337501217428417,0.00298394236318506,0.0029879076776636007,0.0030207728098655255,0.0024865933077179566,0.0044237512811424,0.005437334174445329,0.0037269706949146033,0.007186289906123936,0.006356302499474421,0.006094275696147368,0.010627332833714212,0.011164421112126253,0.007742081160254896,0.02024733654131007,0.01919216870914417,0.008835323232709398,0.006911528437975458,0.004656816765905802,0.005148998658176143,0.006374146304889682,0.005977325879367187,0.006025882903753609,0.008971964416558885,0.009319117235528517,0.004316369895389447,0.004201985604763406,0.00567293474003442,0.0051693708658726994,0.00685246697016042,0.00380086040196087,0.004514013155879132,0.005084566781842497,0.005174925606884354,0.0073117161094600515,0.0018298533351437097,0.01541659677366064,0.007609963556120671,0.005599134798372425,0.009952862491308783,0.013696595220957621,0.019874261923131433,0.004251680335329041,0.004571387552320212,0.004376650945862342,0.004971531006506439,0.006941149975502153,0.006345862128786192,0.0064931908545900405,0.0074396723817416206,0.008115429792580791,0.009229967463443914,0.005112169447427019,0.004650429809195367,0.005084975301993093,0.005437428862885225,0.007229089351016137,0.006787766292633895,0.00015646072929013588,-5.6767031762757335e-05,0.0028344541210339157,0.020936791890075936,0.0016559477581724615,0.007462627997925033,0.003655973055812461,0.005133443141989761,0.16991902824464572,0.9065000028899701,0.9065,1.0
30,0.0033446190227119786,0.013191591222330032,0.004970298472265048,0.00048704459605731153,5.768431704277259e-05,0.0013941752510707567,0.0014019165905659304,0.0009483702738762315,0.0037544460181037345,0.0011486598010897364,0.00179185106251545,0.0022672582421030237,0.003284897756345586,0.0009896094088857326,0.0018735855532517958,0.001219977061090652,0.003634708455075656,0.005424851640044179,0.004081417220032345,0.0034491670255185495,0.004562047747461868,0.004155484438892708,0.0045655731415750805,0.0049969759747227616,0.004377430267420169,0.005169582450847322,0.003953800260007988,0.004229234442853503,0.001209769894901856,0.0015247307265932259,0.0010771498512887844,0.0019220528683968835,0.001937495730391778,0.001591267528156103,0.0023411575822789928,0.002185684910425185,0.002423438878559374,0.0022320297178073565,0.0031446551125164854,0.0026266113845781116,0.0038381973933647095,0.0034415839298032776,0.004551912124016653,0.004120559564273198,0.0036438383242489584,0.0043191445617305185,0.0048288450624594595,0.003792901955434979,0.004629901075522007,0.00421924186305838,0.004784609862809505,0.005048179526163561,0.004787044741538744,0.004188023580472795,0.004971476270450428,0.006877122791852568,0.007159492842198124,0.007270370941960931,0.00032223458495452597,0.0006999002080004621,0.0006539972405223214,0.00034822118365780957,0.0010180465469684671,0.0006458685868329093,0.0003157754923447371,0.001158395779151083,0.0008071089533797552,0.0008602726549741346,0.0013071650303914043,0.001186512716783359,0.0015081412764903946,0.0027625746258187326,0.0020723753902223904,0.0017379945348077342,0.0015300794553292994,0.0016616021880451394,0.0014621533504234762,0.004211785763563543,0.003953716554387666,0.00193162249306357,0.005146125671875168,0.0039479383633713346,0.00205558689859204,0.007902441008534352,0.007610724981377547,0.005306996398455004,0.018031560645300017,0.01776345105916304,0.0007589631243165822,0.0006616020755688671,0.0006119567112913103,0.000329840664949166,0.0024448962072994244,0.001938358863066344,0.0012434074566578378,0.0027738820815899406,0.0029477561626998577,0.00102624007171967,0.0030716731024356798,0.002599365572995333,0.0021697952378405983,0.013205978865280358,0.011457398143000076,0.0030193122355561108,0.003038643608609474,0.003042201612429542,0.004419300520536981,0.00793899536382014,0.00626039573374638,0.004707528202714077,0.009410037443050521,0.008865158722051236,0.006649209978313733,0.011608813548831894,0.010976809335366145,0.012935336888614056,0.03194803046770633,0.029387200925816547,0.004636181056396763,0.0020630556659041875,0.002979873647943993,0.002655623640681452,0.002596867739080898,0.002806986475453641,0.0020054709047895134,0.0020292274700855063,0.002719677578382571,0.002851480526355263,0.0031055600238913098,0.0030919527532889445,0.00392596949219967,0.00462081994865278,0.0024272935891020693,0.002367053408604541,0.0030653266274807884,0.0029583648481411643,0.0035407602039075944,0.0005989364665387939,0.0022921708100185796,0.004480355323108176,0.007089474302697212,0.0070704179179475425,0.008186910572004666,0.011836046205396784,0.0020418137992756144,0.0028943785593980344,0.0026099915727220034,0.002675608839033628,0.004090836969726206,0.002483048826349406,0.002434587903040946,0.0023674909860708767,0.0014712231325922944,0.0022617582915718227,0.0030301578185336093,0.003303777743583236,0.002781280359591148,0.003562331894427259,0.004502916702129317,0.000431980103141603,0.00026952735580893015,0.0002628972939679916,0.0010190232969533293,0.001316942098634789,0.004140701607523737,0.0028722810354460853,0.002047492121317896,0.0019238594012390268,0.16991902824464572,0.831500000030446,0.8315,1.0
31,0.0021264697283898694,0.009407833287278695,0.015351680037351956,0.0005265108710919209,0.00028134534865047157,0.00036997594968708026,0.0006776832262496359,0.0005401634267573623,0.0035986589310127975,0.0002958350726762465,0.003385928260864909,0.003676643494245234,0.001882790736634273,0.003714424566444963,0.004217465766652772,0.0038966775233744326,0.003671427921652762,0.004123972789226785,0.0041738357288791635,0.0047569373021353846,0.004865156535628738,0.005353650183113737,0.005323050363933084,0.005418367260076485,0.004802714786371363,0.0077431741720989985,0.006319857397526107,0.0060095044730518144,0.0006979762650153734,0.0006042367548020091,0.00040711217433282,0.000727812159075883,0.00017504761543669204,0.0001213980195109234,0.00028300988680605207,0.0003482825349639725,0.0008942504642042581,-0.00017148593138737275,0.0005174602100145371,0.0010048696931777123,0.002661298302319182,0.002929141196210663,0.0029120603784177444,0.003221114303585347,0.003433884127341367,0.0037311189751067617,0.00311121713674112,0.0036923584848529366,0.0026478604649238873,0.003973309159812931,0.0038616356189295287,0.0046062427702204915,0.004058043585190583,0.0045100040985990636,0.004454540467583561,0.00470304383672023,0.004832817967648483,0.0042738863113654475,0.00021660971524951368,3.079053616070435e-05,0.00019165975237631005,0.0007003302861639846,0.0008090950506938027,0.0006165307499765708,0.0007416362852365728,0.0011370329341126384,0.0008220096637520527,0.0007964913273338042,0.0009108374999639619,0.0008210660433581353,0.0023746247322238893,0.0028627406996258997,0.003118766115287161,0.0009270110706066315,0.0007740774305831425,0.0008772754083403616,0.001134419589506077,0.00346829500494171,0.0028350758965629934,0.001973311785448915,0.005344300756890202,0.004350654787914226,0.002026572066993863,0.0074521833444324915,0.006758657081556997,0.00510199798363437,0.017123275069271665,0.016161516784494026,0.0011924495698300396,0.0008867032032792218,0.0011030124041100794,0.000569285819051408,0.0017187577245639553,0.0014751559488823788,0.0009784328726176986,0.0017790590141079472,0.0012613541188792592,0.0008472797268339343,0.002827813556845825,0.002749646702484371,0.0023111305681853592,0.00932668536507881,0.008648614461859631,0.002422891472213733,0.0021634746141663036,0.0023949091641034116,0.0033730465806668087,0.005263542989726963,0.00468286874078956,0.00456032500163696,0.006224247901028141,0.006202946638089291,0.005855530668512846,0.00886688806786162,0.008650892136443473,0.011144075858251784,0.02252468953782689,0.020699450213685196,0.014025735287311433,-0.0002246441522470383,0.0013297171327665339,0.0027591989944501316,8.232530601258522e-05,6.84585592764139e-05,0.00023585665570168604,-4.9179463843924055e-06,0.0021500598994867097,0.0016207743292614848,0.0028886233847042427,0.0030737691879337476,0.0031364767735177295,0.003979617108038435,0.002879576936974623,0.002432768936217949,0.002798067816676931,0.003126850222097096,0.0037952778125996817,0.0017209039807660218,0.000961932431685918,0.01563496156872659,0.024616238389309614,0.026715853331710896,0.03308202179059428,0.041120474164203974,0.0021637136777033967,0.0028543283000426376,0.002634603423918266,0.0032395655883767863,0.004571728266434693,7.578574995866107e-05,-0.0005658898491690833,0.00038708047893022224,0.000263180104493937,0.002617217038152044,0.0021899578890042302,0.0027698479000660384,0.0024321772349053666,0.0025951494750437714,0.002678528235540435,0.002085456499769505,0.004241031933546407,0.005673649808958868,0.006608146445452695,0.015070731248430823,0.0014150339330431046,0.0012581394002880476,0.0011555824157737495,0.0017609604707372161,0.16991902824464572,0.8690000000823257,0.869,1.0
32,0.0011308267616605776,0.021117688165638866,0.005180505657190122,0.0008567926781995301,7.772083753849179e-05,0.0011548252802123246,0.0009341048530828144,0.0005254738603667775,0.0012443838991581001,0.004019443347376329,0.0041693683327213215,0.004833025624120104,0.0027668277337475526,0.0043188708789072255,0.004339798726337008,0.004530080394522563,0.004464227853974507,0.004555725482439009,0.004200316890254592,0.005379514497705825,0.005078190507170308,0.004849124412153009,0.005984642526917585,0.005522139098911391,0.005139323743779297,0.006831511775404911,0.00567929150914006,0.006224590829336822,0.0038527089122787537,0.004149482109261677,0.0030351178075040557,0.0018201925765774013,0.0019812147039239584,0.0021455100317890113,0.002495085648921739,0.0018556962592740623,0.002114808813716068,0.002208393543598457,0.0018010121373332277,0.0025307850814600694,0.002206934199109984,0.002329346321919547,0.00248676818945104,0.0009409974055238816,0.0010027858785255281,0.0005578713451536921,0.0011771062551473336,0.0012017066145423349,0.001291656712390168,0.0011894529102447356,0.0010656769342629402,0.0010333178562833727,0.0019004921854581512,0.0014421441910537616,0.0012073660393270378,0.001809653702764686,0.0017055186550484728,0.001432023674826633,0.00016531245067257506,0.00013642093332440772,0.0002099418856541064,7.03767897681864e-05,0.00083634469974827,0.0004280771855260792,0.00022658130146821094,0.0009973636203950984,0.0008383897538919287,0.0003135945409501512,0.001316061978795146,0.0008684983639446377,0.0009264359429128722,0.0011229709444746303,0.0010494245107735356,0.0013019358288901101,0.0010218845224017768,0.000989384114996101,0.00094846314792159,0.003421885173531594,0.004037933754773121,0.00205388482770228,0.004941452364703299,0.004679289525542174,0.0018856325099646121,0.0073931923133289225,0.007396896438558591,0.004714581777606337,0.01753077044575001,0.016846256954244104,0.0008061310332351208,0.0005566398499009539,0.0008443628852488518,0.0005191204402000929,0.002147210107889711,0.0019624088523600967,0.0013422565500087712,0.0024241587373103413,0.002734580293642631,0.0011724795425154288,0.0033448384706571935,0.003796769419293907,0.0032865434582325555,0.011503401341793514,0.010632120888629493,0.0025757016775746072,0.0026985847930375206,0.00265024723993382,0.0035855322589206404,0.006029793048352318,0.006295597947533833,0.004807183403856631,0.0076288222801546976,0.007105639730073497,0.0051168671154188765,0.010746228803050525,0.010701652922110269,0.01027509754386807,0.024534377122193588,0.02286248820196079,0.012188116735526075,0.0011284328006732267,0.0016722708244234052,0.0033047141496912137,0.0012178297121300124,0.001959102234913455,0.0018491254993615747,0.0024758875322586395,0.002644414012710838,0.002307292882370464,0.0028547075022751205,0.0022549747897618096,0.003119151612874158,0.002747733116335563,0.0036208018664765523,0.0042262358907791744,0.004007141293221584,0.00479084606410066,0.005969631644190776,0.00665420466894895,0.0014773218757743371,0.01285767183529384,0.020891961830723612,0.021425621154909688,0.02673328655265013,0.036731465077387566,0.003778785573106506,0.004354579101020207,0.004243013913824789,0.0054238098750098085,0.006020810484359852,0.001185582005519619,0.0019839643808905725,0.0026130457953570064,0.0031630418675291407,0.0031214828257347714,0.002099117923893064,0.002074055038456826,0.0031143553371039264,0.002351850855941953,0.003793521225694385,0.0031122156632079146,0.009064324308746843,0.011117375348924277,0.015424757159735878,0.025851833890249247,0.010807620588722427,0.0020384777896536406,0.002646684138468508,0.0026514860679770443,0.16991902824464572,0.9374999999793479,0.9375,1.0
33,0.002498953586391438,0.005758173871924333,0.016203925757445857,0.0006687956299773132,0.00043673478397071456,0.001229873913418058,0.0009271747839595755,0.0010811942330801786,0.00226160481211268,0.0009804623075371323,0.002577560199182905,0.0023291595222947785,0.0029488300051325332,0.002322977543561512,0.0032579962092140835,0.0026018096497045016,0.002691014383985639,0.0034322493837099,0.002977833115711778,0.0033041673870696244,0.003174606866380287,0.002764901890965913,0.003944880619640893,0.0039002772646684137,0.003159195719217569,0.003950370998609111,0.004431007068664021,0.004422528094451976,0.0008139571059392773,0.0007397677628811662,0.0011755877838925844,0.0012963256918398164,0.0013512573821922948,0.0016995133035074231,0.001817763605426643,0.0017209136666684268,0.002045836152243185,0.0022035354031678086,0.0025466053436863294,0.002172185181060326,0.002496245596574023,0.00212019421150087,0.0024531210418821305,0.0018508760007063482,0.0016989963487476435,0.0021280158097806375,0.003202366210513514,0.0023260659131596117,0.0026813860329554756,0.0035955382432427334,0.0029488893663766466,0.003218705365783965,0.004319231028349569,0.0027856809897746507,0.0033439833337161862,0.005618452731606933,0.004663862307014377,0.0037847149235543218,0.0002914869538365615,0.0005008602364350401,0.0003008151033137342,0.0006764408606242401,0.00146412051864365,0.001562813407718328,0.002028042556271029,0.0016127833502632659,0.0013539894608473424,0.0018326330763952787,0.0015580304753411189,0.001286791490684429,0.0022425969683466406,0.0016085961960230302,0.000800629419903046,0.0015005901481789667,0.0016551560288371504,0.001469742705997888,0.0007655092662959558,0.0035982170818845533,0.0033171400215189243,0.0017603369672978715,0.004917188033384622,0.004492371451006365,0.002504464897665109,0.007811493936162452,0.00809508490985963,0.007329022860214892,0.02394227040515,0.023260709499118393,0.0016797518712826044,0.001991019431635732,0.0015312909226739082,0.0008348921901304492,0.0037301524124566947,0.0028859727665770615,0.0020374139198244606,0.004181416885623344,0.0037803626779200163,0.0021767804990216327,0.0054406778810217864,0.0048578156824186924,0.004424191018441249,0.014045907203888989,0.012969761043648985,0.00397188084709135,0.004191039456706649,0.003941555744948444,0.003701388513965934,0.007837067983037387,0.00653144625385491,0.00469086430126929,0.009450921755695245,0.009331384225665991,0.005374946802367363,0.014913941136518217,0.013704957339112811,0.012824295213584237,0.039262618052062964,0.035337708705317175,0.005374884011685892,0.0031423327724122824,0.0040785730905753236,0.0009498519367276353,0.0026422392041966403,0.002859102521137887,0.003147816844034645,0.00354889348587874,0.004052756702845025,0.0043318752884068164,0.005297380363373987,0.005965522214432546,0.005976082638250396,0.0075213031264944755,0.0013388789388651058,0.001586576250651243,0.0017256798086911918,0.0018476455330401318,0.0030511058883655297,0.0012740340918940842,0.0013269635940576176,0.004826601515785619,0.006458036374428774,0.00810941764146421,0.008909558885252083,0.013542496071847822,0.0014029255295899123,0.0020782066962766123,0.002130642159174682,0.002302419884627615,0.0025698618562738766,0.0031703613845717564,0.002865004784267552,0.0030383338585422545,0.0024204878557095135,0.004084534644918407,0.005075376733867653,0.0057995621446174025,0.005897949081909936,0.006760143913702885,0.009183831097978778,-0.0005382036339152958,0.003269037559295242,0.0030549698258736232,0.0013768823749812232,-0.004346751872993305,0.006752588671714728,0.010029665148292668,0.00889529179192496,0.010691055071342175,0.16991902824464572,0.9029999980666967,0.903,1.0
34,0.0033988223482721075,0.004212867489732502,0.008141252476766435,0.002673853909879596,0.004869415147229864,0.0022709873807102037,0.0018953674782989027,0.0008345156995752878,0.0031329849692653556,0.0006223373352364617,0.0015690110152039912,0.00159034135904095,0.003003239700627867,0.0013823595979912725,0.0018140446408420393,0.0016406457652955535,0.0018172651598034664,0.0022939284871248524,0.0015090633006090439,0.0022356003909288023,0.001974887470530134,0.0018925845950937483,0.0019110193029242485,0.0025069478487671688,0.001841556337011404,0.002641239292767081,0.002523659448061692,0.00287471680007446,0.0011865704096745643,0.0007541913740791702,0.0011472497403618497,0.000764447949265508,0.0007321188426827856,0.0012102790746594465,0.0012338652033287907,0.0004043791509013135,0.0003704084855782688,0.0005834688909332448,0.0016706661079006243,0.000852777180139061,0.001576168229152886,0.0014086712145660837,0.0014254314858389181,0.00225698283249255,0.0021730892578163182,0.0020586610098589893,0.0019219756896028146,0.0020369317535015585,0.002391496709616699,0.00242222023407439,0.0019000544548045395,0.0015681461545091948,0.0017077554544224572,0.0027173368587035097,0.00245672918813284,0.0026348186360814576,0.0029796792073909905,0.003644541730647466,0.0030008971119799633,0.0028694363598367892,0.0030864535034589185,0.001861081928749356,0.002065722857833121,0.003069475311004674,0.0016805855671624332,0.00212733836707894,0.002533991132059638,0.0008033694163028085,0.0016949047481108449,0.0019535872349410086,0.001496001620534532,0.0018697046677332717,0.0013844379410480206,0.001924021216530527,0.0017936162517955187,0.0013602356617673798,0.0017319784816462447,0.005313600558757073,0.0058306040204354065,0.0032224206822885973,0.007468908354185701,0.006568072983393431,0.0025332889816452697,0.010696257998209575,0.008854297500305867,0.007387537538780564,0.023552637619368242,0.023171468770250087,0.0036635955946111337,0.0043789594272688,0.0034683723685643205,7.132622605995452e-05,0.0018618195577741557,0.0016126835957090092,0.0012950836800575745,0.0028755434193388015,0.002495265790028411,0.0014115498965923412,0.004005148039100019,0.003168490598393528,0.004800915708441052,0.010256653004136902,0.009129215937726655,0.0037252736699683897,0.0023156443926024835,0.0020979128644161836,0.0036005731706050463,0.006645137871779677,0.004785826435881725,0.007117639453527182,0.008692198459386869,0.008527804592609427,0.010862356152529966,0.011543815393846203,0.011255097046737515,0.014213435479575902,0.02336412158632043,0.022224685957223534,0.0028464514070969684,0.0023405258048965626,0.0016257127623390255,0.0014177963297443874,0.0018090486656661335,0.0020612616343047836,0.0024656793472187647,0.0017171658825790809,0.003017427299865388,0.0016265612994750234,0.001744960736426179,0.001331353157219273,0.0020624486032614236,0.0028501345444743296,0.0010694268997631982,0.0018663643125653368,0.0020426806959028196,0.0024183835681278296,0.002240777532726151,0.003079415175938513,0.001548027654982476,0.004777079601601736,0.005016417922602225,0.005209493756078368,0.007226414936624113,0.008253949547651547,0.0012032397860234224,0.001933479656531492,0.0021305783181876023,0.002340854345584449,0.0024412660216045993,0.002070809219350164,0.002231092121976792,0.001697091064138261,0.0017801830881355404,0.002160732056926013,0.0017276467571435796,0.0019867357277878815,0.002029967734849878,0.0015608170903424112,0.002298680582864744,6.341825824742392e-05,0.0007333635478688732,0.0005137346083251005,0.0010481857126660903,0.0008832554518043348,0.012848336938157475,0.008766388787194247,0.007794652024094255,0.00903379649870688,0.16991902824464572,0.7724999997386786,0.7725,1.0
35,0.004200824290885719,0.011062148460811784,0.0022492970890905743,0.00114857209450925,0.0008157437577907239,0.0008331747725174351,0.0015641162028432467,0.0010504014958917292,0.004413195902613236,0.0007753464949144543,0.0033385031437477603,0.0030091007736922676,0.0016075842468861493,0.0028905567057598163,0.0025036183394774674,0.0025645537106797896,0.002265426566224175,0.002702488895749983,0.0018198023655405118,0.00207928586088046,0.0019720701531637484,0.0020834168459107046,0.0019264527422272243,0.002649491129358793,0.0021583727401654203,0.0022536551746076944,0.002763796119473084,0.0023483735786576513,0.0007363843950852695,0.0005423178217144336,0.000678469554111055,0.0010688132950987526,0.0006941445254689126,0.001216354482187416,0.0011031670561924127,0.001071136407405148,0.0009751995266682872,0.001380616218492966,0.0009884851174919384,0.0008298771049228045,0.001614103377320856,0.0008040918765615585,0.0007230759649125994,0.004553286911898437,0.005594357113641951,0.004955935697442631,0.004410884731580421,0.004184255022333077,0.003948764044589355,0.0031126839099074673,0.004030829899205848,0.005139970221827697,0.0042089602850103,0.004616328481584306,0.004085720657510608,0.003973606678141349,0.0070798019108846,0.005842463521813998,0.0013056160273951735,0.0011678315403944835,0.000977514778268011,0.0015083525133951568,0.004748283569628856,0.004337318190128095,0.0020757188182475746,0.005942879010530543,0.0050634321055630606,0.0018970939504848465,0.0044708016750954266,0.005081539334652204,0.0004085761583145819,0.0037192728350625166,0.00474254855124688,0.002093970074462382,0.0021807577248004525,0.002146184985469118,0.0021098339653399085,0.006587753737533573,0.006372991812765553,0.003340584932947671,0.009570877520575009,0.009194143594001895,0.0049642923518616435,0.014071915430118372,0.014105119881852767,0.010723609840531443,0.031240452914811638,0.028719020472994725,0.0014887311618033568,0.0012957603385815853,0.0016519042875642051,0.0014047634336733983,0.0034510690835634667,0.003467109488148845,0.0024264448016048396,0.004934515045645854,0.004569368402074492,0.0024771634761910103,0.008035160196311562,0.006920745963194473,0.007210284113201291,0.0209048949379065,0.01785129513325386,0.0022267360028983313,0.0021596445937246593,0.002190385948336761,0.0050253311052738305,0.0015431905770289418,0.0021968136762744654,0.006213189957172186,0.004178285235456568,0.003749660136541537,0.007970615612024352,0.0037674680595752505,0.0036876396423534065,0.0155302046898882,0.003189577219771881,0.0034897082417725297,0.006303530842732124,0.007866814669823018,0.0028416082628507397,0.0013513896671294768,0.009266121192146922,0.010064987816213206,0.010442716193261066,0.011919262415800349,0.012681912525564094,0.0019596681800755525,0.0025722592370379625,0.0023999537334506095,0.003266943520605194,0.003898377143504584,0.0015888160716774223,0.0008046249754450795,0.0008091811872804676,0.0010653587126317496,0.002108159699307333,0.0017216296342759496,0.004232939863051332,0.005564595944259946,0.002859396942878915,0.0038106736282401223,0.005996649121844991,0.010335844270747345,0.0007568226323574945,0.0007279057448592452,0.0013444482055092826,0.001570734820374554,0.0026067324468325897,0.0094615267220375,0.008642842569348169,0.01177359289683647,0.01135375897905693,0.013811861896049243,0.0028842375442846746,0.0019984941749445267,0.001975739101452127,0.002487467853374754,0.0033108099763872996,0.002456452778291765,0.0037054008934074155,0.004729087110573771,0.004112614464174738,0.005336970718575842,0.013307347310527181,0.0027795733138998545,0.0033083934802485586,0.004115336358848155,0.16991902824464572,0.9215000000130957,0.9215,1.0
36,0.0008784592650932101,0.0228161192115949,0.006856417898406943,0.0009444566173526421,0.0006330162019697062,0.0034356964656786573,0.0019005727390545323,0.001514949626062291,0.0009182153453758033,0.0063401791074332884,0.0011822596482614681,0.0009423114047603455,0.0031965914284052344,0.0014683311710685372,0.0005937983374939224,0.0013131179773353794,0.0018148627582697439,0.0015033957831793944,0.0008764929524105065,0.00164734966656466,0.0015049988025566399,0.001502674966087184,0.0018714557452679025,0.002125970970035476,0.0018119518437692502,0.0038434400823784097,0.003329343271702602,0.0023025620434519705,0.005650009089125818,0.0052122690568919315,0.005209534037355036,0.0064584592386471565,0.004613682150383232,0.0055005395379400315,0.006118440478511975,0.00525190019405405,0.005101755555007453,0.00792425613234523,0.005611482012976423,0.004463763579694218,0.009923205017219347,0.007659054090230383,0.007714044674202237,0.0003062717013816179,0.0007086164641702353,0.000817276336595787,0.000829809996867805,0.00031197935047879674,0.00032419792239295946,0.0005910749243421189,0.0003866293554957092,0.000629958352139598,0.001060989327581709,0.0010865584138428058,0.0004028834349184975,0.0010459914343568073,0.000988753210913724,0.0011905671700761207,0.0014252708251034356,0.001286702688264716,0.0015002431168302387,0.00023949870692906579,0.0006113290940484915,0.0008164450700525051,0.0010853581344972075,0.0014383500968470837,0.001171318899928964,0.0009714422162537217,0.0010837940431843445,0.0008346517041600481,0.0009534025515040166,0.0025441021758896387,0.0021255069383185905,0.001772607431423278,0.0015118521486286133,0.0017387686239137275,0.0018677625825755289,0.0021887429379020473,0.0028772722178787387,0.0024439501178175785,0.006778534567323344,0.0054240526404901,0.0027322391911134784,0.010820770564863531,0.010864373836552504,0.00736768369067712,0.013136506697405263,0.01363655551974426,0.0016580638743477986,0.0014904138386227367,0.001959859650076384,0.001448914129119146,0.001258671544158834,0.0011656391830780497,0.0008582123601665974,0.0016350264303427202,0.0021243807003182816,0.0008348479910864207,0.0028882689304079306,0.0023767291940975416,0.005037625702164002,0.013879478386069623,0.012944231250822705,0.00133130214907727,0.0009428970957735267,0.0017403961883646654,0.001822131660898055,0.003247680813087641,0.0026174426402976124,0.0025608555825275517,0.002724128671080218,0.004026819616453768,0.005219523485868152,0.007545672292587752,0.008565047865088871,0.006250096229032447,0.015819011447334004,0.01657819948825684,0.003871351222878284,0.014062882782042652,0.0014030015174274278,0.0016960195918240511,0.011752343645918352,0.009969108599744356,0.012650504175299303,0.01436956187463117,0.013990327925014196,0.0010004728201280038,0.001007964953491792,0.0017204068015405187,0.002147280915544719,0.0020954922729022316,0.0020271437323314693,0.0025253665593417446,0.0025641304314887045,0.0035268079211937518,0.004010831099706036,0.0018501888925410725,0.003278747975490037,0.0022940432365829372,0.004357981787367302,0.005090569825653491,0.006288240879379414,0.009008092549711463,0.0009477210096023484,0.002323368827135723,0.002928097124801169,0.004145841876962664,0.004227314843922894,0.00988247890140112,0.014339694926473058,0.013769951745563523,0.013541331453982777,0.013214445658664477,0.0013810530047405553,0.0012841364364119842,0.00174864319043843,0.0013822233425068431,0.001927524971138822,0.00015828828254237085,-0.00021171201286278177,-0.0007425591948376819,-0.0005993299736155496,-0.0006206772872071503,0.0066985389187201975,0.003149959464704344,0.00391970252653953,0.004262469227315452,0.16991902824464572,0.8295000004907529,0.8295,1.0
37,0.005195086785051661,0.015689215744072105,0.002844145181309797,0.0009289306864178966,7.219050868784868e-05,0.0009015286755891886,0.0017147177403991057,0.0007885688060597412,0.0031586457601289774,0.002084650608550877,0.008970480199681935,0.008910501397012327,0.0023440320402957036,0.007527579079729363,0.008351477067467385,0.007126474718423889,0.0062102660693114375,0.005788264753965052,0.006277145055287474,0.0070922138165554986,0.0056686807743473655,0.006535164396239443,0.006368320261986524,0.007039329277854501,0.006366550766977525,0.009811514853237951,0.007887399349235054,0.007809903442527475,0.002014169222173707,0.001505671429599981,0.0018477861770779325,0.002238462096665864,0.0023255150915649048,0.002191636106761632,0.0030699974606891523,0.0025226621941677593,0.0026351099885586924,0.002609038550148726,0.003053471071727932,0.002306920130693155,0.0036518405772876074,0.0027139757692644087,0.002548658591312483,0.0033302716219048446,0.002960824660528663,0.003655352001146297,0.0025893213557481305,0.0028579173328422787,0.002750826162873552,0.002906116043273762,0.00340174159471855,0.0034881473670104824,0.003398810049205992,0.003110161767211252,0.0031203377291676364,0.0030210155699167207,0.004088810724158814,0.00325510137612582,0.00028842508758066855,8.391406833927454e-05,0.00017856144743168598,0.00022313358543766732,0.0005708666792725987,0.0005056175618574327,0.0005106686264686342,0.000835739795068679,0.0007660830692021218,4.9052841485655533e-05,0.0014344791860296932,0.0010714820906068206,0.001362389033908138,0.002714065785060373,0.0030850340244571546,0.001135640869867764,0.0008911938638213903,0.0009047816849246657,0.0013025987929115089,0.004030197635529908,0.003472991372301883,0.0021561574677135616,0.007091115089787664,0.0052757362006647926,0.002414199124571684,0.00947132261948206,0.010109346245329994,0.0059728944114676346,0.023028671591204624,0.021610004263103704,0.000938706503955783,0.0007104406415366049,0.0007095964910486714,0.0007438294885343969,0.002056895733587938,0.0019856900533720004,0.002348051162414993,0.002369850691132995,0.0027223190385894406,0.002051237692671986,0.002951533822520972,0.0026098540869239095,0.004494672592027046,-0.0005445696303061537,8.641454600775534e-05,0.002207275810843973,0.002543087351608758,0.0020583040623451147,0.003754291082049115,0.007261868019690239,0.005207874785605605,0.005150234154635267,0.009143584879690816,0.008660788231333419,0.006398114201581263,0.01188870561984855,0.01187940072993475,0.012534495135902527,0.028031443277730893,0.02628385215316997,0.01027758341076057,0.0007257932024119219,0.003611651625171538,0.005682458235485675,0.0007368023156074061,0.001238951428701891,0.0013937356202659503,0.0013366564105538419,0.0007919469443089339,0.004075512150234253,0.0039316014511745455,0.004340452525277022,0.004187506891861653,0.004574151921017925,0.005463406793004258,0.005100133302132608,0.005506343866140341,0.006601826285817829,0.007366293771024702,0.0006665035104294622,0.001762185619692522,0.009447065537402929,0.015011478111890887,0.01688068092621947,0.021812033655068747,0.03352252838374663,0.005350727552701321,0.005514111408451978,0.005232001974022487,0.005974489001145995,0.006988892964850142,0.0007989125104133099,0.0006208430261090427,0.0010903634513922175,0.001645248612829672,0.000654066518243003,0.0038423978718818996,0.004126093690806919,0.004208414569254629,0.0036721290417988366,0.005309017468158153,0.000468394063620021,-7.916244721111234e-05,1.1522380811663156e-05,-0.00032191958606940686,0.001644941646600491,0.0023496221272949463,0.001556101869222428,0.0032313099004261407,0.0027303153811798187,0.16991902824464572,0.9390000012927917,0.939,1.0
38,0.013974794114115638,0.006839327376181165,0.002247121450020972,0.0011595027236173823,0.005191638043120051,0.00167089264007193,0.0013772421879317757,0.001837828797583383,0.005983064912674543,0.0023422865867501453,0.002588707780948902,0.0027726558830381337,0.0019289618935133031,0.0030365512630457707,0.00237630106420037,0.002550413419823908,0.00205043190087713,0.002306077019559057,0.0015798665581935349,0.002668799572692515,0.001682464827656851,0.0015781085405001268,0.002617962405478304,0.002477484805428016,0.002118045545149899,0.003188556872668646,0.0021528287041713634,0.0026669543189643597,0.0015267830978160828,0.002011182543592834,0.0017512095491294048,0.0021589345947550394,0.0018688912775324212,0.0019788638143664805,0.0023800060559288068,0.002533080253442455,0.0022246901351998835,0.002499605827228524,0.0022664769763976558,0.0027268772448349864,0.004017710507945367,0.004208447490101272,0.003816859189116413,0.005113096599048576,0.0066948835826114725,0.005553776370299487,0.005156711581498145,0.0045498427594768045,0.004059936049845898,0.00632556637864697,0.0054173300969401934,0.0047865535487919735,0.006569244889980265,0.0052304925587743885,0.005695680628587753,0.007373821256850814,0.007306092871184285,0.00712594440137364,0.004540217355350743,0.003937531525110041,0.00363890272357641,0.004293888709179201,0.003862905536793971,0.004230232072370937,0.006244127795520353,0.004316601746856761,0.004542406737120949,0.005028157288583247,0.004349694523030064,0.004489559665047019,0.004470410898757192,0.0030265133089980955,0.002622854360745295,0.0022948003360793055,0.00226012837171696,0.0017271357770885962,0.002049600968506137,0.0026302716669528575,0.0024244323345511878,0.0028390724412248,0.006440108336657859,0.0049032080159484084,0.0037825365501849687,0.00849373764088037,0.01005258799094123,0.009333835268392763,0.019201286708220605,0.020280362790187207,0.0019484340134440451,0.0010710348979635314,0.0016399046444802298,0.0011214305447839554,0.0033655037105601027,0.002401945583711592,0.002570579687975748,0.0044036709310866055,0.0030483601415387624,0.0014729007696732735,0.005114579944055223,0.004853075178697763,0.005606751019312536,0.015571902945097867,0.014569366959551373,0.00277270759618434,0.0030901737333044166,0.002966572810263867,0.001746002263372894,0.004084936598255979,0.0036437023962088712,0.0026435976691748064,0.004507072060346791,0.004156575429790678,0.004102902109580985,0.005366537085215432,0.00576758676652729,0.008262736580411089,0.016427001957873014,0.01473965411597907,0.005774058380795951,0.0018917594577032907,0.003728062006706632,0.00363316643291575,0.0006751075854935801,0.001069312719400394,0.0013631039121899512,0.0018063729775004832,0.0016462542834330821,0.0033677282723243726,0.0022984443616946974,0.0030313079985220337,0.0028711586368865252,0.00327748895226857,0.00465062102486889,0.0032423558351185057,0.0030849978619612974,0.0020955621597903294,0.0023073897230072933,0.0032221277785516094,0.007263951099039935,0.003836723513053153,0.00603990643018004,0.008385923867791594,0.012059457632920559,0.019279751800532485,0.0036362796650678364,0.0034156428456153074,0.002329576151294098,0.002213232674372183,0.003520607570836882,0.0017466087582196708,0.000745877210339915,0.001374492018356889,0.0020479780030320752,0.0015493274934721883,0.0034964341888060217,0.0022704181146973716,0.0026749443719806722,0.0030489026241001696,0.00335171628839062,0.003737270703506138,0.0014223207826872092,-0.00032383468978435377,-0.0002207686918217648,-0.0004994934225413323,0.016239721312258117,0.010229880360713779,0.009328222251807504,0.008605747508628468,0.16991902824464572,0.8929999999716036,0.893,1.0
39,0.0008384363243335454,0.03788455819828777,0.0043679194628111935,0.0009785895275963886,0.00030184643815888893,0.0017368539141759396,0.001960258638997357,0.001026826599843101,0.0005111435490392965,0.006491401891749167,0.0026704699668722927,0.001865726537889956,0.0031194970798456567,0.001755954941116716,0.0019706451339277487,0.0023393020058638143,0.0016688677448440411,0.0018138376433748582,0.00199977822852063,0.001949768349969674,0.0023131780775395698,0.0022594629377807427,0.002241850709642115,0.0026920942757021962,0.0030015796718938816,0.002758202451623879,0.0026988226058679357,0.0024646749128424826,0.005110525940324575,0.005133355194368146,0.005363067311229805,0.004307499131355915,0.004541083900311771,0.005379296055024872,0.005591364678597875,0.005068265851565348,0.005808535480608605,0.0060693184960114895,0.0069130841780448956,0.006437629502686234,0.0077928636623782865,0.00912019714994247,0.008588192471443407,0.0009018633635990356,0.0010813008384138,0.0005363153310479504,0.000905967372224032,0.0008347416760954875,0.000611173893961164,0.0005788675998539553,0.0004925708291302442,0.0008502401326630513,0.0002189276168044557,0.0011016325311270546,6.289156524651873e-05,0.00044980870473639733,0.0007336488402962823,0.0006021635035473628,0.0008333557362085357,0.0004769904562037058,0.00027661328333879594,0.00041865926277616394,0.0008227370309043485,0.0007226830502495698,0.0004802506852983997,0.001116676388925186,0.001009836111854895,0.0005290437387010425,0.0010362318436239488,0.001167735381127325,0.00039365864788385715,0.0014770641098002626,0.0011588709713563916,0.0013890248016013838,0.0017110829679088172,0.0013467492064812541,0.0010577324496440844,0.0038297783579574647,0.0036314293588139515,0.0019430662278899734,0.006655259037859118,0.0051344637507562,0.001849313124432134,0.008211886399462855,0.007912300558738691,0.005677686972415308,0.014519041177505737,0.013597184824965075,0.0010471770220026229,0.0012594494265090739,0.0014869628753071678,0.00031356110736590687,0.0015731037435149757,0.0013927725065819823,0.0014140982426198707,0.0023880052430047837,0.0015327095022978333,0.0006768440269117579,0.002067910021875255,0.0019065559745097879,0.005428296471591225,0.005175554006003237,0.0038135450189447973,0.0033127633065873838,0.002959944312357363,0.003892837546275176,0.0038201149779878174,0.006403894897574194,0.005595000484003824,0.0036992863395356114,0.00657812631879087,0.007567744009567767,0.004306770051586379,0.009225954645690156,0.009090284861545513,0.00701886892737487,0.005734063307335684,0.005618743046492321,0.0037605187707237804,0.007821489498403004,0.0030993519530813094,0.0032775728064032518,0.007828307655328163,0.006874368447806749,0.006749286915437463,0.0072445786239732825,0.011363575254818696,0.0029848123484048947,0.003210457765980118,0.00268675601223537,0.0028499529320424265,0.0022181804431473363,0.0028901272918257018,0.0025752057539690605,0.002379455856094097,0.002061203015473566,0.0026525035521972663,0.0016077495721406464,0.001907370217101374,0.004479676479677332,0.0050411186332007,0.00573489392713504,0.00813555467475275,0.010003025802761287,0.0026107778381113415,0.002611764521820521,0.0028753351578651265,0.0025374130142019717,0.002561404547314563,0.006826163218129916,0.006610852305661408,0.0070442845081841975,0.007840313880284123,0.009320885769136132,0.00336415914316564,0.0033957887301929567,0.00208256094203036,0.0030078414818039247,0.0028193729838178827,-0.0006349977136196225,-0.00043931252164097447,-0.000209922250139306,0.0007103442773440171,0.015168373703334785,0.006557564600778998,0.004549904838692007,0.0035916608785933083,0.005286054112625382,0.16991902824464572,0.79699999917563,0.797,1.0
40,-0.0009897371684389638,-0.0006121706577414947,-0.0007781722054323393,-0.0005586615852367801,9.590441309815037e-06,-0.000506476270721783,-0.0010331060532714484,-0.00012884878225042065,-0.0010092886573581288,-0.00019004740282969952,-0.00041955842502595854,-0.00032914096200958675,-0.0010315757631432897,-0.0006077120758844482,-0.0003190970450026266,-0.0006114195633640625,-0.000266593050755468,-1.8991043448190678e-05,-0.00019983569673507625,-0.0005424082298077483,-0.00012627885920625344,-0.00023722646641698752,-0.0005151435256501136,-0.00027878830907640165,-0.00012543529691629116,0.00012325941328418177,0.0002847672712076369,-9.907683128615673e-05,0.00012002501329165275,-0.0001455720143106703,-3.5788352561715327e-05,-0.00031000462544091066,-0.00017544676217808,-0.0001236901779144194,-0.00011632752867059869,-0.000589788110527934,-0.000461369317475499,-0.0006470676233289965,-0.000782968207308462,-0.0005884843559839294,-0.0008335266233602391,-0.0010882734370426675,-0.0011914217868474208,-0.0008459846953193971,-0.001324292344135887,-0.0009815725951925576,-0.00047983573424240176,-0.0009408978262243324,-0.0012186867317153982,-0.00046140672405975956,-0.0007446654476586811,-0.0005710477287785371,-0.0005834464936839119,-0.0007792642470074501,-0.0007216711122537832,-0.0005528261859342403,-0.0006693966279174011,-0.00025950486814933327,0.0001909765940173778,0.0003909880954499881,0.00030117849112819544,-2.3050191331748687e-05,0.0011608958397076633,0.0014715878766089802,-0.00013206423359601825,0.001746482328503039,0.0008175217069660252,0.0002680028535857587,0.0010952883087594657,0.000908738629595282,0.0012329999817122844,0.0029742329553441114,0.002363990862087266,-0.0006238862858818737,-0.0002994260906475894,-0.00044069790549006334,-0.00016503796053347094,0.0022461797957110917,0.0025834583572681663,-0.00011872300037966998,-0.0015344798136062714,-0.0001484108325743299,-0.001774975321074166,-0.0032979728596912146,-0.0023872678036119675,-0.0012460580223239406,-0.00670266578002052,-0.005943119756436835,-0.0007207750381405218,-0.00046661207661298905,-0.000699035996935351,-0.000841132281876279,-0.00043701025649717955,3.1935907672910715e-05,-0.0009143313698580071,-0.0014528791839487683,-0.001199121649609058,-0.0005656465650653846,-0.0022914599362238676,-0.00206264000408932,-0.0007623828174347804,-0.005467011047722256,-0.004011327666284722,-0.0004997399517189944,-0.0005027426614251313,-0.0003141195459822891,0.0011767454630506585,0.002841098574420083,0.00304779063757344,-0.0004846336565052015,-0.002002504194468077,-0.0014362797062824667,-0.0010967910420849245,-0.0028436403674565996,-0.003047308214044183,-0.003210655338374881,-0.006444220027020499,-0.005122898030274982,-0.0025613941778516326,-0.0003854423717553401,-0.0013219872446877748,-0.002655274911894757,-0.0001821730655577374,-0.00020181229384098664,-0.0005110935977020145,-0.0005900633377680849,-0.00044149762583197907,-0.0013023588823470851,-0.00138991645359584,-0.001279245576516693,-0.001421647217671861,-0.0014340075763997562,-0.0025678476779727216,-0.0031144645206152496,-0.0020365232945475987,-0.002293080198999055,-0.002521096481771315,-0.0009054192049392848,-0.002020358115843673,-0.0019648673553056026,0.0002496014586692628,-0.0014911545619720218,-0.002571565569270261,-0.009295792614087785,-0.00291445329382232,-0.0028466291456351283,-0.002111417746319529,-0.0025249471526029316,-0.0025712245491006313,-0.00027982645235267095,-6.259581776370157e-06,-0.000646300492548171,-0.0003915492709446832,-0.00029975834518792535,-0.001926635613127664,-0.0006505557355461488,-0.0011348151567103727,-0.0017733575559037756,-0.0007516838270657871,-0.0007240693811886896,-0.0010030166119844666,-0.0010335424652909357,-0.0014868825698658437,-0.0021202889258266602,0.0025662978200730203,0.0016334515448865002,0.0008136271294477813,0.0005813087602633905,0.16991902824464572,0.025999999859323247,0.026,0.0
41,-0.0012414735934463761,-0.0020978830155822183,0.0004747949340835835,-0.00024015764734270557,-1.9718209391297815e-05,-0.00042404546119532066,-0.0007132656803974808,0.00032652057150323033,-0.0012392413450264337,-0.000634310557795887,-0.0010200597487079945,-0.0012651394704483103,-0.0005008278293599498,-0.0015192660836319143,-0.0011073174215736328,-0.0014329344682572824,-0.0012949591999083215,-0.0014004806323619366,-0.00135608532684516,-0.0012598389466149723,-0.0008307893342059803,-0.0009473535887798548,-0.0012126727135794676,-0.0008134952922649238,-0.0007404851393862014,-0.00045925751969891007,-0.0003368075817463184,0.00026850921095509253,-0.0008096586410742258,-0.0011535462247559151,-0.0008908704316800673,-0.0012056162218944838,-0.0012679566308330407,-0.001086165073196293,-0.0009733784016289688,-0.0014545593765046614,-0.0012929113951985296,-0.0012517820382708194,-0.0009698161577545252,-0.0013181552762945388,-0.0006875514519733482,-0.0019314941349368728,-0.000925049665888578,-0.000882484632203609,-0.0010498285419808595,-0.0010011256678695436,-0.0013687669114735457,-0.0011168593773373653,-0.0013699476102928916,-0.0011866012618511666,-0.0013569784151120563,-0.0011265341561970525,-0.0013637762644598242,-0.0012456011214300497,-0.0008279579965032245,-0.0012074714674269536,-0.0008230958796601479,-0.0007389675850820623,0.0010677837004167692,0.0005911659758552325,0.0006595107454705371,0.0006131373584576697,-0.00012921276537941894,0.0002588455893712758,0.0005143822597168017,3.744856225429641e-06,-9.551085785163378e-05,0.0008891399454581382,-0.00017397653680043662,0.00018541851651914494,0.000462904101146964,-0.0020849508842872774,-0.0029189836053988808,0.00011331244902590241,0.00022882025276642817,-9.773230428531254e-05,0.0006988808686485007,0.0007614528297901083,0.0005690284586805153,0.000809203901053611,0.0005361009241391507,0.0006752263724676801,-0.00035609685855852687,0.0008593137797074589,0.0007128526608307428,0.002095276174258757,0.0057351690752733804,0.0046837104325790115,-0.0001231980865604639,-0.00036966324988632127,-0.00013116204359342001,-0.00032991029075597213,0.0010092012866555037,0.0004986080985256203,0.00022046940265918425,0.0009773653719272618,0.0007615607711913877,-0.00029134852620024004,0.0010251471555204803,0.0005388450243007717,2.566532654432759e-06,0.004326437775096134,0.003467274601624027,-0.0026744077603231106,-0.0023155707179880487,-0.0021494805884750188,-0.0011737615834509214,-0.0042320483566249505,-0.002687285967164755,-0.0017284351681973573,-0.0044748610696468075,-0.003929887620865153,0.0006458438642797274,-0.0052422161702152924,-0.004595876172446163,-0.0006259313809099001,-0.0029927852266443174,-0.0013432468414593963,-0.0020956048042076055,-0.0016748114948758415,-0.0006748024943106948,-0.0016158987134693218,-0.001561766628443309,-0.0016833655046905541,-0.001189624261403144,-0.001680847324382278,-0.0011339913334721637,-0.0005757396578080843,-0.0004037640408295512,-0.0006293208225733954,-0.0006244369607883095,-0.00012323618282690407,-0.001465606681247599,-0.0009436682115881081,-0.0011251261638195338,-0.0011084244922433082,-0.0004946059729061016,-0.000470905272942243,0.0004671116979484231,-0.002508513526689695,-0.0017167282945465458,-0.0021150161857562424,-0.0031703497212481383,-0.00222972154261863,-0.0013958656559432624,-0.0012042625806462665,-0.0009088276910533959,-0.0009564251557120929,-0.0005032255168952549,-0.0016885234782628533,-0.0013339147316681439,-0.0012608829671238355,-0.0015454396158757794,-0.0010121028222903766,-0.000791130464325611,-0.0006934926260559427,-0.0006184787697899824,-0.00029184737281194676,2.8886402234568875e-05,-0.001125659559909018,-0.0013865078781606234,-0.0013333269713360037,-0.0022430583038269224,-0.004395552423866087,-0.0031529305860510453,-0.000366200646000403,-0.001699423073357819,-0.000999671322285139,0.16991902824464572,0.03950001121844607,0.0395,0.0
42,-0.002816589511612728,-0.014388545445401016,-0.013107098138942466,-3.265695529435674e-05,-0.00024348676174807627,-0.00016326522290621926,0.0003507782636489878,0.00035076661696066037,-0.0007604372558128519,-0.0016533564857109072,-0.00030245672382445723,-0.00034858853259668804,0.0005659451191720891,-0.0004881938334455441,-0.00028991110622515206,-0.0007514817591731538,-0.0011202622946784155,-0.0013936213445840226,-0.0009046250649777955,-0.0013230829219876494,-0.001413807328969988,-0.0015175193192254518,-0.0013506160291823024,-0.000947641571684987,-0.0010367981468432208,-0.001404599167708978,-0.0009523582517448896,-0.001312172503121274,-0.0017531332548063846,-0.0020249788687224323,-0.0017369104037237273,-0.0014141107632921611,-0.0018721927062296442,-0.0016504546745130847,-0.001898630202040801,-0.001991001351458618,-0.0024600339056688007,-0.0021576504026593083,-0.0022204769956560852,-0.0022900448061051,-0.0025589315337605904,-0.0032013596200702724,-0.0035075020999950648,-0.0012991171151123296,-0.0011844314249908683,-0.0007675572178651388,-0.001089565500226697,-0.0009117123737479533,-0.0012050371518698175,-0.0015823118627084829,-0.001182308318511589,-0.000886653216878241,-0.001199168014447654,-0.001067184114569627,-0.0016709244796160752,-0.0011907976775870168,-0.0014606423683962318,-0.0011433940081400074,-0.00029694721890064407,-0.00021842671706793256,-9.663986516066058e-05,-0.000485932852997821,-0.0005540432466323783,-0.00034161212733039507,-0.0007011383702033162,-0.0006498993507382992,-0.0005386198019816177,-0.0008115853319666536,-0.0012346506157163931,-0.0009176527295877063,-0.0007678820060559429,0.00022073122940793598,0.00034867564339184084,0.0005866335604903846,0.0006510089265187565,0.0005528118324681302,0.0003100918227823561,0.0018233068567209037,0.0014791742112496911,0.0007702507651687222,0.0009739488178198906,0.0011039092503428456,0.0009049516199323015,0.00199314655221676,0.0017407178317482555,0.003509887105609745,0.007739987161784758,0.008475371568457438,0.0001944083698257525,0.0003782080561262525,0.0004257472902943378,1.9889166180337766e-05,0.001166507688531288,0.0011952979824548513,0.00013790056715748495,0.0006182889177940783,0.00033403522669888167,0.0005568366112426645,0.0011215907516993295,0.0012341193974079315,0.00036247292665100953,0.004385821329762473,0.0041917499894885005,0.000935865991877177,0.000903782293731218,0.0010577956657051872,0.0021004610065186425,0.0017240875730791605,0.0017416671551063031,0.0024982672575368605,0.0009221761909093337,0.0017573641427365671,0.002281696761710041,0.0009198243292432869,0.0020072163626461484,0.0033653174365542854,0.00944581193814354,0.009207635465948535,-0.0012988872128140427,-0.002412671212485363,-0.0022655711602055846,-0.005489698058452404,-0.002076790520713307,-0.0021430825266657997,-0.0020137433144635838,-0.002283517069779033,-0.002821593287652027,-0.0020883403514170584,-0.0022923819629658494,-0.002809306249491009,-0.003095127078235594,-0.0029268154631351914,-0.005270152885626607,-0.005664595540647475,-0.005626410821553631,-0.005483584615192774,-0.006446110766627303,0.00022142071147173776,0.00010396243150624967,0.0003569403928092472,0.0010755755446848901,0.0014577322277678096,0.0016612277559355734,0.007791487542410077,-0.004976473744373067,-0.006482472800225227,-0.005409713352133782,-0.005450321554954655,-0.00612140280959878,-0.0021079087766711076,-0.0021507566973246344,-0.00200806456160039,-0.002400137221894998,-0.0028567657461280823,-0.002187861544378553,-0.0023498670576442395,-0.002019403769601497,-0.002254197214866491,-0.0023990842958544244,0.0007465782922578167,-0.0018475050333439927,0.0005789736521469501,0.004007051021367369,0.005646362451838563,-0.005226889199339478,-0.0037590826232758107,-0.00400538315859025,-0.004472189727431999,0.16991902824464572,0.04199999953502864,0.042,0.0
43,-0.0008150367724506961,-0.0012873482913373022,-0.0027686393206309565,-0.00013719196662306932,-6.464339346925373e-05,0.0006919309893388793,-0.0003010386747862777,-0.0005064616090709376,-0.0016360788257909792,-0.0007112378446782026,-0.0012818170868368595,-0.0009790015334517235,-0.00116801089380775,-0.0010691210032793043,-0.0007784675346524388,-0.0009008848066221222,-0.00043825725978339516,-0.0005171736039189801,-0.00048372599280014077,-0.00037259631484418143,-0.0003389244067685708,-0.0005246592566634375,-0.0005245027499887397,-0.00031885161758103664,-0.000579710948309388,-1.8345152155277663e-06,0.00015501474908964532,-0.0002443235457109525,-0.000836427376926606,-0.0009146051171103853,-0.0007856841813440289,-0.0004545399268610397,-0.0005436619131902303,-0.0006683629122554059,-0.00043998826341613124,-0.0008447155678674439,-0.0007595191233083765,-0.00041520814653713494,-0.0004277146414711644,-0.0009968443360900028,-0.0005072810207449364,-0.0003819269105310404,-0.0013115861891534306,-0.0007249170871215992,-0.0008497029965119462,-0.0005729361370556826,-0.000636571888584302,-0.000900829983488773,-0.0009603633574774885,-0.0006315480899247374,-0.0010500228271714785,-0.0007723713577505099,-0.0006814227288842749,-0.0009574617137790255,-0.0006081589524112793,-0.0009528887931546873,-0.0003129705293965502,-0.0007268731094830149,-0.00012057875987939812,-0.0002249394983092352,-4.5048745888423264e-05,0.000566738967676264,-4.1181843701035425e-05,8.4212499953548e-05,0.0002676537220337063,-0.0007613807733155752,-0.0006725799720767756,0.00038030762349114915,-0.0012489447330180515,-0.0015319436102913307,-0.0006786467094383247,-0.0023741310977799103,-0.0030122749570961342,-0.00025097136356394084,-0.00020115108810496695,-0.00022213909290852324,0.0004797534166878972,-0.0001309376398619201,-0.0003471000812641355,0.0006591942617876382,-0.003213114790750974,-0.002033398069493804,-0.00017649714847648278,-0.004989768833945315,-0.004001394041895858,-0.0027645896247277253,-0.014013282595293124,-0.013885624699877783,-0.0003272287123704751,-7.870995635421522e-05,-0.00020417644203254536,-0.0003591995837462312,-0.00021765243110427048,-4.1932315026755974e-05,-0.0005190881424251081,-0.0002238435012552861,-0.00010067276943903689,-0.0009192924311904042,0.00038267976676865966,-0.00016328306003905735,-0.00248037395718489,-0.001440463484794355,-0.001804347044568617,-0.0008718809970241144,-0.0009288733827293354,-0.0008001655742093847,0.0004756690443351237,-0.00247876145620187,-0.001833371537912466,0.0002985649617824623,-0.003577417167596817,-0.0031369937099320153,-0.0018394640832569424,-0.005140296149795124,-0.005281774086181088,-0.004441940558639117,-0.014726336736068749,-0.012670157721451594,-0.0012987093685568607,-0.0005880179481715202,0.000494714743202596,0.001189912301194752,-0.0005254437227248429,-0.00040930470975902107,-0.0002806316218718221,-0.00040844712000775866,-0.0007905929797739313,0.00032402212190637706,0.0004885468148636451,0.00024692119315028395,0.0003801309040101573,0.0003459450061078184,0.0009451056400019757,0.0009242201657647061,0.0009406509869379985,0.0010102361236031057,0.0009960927606240746,-0.00040437117156096145,-0.0014929774245399932,-0.0015140094354512555,0.0010722792949644955,0.002261947690348378,0.0013952526337549069,-0.00047666418416936863,0.0010245399655080835,0.0007877861448523241,0.0009718611518319527,0.000927609212257954,0.0013072946806203351,-0.0005704357027896687,-0.00036851698168266506,-0.00031572752177821533,-0.000660720009957551,-0.000391215611364568,0.0003239779862311309,0.0003726868841748711,0.0006276957524606548,0.00038683419490215,0.0004066753188744307,-0.0003785851767617097,-0.0006627162706675818,-0.0007790286836514654,-0.0010225595832075406,-0.0017430083061899361,0.00047932082438944954,-0.001356252953811439,-0.00047370569172377374,-0.0006553928413330577,0.16991902824464572,0.013500012011059215,0.0135,0.0
44,-0.0009478785609868174,-0.001017663758258656,-0.002930591670563988,0.00117746987148161,0.00017901037834648452,-0.0010230434398759724,0.0007774287439982402,-0.00015145899626320275,-0.0005787768771492447,0.000584449859650818,0.000766675782835092,0.0011619557307357285,-0.0018996866249474701,0.0007977439297554532,5.314813599382918e-05,0.0005542013253338082,-1.1207777615035366e-05,0.00010363878817725252,-0.00011923728597040725,9.733800913025231e-05,-0.0001232082671975168,-5.8426655776389266e-05,0.00030479130707643855,0.00026565241157330176,0.00024334036925281242,0.0006222132483009111,0.0005874131996833058,-0.00019189523139782959,0.0002898381102968992,0.00028116339042860445,0.00048032846034241835,-0.0005231033611652777,0.00018216268030471356,-0.00017225716197832394,-0.0001323418648878138,5.577165033752528e-05,-0.00017972774735415826,-0.0005189864067193372,-0.0002562266209534905,-3.682326835195981e-05,-0.0006367423350769662,0.00017291828520809774,2.4435357342776357e-05,-0.0014462529491384131,-0.0007614731530358013,-0.0007859316611150459,-0.001608381593930626,-0.0010703442179004336,-0.0008845161144422008,-0.0012904425251077357,-0.0016297315236614837,-0.001047679223513164,-0.0012959548084831042,-0.0009173863279591261,-0.0007192121050257336,-0.0007236222094502351,-0.0005076015137807588,-0.0004932800088511293,0.00017259950108561848,0.00015635576862819213,0.00029170648256684806,-0.00023482666240548007,-6.952147265991368e-05,-6.52998296188641e-05,9.642399205563383e-05,-0.0004513899974760584,-0.00022944353040218034,-0.00026818008986106745,0.00023827970402847738,-0.00027809437917482234,-0.0009396954635954377,-0.003394413318110675,-0.0033541551693661337,-0.0006658674047292584,-0.00048022153140431847,-0.0005783419119934325,0.0005094435156734389,0.001626853639454888,0.0016439997700396062,0.001487853626609591,0.001129679507443288,0.002004052040237766,0.0007503190463062361,0.0022385686580236497,0.0017960051746000777,-0.004011948961004787,-0.009125778138986716,-0.00975404148848154,0.002416959351397461,0.0026484855500363766,0.0025705420302472564,-0.0006363723822882838,0.0014208172311087049,0.0017024883671255169,-1.2173751486130916e-05,0.00115694287122477,0.001231972042586933,-2.6038184043466045e-05,-2.9609858718056695e-05,0.00016123411756066867,0.0010811062419840201,-0.005253121622471976,-0.004298866441755872,-0.0018001494612089508,-0.0015928806600440566,-0.0013925537919638933,-6.487929811744966e-05,-0.002515899355972813,-0.0010415158522705174,0.00017145352735788253,-0.0027522722976689932,-0.002388233368086568,-0.0002875871867117066,-0.004020460527825578,-0.004640192567135367,-0.0038946183433358856,-0.015815161503915383,-0.014435571475993907,-0.0030033317862859826,-0.0010441065768289537,0.0002322399947515013,0.00013221315954346799,-0.0006057583041127536,-0.0006500553192214672,-0.0004984633548027865,-0.0005766469309242019,-0.0008869738254686725,-0.00012173431887558831,-6.933087638565975e-05,-9.103063913814179e-05,-0.00032278495455575487,-3.1528882701597675e-05,-7.39065468858058e-05,-0.0004498604158713373,-0.00040442688665935856,-0.0005004093620936468,0.0002587061258501845,-0.0013914413522214547,-0.0007521622135274024,-0.0019132056511013934,0.002319024950764984,0.00335439625029421,0.0030423309576478904,-0.004435758017716387,-2.3738923958744992e-05,-0.0004540026659524232,0.000102286496840942,-1.2644161177526061e-05,0.0005710584917195213,-0.0004062379481850242,-0.00039548466801486763,-0.0005560516975118961,-0.00041282418683944637,-0.0006635302026367492,-8.041879598631113e-05,-0.00023632847049613237,0.0001486289518688362,-8.779018173456868e-05,-3.2818507130197316e-05,-0.0009663131609327401,-0.0007450436790507553,-0.0011034010836919632,-0.0016371510487732442,-0.0026460397944196544,-0.0019694299532386967,-0.0014649723801420174,-0.0019800586936472675,-0.002359481390957631,0.16991902824464572,0.05499999546886994,0.055,0.0
45,-0.00020460102036881875,-0.0003273763668107859,-0.002427228659103042,-9.776971846482522e-05,-5.425513536570859e-05,0.0008644652201435608,-0.0002488890197076724,0.00048282606879644906,0.00031038669289828525,-0.0007194133138278947,0.0013302221876148692,0.0014578692420917137,2.8480958091581035e-05,0.0013074467081590519,0.0010070308431461576,0.000991497142507638,0.0007731857798324406,0.0008616982886545873,0.001220340185759032,0.0012291493698333746,0.0007222403431976936,0.00022921887601998797,0.0005878300846721306,0.00018983321153236282,0.000475938302903044,0.0005082585254614433,0.00033530138413522177,0.00042459862090221077,-0.0006952350731853049,-0.00190660439178742,-0.0013225977943174861,-0.000593975291418337,-0.0008509481982047701,-0.0020429091370304494,-0.0007375158482377376,-0.002362581204103613,-0.003291298983473714,-0.0007191960590145563,-0.0026755085711380852,-0.0020552322188027634,-0.00040871181258113,-0.0015676260538946504,-0.006082551800823315,0.00024310432569088337,0.00010757725950169352,0.00038082261945454577,0.00020541247635356378,5.962527360034671e-05,-0.00021530723173533896,0.0003998276091252448,-0.00021304618427775922,-3.167151462387275e-05,0.00027671519252972,9.5827605645923e-05,-1.0684893303689464e-05,1.8215206221356504e-05,4.6242568843518e-05,-0.0001758234436081958,0.00011819018097119646,0.0001542715868902155,4.600582400572463e-06,0.0002935955663087895,-3.0286887591374383e-05,1.3014618381521752e-05,0.0002888837623056237,-0.0001113215570996234,-0.00018537693003261758,0.00027335261125232993,-0.00024206699390112496,-0.0005824908159591808,4.425328136456602e-05,-0.0008463575573000546,-0.0006923487806924349,-0.00011259302107754452,-0.0003674951100010048,-0.0004850912549108774,0.0008423585907779194,-0.0017467650503187452,-0.000981166799911359,0.0006173681149268019,-0.004278793652008773,-0.0026918237172185167,-0.0008063239726131074,-0.006315377600213642,-0.0058438253863346435,-0.0031602224668888373,-0.014125057927671845,-0.013352900021416526,5.591887049916142e-05,0.00022305157956702332,0.00022747386908738114,0.0013006797823957794,0.0005887737540007392,0.0007472862187981687,0.0018527678884002548,0.00037799441340311517,0.0006100685632931099,0.0019938898532593646,-0.0003988370661952906,-0.0002776934044547149,0.00018007778567410792,-0.005815535612011508,-0.004225119712236099,-0.0006870273661553824,-0.0008110816767779959,-0.00045065138656012873,-0.00020394343645805353,-0.0032647649381290266,-0.002247371364314427,-0.0006381740031378634,-0.005386041668476011,-0.004950843857591053,-0.002322539544080485,-0.0065643666291466595,-0.007376784176624083,-0.006217473462352984,-0.014804439188756185,-0.013810399452152471,0.0027733978713352643,-0.00019336524177125582,0.0004991150841369364,0.00037315697851782843,-0.00016075165060624197,-0.00034532684969413815,-0.00032811405307642017,-0.00018375715248466747,0.0003180236714456659,0.00044541875784829193,0.0006171356207048422,0.0006986053225710795,0.0010601468406674995,0.0016209305733776427,0.0005078196163754277,0.000701621937485531,0.0003441712532908977,0.0009107622459388508,0.0024586360045284624,0.0005176592673730552,0.0010321942418568075,0.0005341876498816341,-0.0024942529646550153,-0.003877973854425923,-0.005535307498302502,-0.01028402003565635,0.000279289441513523,0.0003718932096699953,0.0008190798682554758,0.00090192381763592,0.0016237628712013111,-0.00011167475618916761,-0.0005397376967727587,-0.00015224923215970625,7.010535576071366e-05,7.347708324685298e-05,0.00044748584473045216,0.0005544014590197326,0.0007323706775788567,0.0006129960585598575,0.001429841142748419,-0.00041360747768376453,-0.0005660410096664887,-0.0006106892535665517,-0.0010146592239238268,-0.0020591932141512297,-0.0007573785106586472,0.0003977620827790201,0.00011587945567016347,-0.00016393404017961457,0.16991902824464572,0.022499973094021603,0.0225,0.0
46,-0.0018255060029437001,0.0004824631981106687,-0.0025597310989193614,-0.00014952014169967884,-3.163243069022359e-05,-0.0002637707663764803,0.0006215668544510872,5.0517204252145685e-05,-0.0008397566751601312,-0.0011250540945067136,0.00013239467621829694,0.00026364554135678786,0.001462281423817895,-0.00021244256803537118,8.155078813301189e-05,2.697217834037398e-05,-4.376984912980324e-05,0.00022586353517143617,-0.00014216423589327954,2.8083834730769442e-05,-0.0005083848947785448,0.00015481365653020974,9.235625834512992e-05,-6.720715736914732e-05,0.00010198317490937933,0.0003321966179469147,-0.00028739931920247606,-0.00032417759610155986,-0.0010162503756434285,-0.0009361550066317143,-0.001245945119896,-0.0013163919915697697,-0.0013491183007734609,-0.0012657860937558098,-0.0014617357165318313,-0.001812249976623418,-0.0018776973586193304,-0.0015459942165023442,-0.001858168506728793,-0.0020295435251843816,-0.002536556185532208,-0.002785309619294322,-0.002737183207631132,-0.0008184079954991647,-0.0016343221533125672,-0.0009123751616304553,-0.0008249150419103907,-0.001065047581193827,-0.0011869768786109502,-0.0012118609320346304,-0.001043801806791743,-0.0013569028729327414,-0.0010801921685180123,-0.0012115159606120027,-0.0012052130251842652,-0.0009513953370015683,-0.0013367638202886165,-0.0015891619779090295,-0.0003343746412415861,-0.0004422937749457369,-0.00017720227484710206,-0.00023731168752634074,3.546444685255234e-07,6.319319702594875e-05,-2.605376482578662e-06,0.00024489548749539336,0.0006604054565568004,0.00017056322896213862,0.0004344589175351804,0.000363653073801265,-0.0005704799181296149,-0.0010903900742323931,-0.001231839582651778,0.0004720266535311424,0.0005277713096284981,0.0007663645320556686,0.0007886828332625711,0.0021324144670361194,0.0028718043578557745,0.001744133553142764,0.0004400838775297819,0.0013338422303994881,0.0010847344765237952,0.0005211767155797669,0.000806829401899494,0.0038583614189629826,0.008117591803345849,0.008133770572929928,-4.3952722456318946e-05,-1.666570324168299e-05,-0.00015433978970491295,-0.00026258457397995515,0.0005606901268224716,0.00042894951819984456,-0.0001603385327947628,-5.7763525446525085e-05,3.7773239735409075e-05,-0.00037359168379255827,-1.0537803914367751e-05,-0.00046369024198710413,-0.0007850540615819035,-0.005842906449449968,-0.005945064351138705,0.001884521908190334,0.001761111165528824,0.0018807585850259424,0.00174739151091035,0.002576401166627949,0.002466724824707313,0.0020368045196421315,0.0009897162420129677,0.002003263132933451,0.002279742318597561,0.00035949354983700357,0.0010269676173894934,-0.00068078701063783,-0.0065355675737801865,-0.0064266624257890695,0.0009899668127842088,-0.0016424729684144427,-0.0015936582887412986,-0.0036688780389683047,-0.002022931453728539,-0.0016897655213222364,-0.0017684403624128365,-0.0015977022618214043,-0.0017880719585032488,-0.0017068854003913648,-0.0013070931528628522,-0.0021436079052436995,-0.002577785822184898,-0.002426894754212516,-0.002872035137002195,-0.0030787735763327224,-0.0033647499183214313,-0.0030537030913254594,-0.003923761530026692,8.431809997481727e-05,-0.00011040191963424198,0.0013485457999526452,0.001514552206792692,-0.00020456035310444193,-0.0016358295020248183,-0.00013049402413207024,-0.0026648976307408335,-0.003822436218330631,-0.003089167450370369,-0.0025379847996906614,-0.0032738617117034617,-0.0015775510996052242,-0.00174760021407729,-0.0015321433519282072,-0.0015796695295521774,-0.0018899235236183557,-0.0011176651923270019,-0.0016903835232812282,-0.0016368059913627292,-0.00209313943258933,-0.0023901279094664368,-0.00017372123187265774,-0.001798805867708642,-0.0021074883913891826,-0.0024915992519413386,-0.004930037707343235,-0.003959767971085036,-0.0017918518470818841,-0.0033551394181847456,-0.003500816957135128,0.16991902824464572,0.05099998005414924,0.051,0.0
47,-0.0008069133568674914,0.00046619885044510043,-0.002258743980932498,0.0010853232007507895,0.002074025116821333,0.000492636406554879,0.0013371799539793556,0.0012528365883303617,0.00027783949849933,-0.0004061962409998994,0.0007946439567639542,0.0007089343765156438,-0.0009040479278526014,0.0006481402484784435,0.0005975428309442455,0.00046390639290097747,0.0004315208983666598,0.00033189785765594724,0.0005416384764301952,0.0006207796454984623,0.0005233125627847388,0.0005080056988398029,0.0006370771004319746,0.00045779567598207147,0.000513268187852082,0.0008452156134839287,0.0008066089644116547,0.0004333944081093311,-0.0009157310487486165,-0.00187318612109261,-0.0018581970683466606,-0.0004849689260031955,-0.001274105767014878,-0.00248740669645662,-0.0005205727290834095,-0.0036303543826643786,-0.003199403384913302,-0.0009880567471939072,-0.002309883800424162,-0.0026211461232260296,-0.0013430682479739357,-0.002642550495674815,-0.0064855360882566,0.00014081799659563415,0.00017890436726212985,3.26744856811793e-06,0.00015475217977055554,0.00016608786720740678,9.706602210048227e-05,0.00016901444154285292,8.644173997332917e-05,0.00014564249928713274,0.00027361896949680716,0.0001722120307373927,0.00022481524617171082,0.0005349350559109428,0.0003031996232833023,0.0003420145838056168,0.001586860185674145,0.001584309085115568,0.0016691625885712255,0.0022703491454891993,0.0008150617695188531,0.000727929234814753,0.00114563335576879,0.0005160021319311298,0.00043195350658436284,0.001688125170042936,-0.0001085528474658675,5.0047713823903155e-05,0.000660637712854692,-0.0006397016386289348,-0.0003952591224459949,0.0008974854570762256,0.0008186212423013506,0.0009454766520459077,0.0024163890747648355,-0.0019363056504804572,-0.0008616616357652452,0.0011323430064608879,-0.004855204458664507,-0.0036428552307360396,-0.0006063136124344577,-0.007109898003254939,-0.006576924800299811,-0.004073739814507085,-0.015419401296333173,-0.01374330373191042,0.0009593336702311484,0.0011227763024937506,0.0008622973266234092,0.003102500756764281,0.0012866871199605106,0.0014439136091632593,0.0023277934226877467,0.0008143779114175006,0.0011339116760626356,0.0026708440736604227,0.0002324974136434613,0.00042191355786733045,0.0014189165269449407,-0.004511369385916908,-0.0027764438487205864,-0.0007400470602301422,-0.0010404730978165078,-0.0008440230646260084,-0.0003801127671731301,-0.004722453199562202,-0.002803550932366489,-0.0019550729419895232,-0.006456416879526269,-0.006227418277652181,-0.004470362016081594,-0.008209717864471984,-0.008891971213288559,-0.008525383781273701,-0.01633875329868549,-0.01585259925530451,-0.0026371340340899246,1.0098095210662138e-05,0.00030003348325381317,0.00031027279981082445,-0.00013303602126150753,4.882340282469986e-05,3.9863119649187355e-05,-0.00022370677860389146,-0.00032555450216853677,0.000405617187055985,0.0004971552032235047,0.0003890399807372436,0.0003736812899659858,0.00019958187728969724,0.00033878614525538844,0.0005899850987398273,0.0002732193801419563,0.00025197348899192937,0.00040013406864565325,-0.001002253437702825,-0.0010347182317385045,-0.0022151320026827883,-0.004626423114491368,-0.006419298550477233,-0.008037150955295112,-0.015373448020609857,0.00039055544452021236,0.0005899612231460539,0.00014461768767252893,0.00028429411782652717,0.0005128501361688188,0.0002156827366615928,-5.827965575782184e-05,7.02089222730026e-05,3.296053735981757e-05,-9.850857453130721e-05,0.0004308858605065924,0.0004394990570565066,0.00034492142795126165,0.00039408993289486886,0.00014035483137912096,0.000541073663424204,-0.000411014283338122,-0.000380826222487747,-0.00035077029195491915,-0.0009178497389165264,0.00018635172320902792,0.0007815216227387714,-4.2549037919447166e-05,0.00016918326128113456,0.16991902824464572,0.0009999547190500668,0.001,0.0
48,0.0013895769587444096,-5.178221132034129e-05,0.002746387304215533,0.001799996831210613,0.0008218110426620308,0.0010281618284102866,0.0003525412182130933,0.0009554576209374373,0.0004675780188502206,0.00042601931551914133,-0.00010047857197612821,-7.412568372725267e-07,-0.0011833012087901615,-0.00015476519205046406,-0.00023988779520049577,1.0846293676620957e-05,0.0005441777793082566,6.882627259152358e-06,-0.00013760366061415166,-0.00017276478020372295,0.00024161709805095284,-0.00018342599062277974,-0.0005636412724465855,-0.00029782427914101366,-0.0004132350848455536,0.0006338093523766754,0.00039878781415298006,0.0004048744380429242,-0.0003402127748646603,-0.0004405327891092692,2.556182932629127e-05,0.00012252633597108372,-0.0006873710595494419,-0.0014646650334032903,-0.00023634080548904908,-0.0004786189468905895,-0.0010573755245974537,-0.0011729868471084157,-0.0007440360474124833,-0.00036818367399091826,-0.0013829930637537402,-0.000465339671628329,-0.0015694822321780212,0.0003531136831228163,0.00032739803417740425,0.0002923626805271162,0.0003084120261513918,-5.781058837135625e-05,7.028613012089457e-05,0.0003719501854091782,3.3144756513994705e-06,0.0003090461708209051,0.00034938963456911847,-3.629982532179261e-05,8.801387066861034e-05,0.0002474296204097562,3.2308146948158025e-05,0.0003108553105769791,0.0007379538254403672,0.0006197743827006506,0.0005087602087969786,0.0017716254218406217,0.0009839530617176521,0.0009351036073099272,0.0014871547744127983,0.0007076881359109869,0.0005841411034748937,0.0019036327138513122,0.0004601261515375822,0.0005413703197450441,0.0002836796818250794,-0.000366361547091649,-0.00031987893006577673,0.0005600020762565407,0.0008631918619196512,0.0005448802895434933,0.0034447116555808895,-0.0011847373728129547,-0.0012123050274843604,0.0018989211217142474,-0.005275594178043709,-0.003562449315825591,-0.0005989894155926683,-0.007607504389223416,-0.006749540848217158,-0.004321539758377546,-0.01607609574722859,-0.014211144024906914,0.0015408023472437765,0.0016843284903317857,0.0016163173824967068,0.003641612587879466,0.0012600715939803156,0.001284727801884132,0.0025172398158749693,-5.429440093849402e-05,0.0001238839123708684,0.002158847646342686,-0.00042598998125733324,-0.0003389550642801898,0.0008932795589770029,-0.005335004579838674,-0.004292248774259004,-0.0008723873043145035,-0.0010362439421468977,-0.0009038297302911302,-1.0202852304409527e-05,-0.004482806960804887,-0.002598441871208768,-0.0019706845132659283,-0.005976102011573421,-0.006116394625594088,-0.005106796534215492,-0.008065638059819245,-0.008079457085640718,-0.011395010255654021,-0.015570961835722591,-0.014918749400508899,-0.0022717128476206026,-0.0002985745523577852,0.0012717278700874125,0.0009999883030008614,0.00032193963361092586,0.000220629485889463,0.00016869523101147455,-0.00028617130216413865,-0.0004809127466913758,0.0006807910027763081,0.0008875210683912385,0.0004763760451739499,0.00026269378363729854,0.0008079080990103329,0.0008465467450057708,0.0005054195285340199,0.00024295229471905488,0.00037222735477357763,5.6910032935326696e-05,-0.00039938033727709223,-0.0014217237635537516,-0.001928312904016823,-0.0037826047217586717,-0.005542268252015058,-0.00807976346966624,-0.015144650026980058,0.0011878441165615004,0.0005224176254101668,0.0003067550478804084,-6.891367071574127e-05,0.00042131002571715414,0.00027245220116616707,0.0003279791771141611,6.4745628916863e-05,-8.808864592052699e-05,-6.099092171744818e-05,0.0008020520540476415,0.0006431998957108919,0.0006742173688746625,0.0003779096368579004,0.000662389072195189,-0.0006216124099386312,-0.0008986268965190889,-0.0006526429619474597,-0.0007733332322202085,-0.0014996324974551737,0.0001592794587537204,0.00045601329343525115,-0.0005902558060444753,-0.0004906806418085739,0.16991902824464572,0.01749930139827094,0.0175,0.0
49,-0.0020203912923266866,-0.010651466787445697,-0.005067766401000607,5.526964552214526e-06,-0.0003376121067382306,-5.802898125756531e-05,-0.00019609435333012222,0.00020824706978181013,-0.000850652974110945,-0.0004646356509862436,-0.0008339191656452611,3.1773612259589655e-05,0.0005875007920450706,-0.00042166183517402037,-0.0008087201042648909,-0.00039584434892349975,-0.0007567985431847845,-0.0014332067442860005,-0.0010565035041356543,-0.0009104170645445154,-0.0014064492531730304,-0.0013914472036195913,-0.0011691779210703352,-0.0005252046174631374,-0.0012318258896182727,-0.001023933481275399,-0.0017156165894626394,-0.0021549225552823428,-0.0010763735770102961,-0.0012101534954118897,-0.0008846814582415186,-0.0012797256737509149,-0.0014584661198470416,-0.0010455722102101087,-0.002066193495799048,-0.0019627297200165523,-0.0019231818232814724,-0.0018295800131123432,-0.0022448310616099277,-0.0020833706137221505,-0.0024553243256787614,-0.002908611086175997,-0.0030129387967805657,-0.0011029989833487208,-0.0006398004364265496,-0.001578793933990034,-0.0015858171718169398,-0.002393241764924728,-0.0010546600322163297,-0.0025700721939959396,-0.0019441776324696806,-0.002173603772908351,-0.0016363496537520293,-0.001905226708774389,-0.0027001427813489187,-0.003139152911627031,-0.00338346240327749,-0.0031646718359893077,-0.00016652394189844774,-0.00025465597374213977,-0.00025432493556314903,-0.00024945321039821216,0.00037507974517627036,0.0001615178293315409,0.0004463193846141067,-1.539415194711275e-06,0.00017903178911074757,-7.113017963148619e-05,0.00015972225114035195,-0.00013440705875889162,-0.00012324101339259547,-0.0006582346377482554,-0.0002928946122057137,0.0002982746018442185,0.0001682445472298709,0.00030915303114286715,0.00039147377831373826,0.0011592948400566624,0.000917220540502511,0.0005846157911399719,0.0015962746772225514,0.002074549354207489,0.0005992837982380903,0.0023810103449440783,0.0021932172140393417,0.002924223504141885,0.009006433197488402,0.008686075125928096,0.00011557673860447168,2.2945821289414882e-05,6.479391396569826e-05,-6.423632841024918e-05,0.00042949918946081885,0.00032825055006216805,0.0002207611751288973,-9.2277939844341e-06,0.00016131991112154853,0.0001279379914148955,-0.00012902647980207423,0.00015131011465442158,-1.3851425147539488e-06,0.002373062813955564,0.0018605901421545757,0.00022976993352307167,0.0006480783391001368,0.0004368436566283658,0.0012058918262886106,0.0008089396421190169,0.0010957089729737143,0.0017928590059865396,0.0005389612061340215,0.0010002346097549737,0.0020558947273938326,0.0009971249562793624,0.0021940460933693815,0.0025290248050771295,0.006561409794272952,0.005638590025503201,0.0031165676832044607,-0.0020973746307331705,-0.0032852683175961643,-0.003343780278074927,-0.001485484156099532,-0.0016536392129910928,-0.0014388676690926486,-0.0019228574798204631,-0.0023129749128416367,-0.0027067140958468077,-0.002201823631352595,-0.0027232436884296776,-0.0024827039912144236,-0.0028913519769266085,-0.002542032919043964,-0.002823100350291172,-0.0030381817353106137,-0.00363396895159026,-0.002676075558457225,4.5957707770340795e-07,-0.0010006725323418253,0.0021870215420092096,-5.775204451376788e-05,0.0003605228790946897,0.0005344146261340874,0.004163648873427633,-0.0027358977618407087,-0.0024695537506783855,-0.0025321776341021432,-0.0030342693077543667,-0.0026280817497958513,-0.0016082050869591202,-0.0019609690281951636,-0.0023187185809979134,-0.0017474953527628029,-0.002484942108185097,-0.002667472161430291,-0.0022932777453961513,-0.002563086623223428,-0.003574173695014463,-0.0027678078360443806,-7.435784287690684e-05,-0.001249911703634998,-0.002189505232096543,-0.002169080885694775,-0.004383532707356487,-0.00486610941005482,-0.002329362625932248,-0.0016011042669445425,-0.0015417081398452384,0.16991902824464572,0.04750000001779674,0.0475,0.0
50,-0.0005141174475944476,-0.00047681672524548804,-0.00020851908416337795,0.0009577715885823843,0.0010690178569291075,0.0008952160623845634,0.00022634663377928615,0.001582409838088825,-0.0004680020811907183,0.00035738864059171746,-0.00034583011417374597,-0.0007303146434831848,-0.0015391395709240105,-0.000577163513253482,-0.0005648480659556462,-0.0005652116970538388,-0.00020469363319209483,-0.00027786959431300905,-4.851169537023793e-05,-0.00020985078800147728,2.5169167984920847e-05,-0.0002513816036697349,-0.0002889083809075072,-0.0003420015384635448,-0.0001402959171988594,0.00010427831457497607,0.00012279929682282054,-5.036139494794767e-06,0.0005450325767197914,0.00029259232694850407,-4.267712451920061e-05,-4.7604899252694044e-05,0.00035437510310284336,-0.00031088270197465875,-0.00020077371624423806,-0.0002469269240857301,-0.00014669728281907227,-0.0001406733917042799,-0.00035090950395482465,-0.00011668238065521458,0.0002513571153711784,0.0005091425218635946,0.00027597603616629906,-0.00032453947740407644,-0.0003793766265910115,-0.00038215254437111543,-0.00020241567008419436,-0.00010963546944922788,-0.00013565896533381482,0.00010515998830495907,-9.503384408634963e-05,-2.3163736431070363e-06,-0.0003175130189884031,-0.00014383554653429136,0.00012133981531438997,5.4757517026354006e-05,0.00041757676322898757,0.0004900505269649658,0.0007199064596612294,0.000997083017404231,0.0009326909726620644,0.0018575853494012945,0.001045697521228283,0.0008873684758679713,0.0022542606735950163,0.0006528318348904672,0.0006693819944801343,0.0032040204284730315,0.0008214890326705363,0.00016275563328713917,0.0012585806706243063,-0.00013913838830491713,0.00019904175682695037,0.000865823688313728,0.0008885469180947585,0.0006013402031058761,0.0005021657793479013,-0.0017923212383059617,-0.001124754760402362,0.0004699907760687398,-0.005275913054558479,-0.0034546521272387112,-0.0016139466810271114,-0.006774769870131728,-0.0061441381397227355,-0.004309149454504229,-0.014082546323428808,-0.013331038065522336,0.0003474511420935456,0.0008194992453798536,0.0005548160379542497,0.0011805443780314243,0.0006924819395829955,0.00045842018147662167,0.0011823821886324754,-0.00027474306229315244,0.00047580641461653837,0.0011419749199836821,-0.0005892413379932745,-0.0004980905410058475,0.001293598528542557,-0.00413235776772826,-0.0029076242975042523,-0.0008994845731133668,-0.00133985276932345,-0.0009645699274576188,-0.0004816895781521702,-0.004036007294958148,-0.0027387806651675275,-0.0012092281451060085,-0.006318339938685177,-0.005725322337952129,-0.003638197951446794,-0.008261508113907941,-0.008760503247492219,-0.008358777234226442,-0.01615508843035633,-0.015088535132203153,-0.003079331968844015,0.00019923287152402608,0.0001342598520791333,0.0008258821698053432,-0.0002369886837877152,-0.0005773707920507658,-0.00059146230724718,-0.00026002845857684,-8.91458021097632e-05,0.00039615628084502984,0.00017320267452865048,0.00034503251054743804,0.00028227698048100344,0.0008074837801838273,0.000191622227474019,0.0008000640265261352,0.000604769238713928,0.0006861751396390436,0.0010840964766306294,-0.001752649676740285,-0.0018456626322682528,-0.0022623000232494905,-0.003733142883523726,-0.004825114493088458,-0.007825143574815192,-0.01424075307186575,0.0007288321034873577,0.000573537361401595,0.00045429281877708917,0.0005536393193524298,0.0009370685915509233,0.00028482602714913793,-0.0005758450171266194,-0.0007171036530570798,-0.0006668472390708406,-0.00014773993021048717,0.000138931308934964,-4.100337210552716e-05,0.000444988759054081,0.00037493250561188837,0.0007620399946190872,-0.0007763250589316231,-0.0009802992579787085,-0.000646103825817333,-0.0004327164291925522,0.0006162281766253205,-0.00016447627033051157,0.0004006052608543813,-0.000568082187547337,-0.00020419362334434918,0.16991902824464572,0.009499540176644394,0.0095,0.0
51,-0.0023965178073369607,0.00510470290952017,-0.0002955127674282041,-0.00015196284244412182,-0.0002956498772430064,-0.00034357882345717016,0.00026479054747261324,-8.970711843714021e-05,-0.001405852429995676,-0.0011007010615342674,-0.0005541849663203712,-0.0002533969839496246,0.0006626035486351535,-0.0005791813110906647,-0.00028876795432390185,-0.0004672012139291783,-0.0004989113375681121,-0.0008315322544407464,-0.0004949132508472403,-0.0003931630579063872,-0.0004643382093795356,-0.0003443931290525439,-0.00047109272242572395,-0.0006951344682057712,-0.00013876243995007793,0.00030072571652887855,0.00010246793465783445,-0.00035450419608454927,1.657103313497157e-05,0.00020374642610660853,-0.00015071579808401434,-0.00041648647090665653,0.0007860364980441417,0.0005203085107003064,0.0010528889651956212,0.0008969325543104762,0.0007344192814229345,0.0002858805564922564,0.00041492833637730975,0.0002973312590814755,0.0007638508107222668,0.0004686577728373159,0.0004572153287295157,-0.0015314133319866122,-0.0015469743984863728,-0.0018151476651923901,-0.0016840001118628217,-0.000621382752224786,-0.0011934096671607883,-0.001253673335174595,-0.0010285963314487629,-0.0008651204541176005,-0.0015430260786893101,-0.0007301597542373659,-0.0012878210449584224,-0.0006674874610252909,-0.0009390117255205727,-0.0005027913733461963,-0.00023589194017444314,-0.00011107303388371997,-0.00028827980240899093,-0.0006004197681230598,-0.0005513875846979221,-0.0008473357822159137,-0.0005968849057338549,-0.0005680057489482645,-0.0007387583025188018,-0.0005153307700602731,-0.0007500557183997498,-0.0005874376130621207,-0.00030384590655192176,-0.000610143873768296,-0.0006273217222733261,1.343296233178552e-05,6.49528275636018e-05,-0.000109489832605376,-2.8065024456460745e-05,0.001106209961765443,0.0005214737584705821,0.0002590674572193744,0.00036139189377804785,1.4486241573992852e-05,0.0005509949080378501,0.0011578956074787278,0.0014917385031962393,0.001423044127370469,0.00016763611986470828,-0.00017576344571127754,-0.00020279166274675287,-2.3254326853649575e-05,-3.0037625239697524e-05,1.876983524012494e-05,0.00037883124741133165,0.00051691793634682,-0.00026240615054217727,0.00044863937385358196,0.0006586894199445825,0.0005850721994695682,0.0007735651399720133,0.0008410851073988126,0.00010637499713899745,-0.003628107831333822,-0.005630067022338952,0.0006564904611823794,0.0007382177367618344,0.0008098788875738674,0.000746172084840209,0.0016031111047956313,0.00199171721478133,0.0012904453318639188,0.0019965896512422906,0.0021303274371605127,0.0013752054507392042,0.0034368930671844536,0.003896450568938391,0.001790858216384408,-0.012378565036038864,-0.011304588567507882,-0.0015809573168459347,-0.0015495031535595848,-0.0017461398093111691,-0.001501015584206179,-0.0012567124375428378,-0.0013136853460355051,-0.0007161232415696534,-0.00080294867215369,-0.00041397897681989733,-0.0022364420579557764,-0.000979736132111257,-0.0015620585267591065,-0.00138591311138943,-0.0009671697991184498,-0.002117517481411364,-0.002145588888174186,-0.0017419644627450423,-0.0007277396654878698,-0.0006933087817870052,-0.00014884176589880882,-0.0005884751081905254,-0.0020145112752010955,-0.001606509895288035,-0.0018091197761964646,-0.002846668771192488,-0.00732338278642491,-0.0013475152222211,-0.0019248744286720413,-0.001672068697194536,-0.0007018058888863787,-0.0010114808675973715,-0.0011333725750423608,-0.0011649536367779878,-0.0009033857634758067,-0.0007520549139890516,-0.0004782611189169942,-0.0014534548369923976,-0.0011422227644700671,-0.0014386552404759936,-0.0008786780495787452,-0.0005196360619539199,0.0008139881187164862,-0.00035066762909469223,0.0005212771818401514,-0.00077558412560668,9.014261813469773e-05,0.0013704670966883748,-0.0006154824184528444,2.750383239489159e-05,-6.743734473442448e-05,0.16991902824464572,0.08750000053778652,0.0875,0.0
52,-0.0028935871750951784,-0.0008515495203768363,-0.016690256093671824,2.3821492025519246e-05,-0.00035737859191521557,0.00026247018490938305,0.0003976986178651674,0.0003514706332357724,-0.0021168259798833465,-0.001569740507244636,-0.00025183958830576534,-0.0001688744671283083,0.0006854719505984552,-0.0005008151835946854,-0.00011288543899963469,-0.0006684195261144261,-0.00047057929987092523,-0.000820892150189767,-0.00041158165344542055,-0.0006901086638385096,-0.000582655833969228,-0.0003096065082506621,-0.0001849016673015203,-0.00046630148109850914,-0.00045346880920931187,-0.0003948683100168188,-0.00029905398496329183,-0.0004154892698890548,-0.001244923486476658,-0.0012976699048545721,-0.0011930636529681048,-0.0015408390069980963,-0.0019387871416288484,-0.0018342484827147203,-0.0018779082111374454,-0.0020352967842750874,-0.0024372160106044265,-0.002276353923171871,-0.002810513821957801,-0.0026876152653545794,-0.0026364067533242337,-0.003054606422694479,-0.0023956432774484347,-0.001808351763870569,-0.0021830438482809116,-0.0013857131042160718,-0.002012403767877507,-0.0020321679214191143,-0.0022866535340116067,-0.002060033062654292,-0.0023394318894795997,-0.002790573705521565,-0.0026436658018849065,-0.0021087075580425046,-0.002747653991963219,-0.0026280036843359055,-0.0029783647219595276,-0.002507428903246772,-0.0003629211543081177,-0.0005005986683334037,-0.00041191284913720446,-0.0005698377485880231,-0.0008023851674031446,-0.0007103383358130869,-0.0007979899931180863,-0.000856748353488795,-0.0004573945125348751,-0.0005630969731213201,-0.00018686367671983086,0.00034427705661176756,-0.0007688032152482167,-0.00021078874043435218,-7.061585020233148e-05,0.0008587274112367053,0.0010170874958138887,0.0009010262137581899,0.0003769905770713656,0.0006135319839762685,0.0011567204834045273,0.00029457757859248373,0.0003873843984097068,0.0006508706987900636,0.00030858400683894335,0.001415453942456942,0.0011708016929497479,0.0021233058589773977,0.004559444919989122,0.004223881352593901,0.0004948283462316877,0.0005334869793052229,0.0007180386588721729,3.393829604441828e-05,0.0005659591864532939,0.0005802109110701009,-0.00011332452768128262,0.0003989157606593002,0.0003214245770274746,-0.00045368591246304827,0.0003128642709704557,0.0002923050484941646,0.0001753388995567381,0.0006222189760029238,0.0006601633315054521,0.001491002149624923,0.0020061750288147937,0.0021659381642341333,0.0009256288917126003,0.00214485542065885,0.0023865695137701066,0.001675376031327715,0.001151125527692991,0.0011480550775319345,0.001255634617063885,0.0012964523371894498,0.002087145792354073,0.0013103404963197458,0.006828621112833307,0.007770045018023707,-0.0038866010007478384,-0.002022202543690916,-0.001147611307170649,0.00010370803990975239,-0.0022162237932154684,-0.00230406503227264,-0.0026130162164540375,-0.002436831857510254,-0.0027027069590835028,-0.001273747195812605,-0.001665751088141618,-0.0018064423284562888,-0.00150653531311388,-0.0027208593454187144,-0.00010956994025891299,0.0004807070815413875,2.2079860445156172e-05,0.0002047853816279363,-0.0009740348871739425,0.0001875142816580238,0.0009830826684328125,-0.0030931186975150736,-0.0046859127791921045,-0.005373521024915387,-0.006624542097857347,-0.009247920482999918,0.00029230421651601607,0.00011338960530298633,-5.547823773015405e-05,-0.00018604666010434186,-0.00031101107376751356,-0.002160228139769367,-0.0027962536411953688,-0.00243365853274936,-0.0021229689662565212,-0.003151231220673534,-0.0007664860286022254,-0.0011589645784817325,-0.0017250083616172794,-0.002051862300976708,-0.0028179543306490486,-0.00020859946053831372,-0.00016720162169841797,-0.0008024057171127415,-0.0027699826527618275,-0.006027098671307088,-0.004705990792021637,-0.0028179570863614,-0.0022273554329605635,-0.0031156246349931405,0.16991902824464572,0.027499999530859798,0.0275,0.0
53,0.0006516816421086042,0.00506570004475336,-0.003861614414240256,-0.0012774711121066689,0.0012500421563804408,0.00033252243077968815,-0.0004090533364726627,0.0002111071489834259,0.002308790296095407,-0.0006560474472617641,0.00038110968735044287,0.000565420886282915,-0.002462241940758597,0.00016129027677446852,-0.0004722374759536244,0.000590446902134537,-0.00043178905218966657,0.0006472413985353555,0.000483206524455797,-7.611440746109191e-05,0.00011395532047660751,0.00031825765362916936,-9.06733622006927e-05,-0.00012960758507604936,-0.00023844061527296444,0.00023786262986522392,0.0011275588865708242,0.0003020305278309017,-0.0003100718098837706,-0.00030305485661031873,-0.0002973761571741668,-0.0008850501894884944,-0.00037552714301600584,-0.0005755433636752922,-0.0007705478363558525,-0.0010785660776591642,-0.00012045734154946208,-0.0003522743085765731,-0.0006163830765939329,0.0001899387673196672,-0.0009278291657414022,-0.000158138282638336,-0.0001588129639681933,0.0010572040475495747,0.0015390419561884658,0.0015341298547964354,0.00015382311815846165,0.0007039726751167421,-0.00019754993937072282,0.000455018116300522,0.0009309202487170349,0.0011735820948784545,0.0009970412389804816,0.0011363985868382532,0.0012643602091488557,-0.00011363489108765846,0.0008717412662209329,0.0005716972753536127,0.0004057630543453546,0.00026354101752828476,0.0006270483447369499,-0.0007934339355281535,-0.0009567231722162518,-0.0010375545070394367,-0.0011234878592152385,0.001609929750333903,0.001205545259487816,-0.0020174268559503975,0.0014046902110759604,0.0015129749831172535,-0.0015394231030695902,0.0006650120640822429,0.0006467792832775578,0.00047493305482935994,0.0005422560429144436,0.0004291024724983466,0.000442578897964099,0.0029516491293140826,0.0019487889514514278,0.0016250488054005102,0.0034210820667023305,0.0026894237855294182,0.0014918336268786522,0.003862094217528099,0.004266153016691407,0.003787060142472538,0.007843625866032614,0.008265634219945486,-4.1400759680549814e-05,-0.0006721344265541807,-0.0006020836503498282,-0.0005917557618068372,-0.00013260583959387754,0.0002745604116558133,-0.0010284290851216517,0.0002778986896148897,0.0002723495858091416,-0.0007747593152018743,-0.00034475469180501184,-9.489818276376609e-05,-0.0006662064156667195,0.0019390079219519826,0.001993498803035515,-0.001265234894811504,-0.00047645900845112894,-0.0007027487713040883,-8.399738795955442e-05,0.0015143005466360592,0.001091796551779493,0.0017324377873311333,-0.0018703853470621809,-0.0023945673208239527,0.0014104023834256177,-0.003394165670762045,-0.003330523276379092,0.0015656476811022242,-0.010798102985308144,-0.008825843067611267,-0.0017891736717544167,-0.0012359058923500366,-0.0007570141902465878,-0.0005729252164067585,-0.0010510408898014513,-0.001378610357436971,-0.001644054976801789,-0.0017165290813835072,-0.0015587779327044594,-0.0010378243470939988,-0.0001300290677576385,-0.0005477025603924623,-0.0005139073876932671,-0.00028551838681046594,-0.001149008005528499,-0.0009667389025441746,-0.001310041946947011,-0.0013154017973305509,-0.0013041195618150947,-0.0014976858315004186,-0.0008336811296362916,0.0019138080847709638,0.00489189751596273,-0.0005124123431428676,-0.005354318035997783,-0.0006413706030760885,-0.0009520858610165854,-0.0008824155163454121,-0.0009844654396540546,-0.0006244989944744988,-0.0007752842823340845,-0.0015143474961121003,-0.001917275512914228,-0.0015248938764058347,-0.0013360999544267704,-0.001968833970132287,-0.0011089320190291654,-0.0004464555192421442,0.00018704366885100176,-0.00039415403877291475,-0.00013855546523484227,-0.0006615817281716867,-0.0013153564749496549,-0.0009590771365128699,-0.00047254546305955825,-0.0007491222976453151,0.003534794762336085,0.001796871157622093,0.0005245828739577187,-0.00031458219032768,0.16991902824464572,0.163500000005867,0.1635,0.0
54,-0.0018879976041963225,0.0011406791792293479,-0.00011081299625821001,0.00012851083198977528,0.00014167706098751055,0.00011193041774202777,0.0003943441445251237,-7.459678408119333e-05,-0.0012900999263228041,-0.0003079506941126422,-9.294371081868503e-05,-7.22619148767502e-05,-0.0003090541201031882,-0.0003565263913385345,-8.771022677518721e-05,-0.00014329665878194632,-0.000511685330545885,-0.00013341402575306173,-0.000276431520183025,-0.0003665273264190505,-0.0002648375114503834,-0.00017453833686921857,-0.00016542216272650683,-0.0001024480433285718,0.00017775602479844655,0.00028048650769858005,-0.0004682099295012072,-0.0001466156055102911,-0.000378359461119051,-0.0005007923251955828,-0.00013208342669237996,-0.0005299661787974087,-0.0004936583076849639,-0.0004299231156770067,-0.0004560375727922438,-0.0006366439261188169,-0.0007679107903076727,-0.0005938468091885253,-0.0006801730088297419,-0.0008434371928879719,-0.0009937847868497704,-0.0013198584477823886,-0.0013159416870232013,-0.0012868015372738454,-0.001755678797381706,-0.0014021731393240395,-0.0008668232896415077,-0.0013152683109820637,-0.0015072197740692277,-0.0009833334955637381,-0.0009829964855166402,-0.0008165163730412226,-0.001021665063228336,-0.0007285917773210862,-0.001100148381132548,0.0006641970571324818,0.00035517448490501917,0.0003261996241189109,0.0007013971843926254,0.0005274022543612791,0.0006812598167610193,-0.000469745130428666,-0.00038006892155492504,-6.467337948253327e-05,-0.0006267792695169478,-0.0005286175346591969,-0.0004042756741637731,-0.0005169602385399385,-0.0010160228038588943,-0.0005680644775915382,-3.805091427590896e-05,0.0014110474678123623,0.0010310119033643927,-8.170757040649296e-05,-0.00011104857077860026,-0.00014227944239507954,0.0007562706090632001,-0.0008183218888615928,-9.44762555693352e-05,0.0008939416687008169,-0.002638280312722937,-0.0014150454223404677,0.00015288146559196912,-0.0041013654200461064,-0.00312123829001736,-0.00018592598927722365,-0.005822233209836651,-0.0058747416168504875,0.0007260783942824532,0.0005178024161427926,0.0003127683252129217,0.0015570650798120104,0.0003115154772777546,0.0005361178225951013,0.0004124118605507909,-0.00044695676766740163,-0.00020159159323500164,-0.00023130631872025407,-0.0015960206733205548,-0.0014069713953054925,-0.00020204253263042882,-0.004872732149866259,-0.004138145666008709,-3.277889433170543e-05,0.0002758981936222178,0.0001999075699111731,-1.9356869006644563e-05,-0.0023126697193619878,-0.0012787143877398114,-0.0002735582102945927,-0.0034643077592227244,-0.0028473282351633494,-0.0022668560187082162,-0.0046043118848183495,-0.004045421658406815,-0.003537072794731809,-0.0056114177921159055,-0.004717317683590481,-0.000630028843837057,-0.0011018470404363589,0.00029594403922137476,-0.003098031606227923,-0.0011874810582067563,-0.0007659126222534419,-0.0009948651096233331,-0.001079267971136917,-0.0015844450588651192,0.0003247594502154439,0.00010514857256310136,6.881154338597084e-05,-0.0004820609535629031,-0.0005301611698950288,-0.004535060422467422,-0.0038916816492566286,-0.004628687268673354,-0.00344323337993895,-0.0039798944453874755,0.0005234128829204278,-0.001582831169120382,0.00027385013438069615,-0.0005190235173585467,-0.001186898256024148,-0.0010949636398006172,0.00505979353052243,-0.004294224756726656,-0.005221311132540989,-0.0037944642654414162,-0.004001513155913352,-0.003934982876191514,-0.000972499077521082,-0.001073092456722076,-0.0007917928888771955,-0.0011520758146582367,-0.0019633424906035733,0.0003275218829069689,0.0002844045313874907,-0.00013738662994458513,-0.0005117094826875909,-5.4193585778891025e-05,-0.000790946619157221,0.0010425786331928841,0.0006862436795715536,6.756456436089613e-05,0.002380164526135602,-0.0007342033881117419,-0.0007768833804991631,1.3803596769465428e-05,-0.0002679526039884532,0.16991902824464572,0.020999997248529523,0.021,0.0
55,-0.003541568357050865,-0.02797645639181358,-0.0031515346667918592,0.00012464316713119847,8.01220219682183e-06,0.00041335806807674764,3.673467553992289e-05,0.00035431785933607207,-0.0030801066162961304,-0.0010861264405740037,-0.0005598281431888388,-0.0003055658043400758,0.0011159958081765797,-0.00020744376966503524,-0.000731651744414778,-0.00043583857479110926,-0.001220299526867181,-0.0006310150311043696,-0.0004190842226932279,-0.0003220546228958175,-0.00041231155064255104,-0.0005379389834152457,-0.0002890047045115215,-0.00026444718075238237,-0.00042106817972541763,-6.0102795832227096e-06,-0.0003170014173404221,-0.00023149985543144202,-0.0003266202443088765,-0.0008394179461592699,-0.0007552584707082755,-0.0007939449244030057,0.00040022738756499606,-0.00043206429529187593,-0.0010191402086850716,-0.0006215403343774411,-0.0006937159800635656,-0.001681506728716603,-0.0016007847469232857,-0.0009776405938847566,-0.0012209240450483684,-0.0017470870731742033,-0.0020476240510069778,-0.0033544277423821866,-0.002370883076960875,-0.0027959418850578496,-0.0032887948614655133,-0.003962399575549913,-0.002897144194824965,-0.003917527618134779,-0.0025247004118105856,-0.00296137071325665,-0.0038652789739757934,-0.0037720718695981826,-0.0034344908241963003,-0.005405317837452423,-0.004408346017169708,-0.005199794687718674,0.00015813578247513468,0.00016116420445665467,0.00033900735475144437,4.5262655133790155e-05,-1.1373631842247334e-05,-6.4961852021889875e-06,-3.553387050404791e-05,-3.2290527104087636e-05,3.480502076961328e-05,0.00014131376734226976,6.509276409604394e-05,-9.633066741790148e-05,0.0002497516217415551,0.00011454563404585053,0.00012750028945892507,0.0005091650172870969,0.0007491450721045626,0.000637211180813024,0.0002569127572880126,0.0016967478377987798,0.0010990250125791573,0.0012668397155868871,0.0019759036773427025,0.0014906222507069522,0.0012281669401034174,0.001463338161298925,0.0022862703706397276,0.004029747418167195,0.007517937827037424,0.007084854604796076,0.00012869728022170293,0.00011013516276235405,9.91205484507648e-05,-2.145802378443211e-05,0.0008053007497134354,0.0007746500759460323,0.0004342352338696801,0.00012191625275866277,0.00020808749763947827,0.00044901396928960713,0.0003652385243519089,0.0003316884046110889,0.0011756905017289076,0.0016762146524886689,0.0018600896299965951,0.0012394793381714712,0.0012060742101492065,0.001010780494080945,0.0015141584235379756,0.00012301518110463804,0.0006425238760612798,0.0006403469150370614,-0.0009845875514250969,-0.00021676203682346394,0.0010335366550969847,-0.0004911801056645403,0.0002137544213457088,0.001373750082928944,0.0037242327082209516,0.004487118616218856,-0.002242335127333319,-0.0014908991852025553,-0.0020868463993184566,-0.0013579537351477346,-0.0010729521777859395,-0.0012652584252881812,-0.0016477927071412808,-0.001459677513147259,-0.002192262929246623,-0.0019277311661152344,-0.0016073820319279606,-0.0021206428319867064,-0.0016051979814917493,-0.0021776477510656853,-0.0008439212362241644,-0.0027110652280137692,-0.0025221147701166738,-0.003395254712325665,-0.0037806976567783305,-0.00018628892600741105,-0.0001587581268656153,-0.003063490369350164,-0.007454221204674207,-0.009151145270551076,-0.008410935838390867,0.0021144422114386715,-0.001262575821583051,-0.0026131640359168574,-0.002389395518849412,-0.0023551137131503776,-0.0036980520605616007,-0.0012522457096648147,-0.0015680808336397676,-0.0011741892097762322,-0.0015708638911933475,-0.001973888104786647,-0.001913389787703496,-0.0017496007378573336,-0.0019229912394646803,-0.002735730271534503,-0.0026115685654099123,0.00174420700257385,0.0017404398613436196,0.0012629883849809805,0.0022738752555562258,0.0023744912674444727,0.004812937204540876,-0.0002896698362934405,-0.00038234567120274386,-0.00031804815569746775,0.16991902824464572,0.0344999998824054,0.0345,0.0
56,-0.003184206571460405,0.0016827508930280022,-0.008463347458537862,0.00015594971695266516,-0.00030398508624265744,-0.00031469259444783675,0.0007956172645578333,-9.251689229019245e-05,-0.0023014136637890086,-0.0010865434625625444,-0.000889214257355134,-0.0009986522323645023,0.0018365376595341136,-0.0008729551375954654,-0.0010227583374628187,-0.0004516663666371724,-0.0011388100889159207,-0.0008724424963533101,-0.0008650984971784397,-0.0004651179876516911,-0.0008923165323620582,-0.001207971831664362,-0.001408426284307453,-0.0009055684223153189,-0.0012386306089368932,-0.0012465493530656126,-0.0013409077073787746,-0.0017906289297459856,-0.0014521369613528501,-0.0013988043485546316,-0.0014055458289928306,-0.001992145330360013,-0.0016569252367512105,-0.0015902800753901849,-0.0022014725919197163,-0.002040341725768683,-0.002330624825971912,-0.0024275530825138936,-0.002751262629716323,-0.0022125389775265562,-0.003389583329315438,-0.0029547379210231386,-0.0028978042073110792,-0.0025776755920278293,-0.002198257143160142,-0.0025234708430554604,-0.0022317670758544433,-0.002295166961022174,-0.0023238858682406343,-0.0025363655230302897,-0.002342178984633482,-0.002489144201091061,-0.002717193677826655,-0.00214829824674189,-0.0023205467599328312,-0.002929704594325401,-0.003208224551832327,-0.0031118406070866312,-0.0003900516725074767,-0.00047457796845771214,-0.0003992988623474705,-0.00046172594424805704,-0.000684746165675106,-0.0007915201869104889,-0.000498306635226321,-0.0009342849893092241,-0.0009567897461827416,-0.00045814033304133545,-0.000958361482634439,-0.0011414002332256455,-0.00039622258917168724,-0.0016180542640124333,-0.0009918693647250336,0.0003296894392129297,0.0002186525010606054,-2.3917770978669973e-05,0.00020629398824128343,0.0011483225697940043,0.0010152675962945053,0.00026018814891368467,0.0016921512105892646,0.0006568537882265531,0.00010850982185996146,0.001237820619921351,0.0012816795597537466,0.0018772298171732256,0.007262751952296288,0.007102955802723761,0.00018446733551012132,0.00026719650006661966,-8.45492260534473e-06,-7.616992972395011e-05,0.00044402929383783387,0.0007847017597688871,3.188637763677034e-05,0.000645686633149246,0.0006985210046755385,-0.000191538254059023,0.0005927354778566992,0.0006599246964365829,0.0004891421739990312,0.005103038791923194,0.004350426942928972,0.000900887816923233,0.0007003002664810472,0.0011555194856771474,0.0005211458443755918,0.0014758882587828494,0.0015846397200457959,0.0009668990149875095,0.0002998900390359657,0.0010576538210408258,0.0008579685601804364,0.0019156564644516295,0.0011931013564005857,0.0008057890041956438,0.008402625318590224,0.008544501514207672,0.002709804735176883,-0.0019348938965231474,-0.0015910573447695522,-0.0005442188067975506,-0.00202649262611379,-0.0025369566280635508,-0.00261561802060931,-0.0026783448610638964,-0.0025798054218967395,-0.002438421513560762,-0.0021272271237253665,-0.0024251641813162967,-0.0025668160223121,-0.003570486013411536,-0.00020266890761799625,-0.00013312440420857683,-0.0005243567858820977,-0.0006748010566619411,-0.0009378076260390572,0.00016583117449706325,-0.0008532995312805719,0.0007429433545400404,0.0006808963084305289,0.0008849899428311773,0.0030832779160054,0.009374341537700009,-0.0005733562844528466,-0.0003883582372092314,-0.00031302340401513336,-0.00025028145265568045,-0.0003569206982149653,-0.0019092528974729347,-0.0024637136250030456,-0.0022608303078316995,-0.0027144773125797558,-0.0027445172642377325,-0.0019255272093702386,-0.0019421324013887294,-0.002525074155341217,-0.0028048246362893194,-0.0035307263234101408,-0.0012118300723999603,-0.0032123817532982786,-0.0039789233436675064,-0.005667135100751561,-0.012666999998609188,-0.005474787554846156,-0.002272135954679174,-0.00216493296613542,-0.002285523845203821,0.16991902824464572,0.047000001648215384,0.047,0.0
57,-0.0008301720953226812,-5.730928989512983e-05,-0.004382284642218588,0.00043609189563061454,-0.0004691796343588323,-0.0007476903170955716,-0.0007153647349470657,0.00041492116219366915,-0.001515772063403669,-0.0007229169148004984,-0.0013453728868572199,-0.0016381117452389847,-0.0027140057329092357,-0.0012727077603230115,-0.0014123018095185953,-0.001899712100252863,-0.0014513655628261809,-0.0015169172085995563,-0.0015488100491103164,-0.0014961904344255022,-0.001488056305115079,-0.0014703431927432565,-0.0016492233322615217,-0.0010364271633685979,-0.0013363002801052308,-0.0016844289416700108,-0.0010287969140132956,-0.0008633446452367071,-0.0005526464406737661,-0.0008493835119384474,-0.0005146466219299099,-0.0005472053868731616,-0.0007090187233463557,-0.0006311571968265262,-0.0005714685969877412,-0.0008075468012887979,-0.000918673311188026,-0.0008238601351637681,-0.0004811216881587101,-0.001011560629047637,-0.000707909764312219,-0.0006271805337253579,-0.00033866968747939133,-0.001958425912358396,-0.0014716755714443582,-0.001708822045865792,-0.0016986092875353799,-0.0014243031121998473,-0.0016104084067654501,-0.0019820389158929598,-0.0014553693200557913,-0.0015912037407719867,-0.0015287908065282688,-0.001177952700826247,-0.0015712563816058193,-0.0015275982548622414,-0.001318958920775598,-0.0012081720157074993,-0.0003136623440534598,-0.00019212391917343476,-0.0004930109447752594,0.00018740878904617285,-0.00021704783135818585,-0.00015988097433117446,9.203603316302789e-05,-0.0004621086045176915,-0.0010839091611283412,-0.0006327510589000441,-0.0008045568625563905,-0.0008303430943717731,-0.0009312824220758599,-0.0030680434672171867,-0.002990159078030284,-0.0004088968379182275,-0.0005419203733832436,2.767497632089032e-05,0.0001784988887079206,-0.00024238112307468148,-0.0006675244506778209,0.0003838121645373928,-0.0007828245627105922,-0.0006538545479068845,-0.0010812854454388472,0.003119793251251636,0.0023285842088645358,0.0004920960072354083,-0.006833413225568356,-0.007957242895540392,0.00034947231692401793,0.00044179094076143453,0.0003279130470274816,-0.0008284339700671705,0.00013158625959323896,0.00031083445634442174,-0.00036223625606050125,0.00018968735273798616,0.000599854601841995,-0.0006205437433245089,-5.7837018078675054e-05,-0.00041225728305231284,-0.000929500758655306,-0.004406935660635703,-0.0036473456445182944,-0.0010078219378466568,-0.0015631050825329737,-0.0008023367189915118,0.0003657337884811137,-0.0006510829034629825,0.0001370368700013549,0.0012727752005224984,0.0009715535756862478,0.0007426303043413053,0.0005235138164978249,0.001357650250441225,0.0024431876910128436,0.0020162720196623776,-0.007753526250191182,-0.006664364857863136,-0.0009673847470875016,-0.0007266638798566568,0.000577395908583062,0.0012935726357857181,-0.0004745376953895532,-0.0005274435335077374,-0.0008471705472083265,-0.0009908663725791596,-0.0004971240640029772,-3.875507883860376e-05,8.353883672502257e-05,-8.631458621957786e-05,-0.00037124320052558474,0.0004625479880191645,0.001009804354554966,0.0009057189966379398,0.0005289507763438474,0.00037814318529915146,0.0012287829791789806,7.360752511609164e-05,-0.0035878487352053933,-0.0006007129404421276,-0.0004824592155185953,0.0008724395438318962,0.0009209088354228728,0.0035489745505158906,0.0011083591735828382,0.001300784516664078,0.000608094931266038,0.0004982969523462861,0.0007386533101371747,-0.0010589062575154077,-0.00036374736427101443,-0.0011522285774872507,-0.00043734142019768134,-0.0006888918751649447,0.00021730450248861016,-0.0004047055434150778,-0.0003360310992091056,-0.0007521526810599523,0.0002738597171612812,-0.0008284140984569008,-0.0009819408762108879,-0.0013720428860035468,-0.0013711624469345668,-0.002489400277182646,-0.00164671806379923,-0.0007837540157505664,-0.0011448340036824746,-0.0012060891628866738,0.16991902824464572,0.04850000059878387,0.0485,0.0
58,-0.0004939746828320076,-0.003202330836371993,-0.0021438722816779355,-0.00027678838846305245,-0.0002845574424695223,-0.00039819948783831257,0.0005834710678289319,3.813805564368257e-05,-0.0006682019426335127,0.00011233808362140115,-0.0008367290072189904,-0.0010766682663890684,-0.0004638055706053356,-0.0011316501399753864,-0.0007402870040947169,-0.000837715505743208,-8.840198259157422e-05,-0.00031404266389886237,-0.0005210576398712468,-0.00020755026582285535,-0.00044982765949938883,-0.0003998881790419064,-0.0003507238942045759,-0.0002293673882868278,-0.0009591659449364545,-3.9362455046578875e-05,-0.0004721563738181888,-0.00011766715860050248,-0.00040059470635395687,-0.00029200002055324275,4.328996917548958e-05,0.0002373715430789801,0.0001714979855826156,-0.00035343287683121255,-0.00030796964768324753,-0.0005769745122002422,-9.298051482309345e-05,-0.00041986163008980704,-0.00048302240367206273,-0.00043505124353622823,-0.000564209100024149,-0.00036453650217606077,-0.0005755777995109287,-0.00059424869640212,-0.00048674105761278743,-0.0006849619404872392,-0.00035941791032919305,-0.0003835527946809752,-0.00024946784197318926,-6.956859264553135e-05,-0.000213919045242205,-0.00010449500452808996,-0.0001808214209959704,-0.0001290102529057939,-0.00017969717132151468,-0.00023960334876257304,-0.00013544455509256471,-0.00011354302607028923,-0.0001799614905016875,-0.00016546443142751759,-0.00027202597902018996,0.0024239046207521356,0.0013689691851663146,0.0012193727445037237,0.0016895207988498633,0.000620268641058109,0.0005460460654184057,0.0009393794226185907,0.0002993191322565396,0.0005715137598139055,-0.00017992983289426002,-0.0011333869133446908,-0.0009769150406482281,-0.00025641043999754637,-0.00021537541288804758,-0.00022512407873217773,0.00025220401557854254,-0.00101470688046974,-0.0007042491912730476,-0.0002953978603315719,-0.004023446457489615,-0.0018138231804002366,-0.0009375993954520554,-0.004764805397404087,-0.004103682488354754,-0.0026593913636175997,-0.012483246127485581,-0.01172554458542383,-0.00020802037869938717,-0.00021343032279305741,7.35344703114304e-05,0.0010878028892711078,-0.00024684692160694533,0.00019017297728209177,0.0007708886888536341,-0.0002874824569960242,-0.0004597918831537463,0.0007437675168300233,-0.0010474635528402824,-0.0007945533962110594,-0.0006293520069629119,-0.005963377265972709,-0.0050564350007581745,-0.0007077673229134064,-0.0004605607550253287,-0.0003685824443789479,3.176523020504564e-05,-0.0026108972300896106,-0.0020539061737055637,-0.00041683439085383214,-0.005213974931827959,-0.004805120410438174,-0.001205423569946714,-0.00691073147717924,-0.006683344538794693,-0.006267521354897924,-0.015621742873598942,-0.014199008759134364,0.00034754811275197593,-0.00022790186615566658,0.00040314512030864417,6.474864011139096e-05,-0.0002769597116842844,-0.00016012611121399092,-0.00011494806623361564,-0.00013575969609331398,-0.0003495800972471487,0.00015480547820131713,0.0003455272604315449,9.461197008149592e-05,0.00030318611033776366,0.0001638763665473696,0.00010533176410525346,-0.00032217723425717186,-0.0009678512483173275,6.547935806218694e-05,-0.0010234318104920704,-0.0003315601507085219,-0.0006842201317040883,0.0007666691192204863,-0.0007255496117902964,-0.002806846762972848,-0.004172025613959312,-0.00957007894964268,0.0005208835519474267,-0.0004362753888751846,0.0001527942582821112,-0.000387306867241008,-0.0007384281273307921,-0.00028286812612272763,-0.00013559395015241444,-0.00014050405162857073,-0.00015803410647322258,-0.00026428868053680275,3.6436121739294726e-05,0.00013992393374230743,0.00020278780097285925,0.00019793198707661688,0.00014172726896099122,-0.00064311401557088,-6.017192250136533e-05,-0.0008043401354301769,-0.0009381366958536207,-0.0010260875815333778,0.00048206852404169957,0.0012032953028629746,0.00013230603894363077,0.0001889822912119935,0.16991902824464572,0.00600611303219345,0.006,0.0
59,-0.0004724381612210995,-0.0005087323332707454,-0.002005468200808729,8.267372887730336e-05,0.000450902972172077,-0.00028246661144081626,-0.0005054573533330095,9.050644730719135e-05,9.79524011351814e-05,-0.001100515025091522,7.529773359379202e-05,0.0004104648050865986,-0.0014337457935156047,-2.405776130624665e-05,0.0003564908518374821,0.00033162126066168233,0.00022641966804438514,0.00013133596066553923,0.0002889536758527804,0.0004439201860317443,0.00036926193513619365,0.00026267985728865183,0.00032286758890697707,0.00013845337520724776,0.00023677712613066556,0.0005766709883366989,0.0001271675589638728,0.00044355483704697885,-0.0011079520901365154,-0.0011134542360722033,-0.0007901386071561083,-0.00043154706125426247,-0.0010306662860109224,-0.0014364275082627304,0.00021084838363250906,-0.0010537160203176518,-0.001819084361738034,-0.000734965964994235,-0.001939938964290889,-0.0007062537746423164,-0.0005434615566758706,-0.0023942237845169475,-0.004860703260818537,-0.000351859808691958,-0.0001493796515765825,-0.0001324410253959995,2.833112565384312e-05,0.00029015719629290503,-5.803877665041587e-05,2.1634552002480912e-05,9.413927834303252e-05,0.0001736339862708745,0.00012335158338466456,0.0002933894314274719,0.00038192245384720275,0.0006466734163377755,0.00045883766387509235,0.00023280226925185172,0.00046618179920249116,0.00032513496417268433,0.0006053918168666191,0.0009650133648941625,0.00016730742733096884,9.643875882653661e-05,0.0008700037239542998,-0.00018687429874892565,-0.00016477315089706343,-0.00021633437278938993,-0.00027321005466072595,-0.0007150924075681397,-0.0007837174029208324,-0.0012342747509949425,-0.00146252346316598,0.0003952807688343054,0.0005753526086207415,0.00027178920854443637,0.001254411352679576,-0.0012727269141511932,-0.0009835848699512881,0.000722802610666166,-0.004250324187285745,-0.003125607471356913,-0.0003209066200222599,-0.0060346694403923505,-0.005148435076116965,-0.0035022513841897474,-0.013424779427937884,-0.012992417140152942,7.427160730069698e-05,0.0002670354386927433,0.00016390478227763707,0.004368088047334722,0.0017410414769133918,0.0020267870189689483,0.002736555731095318,0.0012793553962994139,0.0011968268414752619,0.001029072859653111,0.0005262510541332503,0.000440796693157849,-0.0005704636406240573,-0.004693209727156436,-0.0032623282746319514,-0.0007671312063850889,-0.0009247357927092439,-0.0008305686302497932,-6.0592699401894674e-05,-0.0037108401457364277,-0.002445414357555042,-0.0009762425097665168,-0.005026501775240201,-0.0050493461101422405,-0.0020673598459553318,-0.0069940456924418885,-0.007707189196614579,-0.00564484078498232,-0.014753492065938092,-0.013682850243291134,-0.0034368274240698937,-0.0003668849358522699,0.0001137485294164005,0.0006077265650192725,-0.0003681496468643281,-0.00040979242997018936,-0.0002799761827062225,-8.802671073261655e-05,-9.926112664061688e-06,0.00041581889241451727,0.00031336700188308364,6.298159017419635e-05,0.00020636936044450188,4.1172561144839096e-05,0.0005590654681406051,0.0001187484255628058,0.00015216141301992042,0.0004291455565342359,0.0005281725231143869,0.0003416949609482487,-0.0018166769384901625,-0.002126118518507746,-0.0025065399708071585,-0.004995049496408216,-0.007318294588235615,-0.011791249638076224,0.00055562809425823,0.00039614249632062906,0.0005207371660999611,0.0005221504781604764,0.000686484023858809,-0.0001447312412041858,-0.0004961701037734241,-3.809203420805096e-05,1.239565315020499e-05,0.00012162298822474445,0.0001362695246664978,0.00017812021041769052,0.00016554403871803531,-2.73351350038734e-07,1.1410580615428277e-05,0.005566277100029928,0.0027917092329414607,0.0006691018070610679,0.0001009314177919512,-0.00017117178857632454,0.0002123893224303296,-2.7890448023630235e-05,-0.00012011519148812542,0.0003176613712862167,0.16991902824464572,0.018999820385668553,0.019,0.0
60,-0.0008499500115873134,-0.0031161481729312787,2.550221242951758e-05,0.00021314663856202953,-0.000520626383368607,0.0008416727655715295,0.001573137773374859,6.132190247919799e-05,-0.0017957278562148295,-0.0004533070816295371,-0.0008714421467368234,-0.0008992656349443242,-0.0025088190290352068,-0.0010475407952306775,-0.0005788887327211915,-0.0006956602227149374,-0.0011984075044932623,-0.0009618812143454264,-0.0008139574598476237,-0.0012053936789905293,-0.0006607596048815686,-0.0007891080257111916,-0.0014738519094856521,-0.0012827562940667093,-0.0008236780249451685,-0.0011108783158281185,-0.0007482157936487449,-0.0008301934327703103,-0.0002948278245042332,-0.0007103358910044775,-0.00039994129084017785,-0.0006336024799132194,-0.0003872831078472854,-0.0004338660719001246,-0.00024068138308664774,-0.0008429085688260146,-0.00041005576980735424,-0.0007290747200583695,-0.000611271075620764,-0.0006520960579402451,-0.0010448297051143713,-0.0007673754059729402,-0.0005353916093061978,-0.0014235959648308749,-0.001759520424302279,-0.001222666457911011,-0.001622615101730049,-0.001775357993491945,-0.0018110529756246096,-0.0016594435603588574,-0.001802114831248831,-0.0019456388203546644,-0.0016918618103371242,-0.0017431094985836822,-0.0018525091504049064,-0.0019508200257169557,-0.0012261607893163874,-0.001377588359865203,-0.00043091991465739863,-0.00039086519105817097,-0.0004850758394763313,-0.0005454910145066563,-0.00018161636495910436,-0.0002815593988818872,-7.128146221789854e-05,-0.0004621749943213053,-0.00031727267741877874,0.0002747803112585204,0.0003346434785948904,-0.00020927426473808713,-0.00044678592949947814,-0.0003290176307100123,1.7650876229292376e-05,0.0001800721314694161,0.00017843858061700763,0.00011084858828156153,0.0008789591978803659,0.0021021299733122835,0.000958451784994383,0.0003911259418209189,0.0011381423710857476,0.0010224124702892944,-0.0010715345008053313,0.0008910452065127128,0.00029611664881717937,-0.0014265232061484484,-0.0034244829931809563,-0.0031928577306451,0.001695228289000721,0.0020177872538573055,0.0019949650685469117,-0.000575829557292232,0.0005974856816415543,0.0005289317055373686,-0.0006440938753129492,-3.246975777075041e-05,-0.0006346462980468192,-0.0004758472519700276,-0.001043898439941898,-0.0013415523359256456,-0.0011415820167949454,-0.006194432249116794,-0.004564934521845568,-0.0008117945690381713,-0.001106548224092372,-0.0011265012964100875,0.00016796443271064156,-0.0016390063796497957,-0.0005788979013243152,-4.8624215762154034e-05,-0.0031527160424135417,-0.0025961265258751328,-0.0007827476417450205,-0.003189944038637626,-0.004099211973985845,-0.0034209681434410957,-0.008891703489059755,-0.007666294962372271,-0.004238392121338277,-0.0008747676502705123,-0.00014064477562710363,-5.551602517367439e-05,-0.001135650887643349,-0.0013975461939852182,-0.0011634655418159532,-0.00108666520861117,-0.0005725649376795813,-2.2131143620009442e-05,-0.00013606859319358763,-0.00018956798479310367,-2.7585613998767473e-05,7.520688387010742e-05,1.0316783678411863e-05,2.418052565116136e-05,1.4113698570863325e-06,-0.0001747441898454763,8.578784288502954e-05,8.016893098483029e-05,-0.0008732641733077312,-0.0032317770051651156,-0.0013102411030802034,-0.0017160681945044228,-0.0024989585037752875,-0.005947476011068958,0.0003336964050411937,4.775812001607453e-05,-0.00017597663932191794,-7.867761643283265e-05,0.00011081034864381802,-0.000757284515675352,-0.001207854209045453,-0.0013968066474216248,-0.0012749856819032504,-0.0006104324407451015,-0.00019630648965354087,-0.00032630286148198427,-0.00012971399306762666,-0.00033340798399974906,-0.0003305914205078166,0.0009385855350704989,-0.0013595336447312103,-0.0007936616768307909,-0.0010113884500819704,0.001236719241693141,0.0062620040504908795,0.005064887322329772,0.0028906564610345006,0.003023998456270706,0.16991902824464572,0.04399999880464173,0.044,0.0
61,-0.001870802043880939,-0.0013828020667486568,-0.003816326247074111,-7.479900218625806e-07,0.00022152590072533593,-5.5348329173778214e-05,0.0005212127946950156,-0.00011954887243442703,-0.001579742868951821,0.0005842119233366351,0.00041807252473744595,-0.00018031351735398808,0.0005879949526944177,-0.00023357668145429185,1.3070547436412716e-05,-0.0003066679078804083,-0.0004366445906267555,-0.0002148137622677281,-0.00038634387572855037,-0.00016572596251032999,-0.0002552342242714998,-0.0003460215393386694,-0.0001238664143714578,-0.00029987007917573014,-0.00018564246414938158,0.0002617910104811849,-0.0007190455973571659,-0.0008859747018692991,0.0007161444686832611,0.00035666635896813403,0.0004317885919906418,0.0005022663083556616,0.0008478047613651125,-0.00026473301172172555,-4.7588776144153964e-05,3.539013262846702e-05,-4.041898870549074e-05,0.0004737119028404479,0.00010948688156154355,-1.9132079161248627e-05,0.00024030323558872873,0.0005625095406918262,3.0890265413059305e-05,-0.001346437856908277,-0.0013388961629929445,-0.0016049883773576984,-0.0015850968471744114,-0.0015922084288227916,-0.0017199291677533124,-0.0015917776858594215,-0.0014140791465543723,-0.0012127341540860831,-0.001574401409846637,-0.0015589996382829726,-0.0018176743531317756,-0.0011025720724728261,-0.0011188374199712606,-0.0014468272078270701,0.0007169176836750186,0.000739680130797329,0.0010825534748901875,-0.00019165161586799894,-0.0005250528284924614,-0.0005499706687497557,6.224104136536816e-05,-0.0009428660888604553,-0.00093873028055728,0.0002647947684413787,-0.0012984649200596038,-0.001583662935901016,-0.0009772569426153037,-0.0038201783925197485,-0.00423614254011081,-9.645178042761837e-06,4.530364933965675e-05,0.0001594959834978244,-0.0006089797845361529,-0.001100902625765318,-0.0015352940457949331,-0.00021451437483945915,-0.002924006998369215,-0.00262437223633161,-0.000985493224044924,-0.004162212083498459,-0.003725065907838654,-0.0014183994875827076,-0.006855645250630604,-0.006631257281579737,-0.00033591627562443177,-0.00035526293806385854,-0.0004018771761691068,-0.00024004127736268143,3.38396087545819e-05,0.00027909558211241576,-0.00023334121017002196,0.0005197485055546512,0.0006777824523244025,-0.0006979378256984926,0.0002936200153891505,0.0004027596190062157,4.5902203661009934e-05,0.006146711278173257,0.005993767056446747,0.000267996783832884,0.0006552374661572057,0.0006625838163472538,-9.598001906168872e-05,-0.0021327242025256047,-0.0017163911098926848,-0.0006607348380982274,-0.0023532700464546133,-0.002806032030019426,-0.0008090190384802698,-0.0037022796174048796,-0.003738309220017061,-0.0027867119398118944,-0.007414358149601763,-0.0065701484319242,3.47420979385199e-05,-0.0008537132816168518,-0.0013396808964478825,-0.0018898370919946314,-0.0008743620321439629,-0.0013977807157759619,-0.0012012234285446938,-0.0013453692217981496,-0.0018911969082661283,-0.0010314223192648287,-0.0012689862567157029,-0.0015397440798106464,-0.0008589780317720992,-0.0006941996268806012,-0.001786429180676383,-0.0020559189868822286,-0.002805674517628382,-0.0023703611160206207,-0.0026963736109680693,-0.0005664968599953427,-0.001412770367575903,0.0007801981132726404,-0.0011010486830268324,-0.0008981158510254669,0.00013371826790238545,0.0021608582105501037,-0.0019299291916592112,-0.0024641206140556,-0.002326021972437665,-0.002150134308564855,-0.0030775501795981823,-0.0011681276151264844,-0.0009581319591297337,-0.0011987371393339576,-0.001059911457559304,-0.0017611275853074374,-0.0007752254367990372,-0.0011984097289425245,-0.0009747103246524135,-0.001061429237180166,-0.0006236940416635696,-0.0009958005409842145,-1.4784010507475406e-05,-0.00030050460851276984,-0.0007148394534979058,-0.0015507865272421828,0.0003774854360157817,0.00035962513719345064,-0.0015819767003197205,-0.001592400020067363,0.16991902824464572,0.017499999451120157,0.0175,0.0
62,-0.0008025452095888247,-0.0012546841192217213,-0.004757125747202345,-0.0010560859046536968,-7.104689398084712e-05,-3.935314846158297e-05,0.00037023246685561327,0.00048046273996660727,-0.0014977698694405466,-0.0005708626596943131,-0.0016323645053187086,-0.002001480859226234,-0.0012293512461483288,-0.001813185855424741,-0.0019530523764819923,-0.0020780509041462324,-0.003102865765497122,-0.004042389953921261,-0.0032691373619477674,-0.0036537847674066874,-0.0046319786342655985,-0.0035758780970302465,-0.004334734919291892,-0.004152315028601614,-0.004949033676728818,-0.005859780318412805,-0.0046364122435310125,-0.005571919031087883,-0.0005078217653928164,-0.000800696075117964,-0.0005873002560274699,-0.0010211538731397776,-0.0008250233678444307,-0.000968605402407528,-0.0009258687693173752,-0.0008206236235314867,-0.0009527148910402121,-0.0014968041663993624,-0.0011636063442507433,-0.001058100676467384,-0.0015424649086559796,-0.00156027294290705,-0.002306992165527645,-0.0008710825270666082,-0.0007181468218979141,-0.0007761684821089159,-0.0014685117321520478,-0.0015620229768413606,-0.0014274846117648366,-0.0018942232454158834,-0.0018036164434324282,-0.00169360692378401,-0.0026751004466569663,-0.0014169180082641306,-0.0019690063046267532,-0.002785150707863544,-0.0023664470914466643,-0.0025663163123848345,5.7329544293255425e-06,-7.641868320040567e-06,0.0002349515253921167,0.00011965325827517435,0.0007993285828620841,0.0008116252913706536,-3.321763042399612e-05,0.001079515144383433,0.001097714827799319,-0.00027527602366401196,0.001235538018245357,0.0013556044599280419,0.0005270527723844435,0.0035057692403234965,0.003319321939920185,0.0006688636086645873,0.0006781353301459901,0.0006970484086879105,0.0003479717034682136,0.001553132850622351,0.0007293921015976534,0.0010301895349472423,0.0007114479954433297,0.001374774559119366,0.0007232980397096658,0.0006392575271958917,0.0012112331610470068,0.0023249837963484434,0.005993887704517478,0.006757349020566701,-0.000533957136390529,-0.0004631952145598798,-0.00032731917489888125,0.0001538141937924816,-0.000959590189003478,-0.0005018573369976032,0.0002858115451104611,-0.001305875088906314,-0.0018758532410320199,0.0005335039129274604,-0.00185221772176256,-0.0017857422606625797,1.7571386510080348e-05,-0.0028864586728081366,-0.004126529204511578,-0.00031179169216182645,-0.0011667313481946305,7.263154440852835e-05,0.0005557401362079895,0.0011798719284509184,0.0019211353487051809,0.0004418967451375265,0.0018314220039906545,0.001025685012625395,0.0006524271523899089,0.00211705248720671,0.0016481913577872525,0.001648768819369203,0.008030481958015952,0.006706404154104636,-0.003226742329269091,-0.0011363088161225378,0.00025233058020713087,0.00014256253789518848,-0.0010912506370330415,-0.0013414679410695834,-0.0010124383342934497,-0.0012302298471233793,-0.0018195979027681413,6.479658060672997e-05,-0.000277192134872345,-0.00019119804845688895,-0.00033655230458447467,-0.000788795753797318,0.00048136712943032015,-0.0002742260354398397,-0.0003772891186901777,-0.0005191987983077875,-0.001610849887641464,-0.001616629352891752,0.0005883716093550652,-0.002297713809008272,-0.0036327122760027616,-0.0029734453797771415,-0.003889166117034836,-0.0004991109914528175,-8.76245066501549e-06,-0.00026749531499151933,-0.0005998208049599776,-0.0009955346424605905,-0.0018567461011415316,-0.0015255757068540323,-0.0014640670627869875,-0.0008840617324903812,-0.0009258759190392833,-0.0013668866025340982,0.00012929309017985333,-0.0001330125222027241,-0.0006262543392294252,-0.00016212728206884203,-0.0008415986935097818,-0.0009842666735991033,-0.0015233886315692642,-0.001491758425243434,-0.0018092329074690637,-0.0033659438120524246,-0.0037905321887209643,-0.003188543552458394,-0.003307442998325628,-0.0025402846670826156,0.16991902824464572,0.04350000441144089,0.0435,0.0
63,-0.00031314310949966497,0.0011544583859512006,-0.0004687747913901419,0.0004410358459912904,0.0011200017310377716,-2.6332705913965233e-05,-0.00074187186497879,0.0007392197291785051,-1.1997241054189381e-05,0.0003668296979462566,-0.0005842347897080093,-0.00025438556132381543,-0.001376998811649238,-0.0001102316500588321,-0.00032352926366698736,-0.00031787099936812026,-1.4756349141534432e-05,-0.00015325838247268696,0.0003532069816255355,-0.00010177227884611028,-7.231624708576873e-06,-0.00018392699650795133,0.00014903486627309182,-0.0005909051832092017,5.68755559695531e-06,0.000237562226384681,7.929628937630846e-05,-0.00016879952762989254,0.0001367451197961181,-9.342119247809669e-05,-0.0002078076361469846,-2.055699681321803e-05,-0.0002964514697163735,-0.00034753747009259536,0.0008452325939963851,-0.00044698050603260957,-0.0009514579325296829,-0.00011283947711750808,-0.0011772045104375011,-0.0010426720694214186,-0.0011682382840278599,-0.0012876958919505774,-0.0009324765537585156,-4.2421285077787405e-05,-0.00029678866358448926,-0.00013163030718988923,0.0001513775889180258,-0.00018041637763518907,-0.00020609868060384752,-0.0003030267516101709,-0.0001240924415033206,0.00013477955937866187,-0.00016357696199969677,-0.00016305461925556638,0.0001952705708860724,-8.616805917968607e-05,0.0001005919578551037,3.0591914640848903e-06,0.0005951129459329458,0.0008090733331696186,0.0006820315288842267,0.00026424425850691624,0.000514730760023937,0.0003026971537810891,0.0003495123951188728,-0.00047108975135347656,-0.0004934873816658427,-5.5037987191673624e-05,-0.0004011840487985496,-0.0013866617709076326,-0.00042214094169164246,-0.0014143762655875294,-0.001373164700860935,0.0008678627988114686,0.0005283114811297483,0.00027207255794763416,0.0009758091942117542,-0.0013046334050035376,-0.001367737972595646,0.0009683931858483521,-0.005146433903511721,-0.003217417611749554,-0.0008016498227670231,-0.006259963628412171,-0.005861442089565687,-0.0028874826945110136,-0.014044321784484374,-0.013324266511104665,-2.185592960370578e-05,-0.00011117487081843008,0.0001234467242320099,0.002249900546527183,0.0009308411479885832,0.0008978895605769951,0.0020038358874045793,-0.00010149190694526992,0.00044331881377191975,0.0022087013535922934,-0.0002532080792839895,0.00027118566100698495,0.00197908615376732,-0.004938909010850258,-0.0037899357428543778,-0.0010721592608809746,-0.0009225422155527677,-0.0010995301692889386,-8.177568626235728e-05,-0.0038593614342127885,-0.002585861921273991,-0.0009972170281140331,-0.006130762775785067,-0.005426677770515607,-0.00254091461600003,-0.00776016907117234,-0.008531033344777603,-0.006670607702550995,-0.01462364236422147,-0.015125631600098121,-0.0025689358504713713,0.0012961258676745806,0.0002622014408547411,0.0006310719820921786,0.0009827970664194993,-0.00022647376782581412,-0.0002839251390947943,5.689850413212502e-05,0.00016198101381549994,0.000620281362966318,-7.428289282001809e-05,0.00022994894163985916,0.0004961086655566628,0.0009221597503978424,0.0004321982403944961,0.0003506151936215577,0.0006447317882211838,0.0007556619180801496,0.0013839239593186935,0.001093139117959521,-0.0016573932990737647,-0.00202708033483966,-0.0027499392497307594,-0.004210474971379926,-0.00721743073202298,-0.011337582576540023,0.0007458282414459362,0.00037508341360675975,0.00033996193897654453,0.0005617827448283806,0.0012566821383560769,0.0009338586670320639,0.00017383964948578128,-0.00018493007292123056,-0.0006716304054528565,-0.00028278774199080013,-0.00010547837638472656,0.0005310464870062692,0.0006343071860683177,0.0007009499396464905,0.0008266034619157829,-0.0006791497991342298,-0.0009378174636459754,-0.0006908321562667062,-0.00038925813648402825,-0.00046497891218111103,-0.0002821844897115625,-0.0003676919781835568,0.0001288650866209787,-5.1584008013860896e-05,0.16991902824464572,0.012027696950384664,0.012,0.0
64,-0.0023138687749865994,0.0036282351753385176,-0.0014224053699006132,-0.00015505649146119513,0.0006308994112374045,0.0002772303166691362,-0.0004110353028226804,-0.00034883739234420645,-0.0006516544727311682,-0.0005152972432031072,0.0006084142128276794,0.00042721520339867756,-0.0006401140097054218,0.0005048289174928739,-0.000275838999327107,0.0006311962805732308,0.0001496857420182189,0.00010842559758559137,7.984106415256828e-05,-0.0002443094814669838,-0.0003745555002552156,-8.916966217507447e-05,-0.00026425805098077485,-0.00024099198734427624,-0.0004576400974781543,-0.0006086758087859288,-0.0007862432997281352,-6.253599934213969e-05,-0.00025605004661476247,-7.842521890518182e-05,-0.00024209655333334306,-0.000782668394924096,-0.0004481741880349939,-0.0006639408657372398,-0.0006619088606581112,-0.0008534072570428237,-0.0010294175989137215,-0.001131920457736992,-0.0008449932365380124,-0.0010643454204796626,-0.0014414325805833317,-0.002132420045582835,-0.002471518469448647,-8.890582706673605e-05,-0.0010654048136315138,-0.0006056615662236895,-0.00090910295976425,-0.001107735713972584,-0.0010372744811801054,-0.0009638130331409995,-0.0015611198723522672,-0.0014405759915763782,-0.001815089030611357,-0.0011752844363766906,-0.0011282756709541585,-0.00036628949767078013,-0.00034647961656281845,-0.0007208733358726737,0.0008519366207886798,0.0007048642043449525,0.0006741626742590021,0.0011713435428314638,0.0008501849216703934,0.0010892510184565675,0.0008583871771368132,3.452856709682665e-05,-7.411990480837858e-05,0.0001284286708551647,-0.00019926486609669376,-0.0004855094685031561,-0.0009190348169589599,-0.003752061972860781,-0.0037910360145565155,-0.0005309993358266419,-0.00047042327302243645,-0.0005356174674538143,-7.24559653325357e-05,0.00048140580931788025,5.4228001250595456e-05,-0.00020184885971029787,-0.0008265386883921807,-0.0007460232871610175,-0.0008482671033213381,-0.004216879890219343,-0.0034483344465244814,-0.0020951955895249135,-0.0073243753528193815,-0.007161027441422571,-0.00029984680115592187,-0.00016923836176030535,2.6531546623126697e-05,-7.374731487716653e-05,6.950636984800309e-05,3.8668531686621294e-05,0.0002501804552796088,-0.0003549532155645396,-0.0006787578998350804,9.875501372009854e-05,-0.0007039028754595687,-0.00035070909478834546,0.0016198513396385853,0.003763089351844275,0.00346922051334122,-0.0009224645962372335,-0.0007970692385472574,-0.0010073214083654958,-0.00036235074336391296,-0.0016475407922813083,-0.0007019649800334026,-0.00044663734956490957,-0.0025944383171960152,-0.0018582490256463795,-0.0010896990461388258,-0.002136704129932588,-0.0019054204304779884,-0.0023937677450804485,-0.0055607073756042584,-0.005306049575052661,-0.0004791795769464605,-0.0010456758229892506,-0.0016504245184930397,-0.002637490577779329,-0.0010616157039061741,-0.0008282559917471933,-0.0008688596062324866,-0.0010413908217776393,-0.0005464504660137535,-0.0011002513297111562,-0.0015999830408460875,-0.0007682066707703756,-0.00047485556011175585,-0.00024994994083410123,-0.0029527883246780124,-0.002153570336001618,-0.0027146760111063143,-0.002218495720384969,-0.002654325830411562,-0.0008951629811134223,-0.0011646926976528146,1.0567955872625407e-07,0.0014726151629939244,0.0022863961006865155,0.002380648440305583,0.005870340909459212,-0.0027228734566252183,-0.003752015799355792,-0.0024573078958326825,-0.0022847215698221695,-0.0029035618450567644,-0.0012596068745250413,-0.0006115235238302923,-0.0007950157450501214,-0.0007611439394640191,-0.00042052902307881875,-0.0016618598479716262,-0.001012221445146161,-0.0015056422449592115,-0.0007484622231387903,-0.00025092361465606347,0.0032203564407941258,0.0008042665549669951,0.00042971249590092797,-0.00010985339177570809,0.0011904979267156049,-0.0034702562969806112,-0.0012012857490252345,-0.0009500034062022396,-0.0010117059914886203,0.16991902824464572,0.04450000174680985,0.0445,0.0
65,-0.00183132380453929,-0.004724186016955567,-0.0013556121756075389,-2.330686334843999e-05,0.0005479309277779762,-0.0012252976950611826,3.52606142140567e-05,0.00019239677195321067,-0.0007395101639139587,-0.00022355786292027174,-0.00025368542093837153,-8.861770215936068e-05,-0.0016849712520998256,-0.0006305703304260503,-0.0006561502555374087,-0.0004957474853799361,-0.0005333714159149941,-0.0007355069683986316,-0.0004530861203727708,-0.001501221755333201,-0.00118533565067772,-0.0006834584665531398,-0.0013824034491439847,-0.0013341372418006468,-0.0012078531759158876,-0.0004896344732576847,-0.0013540615501688826,-0.001156530562468135,-0.00039794152177160006,-0.00020837372080644,-0.0004617852740384767,-0.00024182281191214411,-0.0004916814186873043,-0.0005721798206577028,-0.0007565424141155403,-0.0005573497024646848,-0.00048806256781842747,-0.0010668269862028252,-0.0012353598076662378,-0.0007687725578474759,-0.0010151846732957158,-0.0006143344924651481,-0.0007402853895011582,-0.0007592185198329583,-0.0008014681757417901,-0.0008311522860572618,-0.0004150391463651323,-0.0009377530900010379,-0.0008627404521214278,-0.001022179261786056,-0.0010305556682322695,-0.0007733460215089242,-0.0012709717059585502,-0.0010972661683803398,-0.000689521772733593,-0.000860102055585047,-0.0018194465203185326,-0.001556512496321791,-3.093074032630611e-05,0.00018491907243124175,7.52027021431193e-05,-0.0003531269818417537,-0.0004769391235442547,-0.0003671097862485048,-0.0003177059829494307,-0.000604226994529148,-0.000397768033690993,-0.0004548855104892429,-0.0002696592177952724,0.0001979666469651639,0.0002647000948007356,7.586215732820568e-05,-0.00046402058588341724,0.0007872571685510373,0.000658250345175127,0.0005902267920016455,0.000849501781867138,0.0033975203926225124,0.0027365169713370716,0.0018620429603579197,0.003409347618642738,0.0026374656362674336,0.0016170726226746705,0.00421937473182357,0.003952679973012386,0.003010863298207497,0.010132006854733694,0.009032270971325848,1.789887172549509e-05,-0.00010116884674596984,7.657170391847326e-05,-0.0005073138233480491,0.00026630778041113363,8.686200737203579e-06,-0.0001247759485614229,-0.00019004040583521587,-0.00020431699000646387,-0.0002821557021457014,-0.00023389117741089824,0.0005636861416377516,-3.112382910573927e-05,0.0024854650584959933,0.002649977481193358,0.00018029559058659213,0.00038325850613049546,-3.943403401032435e-05,0.001853770127102664,0.0014862423408045318,0.0009179916896696079,0.0016426112603074832,0.00045847590217661994,0.0008604538989695516,0.00011150054389892647,0.0004958445785708247,0.001230745140157861,0.0018245079678587178,-0.0004663021602519006,-0.0004672922843967532,-0.0012176959968979257,-0.0007486654766281454,-0.0015695222860222936,-0.005844664519755127,0.0005757458658177269,0.00013346381241976702,-0.00018037359071159176,-0.00014110131041390894,0.000952597740042078,-0.0017214683466002122,-0.0017552804423371093,-0.0012648894025125861,-0.002061635547593557,-0.0021192198621335745,-0.005343145885710019,-0.0086577038629228,-0.007099815263352765,-0.006459179871017959,-0.007379309880703136,-0.0010534586448757712,-0.00012530962330564526,-0.0011251174930773857,-0.003275001931138435,-0.0044229222038783605,-0.005785026507717302,-0.0029618661260372497,-0.005177254062811043,-0.006452907878266185,-0.00717898265322962,-0.0074694142718414215,-0.007959575415459675,3.952753878443424e-05,-0.00025177618837911325,-0.00037809203205697156,0.00016360869282292453,0.00039311974318254837,-0.0015277185645481157,-0.0023494105930015976,-0.0014260961023710398,-0.0021096920845422805,-0.002351087643078884,-0.0008043616468137706,-0.0026806570727148575,-0.00352647430583977,-0.003578432353824926,-0.009805383335205427,-0.005607416862271135,-0.004009222647704371,-0.004105942887199254,-0.004418644404980875,0.16991902824464572,0.027999999928594005,0.028,0.0
66,-0.0015152985485271358,-0.0038029533051835754,-0.0026024448665046052,-8.82231610855572e-05,8.226150428673646e-05,-0.0013095241037322143,-0.0014238203588411973,-9.663421968119147e-05,-0.002455191240841932,-0.000728537901836534,-0.0016875810350126023,-0.0019876684873621235,-0.0020669929309810415,-0.001467348218619178,-0.0013839576175184388,-0.0013312994752841764,-0.0011277960902525978,-0.0011265451594313829,-0.001459997602973526,-0.0014149750940913842,-0.0008758902505086116,-0.0005889675946355114,-0.0010180692838298235,-0.0007562206693041165,-0.0008173216766269094,-0.0002692569130051662,-5.015114733237171e-05,-0.0001099255275730804,-0.000529698039215388,-0.0005495812556473608,-0.0008272440610467771,-0.0003314928216066254,-0.0007357306385388942,-0.0005985274112017349,-0.0007088290237733092,-0.0007539139919216047,-0.0006707558156912142,-0.0007217293057504196,-0.0010290819985610208,-0.0007128577872578825,-0.0010396742616015614,-0.0011124244290908415,-0.0016316632444944657,-0.002787274768609558,-0.0022758048064209367,-0.002191098268280738,-0.0018825542986811523,-0.001725706142209439,-0.002108865179417763,-0.0016622992101383586,-0.0017598770606247803,-0.0016327239257046728,-0.0015528414975200392,-0.0016572103079260582,-0.0014360169481282103,-0.0010587227469443733,-0.0009485585339080344,-0.0010102760401738122,0.0005570619214625797,0.00032108320139834283,0.0004683409440464465,0.00022377918503959697,5.754538968464725e-05,-0.0001925071792420643,-0.0003004657085325078,-0.00012163225165345108,-0.0003258627472417193,0.00023691674713361435,9.872487844508498e-05,0.00023056005103798673,0.00016284988676200257,0.0006639917210019592,0.00013537673462364318,-0.00046560291760407136,-0.00024195230659549723,-0.0008473991092766084,7.282560582193156e-05,-0.0009333166252235418,-0.0007601112048839125,0.000704721671136528,0.0009498682784455204,0.0004931928111308113,-0.0009791496174241753,0.0014550675300926224,0.0018804542205734039,-0.0003194710570192618,0.002374733561612484,0.0018282671340679895,-0.00045082142740750166,-8.515959749478595e-05,-0.00010892243384946152,0.000853495420121443,0.0006735206347722055,0.0009394782993170793,0.00105240874486619,-0.0004551295036675117,0.000257209863575056,0.0013983930280390775,-0.0019430599966006746,-0.0016967106106028796,-0.0007740795310447393,-0.0052056886965536784,-0.0038553926061797293,-0.0018866539925765729,-0.001551810729465627,-0.0016168532999765,0.00028319214297575866,-0.003588032559712308,-0.0017951267258178518,-0.0007741712403636714,-0.0038173149203994984,-0.0028579048570575544,-0.0006793546687240199,-0.004029705222235536,-0.004063105016902882,-0.0011781258485665397,-0.004042170297649028,-0.002032750095129734,-0.00044118588855726566,-0.0015682637576752312,-0.00015598400867884252,-0.00021221584406327457,-0.0009364883953862563,-0.0012462567089569026,-0.0015153203066568149,-0.0013034850721955992,-0.0012288663639663426,-0.0003531695032807874,-0.00020321357211643972,-0.0005590245105538787,-0.0007241605873385494,-0.00062286516678681,-0.00035606463678208275,-0.0007530480787485564,-0.0008587529005034017,-0.00041547646528306665,-0.0009152924856309973,-0.000851503894673052,-0.0029395251335745847,-0.0007490508968694315,-0.0001363551372128121,0.0006384961439152824,0.0010109140027127217,0.004095772727380673,-0.00038685731058659453,-0.0004323260954868206,-0.001301012414445828,-0.0007040414843630752,-0.00047328084035380897,-0.0009833851158740133,-0.0012957736286668292,-0.001610326659859841,-0.00108955660343527,-0.0013383911478153981,-0.00031197168507316673,-0.0003719772701261334,-0.0005688901047668461,-0.0005081851933307197,-0.0004469096781011868,-0.0007065521579002337,0.003651510182435946,0.00042862101508741863,-0.00022306053093349562,-0.0019716969788350887,-0.0041228089842749276,-0.0029985021523595266,-0.003162952113464801,-0.003464498187352822,0.16991902824464572,0.025499996871413078,0.0255,0.0
67,8.712108054090329e-05,0.0009668705778693075,-0.0011757716327798402,-0.00028585211427178134,0.0009987998549142042,-1.3185868498382835e-05,-0.0004918544745038985,-0.00037312930090913787,0.0008766208648930502,0.0002271410655013361,0.0005053322726852129,0.00126642085895595,-0.001064882574790053,0.0008621374285937673,0.0010246255292372202,0.000592611064245762,0.0006810959063366009,0.0005544872099473129,0.0006376504223743025,0.0006222119834684279,0.000659643059368817,0.0004699506055564716,0.0006062732594285873,0.0008098170235236288,0.000726957731281405,0.0005550095420647548,0.00098910495912066,0.000669359675135747,0.00016978357285366515,-0.0014600298429014071,-0.0007482003557071815,-0.00014977934467278308,-0.0002955219003671819,-0.0013292081844991125,-0.0018359993034050654,-0.0021263152072323907,-0.0035434327768602064,-0.0006586173903156984,-0.002968015033829812,-0.0020962291276437487,-0.0005348018436728637,-0.001721305458298642,-0.004805623181281855,0.0005100542255387966,0.0004947601042925302,0.0009127959056222002,0.0007365505988115654,0.0004385407042222002,0.0004038671777971463,0.0002865170887532281,0.0001455575822451591,0.0003189270976217223,0.0005879567303840379,0.00038143359410333763,0.00042114327925195345,0.0006869160338125951,0.0006459935427513431,0.0006872069826568914,0.0010888854308151131,0.0007044736003863776,0.0004491099099135104,0.0022929992714935447,0.001258168459907264,0.0011181957067216118,0.001981580182279556,0.0008195104390656187,0.0010617689961738119,0.0025794315074300525,0.00042589809684397,0.0004267290995610577,0.0002748727643367415,-0.0012360826081041663,-0.0008699425521853777,-0.00046163432282152195,-0.00043629259720977015,-0.00024054745308555418,0.0003167866052820712,-0.0018364053907833626,-0.0010258605405313779,0.0006081317787631697,-0.0038971266699547613,-0.0024572793777373194,-0.0008130403488483635,-0.005721200846774461,-0.004625226885461293,-0.0020921497921730955,-0.013024787250951068,-0.012086345539980989,-0.0002410124905524978,5.4304369694181745e-06,0.00011207872923956509,0.0007273744434435101,0.0002406898810862894,0.0003499177820496838,0.0008628101299267777,-8.006857582950041e-05,-0.00025050638097692644,0.00043404668604501913,-0.0006304415065848727,-0.000641344542223215,-0.0005888972187288236,-0.00522218380549702,-0.0043648212488299224,-0.0008348616590541058,-0.0006364111132073387,-0.0006167042447927289,-0.00015348187879213887,-0.003688815393043827,-0.002133987620724311,-0.0006049461861099754,-0.0052131597920618954,-0.004464960436095857,-0.002590757495348532,-0.006605317056185819,-0.007465588284489402,-0.007296766878031886,-0.014112401878345617,-0.013846475449882724,-0.0015223078666784355,-0.00015719216595892174,6.266542226570433e-05,-0.0014920951005625946,8.209345732921416e-05,-0.00011169429957775089,-0.0003007825142371749,-0.0003553425131178992,-0.0002973213463362532,0.00012756148651388373,-7.43865892531188e-05,-0.00015153911720032804,-0.00010076258974687159,-0.00042944683128524983,-0.0017847123491200082,-0.001525505922551083,-0.001801295561283622,-0.0014924258310223093,-0.0021199822440406977,-0.0004335558455253724,-0.0011482729605483022,-0.0011039109021875064,-0.0024116618612698873,-0.003298701717148411,-0.005231599235218481,-0.011199697207549866,-0.0015132377014936368,-0.0014107470592543017,-0.001393414767682155,-0.0014536559301369747,-0.0016352712882718118,1.787046310180199e-05,-7.508535507965659e-05,-5.202182170489731e-05,0.00012198304379153049,-0.00028475296074195424,5.746821123120325e-05,-1.7234023276485324e-05,-0.0002623956370833129,-0.0003701679144653826,-5.0181098620496744e-05,-0.00047519787053884854,-0.00016082236466501,-0.00018328127727445297,-0.00029637663947146476,-0.001080070573629853,0.00015811435467285163,0.0009662110400757756,0.0004770389277361182,0.0006975261423609528,0.16991902824464572,0.00400000184397703,0.004,0.0
68,0.0009946471722384947,-0.0023718283288318444,0.0006348765099915155,0.0018601647603573143,0.00010539531452483463,-0.00011205154288014779,-0.0003418564980207451,-0.000157495628134051,0.000213282582166816,0.0008512722882514953,-1.0992661759438969e-05,-0.00036455816916808445,-0.0009376369936024161,-0.00047088854254832905,-0.00018339876529747988,-0.0006199376777337986,-0.0007528413167490962,-0.0016949761751016137,-0.0017383409467782687,-0.002552752082417485,-0.0023106791260421285,-0.0018658275594506495,-0.002502925001474001,-0.002238830669464336,-0.0025212955009094045,-0.002283857027257431,-0.0035170034112590675,-0.0034148716570487733,0.0002256660795046387,0.0005011136606879415,3.747371720665425e-05,-0.00029624552559108253,0.00013122430277208463,-0.00038737711976812245,0.0006350640058584297,-0.0006310118211661423,-0.0007122910978385208,-0.0008473867329776749,-0.0011609140933975946,-0.0007661794933900115,-0.0008225425952632055,-0.001428490019340989,-0.00109221543109531,8.494259740874437e-05,2.922310127284489e-06,0.0001227582232887003,-0.0003974098100110404,-0.0001424748955406592,-0.00081671684561055,0.00011358180794437756,-4.459725428185648e-05,-0.0004196165087198423,-0.0005121798668446947,-0.00014211594440852938,-0.0007504581225355803,-0.0015070683141578086,-5.46147442470878e-06,-0.0006363428471098187,-0.00012884901259155817,-8.041526122534665e-05,-6.955837330599617e-05,2.3532788300518084e-05,-0.0004174508234104933,0.00012578940237884965,8.874482575706937e-05,-0.0003757813410559064,-0.00013059407515251018,-2.6835948570256214e-06,-0.00027480261298013474,-0.0007160893899984283,-0.000575595513789774,-0.001010864797661497,-0.0008954837098603584,-5.246575806136438e-05,-0.0003558849960075114,-0.0005447767431144543,0.0007014379758485452,-0.0017700594735038204,-0.0008994326610467719,0.00010827155911404752,-0.004806203961959555,-0.003318619399966843,-0.0013630718893741138,-0.006474653122412673,-0.0057971091003818165,-0.0034723799023619675,-0.013787480205676736,-0.013193577103259099,0.00202086244176911,0.002031207883263667,0.0019004106069524893,0.00347151285963669,0.0012667653085581183,0.0016826794596875138,0.0028862871833475125,0.0008898127555169431,0.0010263590843108987,0.0028636928629825575,0.0004108224560407073,-0.00022945177283923687,0.0025022128096205795,-0.0028112989579553325,-0.001442769013504863,-0.00042316209878311123,-0.0009277501735826814,-0.00048470240183413573,-0.0001531071149212317,-0.003104582247866605,-0.0021467247884775086,-0.0010273515512137941,-0.004988825520897078,-0.004767738563713398,-0.002719666616448207,-0.0072808623042331716,-0.006838205312140377,-0.006384486290475867,-0.01276751513539572,-0.012078048304372136,-0.0015448509635024668,4.37528275489095e-05,0.0009627522548251252,0.0017375140677882246,-3.6743718781468867e-06,-1.2412869789803969e-05,-3.341740462550132e-05,1.2936302771095782e-05,0.000997142734633013,0.0013311636755393324,0.0004830062536575662,0.0010945080633935403,0.0014267083232508927,0.004415984836762944,0.0011547982755095892,0.0009687819532626952,0.0009289176575882612,0.001024828369366218,0.0024971533553753995,0.0001622664318492975,-0.001385402244512854,-0.001171486079127153,-0.00286016270066539,-0.0038834912732884108,-0.0057591883387574285,-0.009115304426247917,0.0011972858162994325,0.0009215778368380823,0.0005481353910362761,0.0007893638208192664,0.0024625791574752177,0.0002101607340011636,0.00029352691836282866,5.95083928945221e-05,-4.246019574184148e-05,0.0006633093494896479,0.000474558893632566,0.00020283180103586874,0.0008989333555472838,0.0020168618352242574,0.004958493562619465,-0.0003402873377070732,-0.00038677389431647974,-0.0008588772680146628,-0.0008649762776880326,-0.0013494285527309432,-0.00016322119843529694,0.0002780422710218707,-0.000501263805244083,-0.000299399807528441,0.16991902824464572,0.02750104926260616,0.0275,0.0
69,-0.0014649367098713989,-0.0025919662460120074,-0.003961184157924916,-0.0002195240623484079,-0.00043644110609640134,-0.0004605397495422133,-0.0012238060980415532,-0.0003834613143406542,-0.0013784836085479694,-0.0005819961437047965,-0.00013210369988858543,-0.00010508253613154222,-0.0024655181518447446,-0.0001506285382767237,-0.00018105374384514393,-5.243767989525107e-05,0.00035601390249612397,0.0001195387331708317,0.00030758555190150847,0.00019536164281361396,9.37377355605314e-05,-0.00013204536487128934,-0.00017491325404411307,-0.0003385896733030966,0.00025650219747329675,0.0004984426500588132,0.00013125416925894575,-0.00036483853690892024,4.446193704811233e-06,0.00022712204310183984,-0.00019857400778144975,0.0013385477022697003,0.0012721473665606698,0.0006639024145072878,0.0012852010774435012,0.00040150335839023713,0.000718907801960014,0.0010816209871222665,0.0007997282987161163,9.604897825191445e-05,0.002143000367496452,0.002745403764229935,0.0023566464942982746,-0.0012665591023758947,-0.0010192774661933611,-0.0007153349581415475,-0.0009887053701081124,-0.001139383248331385,-0.000865115231880348,-0.0010425776704133033,-0.0012762768985589133,-0.000825209618541019,-0.001003876423588552,-0.0004872037251558622,-0.0010434887646327401,-0.0006364315138514457,-0.0007281083016006253,-0.0005596340616659761,-8.767678583330529e-06,0.00018383853551737187,-5.109844313712886e-05,0.0008950882433869822,-3.746213676656713e-05,-2.4134944865141338e-05,0.0009287358609149522,-0.0006131809766232664,-0.0006852003255403447,0.0008458293916682883,-0.0013546808699149845,-0.0011598892124814492,-0.002039434514694331,-0.004758439558490163,-0.005547778130623614,-0.0006708633185481529,-0.0008046867688455928,-0.00037552434518586586,0.0005547797039206963,-0.00029633718165185277,-0.00043674900280994797,0.0009091922321718263,-0.0018998716810522936,-0.0011479740480983885,0.0002900193091331105,-0.0034804900513352353,-0.0030386246824173823,-2.059327030863244e-05,-0.004638685420983738,-0.0044682025723460075,-0.00038162013772714164,-0.00036683509882882157,-5.836275808763643e-05,-0.0007199201559186087,0.000462320940598116,0.0001659329837810825,-0.00011223743549308855,0.00011393509063369803,0.0003734156469567936,-0.0002678667354632224,0.0003438591200509482,0.0004753316313274515,0.0004427291941132783,0.0036885745916511313,0.003190804887555833,-0.0014239660168633781,-0.0016999732726028015,-0.001832937798835345,-0.0005915711873769725,-0.003616240680213777,-0.002425858394947905,0.0003686843714342779,-0.0035655652825783645,-0.0036759861565483754,-0.0011660514015608204,-0.004913168634431867,-0.0047471153008970665,-0.004750737834099311,-0.010065464620537005,-0.008905318110426257,-0.004092161499739014,-0.00029776474094733176,-9.745351274941535e-05,0.0002855470620157605,-0.0001785950942544279,-0.00028834863101229484,-4.224046287644017e-05,7.80782739041441e-05,0.00016178101101285813,-9.927562892849355e-05,0.00040012790109929757,0.0001819078670437513,8.106424330638067e-05,0.00010806599686259917,0.00023778899038452283,-6.125728157588982e-05,-0.00011350458347696603,-0.00015184866324448486,-3.7941940431686174e-05,-0.00021395159025841705,-0.002056270083578907,-0.003705178233577446,-0.0019699209832180586,-0.0014123203797851266,-0.0008469410138605349,0.0007859825625851706,0.00031412484642689503,0.00013633889600931197,-6.206777111772564e-05,-0.00013405191045812458,9.83933304410686e-05,-0.00043430416056268,-0.00032448338652966567,-0.00010765030817372414,-0.0005057622096861107,-0.00018920064271203864,-0.00012216851680911642,-0.00014497046015804198,0.0001878394896408076,0.00011508910223440959,0.0002909110800931006,0.0021330508233633914,0.00036891738665810166,0.0003881583138068141,-0.0007216252172272068,-0.002239467569183674,-0.0008919620521896698,0.00028585113407496955,-0.0007815251398129445,-0.0006187931807616708,0.16991902824464572,0.061500001985312816,0.0615,0.0
70,-0.0014253965369888143,-0.0012768877750742968,-0.0023992286938727195,-0.00035068926481874045,-0.00037418427223652456,-0.0011742780601069734,0.0016715235594899009,4.355555378048704e-05,-0.0024228608683542524,-0.0004300580061608647,-0.001519683995253168,-0.002027186499251609,-0.0006364164106130473,-0.001684810591413455,-0.0014140477548234198,-0.001619891084200172,-0.0016430936052369057,-0.001649917879941293,-0.001511391343767434,-0.0014933282267421022,-0.0011089612414909326,-0.0011202221477910133,-0.0010622507215287452,-0.0010481898532953492,-0.0010701392831671374,-0.0007410674622577328,-0.0003582019850061008,-0.00044466946544223366,-0.0004301024536564181,-0.0001731952495228083,-0.0006091458247462298,-0.000742941657425232,-0.0003901796876509927,-0.0003747837557348661,8.265002670835688e-05,-0.0005638036023751903,-0.00042625233781125283,-0.00023870338530947733,-0.00016923997472587297,-0.00023182929899037604,-0.0002286015053060891,-0.0011360579086485975,-0.0009417091272503303,-0.002007547519520057,-0.0021130497679824325,-0.0017682097468596251,-0.001519423416226808,-0.0012179760991342992,-0.0014054848477409296,-0.00099333778854941,-0.0015678772661506409,-0.0013462386332896846,-0.0014783710771745042,-0.0013054220491258211,-0.001160238461299801,-0.0009241973005505276,-0.0008307901107190229,-0.0004910680053695328,-0.00014361360581720926,-0.00012000150324522734,-0.00015692110770770733,-0.00015576715845349285,-0.0006116257939779495,-0.0004289728736499547,-0.00021085226368185625,-0.0001894019771899344,-0.0003065679911726806,-0.00036195412938266983,-0.00029366914757607043,-0.000365819624042478,-0.0007169752168348608,0.00019317262063829694,-0.00011091201844035151,0.00010024848936894247,0.00020433197809571017,-5.14898603090618e-05,-0.00017418203059755825,0.00012633621283677536,-1.2193261824551804e-05,-0.00029342342817742696,-0.0004504944854151677,6.317695557569303e-05,-0.0011535560487659436,0.0003372898207954328,0.00044423331968180185,-0.0011735960225878954,-0.0022563996945243366,-0.0013173268479641305,-0.0001472946991565047,-0.00019962792084952377,-5.24477073890221e-05,0.0008055233687486053,-0.0002178071928192009,5.6961639439211994e-05,0.0002957478585764924,-0.0004450612411378359,-0.0008340518934612755,-0.0001563963265919532,-0.0011848170305877072,-0.0015376015331131114,-0.0012162906178385482,-0.004201276872601077,-0.0037798316108822966,-0.0006175465150622298,-0.0009503613043300212,-0.0005828440617716367,0.0005928923523084164,-0.0012713070752769524,-0.00030593467651024973,0.00042820074458823504,-0.0022521049097810135,-0.0013843176740498677,-9.058706747300798e-05,-0.002699397594796425,-0.0015158118866437332,-0.0031887343208528316,-0.006185310303215406,-0.0037852677928158483,0.0001852763988278936,-0.001063042150019203,0.000399028170446194,0.0009337059054917039,-0.001607505111940361,-0.000942292528106217,-0.0011672363850576551,-0.0009896414282065382,-0.0014223521176999804,0.0009049441634615518,0.00040624536769246297,-0.000619042119951728,-0.00030867340981398703,-0.0003969338768969949,0.0011908332879241622,0.00016453184554352166,-6.778834493799194e-05,-1.677882874925089e-05,-0.0006885899917523406,-0.0006760794629764279,-0.0009499746113642569,0.0002132681802321012,1.4804588517048763e-05,0.00014486245021460846,0.0004799995134720346,0.004728127823334555,0.0005791249665413673,0.00044438982382551047,-8.818674348436176e-05,-0.0003167437577023029,1.0052562312692255e-05,-0.0010216676919758423,-0.001152549032242068,-0.001226826188391374,-0.0011194597016309146,-0.0013347655259499688,0.0003433080026463307,0.0004727759074731123,1.9206523730839284e-05,-0.0005064001955180613,-0.0006645391996719823,-0.0010967347352757663,-0.001575285986053416,-0.0017566380924901905,-0.0019344290513823334,-0.002128640685136021,-0.0037564614890503965,-0.0019497480321855945,-0.0019461337566490304,-0.0018576111366730885,0.16991902824464572,0.04200003005000244,0.042,0.0
71,0.0009986024731417752,0.003495579382211198,0.0019667926697566457,2.1296627805719826e-05,8.266635730284256e-05,0.0004463831452783873,-8.719132644908669e-05,-0.00040979015942949125,-0.0016968886998404234,0.0004684096255408997,-0.001011179460323977,-0.0011728533596989405,0.00018927092914310475,-0.0012982824701699685,-0.001420924256487592,-0.0011169883739769802,-0.0011440686530725006,-0.0012458186611839213,-0.001228278305955932,-0.0016811402864254708,-0.0013504633815758515,-0.0012545681803311024,-0.0012929804520142242,-0.0014181578667563503,-0.001984399399842619,-0.0021369479925036085,-0.0014542350086473486,-0.002077736101533441,0.00021619944025326706,-1.0533432436850347e-05,0.00023917064475566368,-0.0005546350178535504,-0.0005407996525009969,-0.00039921543598363707,-0.00034295510041498,-0.00020402852349850944,-5.490092534261515e-05,-0.00029861176635929683,-4.729243428726363e-05,-0.00012275506589160998,-0.00015846872680786052,-0.0001124409247887858,-0.00015863870973740178,-0.0012406019322844263,-0.0012215526078185916,-0.0013694380900116947,-0.0013649377618136368,-0.0013635159173346115,-0.0013470359184997167,-0.0013434623195727304,-0.0012440767817938206,-0.0009450045238956164,-0.0018333113998675338,-0.0017518999909251914,-0.0016233628180470706,-0.0015696956482238878,-0.0010247657515349308,-0.0012904098994104686,0.000135580494110228,5.26135638948317e-05,-0.00011784926882015165,-0.00010730865697733021,0.002660322282683923,0.0026864382805480464,-0.0002352836823786927,0.001964307178275906,0.0021381460811474877,0.00011567775311236609,0.0008246385537541918,0.0009755734481762425,0.0013422303949574882,-0.0006232179075668317,-0.0006172565672279668,-0.0008549049874435836,-0.0004409873744757663,-0.0006008388940151459,0.00022599310366229364,-0.0017655580342269756,-0.0014058830373227878,0.0004949964883387088,-0.004205318290282879,-0.0023612679963905185,4.4429542804839065e-05,-0.00512075510528553,-0.0054987334575658615,-0.004466403733972275,-0.01650065476680734,-0.015228168400282505,0.0004538192895171417,0.0004911639147914109,0.0009471302249240398,0.00026085756839518224,0.0012185527607827744,0.0015033191430038955,8.438233152767213e-05,0.0009402849890230211,0.0010133865781485046,-0.0014987189631719168,-0.001147567077630548,2.2563270036424215e-05,-0.00572419975673156,-0.006570106663866901,-0.0061756222745527846,-6.047762698143663e-05,-0.00022700772161159124,-4.767973149673485e-05,-0.00045977429401762934,-0.002275695464310965,-0.0015999252838441154,0.00017271590641742713,-0.0022933972016163976,-0.002679474283381024,-0.0008282655559725824,-0.0031624482402493703,-0.0024404469805615818,-0.0027780763984960695,-0.004807050514373258,-0.0023389893087700786,0.0012291116615713172,0.0026260929773527742,-0.0024963563453056885,-0.0014944272786371001,0.001691003192120248,0.0009139156158892479,0.0006799608277227148,0.0006005958820015328,0.0016294378279431549,-0.00253654789290171,-0.0028575258099250403,-0.002531967087175742,-0.003057526733747456,-0.002391903269301654,-0.0014773536167457728,-0.0018618881478264064,-0.0021145792360772906,-0.002338450495624165,-0.0031904152874351523,-0.0009287419188524628,-0.0021167226859454377,0.0006592367059662274,-0.0002671080586595403,0.0003036691839159981,0.0011792992449171946,0.004331076295785599,-0.0014700766972079178,-0.0011238822348004,-0.0025642513842954327,-0.0020144464959073677,-0.002489284156080559,0.001438802680706831,0.0005505376542164151,0.0009310089323606172,0.0004412650111765158,0.001154008409108355,-0.0025928346398634973,-0.002371293058530154,-0.0024536304956616897,-0.0022590079374969763,-0.002583601711510978,0.001645982807799868,0.0026842480428912303,0.002527103365821164,0.0031310383814211473,0.0032541216524486424,0.0007483507058158266,-0.00012126632766329099,-0.0007769544567815111,-0.0003937934120509754,0.16991902824464572,0.020999999892975824,0.021,0.0
72,-0.0017890700089773094,0.0008965519437055414,0.005068848868814894,0.0003849850066091873,-0.00010295945993069446,5.711499032416e-05,-0.00014762435817782234,0.0005400254740189112,-0.0006001422104981416,2.3408485004867824e-05,-0.0012650562719215466,-0.0016473737800849996,0.003428871755273627,-0.0012978100432137468,-0.0012577816506244757,-0.0011599859755953895,-0.0016137268964492631,-0.0015355920960272228,-0.0009632108537765606,-0.0013294753644169774,-0.0009585331937625279,-0.000539705536728043,-0.001095739719002867,-0.0007856809341152043,-0.0010574340195704099,-0.00041030785092249246,0.0007260218398773206,0.0008460144104245615,0.0008838892301043002,0.0004986620820825835,3.494188858323314e-05,-0.0006174213987893768,0.00024246696513892962,-0.0007833969234821548,2.3698508085625453e-06,-0.0004131738756661384,-0.0002738407808118376,-0.0008160962329352471,-5.650907247372723e-05,-0.0003706095994504389,-0.0002890982627207091,0.0006105970884958361,-0.0008007086091098841,-0.0007551806429743565,-0.0007039722807078215,-0.0006066202223247878,-0.00041248853810171485,-0.0008158420109121684,-0.0011127755572812451,-0.00025813241400492046,-0.0006287195768645202,-0.0008685562038865034,-0.0006459962740694588,-0.00028863290330682976,-0.0002778028304599665,-0.00010082697447749295,-0.00047664085700317287,-0.00036460523485687163,-0.00014608354320174056,-0.00012778195715058645,0.00025415219885270026,-0.0002688690322584597,-0.0004988682479901516,-0.00016121665564741214,-0.00016486236755147262,-3.067337240591657e-05,-0.00033232660587366247,-0.00035507883098617916,-0.0002870746716779326,-0.00036848046558791926,-0.0006007307070428625,-0.001487893956057116,-0.001671962697114996,0.000954624389622317,0.0009503737562668273,0.0006850606662483046,0.0009501418499641798,0.0012295254144023772,0.0009528691856467176,0.00032373980915536367,0.0010516814752360752,0.0004024070101926883,-0.00012073045903034334,0.0013259625551737446,0.0005358017977785326,-0.00235651227794611,-0.01622120250269465,-0.016785584251511918,5.065280261717333e-05,0.0002711172608995288,0.0005279093225642829,-0.00022591060246160435,0.000505947193228491,0.0007675956121488732,-0.00042994957835620256,0.0008675312633913489,0.0007047617600524473,-0.000368708218802331,0.000431288588551153,0.0006600521391855045,-0.0014983333923406295,-0.009003393902834526,-0.010338681648303441,0.002851721429738021,0.002468442364221705,0.0030075649009339437,0.002157919520423409,0.0016093649080803712,0.0023987021564767733,0.0017389124425073604,0.0013058463083519098,0.002691898270278912,0.0005865625794584358,0.0015515960694312333,0.0020998852394355397,-0.0016693413116785345,-0.015710747785026805,-0.01749046826036156,0.0032804068584882493,-0.0009562618925709339,-0.0006535818212968665,-0.00016170650611173416,-0.0006959768374684253,-0.0005626529128759063,-0.0009134325314913651,-0.00106120504008465,-0.001411818222487152,-0.001176689307531588,-0.0009541097792727285,-0.0008836512831976757,-0.001117131815731785,-0.0011990385642133303,0.00023256159603249257,6.76670305609279e-05,0.00017427291114429744,0.00018981462900756314,0.00025793087097129136,0.00034586475646708866,0.001347302128174296,0.0024804682276554886,0.001539477959031487,0.0007158799492550029,0.0010711917185697339,-0.0026284881296281316,0.0006480770595821216,-6.196995117550421e-05,-3.860492692316188e-05,0.0004736856408537506,0.0005799845486015114,-0.0010073303723998233,-0.001163972495344164,-0.0004913829197024762,-0.0009207753627071783,-0.0011461140752788228,-0.0005183546878268185,-0.0005115938822314632,-0.00052026682504743,-0.0010730546810437634,-0.00037835508745988876,0.0006631779582786456,-0.0010847211081702816,-0.0011049110014008652,-0.0015058153358266293,-0.003053806326634169,-0.0015226087707450723,-0.003634848449962601,-0.002296242206660363,-0.002176377553040478,0.16991902824464572,0.0674999987411971,0.0675,0.0
73,-0.0007501750948082727,-0.0024499775056598173,-0.0019475399313248043,6.24883972869618e-05,-0.00039806843647385766,-0.00026152045717937195,-0.000222654443547749,-0.00034699415673177707,-0.0002188738928096862,-0.0005755237523052272,-0.00030684226858066193,-9.043578277027672e-05,-0.0012006754765575757,-0.00043937309625739486,-0.00012478627831705337,-0.0004423152878514113,-0.0001304090476268779,-0.00012570746251379288,-4.3570862554847715e-05,-0.00016900630328163023,-0.0001757088276788142,-0.0001985778204707514,-4.969420959419484e-05,-0.0002634719525982412,-0.0003514003728689995,8.317264816506965e-05,-0.0002846639558352712,-1.0687473837913834e-06,-0.0003221066317363516,-0.0005972704674194408,-0.0006283129613410935,-0.0005140290269774087,-0.0006864527117980386,-0.0012682362792414052,-0.0003209264482982851,-0.00100393185650338,-0.0008380059548386798,-0.000550658343634505,-0.0005962523446093993,-0.00012520624239511341,-0.0005034375719678048,-0.00020431254499745648,-0.0009085582073437578,-0.00044473161203969596,-0.0004776629849614342,-0.0001397115286032879,4.3541776064093314e-05,-0.00035340760667664027,-0.00015578176910673836,-7.321565911920374e-05,-0.00045324686862659614,-0.00012542914629998635,-0.00018201106886024464,-0.0004360947228838696,-0.00014329061660050602,-0.0001709482412199719,0.00028411447900086547,-0.0001497506451981119,-0.00010024252972777256,-0.0004886646357816649,-0.0005408970640245878,-0.00035645826789684596,-0.0008078211015355006,-0.0007639763779598142,-0.0009007776035598271,-0.000707515857927391,-0.0007737511504618554,-0.0004243006222882599,-0.0007765842933708837,-0.001263092792894754,0.0002998624307349844,0.001968784676858984,0.0024220214811906415,-0.00026033367007376515,-0.00030708198569157004,-7.797995209464205e-05,0.0004481786204239891,-0.0014837324029241623,-0.0008744224712194223,0.000473436025469543,-0.004072562080543454,-0.0024180696739090728,0.00018715853102161152,-0.004777013229830968,-0.0045194260833925845,-0.0022720940000873894,-0.012692124868101447,-0.010514611244902104,0.00018581246990059659,0.0005028949833786817,0.0003310748523872455,0.0008925887801271459,0.0003194687551616307,0.00012193422537733926,0.0010267133171164696,-0.0006222222846301678,-0.00019068523623317355,0.0010281379010955878,-0.000716569262265788,-0.0004767304311264416,3.317892426291895e-05,-0.005409169599721378,-0.0045021487487070175,-0.0008842858308153767,-0.0011035248685584199,-0.0008717124096889776,2.7224530123977514e-05,-0.003026157716842534,-0.0017091856777693185,-0.00015069728821996033,-0.0040413713611692735,-0.00415473463569219,-0.0004135278775873103,-0.005272103289039932,-0.0062988459899163745,-0.004316050548060152,-0.012489049517305397,-0.011591649085307472,-0.002734249976754805,-0.000620906004181226,0.00012627869513892834,-2.5500639493245464e-05,-0.0006859870056171839,-0.000772194838771308,-0.000999021387771798,-0.0005626031162383289,-0.00047320272198003477,0.00030083975007302904,0.00014887236292468402,5.014434032893629e-05,-5.278367493233449e-05,-0.0004497091325149773,-5.8180780468611426e-05,0.00011772604485028687,-0.00025059717142380763,0.00019808865203298638,0.00048568027221859456,-0.0019611487560651105,-0.0015102110473125907,-0.0021181304736397903,-0.0016296059461870882,-0.0029456683611600214,-0.0040009338806056855,-0.01026604695636419,-0.00015427651998278332,4.903101462888173e-06,0.00022767121485695583,6.509295144380202e-05,0.0007241628735888097,-0.00046765221529570383,-0.0008682830136593958,-0.0004673928973106558,-0.0003485082842205342,-0.0004523714322703359,0.0003543603513447032,4.157373761683151e-05,0.00018655569878461598,-0.00011927714681528454,0.00014863058806151045,0.0019933766265350715,4.1576396701909525e-05,-0.0003972020062544054,0.00013054952704366073,0.0011140252308643594,-0.001036686212221465,-0.0006468002247240379,-0.0006840955838152789,-0.0005057248737830295,0.16991902824464572,0.004500001078094618,0.0045,0.0
74,-0.0014059007782937847,-0.001520905996126222,-0.0012926153383516262,-0.000385429872187125,-0.0003294219092479764,-0.00045591907207870964,-0.001035413034681482,-0.0005757347754636356,-0.001853632487978527,-0.00016408994115540572,-0.001278571047358415,-0.0012110711761153408,-0.0009170374087450595,-0.0012412779702880969,-0.0008521414891680306,-0.0013961718934836333,-0.0005035383773421072,-0.00018715391309087753,-0.0004877548269321496,-0.00039580966601567745,-5.4372583774920576e-05,-0.00022739216385626342,-3.832955017045578e-05,-0.00029871050160471305,-0.00030019608210711757,2.270169147725821e-05,-0.0002722193050736999,-0.0007402115182705377,-0.000230563768422147,-0.0003179446856806905,-0.00016943637695654985,-0.000330303426386073,-0.00014885615683289544,-0.0004304589019315898,-0.0007883446377232048,-0.0005552246671000168,-0.0006760082549927619,-0.0004602902972877359,-0.0005212590036794425,-0.0008369817257950054,-0.0010728493079484257,-0.0010232973815359904,-0.0007618015438150012,-0.0020459595178480457,-0.001942900012507186,-0.0019849874123090538,-0.0008747116041776362,-0.001070672420590642,-0.001344629873936355,-0.0011664757326866808,-0.0007311522583899829,-0.0007804304864595957,-0.0003994720538443196,-0.0008642670648389802,-0.0005400119139761403,-0.0004988560737650829,-0.00024970156722957333,-0.0005119087479142155,-0.00023667345269709594,-0.000267622574534355,-0.0002201971230309566,0.0002175502940137322,9.209942311398872e-06,0.00011128342894736081,1.4096747614692117e-05,-0.000690377822398011,-0.00045931736867658556,-0.0003760254283575717,-0.0009065292847278558,-0.0005452785497264502,-0.0008025843515970795,-0.002944063296263087,-0.0028523608251519532,-1.5350998557218155e-05,-0.0007231301936068853,-0.00020287323887361442,-0.0002952592281349567,-0.0012280120167064022,-0.0007948465662247696,-6.419024560697144e-05,-0.001721474472074898,9.311607235309691e-05,-0.0016513617163097655,-0.0024857801394615802,-0.0022595143875480408,-0.0004994072261791993,-0.004252725389219384,-0.004842508851574723,6.05100055083071e-05,-0.00016799559073275646,-0.00027951408345275634,-0.0006887413739258449,0.00012558146626594967,0.0006342387106599465,0.0002215812286412246,0.0001775258761407747,-9.789436676589091e-05,0.0028137412461086172,-0.00012259363737337207,0.0003302777079876099,0.007703456696547938,-0.0030296569146662775,-0.002666732388262603,-0.0010199028755810491,-0.0009193506020661252,-0.0006203642151004573,-0.00020249536685691243,-0.0026772179734793813,-0.0015622338112641966,4.772615286825157e-05,-0.003616889131454348,-0.0028525765497180713,-0.0014045196848982134,-0.004538516565420302,-0.004724797689160432,-0.004225856539791337,-0.01755777097777397,-0.016021103522885924,-0.0002584811787923087,0.0007093745888456349,0.0004006561429564771,0.001187514547457538,0.0004267344336191835,8.940663804114899e-05,-0.0005673886996392652,-0.00024876294370623417,-0.0005009676530625414,0.0005159683939956836,0.0002227819216826887,0.00044037207070695306,0.0002920782566426514,0.0007333779365678464,0.0006387126342995105,0.0010284923432205425,0.00045869082257383136,0.0005875984920525986,0.0015201078044695573,6.45203921952818e-05,-0.0015340426130094585,0.00052230669265389,0.002173846376232363,0.0035329885765573842,0.0040333048265927054,-0.010492139800827555,0.0010058000389611683,0.0007383296552834911,0.0006837497142443232,0.0011435398463588494,0.001570972845477065,0.0004913710104023246,-0.00014376823932695152,3.737695758966726e-05,-0.00016570449295895162,0.00022084098406864973,0.0004815945955006451,0.0002631774031859812,0.0003248147355059915,0.0005419226591858998,0.0012490062387989112,7.677576177181168e-05,-0.0007829916302522921,-0.0011142194152775635,-0.0011063776177033633,-0.0018623297719691815,-0.0011371286898789852,-0.001757515868585642,-0.0019238781034830498,-0.0017287892082153203,0.16991902824464572,0.04250027775970927,0.0425,0.0
75,-0.0004640625710713767,-0.0025655796196581314,-0.000395551212118098,-3.378606434362462e-05,-0.00019337320921144252,-0.0005343087904205784,0.00030787807842953043,-0.00022903327220994563,-0.0018148899767338677,0.00012690519560192256,-0.001441286353510286,-0.0011757713864782974,0.0003895135841735155,-0.0011293772353685708,-0.0008998980598510835,-0.0009704614629482709,-0.0007321727512143377,-0.0013594990229831468,-0.0007295576831128078,-0.0010457037326804244,-0.0009519563749398035,-0.0007975610279499301,-0.0007262399091543462,-0.0009147588351800313,-0.0008419046690839891,-0.0012769494526533058,-0.0011626112948376933,-0.0010173763197592668,-1.4591311399146674e-05,-0.00027316815461599813,0.000247724061076816,-0.00015979516944034352,-0.0007647332715427237,-0.00020186605220776741,-0.00014495381169008162,-0.0008087743478886192,-0.00031702969525121736,-0.0009508613771267526,-0.0007488566750449943,-0.00046947840754688877,-0.0007275658679299179,-7.372537315385768e-05,0.0006540524721730138,-0.0017926588760310285,-0.001967619829897292,-0.0019267336956841372,-0.0017406634665907772,-0.001553716865225049,-0.001992815579057558,-0.0014792232660000276,-0.001452478446899491,-0.0009234947386843095,-0.0013203879778847976,-0.0008088816924719757,-0.0010161192530395889,-0.0007934383136408539,-0.00025481419156420695,-0.00019716875078097044,-0.00023908311693029966,-6.182339504368874e-05,-3.195394584443124e-05,-0.00021067957077184317,-0.0002520929405972325,-0.00016291463145128441,-0.0001857686155366956,-0.0009023194684071984,-0.00015548956376743974,-0.000771001142980333,-9.272463023972896e-05,-0.0005466520031835485,0.0007313198956669651,0.0026378750140426933,0.002208701782770258,0.0007281478086820383,0.0004480320265572866,0.0007798956967107208,0.00037065668099217153,-0.00048630477701774925,-0.0012842623251834,0.00020279767249815054,-0.0021767413144529973,-0.001576410958283309,-0.0005776919446682751,-0.003373798765112127,-0.0028714748613003064,-0.0022512922061172485,-0.009657469286450048,-0.009447128718359088,7.553681389134739e-05,-0.0002790804206820134,0.00019300267444552073,3.770957246661539e-05,0.0004700614267198277,0.0006669588104344319,8.283838055660916e-05,-0.0001237811546135888,-7.367345454417069e-05,0.00015466217885437152,-0.0007070935948023995,-0.0007442372451668839,-0.0002872563990850468,-0.006809558538101743,-0.00600618592349777,-0.00035569063552832694,-0.0001496700396406465,-0.00020163215936524074,0.00014404806033147468,-0.0017657336319665128,-0.0006848712779929239,-0.0004258785825744892,-0.00214154299203313,-0.0016628234464130865,-0.00124099553711181,-0.0035918828286625637,-0.0041485500362349525,-0.0027283031719517645,-0.015400198840289148,-0.013718246970773519,0.0022156987266256267,-0.0006463045184749231,5.3817322551679576e-05,-0.00045102459657316496,-0.0003604043267217944,-0.0002871426503529584,-0.0011593684268173786,-0.0009945045333629747,-0.0006139215496175096,3.041527742834674e-07,-3.5317193458308097e-05,0.00023071041854766798,-5.2317513823113845e-05,0.000409816685430262,-0.000512858235700155,-0.0003906589005705024,-0.0004763615431352576,-0.00023041348881600336,-0.0003279557016041819,0.00016808979356354721,-0.0003031745531387368,0.0017145276235379162,0.0011198638643134867,0.0022757862349624134,0.0009636339368722212,-0.0011951251897092076,-0.0003153606724694683,-0.0008692996858379394,-0.0005083353248232144,-0.0006237450143619352,-0.0003315789313428448,-0.000387675989203672,-0.0007335063676432899,-0.0003787308125464489,-0.0009875003482914162,-0.00020312194653385526,0.00023485601411281633,0.0002301326326205839,0.00015973595343713525,0.00012357851331470246,0.0001432270960821879,-0.0007729430981194297,-0.0008884308554321688,-0.0009050864686836164,-0.0011505822372570955,-0.0012340242464508244,-0.00015866867748644872,0.00016429732326493627,0.00042939934669001,0.0006118694875028744,0.16991902824464572,0.025499997851072514,0.0255,0.0
76,-0.0020625326505408206,-0.016235976933600117,-0.005128145488913192,0.00021521945168517817,-3.69105959549315e-05,0.0006308630420150932,0.0008254723729715915,0.00016241252932654594,-0.0012820596416446774,-0.0006017225452313071,-0.0049988680696134115,-0.004249568406118486,0.0014287674032194152,-0.0043935452882833915,-0.00527090296384915,-0.0047715262350871614,-0.004272591612950237,-0.006075627149279394,-0.004717657074716609,-0.005071760256626873,-0.006188615799182971,-0.004995635174360498,-0.006088055357718301,-0.005174666937812907,-0.005491338985718477,-0.00607833867766881,-0.005325944364072873,-0.006508925087675761,-0.00014315454413293328,-0.00027742310552649125,-0.00017632239923498944,-0.0004933841110968506,-0.000500813666473758,-0.0005353938551982312,-0.0005669415621537615,-0.0009552205536560297,-0.0007365756994452603,-0.0006131600376032348,-0.0010788269439536435,-0.0007599780703505585,-0.0007488673685013457,-0.0012454559179152645,-0.0010952541395998002,-0.0020606579135300515,-0.0017613828161478695,-0.0015184102178986655,-0.002002722513330213,-0.0023394650042689647,-0.0017038259373877566,-0.002369012656139036,-0.0018005606340771026,-0.0030481433919914208,-0.0032088539125870014,-0.0016644013140365795,-0.0024512655312118876,-0.0026549909119918907,-0.002322714623957437,-0.00041477211741854645,-8.494748754453385e-05,-1.3841082191040757e-05,-1.8012790823663766e-05,-0.00019403511998435596,-0.00010039839868059958,-6.164736139418109e-05,-0.00011926638357342456,-4.9818409233029574e-05,4.141005337039064e-06,-0.00011497178141903693,4.408132196637143e-05,-0.00010650957337599441,-8.631981862743714e-05,0.0007001397261351959,0.0005605615401590396,0.00010380537889378677,0.0001608185847679202,0.00019228008808216038,-7.33143698801017e-05,0.0009161836699336728,0.000939274467800284,7.438563858393354e-05,0.0009463322691037079,0.0009153710755946462,-0.00015202123986623548,0.000816005902252857,0.0004167410803853514,0.0005283868885561858,0.004155234228705049,0.0041769687369292464,0.00014544243275570523,8.111935666337273e-05,0.00021266475331519624,9.396236068118695e-05,0.0005581429243343746,0.0009134528426900548,0.0005939106445375846,0.0005646260417818563,0.0008236282209690952,0.0005789706493639304,0.0012925838585653951,0.0012819846093554369,0.0013997254619242275,0.006653185186791899,0.005405024283979917,0.0008905252203253915,0.0008453820431474192,0.0011420303829850463,0.0017243674008117365,0.0018417686317739237,0.002189693221251353,0.0018150539313776049,0.002413335616137615,0.0016652891478428876,0.0018308997831179175,0.0028659134787097137,0.002864182599434016,0.0035738402141089914,0.010585842025208717,0.010364911605568183,0.001440476970120439,-0.0005017030420749837,-0.0007972382431373918,-0.0023420116731178446,-0.0005882099493588176,-0.0005433786912807362,-0.0003936591201046595,-0.0008832470566878305,-0.0012167273623951663,-0.0008586031028281786,-0.000980853711713274,-0.0012897587821705484,-0.0017360210246213912,-0.0008340948983409657,-0.0030780365253449435,-0.004314317343145098,-0.004780473092825719,-0.004545274413745856,-0.0038274461251214093,0.0008731609672764047,-0.0003551804154043304,-0.00023293544612727616,-0.0007903574129761097,-0.0004489710453837944,0.0005710190064052883,0.005334608121099054,-0.0023959285285292497,-0.005506718753765152,-0.004536944012813705,-0.004769468771658565,-0.00458788930582582,-0.0006029604733902225,-0.0006426189112110401,-0.0008301176540623125,-0.0007008717892814766,-0.0011304305246765784,-0.0013583776129263514,-0.000640518107686507,-0.0021642115066777177,-0.0017551097062927581,-0.0019533850496128973,-0.00040985921640570384,-0.00037198258790201985,-0.0007135383561799635,-0.0010333326950515405,-0.0024913027571721504,-0.007539577012955658,-0.006639303833139782,-0.005506398658322549,-0.006199883590548033,0.16991902824464572,0.0070000001634362985,0.007,0.0
77,-0.0019224814840047787,-0.005417808094055149,-0.0012335120208022338,0.0005763040553917476,-0.0004076929174908658,0.0003381095010734241,7.515855000432899e-05,-3.4917868516056496e-05,-0.0015834325402415562,-0.0008683142852815193,-0.000720958278070764,-0.0009320041733322377,0.0009617098322369178,-0.0008228775373129375,-0.0013657140030825952,-0.000911307489851594,-0.0016700900520525822,-0.0014962711074263198,-0.0015710846306719627,-0.0015451168006121762,-0.0016459344756158743,-0.000997138906000242,-0.0019816046639553712,-0.0016188895287061705,-0.0013856790719947735,-0.0012066362546824538,-0.0014476021040509845,-0.0016243641051947445,-0.0009330148950072897,-0.0007090618271437703,-0.000491536153723538,-0.0010667341203553133,-0.0014709948757776147,-0.0011607100462345547,-0.0009932588754493603,-0.0017571631079034515,-0.001581972810121858,-0.0010166071308103113,-0.001521644436522893,-0.001620304015897282,-0.0011189499102383126,-0.000882390277502124,-0.0011611607083525388,-0.001426483981818462,-0.001063416882201606,-0.0012468038269570847,-0.0012381648473441251,-0.0014041111184380243,-0.0012737277199537471,-0.0013158793368130432,-0.0013926625071732936,-0.0017041599981466398,-0.0013268476571530916,-0.0011605434114520562,-0.0018367589044262658,-0.0007883082246655313,-0.0014123017724454693,-0.0018603976075823353,-0.0004900990980168801,-0.0004720148723925028,-0.0005445525017862799,-8.882068262184892e-05,-0.0006932237405232481,-0.0007784345571945438,-0.0005645880948127732,-0.001018071040211053,-0.0007540012262796365,-0.0003787164198043699,-0.0010521678345065363,-0.0016058929416317206,-0.00030157354181947966,-0.0008719771009260147,-0.0006650668830736212,-3.095375814950108e-05,-0.00017149964735053497,0.0003245952909170179,0.0004799348256824184,0.00013591196641414953,-3.25966931031734e-05,-9.974645872293276e-05,-0.0007482558029530061,-0.0003944019895326332,1.536925491844196e-05,-0.0013657006650109828,-0.00014167223023246476,0.001210155953261863,0.00010161289016232184,-6.852989633927401e-05,0.0005888088972091358,0.0005259584877776342,0.0005341375992714021,0.0001442687864527103,0.0006897884955724073,0.0006518473780262652,0.00012149825570518003,0.00036278182425681933,0.0005251568284886377,0.00012487419117680393,0.0003713792861615497,0.0008019069903141055,0.0005250601728416962,0.004446034432381396,0.00434929682929252,0.0013163451601487413,0.0009537358028588468,0.0010534633853727918,0.0011055159407422788,0.0007828313101964742,0.0018176893000628129,0.0018083897948088978,0.0009263300723513756,0.0018832276965532768,0.001696425713195639,0.0022021480706414668,0.0024614065433111146,0.0034277861086217066,0.006055955925431719,0.006942930959163566,-0.0021885502495185834,-0.0028849624004633617,-0.002440350000864503,-0.0011963280818427923,-0.0021956833106034474,-0.002219568108456527,-0.0024073367858345137,-0.002545023510053828,-0.002959075880676168,-0.0020126619041083657,-0.0015613603564863117,-0.0015668486540798576,-0.0019312593940514113,-0.0019240985055592001,-0.001273167488020886,-0.0011034941953159537,-0.001531976701906508,-0.0013151492850757083,-0.0012002847844447375,0.0010046794881751297,-0.0006377803402478958,-0.001998939492433361,-0.001953149199907308,-0.001368848729203935,-0.0018520097616570353,-0.00413288037836285,-0.00140745865114702,-0.0010471363397679297,-0.001183381936903647,-0.0011659190920004772,-0.0014510922825788153,-0.0022859583332791645,-0.0022520965417190467,-0.002117905093257262,-0.0024575420956492143,-0.002885332733953939,-0.001654614194466169,-0.001842509201959736,-0.00199571950745465,-0.0013961719000895525,-0.0019495888483180338,-0.0010227138415474285,-0.002457494645013581,-0.0035356434455634856,-0.004658962361345417,-0.009994165503738628,-0.00198925883589928,-0.0021017106853623312,-0.0019184836445105052,-0.0014878544692376518,0.16991902824464572,0.03399998734972254,0.034,0.0
78,-0.0010806061691894908,-0.0019562130248338477,-0.00025459125964329377,-0.00016266636255815717,0.0012472168612380065,-0.0007224381223766847,-0.0010730661877870373,-0.000996085798901971,-0.0028061438759227806,-0.00019328126373825794,-0.0017132997470136872,-0.0015691883220579708,-0.00195816802094753,-0.0014778325594332973,-0.0014798424061412733,-0.0012133485111338524,-0.0007205106583039422,-0.0009972310155075472,-0.001148736815849592,-0.0007612497466284306,-0.0009334151984652279,-0.0008111016827410156,-0.0004808056389735117,-0.0008345316559900672,-0.000419872511823844,-0.0005504027825264436,8.781286498311094e-05,-0.00031081110532974344,-8.480384360607683e-05,-0.00019043296389491967,-8.761073662983262e-05,-6.167914723738387e-05,-0.00033492043735616414,-0.0005444664491141898,-0.00031182722682107406,-0.0007233667800862842,-0.0001763732324706527,-0.0003440302935158955,-0.00025820818201421333,-0.0005366497714834475,-0.0002726404279285922,-0.0001768778405747597,-0.0004942143406184632,-0.0022585580679746783,-0.00219087378466466,-0.002961405482991531,-0.001315693665725698,-0.0013903225612862458,-0.0017025690363563848,-0.0016796238104725316,-0.001981443214560622,-0.0013059824631104007,-0.0017105099866081594,-0.0011950992143972526,-0.0011371400109317865,-0.0015318319734666979,-0.000670005010662226,-0.000361702629835763,0.0008308205658077215,0.0008333712779915125,0.0007732426130717889,-0.000737838641513342,7.460218243409972e-05,-5.194651820610827e-06,-0.00048760086113628097,-0.0007835194650698718,-0.0008895563470550042,3.2592135109992444e-05,-0.0008710257947233246,-0.000508451758285064,-0.0003389137489788185,-0.0019536058544070123,-0.0012224353150393017,-0.00030470388391225754,0.00013294760729142598,-0.00021779215742740574,-0.00022318376381406845,-0.0011306463638649318,-0.001351298549255501,-0.0005915615160209122,-0.0026417355207113856,-0.0019997228760101743,-0.001725620466708853,-0.0042504962371944024,-0.0036972391551862915,-0.0005565317773383841,-0.008466750026100839,-0.009461231592909049,3.222060777646264e-06,0.00010118300187548264,0.00022324265655645792,-0.00028347301946916257,-0.0003652204731628238,-0.0003269130700617393,-0.00033783402504396144,-0.0008060524686343307,-0.0005299345712900152,-0.0010790318137016868,-0.0015451056119959593,-0.0013276133882312569,-0.00017180668434406713,-0.0052880609164684695,-0.0049048962283551245,-0.000993833478350028,-0.0014888440239733956,-0.001450858446686133,-0.00014553199557039656,-0.002645551535819072,-0.0018156130537685924,0.00025274216690075984,-0.002114874277684975,-0.002259560166315619,-0.0015014731883819749,-0.004247398561575532,-0.0037003041116729176,-0.0023150225324159238,-0.011540179685835476,-0.011220642778683333,-0.0038818202783625433,-1.2544680954458401e-05,0.0006264895344073498,0.0012528463036724157,-0.0002071433589201236,-0.0003992141693157343,-0.0004345323996747929,-0.00033195183719413594,-0.0006118764596152806,0.000589200460556309,0.0005897388229305096,6.662362945219861e-06,0.0005868512590055134,0.0013539229865243618,0.000998046038712781,0.0011139223392010443,0.0006105377475583704,0.0007127821500576806,0.0014850439406994464,-0.0005332071031681272,-0.003122949284834664,-0.002143981214701547,0.0013621452919068942,0.0027467437466346797,0.0023118735482610736,0.0006112940667367373,0.0007036175109021395,0.0009074737229019763,0.0009102953656801355,0.00039320408550573777,0.001321811169472647,7.048549945930653e-05,-0.00044014350306726004,-0.00030863604419552066,-0.00037971830970101757,-0.00044332005635006354,0.0005846716118511647,0.0005545681328853298,0.0003346925986915024,0.0010267387500191593,0.0011433889097346459,-0.0008512685447184268,-6.16425732507139e-05,0.00022357119364670237,-8.343746018777172e-06,-0.0012107388304591407,0.008382304844550503,-0.005422256522858845,0.006037591167909622,0.0056794285661781185,0.16991902824464572,0.03550008958833151,0.0355,0.0
79,-0.001644205726737914,-0.0014935741162532992,-0.0037799360980395615,-0.00021636557628904033,-0.0001456946452982602,0.00032154993308215675,0.0006941239718724254,0.0004671218008389937,-0.0008153593746983663,-0.0015007682060635206,-0.002228306713125668,-0.0018955217377616318,0.0010419368303075474,-0.0014506439907495136,-0.0019403282858324884,-0.0021256665744432634,-0.0018554737353805564,-0.0021302771498423177,-0.002078186698321982,-0.0017086700736859712,-0.0014974977361432507,-0.0014785963644858918,-0.0015145291995540934,-0.001576730579705663,-0.0020052569181636722,-0.0015881154081367073,-0.0017333252929900744,-0.0016992417356115892,-0.0015596906746625362,-0.001971782389013127,-0.0017376882067932087,-0.0020116902869330377,-0.002440115700972367,-0.0015083639019051814,-0.0016017109521705845,-0.001978878855691984,-0.0017548041416800887,-0.0018042777698458717,-0.002392072417124467,-0.001980637296900431,-0.0023245420779355454,-0.0024246229972881206,-0.003254375055451775,-0.0010229573289996454,-0.0012702393715585411,-0.0007914239261868828,-0.000925017081806979,-0.0008316972375142032,-0.0014470182476441886,-0.0009973631736397888,-0.001569664458361849,-0.001230421826220534,-0.0013157448734985803,-0.0011308413497017275,-0.00152038032876399,-0.001253890281155365,-0.002384788748321904,-0.0018508574873633877,-0.00016561820303706427,-0.00012273208696943246,-0.00024633208424252527,-0.0002404727799419314,-0.0006890758968257486,-0.0004066144271949212,-0.0005271441493829771,-0.0004790174918280884,-0.0009016133897739902,6.498493869623983e-07,-0.0005930036221328813,-0.0006013562903090106,-0.0003358999562258116,0.00019553809375493652,-0.0002867886473282753,0.0004927229327181393,0.0006040518410610578,0.0006018111078993652,6.0429914921189225e-05,0.0017497610152565634,0.0012200386415908784,0.0004809785604534182,0.0017702497072837567,0.0015831373762024141,0.0005214017927295047,0.0026458317562332123,0.0023039484562583897,0.0017494371014278986,0.007269719052982512,0.007078057639129644,0.0003487736513958247,0.0003848352258957775,0.00021433684112400031,-0.0002676456509158139,0.0005748199171294117,0.0004368198008043958,1.116515918594511e-05,-0.00024076906108244918,-0.00016928616060387391,-0.0007000506501611454,-0.00038540182863535966,-9.527025225852611e-05,-0.0008080338941590301,0.004320354420859155,0.0032776644670324795,0.0016203973554509343,0.0014722557443053305,0.0015529361417353773,0.0016907784387178476,0.0027376136208301606,0.0023622722078691567,0.0010452981185152144,0.0019870798100359954,0.0023671401659423976,0.0016558706135649832,0.00294923287272789,0.0027558958290217297,-0.0031262037412793896,0.0038019358957794794,0.0031286013015633645,-0.0007917627150939742,-0.001357239769907858,0.000715772488507362,0.0003369139135465148,-0.0004881035943768419,-0.0002384503852062692,-0.00039863538910234366,-8.893537834342953e-05,-0.0009667693480866906,0.0004844047792690844,0.0005445879376107382,0.00030880954482091533,-0.0007066827227579465,-0.0066324288211209,-0.00019499217298454512,-0.00025030753576792017,-0.00031715262038253285,-0.0014035996428028083,-0.00337249462496418,6.88464106663547e-05,0.00033190672682031387,-0.0024903727022758467,-0.003006128030700133,-0.002548380302856256,-0.0030577181585839603,-0.0013893257441196748,-0.0009929938295541662,-0.001021722843841133,-0.0011294239936279424,-0.0014926111386470908,-0.002824765967689895,-0.00035576803456713844,-0.00025648108998770503,-0.00031541850842170543,-0.0005323821164411369,-0.0005539660456302813,0.0013220038350392647,7.371946362196432e-05,-4.725164207280825e-05,-0.00024486997616099653,-0.0064001613789804734,-0.0010487587773977492,-0.0020780064271539627,-0.0030052951946586376,-0.0028387105993502772,-0.008524675362418382,0.0040402047093256845,0.000430439996476828,0.0008963951372192787,0.001119294564551154,0.16991902824464572,0.08899999949425495,0.089,0.0
