,Mouse_nose_to_tail,Mouse_head_to_tail,Mouse_Ear_distance,Movement_mouse_nose,Movement_mouse_tail_base,Movement_mouse_left_ear,Movement_mouse_right_ear,Movement_mouse_head_base,M1_largest_euclidean_distance_hull,M1_smallest_euclidean_distance_hull,M1_mean_euclidean_distance_hull,M1_sum_euclidean_distance_hull,Total_movement_all_bodyparts_M1,Mouse1_mean_euclid_distances_median_2,Mouse1_mean_euclid_distances_mean_2,Mouse1_mean_euclid_distances_sum_2,Mouse1_mean_euclid_distances_median_5,Mouse1_mean_euclid_distances_mean_5,Mouse1_mean_euclid_distances_sum_5,Mouse1_mean_euclid_distances_median_6,Mouse1_mean_euclid_distances_mean_6,Mouse1_mean_euclid_distances_sum_6,Mouse1_mean_euclid_distances_median_7.5,Mouse1_mean_euclid_distances_mean_7.5,Mouse1_mean_euclid_distances_sum_7.5,Mouse1_mean_euclid_distances_median_10,Mouse1_mean_euclid_distances_mean_10,Mouse1_mean_euclid_distances_sum_10,Mouse1_smallest_euclid_distances_median_2,Mouse1_smallest_euclid_distances_mean_2,Mouse1_smallest_euclid_distances_sum_2,Mouse1_smallest_euclid_distances_median_5,Mouse1_smallest_euclid_distances_mean_5,Mouse1_smallest_euclid_distances_sum_5,Mouse1_smallest_euclid_distances_median_6,Mouse1_smallest_euclid_distances_mean_6,Mouse1_smallest_euclid_distances_sum_6,Mouse1_smallest_euclid_distances_median_7.5,Mouse1_smallest_euclid_distances_mean_7.5,Mouse1_smallest_euclid_distances_sum_7.5,Mouse1_smallest_euclid_distances_median_10,Mouse1_smallest_euclid_distances_mean_10,Mouse1_smallest_euclid_distances_sum_10,Mouse1_largest_euclid_distances_median_2,Mouse1_largest_euclid_distances_mean_2,Mouse1_largest_euclid_distances_sum_2,Mouse1_largest_euclid_distances_median_5,Mouse1_largest_euclid_distances_mean_5,Mouse1_largest_euclid_distances_sum_5,Mouse1_largest_euclid_distances_median_6,Mouse1_largest_euclid_distances_mean_6,Mouse1_largest_euclid_distances_sum_6,Mouse1_largest_euclid_distances_median_7.5,Mouse1_largest_euclid_distances_mean_7.5,Mouse1_largest_euclid_distances_sum_7.5,Mouse1_largest_euclid_distances_median_10,Mouse1_largest_euclid_distances_mean_10,Mouse1_largest_euclid_distances_sum_10,Tail_base_movement_M1_median_2,Tail_base_movement_M1_mean_2,Tail_base_movement_M1_sum_2,Tail_base_movement_M1_median_5,Tail_base_movement_M1_mean_5,Tail_base_movement_M1_sum_5,Tail_base_movement_M1_median_6,Tail_base_movement_M1_mean_6,Tail_base_movement_M1_sum_6,Tail_base_movement_M1_median_7.5,Tail_base_movement_M1_mean_7.5,Tail_base_movement_M1_sum_7.5,Tail_base_movement_M1_median_10,Tail_base_movement_M1_mean_10,Tail_base_movement_M1_sum_10,Head_base_movement_M1_median_2,Head_base_movement_M1_mean_2,Head_base_movement_M1_sum_2,Head_base_movement_M1_median_5,Head_base_movement_M1_mean_5,Head_base_movement_M1_sum_5,Head_base_movement_M1_median_6,Head_base_movement_M1_mean_6,Head_base_movement_M1_sum_6,Head_base_movement_M1_median_7.5,Head_base_movement_M1_mean_7.5,Head_base_movement_M1_sum_7.5,Head_base_movement_M1_median_10,Head_base_movement_M1_mean_10,Head_base_movement_M1_sum_10,Nose_movement_M1_median_2,Nose_movement_M1_mean_2,Nose_movement_M1_sum_2,Nose_movement_M1_median_5,Nose_movement_M1_mean_5,Nose_movement_M1_sum_5,Nose_movement_M1_median_6,Nose_movement_M1_mean_6,Nose_movement_M1_sum_6,Nose_movement_M1_median_7.5,Nose_movement_M1_mean_7.5,Nose_movement_M1_sum_7.5,Nose_movement_M1_median_10,Nose_movement_M1_mean_10,Nose_movement_M1_sum_10,Total_movement_M1_median_2,Total_movement_M1_mean_2,Total_movement_M1_sum_2,Total_movement_M1_median_5,Total_movement_M1_mean_5,Total_movement_M1_sum_5,Total_movement_M1_median_6,Total_movement_M1_mean_6,Total_movement_M1_sum_6,Total_movement_M1_median_7.5,Total_movement_M1_mean_7.5,Total_movement_M1_sum_7.5,Total_movement_M1_median_10,Total_movement_M1_mean_10,Total_movement_M1_sum_10,Total_movement_all_bodyparts_deviation,M1_smallest_euclid_distances_hull_deviation,M1_largest_euclid_distances_hull_deviation,M1_mean_euclid_distances_hull_deviation,Mouse1_smallest_euclid_distances_mean_2_deviation,Mouse1_smallest_euclid_distances_mean_5_deviation,Mouse1_smallest_euclid_distances_mean_6_deviation,Mouse1_smallest_euclid_distances_mean_7.5_deviation,Mouse1_smallest_euclid_distances_mean_10_deviation,Mouse1_largest_euclid_distances_mean_2_deviation,Mouse1_largest_euclid_distances_mean_5_deviation,Mouse1_largest_euclid_distances_mean_6_deviation,Mouse1_largest_euclid_distances_mean_7.5_deviation,Mouse1_largest_euclid_distances_mean_10_deviation,Mouse1_mean_euclid_distances_mean_2_deviation,Mouse1_mean_euclid_distances_mean_5_deviation,Mouse1_mean_euclid_distances_mean_6_deviation,Mouse1_mean_euclid_distances_mean_7.5_deviation,Mouse1_mean_euclid_distances_mean_10_deviation,Movement_mouse_nose_percentile_rank,Movement_mouse_head_base_percentile_rank,Total_movement_M1_mean_2_percentile_rank,Total_movement_M1_mean_5_percentile_rank,Total_movement_M1_mean_6_percentile_rank,Total_movement_M1_mean_7.5_percentile_rank,Total_movement_M1_mean_10_percentile_rank,Mouse1_mean_euclid_distances_mean_2_percentile_rank,Mouse1_mean_euclid_distances_mean_5_percentile_rank,Mouse1_mean_euclid_distances_mean_6_percentile_rank,Mouse1_mean_euclid_distances_mean_7.5_percentile_rank,Mouse1_mean_euclid_distances_mean_10_percentile_rank,Mouse1_smallest_euclid_distances_mean_2_percentile_rank,Mouse1_smallest_euclid_distances_mean_5_percentile_rank,Mouse1_smallest_euclid_distances_mean_6_percentile_rank,Mouse1_smallest_euclid_distances_mean_7.5_percentile_rank,Mouse1_smallest_euclid_distances_mean_10_percentile_rank,Mouse1_largest_euclid_distances_mean_2_percentile_rank,Mouse1_largest_euclid_distances_mean_5_percentile_rank,Mouse1_largest_euclid_distances_mean_6_percentile_rank,Mouse1_largest_euclid_distances_mean_7.5_percentile_rank,Mouse1_largest_euclid_distances_mean_10_percentile_rank,Tortuosity_Mouse1_2,Tortuosity_Mouse1_5,Tortuosity_Mouse1_6,Tortuosity_Mouse1_7.5,Tortuosity_Mouse1_10,Sum_probabilities,Sum_probabilities_deviation,Sum_probabilities_deviation_percentile_rank,Sum_probabilities_percentile_rank
0,192.6251983642578,146.39759826660156,8.445500373840332,25.100099563598633,4.995999813079834,6.325699806213379,20.303499221801758,19.15130043029785,192.6251983642578,8.445500373840332,82.36380004882812,1647.2752685546875,75.87660217285156,82.9166030883789,82.9166030883789,165.8332061767578,84.84619903564453,85.20539855957031,426.0271911621094,85.65260314941406,90.06809997558594,540.4088134765625,86.45899963378906,98.48280334472656,689.3798217773438,101.63520050048828,115.5791015625,1155.791015625,10.42770004272461,10.42770004272461,20.85540008544922,9.006099700927734,9.535799980163574,47.67900085449219,8.725799560546875,9.177200317382812,55.06330108642578,8.445500373840332,8.920299530029297,62.442298889160156,10.122200012207031,18.467599868774414,184.67579650878906,192.58120727539062,192.58120727539062,385.16229248046875,197.2429962158203,198.56460571289062,992.8228149414062,201.15460205078125,203.07179260253906,1218.4307861328125,205.06629943847656,213.07260131835938,1491.5078125,215.47959899902344,225.6956024169922,2256.95654296875,5.874300003051758,5.874300003051758,11.748600006103516,4.995999813079834,5.365300178527832,26.826499938964844,4.832499980926514,4.920599937438965,29.523300170898438,4.995999813079834,5.117199897766113,35.82040023803711,5.178800106048584,4.820199966430664,48.20180130004883,21.35379981994629,21.35379981994629,42.707698822021484,14.468600273132324,14.133000373840332,70.66490173339844,11.90779972076416,13.33530044555664,80.01190185546875,14.468600273132324,14.413299560546875,100.89309692382812,9.006400108337402,11.391300201416016,113.91290283203125,28.344200134277344,28.344200134277344,56.68830108642578,25.15760040283203,34.46929931640625,172.34629821777344,28.372900009155273,43.03099822998047,258.1861877441406,25.22260093688965,40.48699951171875,283.4088134765625,25.1289005279541,28.340900421142578,283.4088134765625,94.46790313720703,94.46790313720703,188.93580627441406,90.8550033569336,88.89800262451172,444.4901123046875,101.95709991455078,94.74230194091797,568.45361328125,113.05909729003906,115.82160186767578,810.7515869140625,98.0824966430664,94.95770263671875,949.5772705078125,-65.54209899902344,7.847099781036377,-24.98430061340332,-6.677700042724609,5.8649001121521,6.756999969482422,7.115600109100342,7.372600078582764,-2.1744000911712646,-24.941600799560547,-30.927000045776367,-35.434200286865234,-45.43510055541992,-58.06129837036133,-7.231100082397461,-9.52079963684082,-14.383500099182129,-22.798200607299805,-39.895301818847656,0.9929999709129333,0.9957000017166138,-84.1333999633789,-78.56639862060547,-84.4113998413086,-105.49130249023438,-84.62460327148438,-7.231100082397461,-9.52079963684082,-14.383500099182129,-22.798200607299805,-39.895301818847656,5.8649001121521,6.756999969482422,7.115600109100342,7.372600078582764,-2.1744000911712646,-24.941600799560547,-30.927000045776367,-35.434200286865234,-45.43510055541992,-58.06129837036133,36.774600982666016,129.54490661621094,159.00970458984375,189.29559326171875,255.4591064453125,2.2128000259399414,1.805400013923645,0.9887999892234802,0.9887999892234802
1,108.47669982910156,89.75409698486328,28.945499420166016,0.337799996137619,0.3310999870300293,0.0,0.0066999997943639755,0.3310999870300293,108.47669982910156,15.420999526977539,54.799400329589844,1095.98876953125,1.006700038909912,54.76490020751953,54.76490020751953,109.52989959716797,54.799400329589844,54.782501220703125,273.91229248046875,54.77199935913086,54.74399948120117,328.4638977050781,54.744598388671875,54.69990158081055,382.8994140625,54.64099884033203,51.37950134277344,513.79541015625,15.256799697875977,15.256799697875977,30.513500213623047,15.092599868774414,15.159600257873535,75.79779815673828,15.092599868774414,15.138500213623047,90.83110046386719,15.092599868774414,15.123499870300293,105.8644027709961,15.046099662780762,15.094599723815918,150.94590759277344,108.42289733886719,108.42289733886719,216.8459014892578,108.47669982910156,108.4646987915039,542.3236083984375,108.42289733886719,108.37259674072266,650.235595703125,108.36920166015625,108.26689910888672,757.8685913085938,108.1406021118164,101.51809692382812,1015.181396484375,0.3343999981880188,0.3343999981880188,0.6689000129699707,0.3310999870300293,0.26759999990463257,1.3378000259399414,0.3310999870300293,0.22300000488758087,1.3378000259399414,0.3310999870300293,0.19110000133514404,1.3378000259399414,0.3343999981880188,11.614100456237793,116.14119720458984,0.1656000018119812,0.1656000018119812,0.3310999870300293,0.0,0.06620000302791595,0.3310999870300293,0.0,0.0551999993622303,0.3310999870300293,0.0,0.04729999974370003,0.3310999870300293,0.0,0.15489999949932098,1.548699975013733,0.1688999980688095,0.1688999980688095,0.337799996137619,0.0066999997943639755,0.13650000095367432,0.6822999715805054,0.1688999980688095,0.1688999980688095,1.0133999586105347,0.3310999870300293,0.19300000369548798,1.351199984550476,0.3310999870300293,0.5037000179290771,5.0366997718811035,0.8378000259399414,0.8378000259399414,1.6756000518798828,0.6822999715805054,0.7378000020980835,3.688999891281128,0.675599992275238,0.6700000166893005,4.020100116729736,0.6689000129699707,0.6226000189781189,4.357900142669678,0.8378000259399414,12.909099578857422,129.09129333496094,9.894499778747559,1.719499945640564,60.42720031738281,21.822999954223633,1.8839000463485718,1.9816999435424805,2.0028998851776123,2.0181000232696533,2.0476999282836914,60.49100112915039,60.479698181152344,60.581600189208984,60.696800231933594,67.4719009399414,21.8617000579834,21.856800079345703,21.89929962158203,21.94729995727539,25.278499603271484,0.25850000977516174,0.2915000021457672,10.06309986114502,10.162599563598633,10.230199813842773,10.27750015258789,-2.0090999603271484,21.8617000579834,21.856800079345703,21.89929962158203,21.94729995727539,25.278499603271484,1.8839000463485718,1.9816999435424805,2.0028998851776123,2.0181000232696533,2.0476999282836914,60.49100112915039,60.479698181152344,60.581600189208984,60.696800231933594,67.4719009399414,42.9718017578125,42.9718017578125,42.9718017578125,42.9718017578125,42.9718017578125,3.872299909591675,0.16680000722408295,0.7067000269889832,0.7067000269889832
2,205.0334014892578,154.01300048828125,35.83140182495117,1.2067999839782715,0.0,1.2086000442504883,0.6754999756813049,0.0,205.0334014892578,19.97369956970215,90.78690338134766,1815.7386474609375,3.0910000801086426,90.67279815673828,90.67279815673828,181.345703125,90.55879974365234,90.54850006103516,452.7427062988281,90.55899810791016,90.55079650878906,543.3046264648438,90.55909729003906,90.56279754638672,633.9398803710938,90.51809692382812,90.48999786376953,904.9003295898438,19.6471004486084,19.6471004486084,39.29410171508789,18.835800170898438,19.08139991760254,95.4072036743164,19.00029945373535,19.095300674438477,114.5718994140625,19.16469955444336,19.186500549316406,134.30560302734375,19.23900032043457,19.171899795532227,191.718994140625,204.87240600585938,204.87240600585938,409.74468994140625,204.92709350585938,204.86839294433594,1024.3421630859375,204.9427032470703,204.89109802246094,1229.346435546875,204.9582977294922,204.91769409179688,1434.4237060546875,204.98109436035156,204.98049926757812,2049.80517578125,0.1656000018119812,0.1656000018119812,0.3310999870300293,0.3310999870300293,0.2012999951839447,1.006700038909912,0.1656000018119812,0.16779999434947968,1.006700038909912,0.3310999870300293,0.19210000336170197,1.3444000482559204,0.337799996137619,0.2759000062942505,2.758699893951416,0.0,0.0,0.0,0.3310999870300293,0.46619999408721924,2.3310999870300293,0.5,0.5562999844551086,3.3378000259399414,0.6689000129699707,0.7444000244140625,5.2108001708984375,1.0032999515533447,1.0124000310897827,10.124099731445312,0.934499979019165,0.934499979019165,1.86899995803833,0.6621999740600586,0.588699996471405,2.94350004196167,0.7027999758720398,0.6489999890327454,3.894200086593628,0.743399977684021,1.1259000301361084,7.88129997253418,1.0787999629974365,1.947100043296814,19.470800399780273,2.8415000438690186,2.8415000438690186,5.68310022354126,2.592099905014038,2.7860000133514404,13.930100440979004,2.8415000438690186,3.268399953842163,19.610300064086914,3.0910000801086426,4.588200092315674,32.1171989440918,5.5605998039245605,6.106400012969971,61.06399917602539,4.468800067901611,-1.567199945449829,-25.849700927734375,-9.727499961853027,-1.2405999898910522,-0.6747999787330627,-0.6884999871253967,-0.7796000242233276,-0.7645000219345093,-25.68630027770996,-25.677099227905273,-25.699800491333008,-25.726999282836914,-25.792999267578125,-9.612500190734863,-9.486100196838379,-9.488300323486328,-9.50059986114502,-9.429200172424316,0.6223999857902527,0.10689999908208847,4.718200206756592,4.7733001708984375,4.291100025177002,2.9716999530792236,1.4508999586105347,-9.612500190734863,-9.486100196838379,-9.488300323486328,-9.50059986114502,-9.429200172424316,-1.2405999898910522,-0.6747999787330627,-0.6884999871253967,-0.7796000242233276,-0.7645000219345093,-25.68630027770996,-25.677099227905273,-25.699800491333008,-25.726999282836914,-25.792999267578125,64.51860046386719,164.96710205078125,179.11019897460938,207.5749053955078,329.5118103027344,3.8636999130249023,0.04830000177025795,0.652999997138977,0.652999997138977
3,113.17539978027344,56.69110107421875,17.22279930114746,2.1328001022338867,0.743399977684021,5.3796000480651855,2.856100082397461,2.221100091934204,113.17539978027344,8.535599708557129,51.750301361083984,1035.0069580078125,13.333000183105469,52.68949890136719,52.68949890136719,105.37899780273438,54.836299896240234,54.1515998840332,270.75799560546875,54.23249816894531,53.69419860839844,322.16510009765625,53.628700256347656,52.764801025390625,369.3536071777344,51.57870101928711,50.52159881591797,505.2156982421875,10.376500129699707,10.376500129699707,20.752899169921875,14.71969985961914,13.225899696350098,66.12960052490234,14.659199714660645,13.454700469970703,80.72830200195312,14.680399894714355,13.629799842834473,95.40869903564453,14.822500228881836,14.369099617004395,143.6909942626953,113.55249786376953,113.55249786376953,227.1049041748047,114.3104019165039,114.22319793701172,571.1162109375,114.12000274658203,112.86620330810547,677.1973876953125,113.92949676513672,110.45899963378906,773.21337890625,109.62830352783203,104.55590057373047,1045.558837890625,0.904699981212616,0.904699981212616,1.809499979019165,0.743399977684021,0.6388999819755554,3.1942999362945557,0.5406000018119812,0.5875999927520752,3.5255000591278076,0.3379000127315521,0.5519000291824341,3.8633999824523926,0.337799996137619,0.5001000165939331,5.000500202178955,1.2761000394821167,1.2761000394821167,2.5522000789642334,1.3716000318527222,1.3665000200271606,6.832600116729736,1.2855000495910645,1.1928000450134277,7.1570000648498535,1.1993999481201172,1.0707000494003296,7.494900226593018,1.2855000495910645,1.5357999801635742,15.357999801635742,1.728600025177002,1.728600025177002,3.457200050354004,1.788100004196167,3.121000051498413,15.604999542236328,1.9603999853134155,4.5005998611450195,27.003700256347656,2.1328001022338867,5.09630012512207,35.67409896850586,5.401599884033203,6.8445000648498535,68.44450378417969,11.299500465393066,11.299500465393066,22.599000930786133,9.265999794006348,10.610099792480469,53.050498962402344,11.299500465393066,11.25100040435791,67.50579833984375,11.38700008392334,11.270400047302246,78.8927993774414,12.359999656677246,13.532299995422363,135.322998046875,-2.3120999336242676,7.468299865722656,43.16619873046875,18.9867000579834,5.627399921417236,2.7778000831604004,2.5490000247955322,2.3738999366760254,1.6344000101089478,42.78730010986328,42.115699768066406,43.472599029541016,45.87969970703125,51.78269958496094,18.04680061340332,16.584299087524414,17.04159927368164,17.97089958190918,20.21380043029785,0.6453999876976013,0.73580002784729,-0.28110000491142273,0.40689998865127563,-0.2337000072002411,-0.25290000438690186,-2.513700008392334,18.04680061340332,16.584299087524414,17.04159927368164,17.97089958190918,20.21380043029785,5.627399921417236,2.7778000831604004,2.5490000247955322,2.3738999366760254,1.6344000101089478,42.78730010986328,42.115699768066406,43.472599029541016,45.87969970703125,51.78269958496094,68.57959747314453,182.00770568847656,215.58360290527344,249.34829711914062,356.3500061035156,3.0230000019073486,1.1110999584197998,0.9409000277519226,0.9409000277519226
4,166.0,143.17120361328125,29.516000747680664,0.0,0.3310999870300293,0.47769999504089355,0.47769999504089355,0.0,166.0,15.388799667358398,74.0604019165039,1481.20849609375,1.2864999771118164,73.96309661865234,73.96309661865234,147.9261016845703,73.71829986572266,73.79019927978516,368.9508972167969,73.79199981689453,73.81649780273438,442.89898681640625,73.8656997680664,73.87079620361328,517.0958251953125,74.00430297851562,74.25740051269531,742.5742797851562,15.573200225830078,15.573200225830078,31.146299362182617,15.834500312805176,15.851799964904785,79.25879669189453,15.945699691772461,15.922900199890137,95.53759765625,15.953499794006348,15.927300453186035,111.49120330810547,16.01650047302246,15.96150016784668,159.61529541015625,165.8343963623047,165.8343963623047,331.6689147949219,165.3311004638672,165.39999389648438,827.0,165.4967041015625,165.44369506835938,992.6621704101562,165.66220092773438,165.57139587402344,1159.0,165.8343963623047,166.53439331054688,1665.3441162109375,0.3343999981880188,0.3343999981880188,0.6689000129699707,0.3310999870300293,0.2935999929904938,1.4681999683380127,0.3343999981880188,0.32429999113082886,1.9459999799728394,0.337799996137619,0.3837999999523163,2.686300039291382,0.4729999899864197,0.5975000262260437,5.974899768829346,0.0,0.0,0.0,0.0,0.0,0.0,0.0,0.0,0.0,0.0,0.04729999974370003,0.3310999870300293,0.0,0.1607999950647354,1.608199954032898,0.0,0.0,0.0,0.0,0.09369999915361404,0.4683000147342682,0.0,0.15770000219345093,0.9459999799728394,0.0,0.24089999496936798,1.6863000392913818,0.4706000089645386,0.45509999990463257,4.55049991607666,1.2117999792099,1.2117999792099,2.4237000942230225,1.1371999979019165,1.0720000267028809,5.360099792480469,1.2023999691009521,1.1629999876022339,6.977799892425537,1.2676000595092773,1.371500015258789,9.6003999710083,1.4521000385284424,2.079900026321411,20.799100875854492,5.673699855804443,1.1858999729156494,-15.737000465393066,-5.542099952697754,1.0017999410629272,0.7239999771118164,0.652999997138977,0.6488999724388123,0.6154999732971191,-15.573699951171875,-15.145899772644043,-15.191800117492676,-15.321700096130371,-16.29129981994629,-5.4456000328063965,-5.275000095367432,-5.30210018157959,-5.357100009918213,-5.7459001541137695,0.04320000112056732,0.10429999977350235,5.748199939727783,5.887800216674805,5.796800136566162,5.5883002281188965,4.880000114440918,-5.4456000328063965,-5.275000095367432,-5.30210018157959,-5.357100009918213,-5.7459001541137695,1.0017999410629272,0.7239999771118164,0.652999997138977,0.6488999724388123,0.6154999732971191,-15.573699951171875,-15.145899772644043,-15.191800117492676,-15.321700096130371,-16.29129981994629,28.647899627685547,85.9437026977539,114.59159851074219,114.59159851074219,200.5352020263672,4.409800052642822,-0.2930000126361847,0.15520000457763672,0.15520000457763672
5,159.52430725097656,134.081298828125,27.856800079345703,0.4683000147342682,0.337799996137619,0.3310999870300293,0.3310999870300293,0.0,159.52430725097656,16.365800857543945,73.72660064697266,1474.5316162109375,1.4682999849319458,73.81909942626953,73.81909942626953,147.63819885253906,73.98560333251953,73.95020294189453,369.7507019042969,74.02140045166016,73.98780059814453,443.9266052246094,74.05729675292969,74.02220153808594,518.1555786132812,74.122802734375,74.10690307617188,741.0687866210938,16.504499435424805,16.504499435424805,33.00910186767578,16.492399215698242,16.53070068359375,82.65350341796875,16.534099578857422,16.53820037841797,99.22930145263672,16.5757999420166,16.586000442504883,116.10220336914062,16.609600067138672,16.595800399780273,165.95770263671875,159.73500061035156,159.73500061035156,319.4700012207031,160.3271942138672,160.21200561523438,801.0599975585938,160.4438934326172,160.2700958251953,961.6204223632812,160.51480102539062,160.30499267578125,1122.13525390625,160.42100524902344,160.2926025390625,1602.9259033203125,0.3343999981880188,0.3343999981880188,0.6689000129699707,0.3310999870300293,0.2946000099182129,1.4730000495910645,0.3343999981880188,0.32429999113082886,1.9459999799728394,0.3310999870300293,0.325300008058548,2.277100086212158,0.3310999870300293,0.2745000123977661,2.7453999519348145,0.1656000018119812,0.1656000018119812,0.3310999870300293,0.337799996137619,0.29499998688697815,1.4749000072479248,0.337799996137619,0.3239000141620636,1.9431999921798706,0.337799996137619,0.32589998841285706,2.2809998989105225,0.3343999981880188,0.2612000107765198,2.6120998859405518,0.40299999713897705,0.40299999713897705,0.8059999942779541,0.3310999870300293,0.2937000095844269,1.4682999849319458,0.3343999981880188,0.3009999990463257,1.805999994277954,0.3310999870300293,0.3052999973297119,2.1370999813079834,0.3310999870300293,0.2939000129699707,2.939300060272217,1.4730000495910645,1.4730000495910645,2.946000099182129,1.4682999849319458,1.4319000244140625,7.159599781036377,1.4730000495910645,1.4637999534606934,8.783100128173828,1.4776999950408936,1.5115000009536743,10.580499649047852,1.3027000427246094,1.3181999921798706,13.182100296020508,10.768699645996094,-2.7209999561309814,28.561899185180664,17.465099334716797,-2.859600067138672,-2.885499954223633,-2.8929998874664307,-2.940700054168701,-2.9500999450683594,28.34670066833496,27.863800048828125,27.80430030822754,27.768400192260742,27.77899932861328,17.370800018310547,17.237600326538086,17.199600219726562,17.165000915527344,17.080400466918945,0.3589000105857849,0.07530000060796738,10.761699676513672,10.803299903869629,10.771699905395508,10.72439956665039,10.921600341796875,17.370800018310547,17.237600326538086,17.199600219726562,17.165000915527344,17.080400466918945,-2.859600067138672,-2.885499954223633,-2.8929998874664307,-2.940700054168701,-2.9500999450683594,28.34670066833496,27.863800048828125,27.80430030822754,27.768400192260742,27.77899932861328,57.295799255371094,143.23939514160156,171.8874053955078,200.5352020263672,257.922607421875,3.950700044631958,-0.6334999799728394,0.37389999628067017,0.37389999628067017
6,136.93690490722656,120.45680236816406,35.388099670410156,1.0618000030517578,0.0,0.746399998664856,1.0492000579833984,0.6621999740600586,139.39599609375,18.49519920349121,70.2531967163086,1405.0638427734375,3.5195999145507812,70.63150024414062,70.63150024414062,141.2628936767578,71.17839813232422,71.0176010131836,355.087890625,71.12750244140625,71.02739715576172,426.16448974609375,71.07659912109375,71.018798828125,497.1319885253906,71.19660186767578,71.17230224609375,711.7230224609375,18.570999145507812,18.570999145507812,37.1421012878418,18.35759925842285,18.410900115966797,92.05470275878906,18.42639923095703,18.42799949645996,110.56809997558594,18.38479995727539,18.42180061340332,128.95289611816406,18.50429916381836,18.476600646972656,184.7657012939453,139.73910522460938,139.73910522460938,279.47821044921875,140.15179443359375,140.06689453125,700.3344116210938,140.17979431152344,140.31820678710938,841.9094848632812,140.20779418945312,140.65829467773438,984.6077880859375,141.03579711914062,141.55810546875,1415.5809326171875,0.0,0.0,0.0,0.0,0.0,0.0,0.0,0.0,0.0,0.0,0.0,0.0,0.0,0.0,0.0,0.4966999888420105,0.4966999888420105,0.9933000206947327,0.6689000129699707,1.3323999643325806,6.662199974060059,1.3310999870300293,1.6115000247955322,9.668899536132812,1.6621999740600586,1.6187000274658203,11.331100463867188,0.7477999925613403,1.3566999435424805,13.56719970703125,1.0576000213623047,1.0576000213623047,2.1152000427246094,1.0618000030517578,2.1059999465942383,10.529800415039062,2.020900011062622,2.5905001163482666,15.54319953918457,2.676100015640259,2.6026999950408936,18.219200134277344,1.0576000213623047,1.916700005531311,19.167200088500977,2.948699951171875,2.948699951171875,5.89739990234375,3.5195999145507812,6.00629997253418,30.0314998626709,6.104100227355957,7.159999847412109,42.960201263427734,7.272799968719482,7.176199913024902,50.23310089111328,3.179500102996826,5.696499824523926,56.9651985168457,7.501399993896484,-2.491300106048584,16.945600509643555,0.4837999939918518,-2.567199945449829,-2.4072000980377197,-2.424299955368042,-2.4182000160217285,-2.473099946975708,16.60070037841797,16.2721004486084,16.020599365234375,15.680500030517578,14.780500411987305,0.10480000078678131,-0.2816999852657318,-0.29159998893737793,-0.2831000089645386,-0.43689998984336853,0.48980000615119934,0.4302000105381012,8.069700241088867,5.010700225830078,3.8571999073028564,3.841399908065796,5.322000026702881,0.10480000078678131,-0.2816999852657318,-0.29159998893737793,-0.2831000089645386,-0.43689998984336853,-2.567199945449829,-2.4072000980377197,-2.424299955368042,-2.4182000160217285,-2.473099946975708,16.60070037841797,16.2721004486084,16.020599365234375,15.680500030517578,14.780500411987305,4.228099822998047,47.20000076293945,77.64089965820312,115.8490982055664,201.71929931640625,4.303999900817871,-0.16990000009536743,0.47189998626708984,0.47189998626708984
7,148.0211944580078,133.2373046875,113.0625991821289,0.3310999870300293,0.3310999870300293,0.0,0.4683000147342682,0.337799996137619,148.0211944580078,14.615099906921387,91.4364013671875,1828.728759765625,1.4682999849319458,91.5448989868164,91.5448989868164,183.0897979736328,91.94650268554688,91.8927993774414,459.4642028808594,92.0365982055664,91.93180084228516,551.5908203125,92.12670135498047,91.96479797363281,643.7537841796875,92.1636962890625,92.05069732666016,920.5067138671875,14.496600151062012,14.496600151062012,28.99329948425293,14.615099906921387,14.52340030670166,72.61699676513672,14.496600151062012,14.499199867248535,86.99520111083984,14.378199577331543,14.414999961853027,100.90519714355469,14.378199577331543,14.217000007629395,142.1697998046875,148.2736053466797,148.2736053466797,296.5470886230469,148.78379821777344,148.63340759277344,743.1671752929688,148.69400024414062,148.62860107421875,891.7714233398438,148.63250732421875,148.6291046142578,1040.4039306640625,148.72779846191406,148.76809692382812,1487.6807861328125,0.3310999870300293,0.3310999870300293,0.6621999740600586,0.4729999899864197,0.45410001277923584,2.2704999446868896,0.40540000796318054,0.43470001220703125,2.6082000732421875,0.337799996137619,0.41990000009536743,2.939300060272217,0.3310999870300293,0.3269999921321869,3.2704999446868896,0.3343999981880188,0.3343999981880188,0.6689000129699707,0.3310999870300293,0.26759999990463257,1.3378000259399414,0.3343999981880188,0.3463999927043915,2.0780999660491943,0.337799996137619,0.39340001344680786,2.753700017929077,0.3343999981880188,0.3416000008583069,3.4158999919891357,0.40209999680519104,0.40209999680519104,0.804099977016449,0.3310999870300293,0.3878999948501587,1.9392999410629272,0.3343999981880188,0.37950000166893005,2.277100086212158,0.3310999870300293,0.3725999891757965,2.6082000732421875,0.3310999870300293,0.36079999804496765,3.6082000732421875,1.4673000574111938,1.4673000574111938,2.9346001148223877,1.4663000106811523,1.4032000303268433,7.0157999992370605,1.4663000106811523,1.4605000019073486,8.762900352478027,1.4663000106811523,1.4911999702453613,10.43850040435791,1.4663000106811523,1.3762999773025513,13.762900352478027,10.768699645996094,-0.970300018787384,40.064998626708984,-0.24469999969005585,-0.8517000079154968,-0.8783000111579895,-0.8539999723434448,-0.7696999907493591,-0.571399986743927,39.80820083618164,39.442298889160156,39.44580078125,39.44430160522461,39.30350112915039,-0.35499998927116394,-0.7049999833106995,-0.7444000244140625,-0.7775999903678894,-0.8633999824523926,0.2786000072956085,0.3070000112056732,10.767399787902832,10.831999778747559,10.775099754333496,10.74470043182373,10.863499641418457,-0.35499998927116394,-0.7049999833106995,-0.7444000244140625,-0.7775999903678894,-0.8633999824523926,-0.8517000079154968,-0.8783000111579895,-0.8539999723434448,-0.7696999907493591,-0.571399986743927,39.80820083618164,39.442298889160156,39.44580078125,39.44430160522461,39.30350112915039,35.90060043334961,128.91549682617188,143.23939514160156,186.2113037109375,293.64129638671875,3.7446000576019287,-0.42750000953674316,0.4641999900341034,0.4641999900341034
8,200.6732940673828,157.68609619140625,27.4591007232666,0.3310999870300293,0.4683000147342682,0.0,0.3310999870300293,0.0,200.6732940673828,15.264300346374512,87.18440246582031,1743.687255859375,1.1304999589920044,87.27249908447266,87.27249908447266,174.54510498046875,87.46369934082031,87.53089904785156,437.6546936035156,87.58869934082031,87.61280059814453,525.677001953125,87.71050262451172,87.62680053710938,613.3875732421875,87.5322036743164,87.56950378417969,875.6951293945312,15.264300346374512,15.264300346374512,30.52869987487793,15.264300346374512,15.371800422668457,76.85880279541016,15.352399826049805,15.38379955291748,92.30280303955078,15.264300346374512,15.34179973602295,107.3927993774414,15.264300346374512,15.257200241088867,152.5718994140625,200.8415985107422,200.8415985107422,401.68328857421875,201.34869384765625,201.55360412597656,1007.7678833007812,201.68809509277344,201.8011932373047,1210.807373046875,202.02760314941406,201.8834991455078,1413.1846923828125,201.69090270996094,201.75999450683594,2017.5999755859375,0.4683000147342682,0.4683000147342682,0.9365000128746033,0.4683000147342682,0.5526999831199646,2.7632999420166016,0.4683000147342682,0.5156999826431274,3.0945000648498535,0.4683000147342682,0.4902999997138977,3.4321999549865723,0.4683000147342682,0.5396000146865845,5.396200180053711,0.0,0.0,0.0,0.0,0.06620000302791595,0.3310999870300293,0.0,0.11150000244379044,0.6689000129699707,0.0,0.1429000049829483,1.0,0.1656000018119812,0.16689999401569366,1.6689000129699707,0.3310999870300293,0.3310999870300293,0.6621999740600586,0.3310999870300293,0.2662000060081482,1.3310999870300293,0.3310999870300293,0.2770000100135803,1.6621999740600586,0.3310999870300293,0.2856999933719635,2.0,0.3310999870300293,0.3276999890804291,3.277100086212158,1.2014000415802002,1.2014000415802002,2.402899980545044,1.2724000215530396,1.340499997138977,6.702700138092041,1.3050999641418457,1.3401000499725342,8.040399551391602,1.3378000259399414,1.406599998474121,9.846500396728516,1.5817999839782715,1.489400029182434,14.893699645996094,6.429299831390381,3.1421000957489014,-21.489700317382812,-6.125,3.1421000957489014,3.034899950027466,3.0230000019073486,3.0650999546051025,3.1501998901367188,-21.65559959411621,-22.362199783325195,-22.609899520874023,-22.692800521850586,-22.572399139404297,-6.212200164794922,-6.468500137329102,-6.5503997802734375,-6.564499855041504,-6.508600234985352,0.21199999749660492,0.10689999908208847,6.35830020904541,6.218800067901611,6.219399929046631,6.153299808502197,6.067999839782715,-6.212200164794922,-6.468500137329102,-6.5503997802734375,-6.564499855041504,-6.508600234985352,3.1421000957489014,3.034899950027466,3.0230000019073486,3.0650999546051025,3.1501998901367188,-21.65559959411621,-22.362199783325195,-22.609899520874023,-22.692800521850586,-22.572399139404297,71.61969757080078,143.23939514160156,157.5634002685547,157.5634002685547,193.37330627441406,3.9052999019622803,0.0066999997943639755,0.6159999966621399,0.6159999966621399
9,163.67039489746094,146.7458038330078,29.675199508666992,0.337799996137619,0.0,0.47769999504089355,0.337799996137619,0.3312000036239624,163.97560119628906,17.60650062561035,75.35079956054688,1507.0166015625,1.4844000339508057,75.31929779052734,75.31929779052734,150.6385040283203,75.2876968383789,75.15519714355469,375.7760009765625,75.20099639892578,75.035400390625,450.21258544921875,75.11430358886719,74.93340301513672,524.5341186523438,74.58570098876953,74.76139831542969,747.6135864257812,17.60219955444336,17.60219955444336,35.204498291015625,17.597999572753906,17.223899841308594,86.11930084228516,17.316200256347656,16.985300064086914,101.9115982055664,17.034500122070312,16.815500259399414,117.70860290527344,17.43560028076172,17.17889976501465,171.7884979248047,163.89129638671875,163.89129638671875,327.7825927734375,163.8070068359375,163.1988067626953,815.9942016601562,163.3784942626953,162.65980529785156,975.9583740234375,162.9499969482422,162.16909790039062,1135.183837890625,162.2006072998047,161.94129943847656,1619.4129638671875,0.1688999980688095,0.1688999980688095,0.337799996137619,0.3310999870300293,0.26759999990463257,1.3378000259399414,0.3343999981880188,0.33329999446868896,2.0,0.337799996137619,0.33399999141693115,2.3378000259399414,0.337799996137619,0.3612000048160553,3.6120998859405518,0.3345000147819519,0.3345000147819519,0.6690000295639038,1.7829999923706055,1.2984999418258667,6.492300033569336,1.0604000091552734,1.1371999979019165,6.823400020599365,1.0,1.1175999641418457,7.823400020599365,1.0332000255584717,1.121399998664856,11.214200019836426,0.3343999981880188,0.3343999981880188,0.6689000129699707,2.6487998962402344,1.7379000186920166,8.689499855041504,1.493299961090088,1.5045000314712524,9.027299880981445,2.6487998962402344,1.6710000038146973,11.696700096130371,2.65910005569458,2.011899948120117,20.11870002746582,1.645300030708313,1.645300030708313,3.2904999256134033,7.6433000564575195,5.318600177764893,26.59320068359375,4.818299770355225,4.764400005340576,28.58650016784668,5.084700107574463,4.810200214385986,33.671199798583984,5.837100028991699,5.301400184631348,53.01369857788086,8.850199699401855,-1.3138999938964844,3.665299892425537,0.3352000117301941,-1.3095999956130981,-0.9311000108718872,-0.6923999786376953,-0.522599995136261,-0.885699987411499,3.748300075531006,4.438700199127197,4.97790002822876,5.468299865722656,5.692999839782715,0.3662000000476837,0.5293999910354614,0.6492000222206116,0.7512000203132629,0.9225000143051147,0.19709999859333038,0.27959999442100525,8.689200401306152,5.012899875640869,5.566500186920166,5.520199775695801,5.031799793243408,0.3662000000476837,0.5293999910354614,0.6492000222206116,0.7512000203132629,0.9225000143051147,-1.3095999956130981,-0.9311000108718872,-0.6923999786376953,-0.522599995136261,-0.885699987411499,3.748300075531006,4.438700199127197,4.97790002822876,5.468299865722656,5.692999839782715,50.17959976196289,157.5634002685547,193.2825927734375,218.360595703125,293.7315979003906,4.300600051879883,-0.2824000120162964,0.2980000078678131,0.2980000078678131
10,213.39559936523438,166.37010192871094,28.789600372314453,2.4137001037597656,1.0534000396728516,1.0597000122070312,1.0555000305175781,1.3732999563217163,213.39559936523438,18.027799606323242,92.91680145263672,1858.3360595703125,6.955599784851074,93.39779663085938,93.39779663085938,186.79559326171875,94.70189666748047,94.45850372314453,472.2923889160156,94.5458984375,94.4469985961914,566.6823120117188,94.38990020751953,94.1864013671875,659.3045043945312,93.39779663085938,92.82929992675781,928.293212890625,17.87179946899414,17.87179946899414,35.74359893798828,17.715900421142578,17.613399505615234,88.06710052490234,17.837200164794922,18.143600463867188,108.86150360107422,17.715900421142578,17.760499954223633,124.32360076904297,17.1825008392334,16.658700942993164,166.58680725097656,214.74099731445312,214.74099731445312,429.4820861816406,217.0666961669922,217.3717041015625,1086.8585205078125,216.57659912109375,216.96189880371094,1301.771484375,216.08639526367188,215.82200622558594,1510.75390625,214.154296875,212.62840270996094,2126.2841796875,1.5408999919891357,1.5408999919891357,3.081700086593628,2.034899950027466,2.036799907684326,10.184200286865234,2.176300048828125,2.1036999225616455,12.622200012207031,2.317699909210205,2.2720000743865967,15.904199600219727,2.593899965286255,2.860599994659424,28.605600357055664,1.4359999895095825,1.4359999895095825,2.871999979019165,1.3732999563217163,1.188099980354309,5.9405999183654785,1.4359999895095825,1.2716000080108643,7.6296000480651855,1.4987000226974487,1.6655000448226929,11.658699989318848,1.6719000339508057,1.9354000091552734,19.353900909423828,2.3234000205993652,2.3234000205993652,4.646699905395508,2.4137001037597656,3.7950000762939453,18.974899291992188,4.522200107574463,4.935400009155273,29.61240005493164,5.3354997634887695,4.992599964141846,34.947898864746094,3.8745999336242676,4.448699951171875,44.48680114746094,8.256099700927734,8.256099700927734,16.512300491333008,9.556699752807617,11.059800148010254,55.299198150634766,12.27750015258789,12.854499816894531,77.12689971923828,14.998299598693848,14.006400108337402,98.04499816894531,15.611599922180176,15.300100326538086,153.00059509277344,5.885499954223633,-0.4611999988555908,-17.492799758911133,-4.591599941253662,-0.3052000105381012,-0.04650000110268593,-0.5764999985694885,-0.19329999387264252,0.9089999794960022,-18.83639907836914,-21.462400436401367,-21.051300048828125,-19.91010093688965,-16.715200424194336,-5.071800231933594,-6.13040018081665,-6.118299961090088,-5.85699987411499,-4.499300003051758,0.6455000042915344,0.6233000159263611,4.584700107574463,1.7872999906539917,-0.0044999998062849045,-1.1535999774932861,-2.440000057220459,-5.071800231933594,-6.13040018081665,-6.118299961090088,-5.85699987411499,-4.499300003051758,-0.3052000105381012,-0.04650000110268593,-0.5764999985694885,-0.19329999387264252,0.9089999794960022,-18.83639907836914,-21.462400436401367,-21.051300048828125,-19.91010093688965,-16.715200424194336,39.48310089111328,113.07959747314453,128.36070251464844,154.8177947998047,237.74830627441406,3.509399890899658,0.5906999707221985,0.8761000037193298,0.8761000037193298
11,192.39720153808594,154.602294921875,24.351600646972656,0.3310999870300293,0.3310999870300293,0.0,0.0,0.337799996137619,192.39720153808594,14.758000373840332,83.04759979248047,1660.9521484375,1.0,83.11219787597656,83.11219787597656,166.22450256347656,83.18209838867188,83.1875991821289,415.9382019042969,83.20010375976562,83.2251968383789,499.35089111328125,83.21810150146484,83.2947006225586,583.06298828125,83.36309814453125,83.54460144042969,835.4462890625,14.706299781799316,14.706299781799316,29.412599563598633,14.654600143432617,14.593600273132324,72.96820068359375,14.607399940490723,14.4975004196167,86.98519897460938,14.560199737548828,14.414799690246582,100.90350341796875,14.499099731445312,14.40369987487793,144.0364990234375,192.61700439453125,192.61700439453125,385.2340087890625,192.83670043945312,192.77670288085938,963.8834228515625,192.83670043945312,192.90699768066406,1157.442138671875,192.83670043945312,193.127197265625,1351.8905029296875,193.26739501953125,193.78399658203125,1937.8402099609375,0.1656000018119812,0.1656000018119812,0.3310999870300293,0.0,0.06620000302791595,0.3310999870300293,0.0,0.1103999987244606,0.6621999740600586,0.0,0.1429000049829483,1.0,0.3310999870300293,0.22769999504089355,2.277100086212158,0.1688999980688095,0.1688999980688095,0.337799996137619,0.337799996137619,0.2969000041484833,1.4844000339508057,0.337799996137619,0.3253999948501587,1.9527000188827515,0.337799996137619,0.3262999951839447,2.283799886703491,0.40299999713897705,0.3970000147819519,3.9702000617980957,0.1656000018119812,0.1656000018119812,0.3310999870300293,0.3310999870300293,0.2816999852657318,1.4085999727249146,0.3310999870300293,0.3596999943256378,2.157900094985962,0.3310999870300293,0.3752000033855438,2.626199960708618,0.4683000147342682,0.5354999899864197,5.354899883270264,0.6656000018119812,0.6656000018119812,1.3310999870300293,1.0,0.9947999715805054,4.9741997718811035,1.0,1.267699956893921,7.606400012969971,1.0,1.4223999977111816,9.956899642944336,2.32450008392334,1.9514000415802002,19.51409912109375,11.233200073242188,0.557699978351593,-43.60260009765625,-15.419599533081055,0.609499990940094,0.7226999998092651,0.8190000057220459,0.9020000100135803,0.9136999845504761,-43.82040023803711,-43.97669982910156,-44.107398986816406,-44.32830047607422,-44.98780059814453,-15.483400344848633,-15.55720043182373,-15.59469985961914,-15.664400100708008,-15.915200233459473,0.11140000075101852,0.3361999988555908,11.567500114440918,11.23639965057373,10.963600158691406,10.809100151062012,10.281200408935547,-15.483400344848633,-15.55720043182373,-15.59469985961914,-15.664400100708008,-15.915200233459473,0.609499990940094,0.7226999998092651,0.8190000057220459,0.9020000100135803,0.9136999845504761,-43.82040023803711,-43.97669982910156,-44.107398986816406,-44.32830047607422,-44.98780059814453,59.84389877319336,157.5634002685547,186.2113037109375,186.2113037109375,243.50709533691406,4.389100074768066,-0.267300009727478,0.33329999446868896,0.33329999446868896
12,173.577392578125,135.94590759277344,29.030500411987305,0.0,0.9365000128746033,0.3310999870300293,0.0,0.0,173.577392578125,17.204700469970703,77.16169738769531,1543.233642578125,1.2676000595092773,77.0459976196289,77.0459976196289,154.0919952392578,76.9302978515625,76.86920166015625,384.34619140625,76.9552993774414,76.99469757080078,461.9684143066406,76.98030090332031,77.11380004882812,539.79638671875,77.39189910888672,77.36489868164062,773.6491088867188,17.204700469970703,17.204700469970703,34.4093017578125,17.204700469970703,17.204700469970703,86.02330017089844,17.204700469970703,17.204700469970703,103.22789764404297,17.204700469970703,17.204700469970703,120.43260192871094,17.204700469970703,17.18560028076172,171.856201171875,173.29969787597656,173.29969787597656,346.5993957519531,173.02200317382812,172.88250732421875,864.4124145507812,173.1295928955078,173.21180725097656,1039.2708740234375,173.23719787597656,173.48170471191406,1214.371826171875,174.2178955078125,173.9904022216797,1739.904541015625,1.0023000240325928,1.0023000240325928,2.004699945449829,0.9365000128746033,0.9607999920845032,4.804100036621094,0.8126999735832214,0.8810999989509583,5.2866997718811035,0.743399977684021,0.8614000082015991,6.030099868774414,0.7161999940872192,0.7121000289916992,7.1209001541137695,0.0,0.0,0.0,0.0,0.0,0.0,0.0,0.0,0.0,0.0,0.0,0.0,0.0,0.0,0.0,0.0,0.0,0.0,0.0,0.13379999995231628,0.6689000129699707,0.1656000018119812,0.16779999434947968,1.006700038909912,0.3310999870300293,0.19110000133514404,1.3378000259399414,0.3310999870300293,0.2142000049352646,2.141900062561035,1.1678999662399292,1.1678999662399292,2.3357999324798584,1.0681999921798706,1.1607999801635742,5.804100036621094,1.1678999662399292,1.1821000576019287,7.092700004577637,1.2676000595092773,1.2350000143051147,8.64490032196045,1.2080999612808228,1.220900058746338,12.208700180053711,9.633600234985352,-0.06419999897480011,-4.673500061035156,-0.5393000245094299,-0.06400000303983688,-0.06340000033378601,-0.06319999694824219,-0.06300000101327896,-0.043299999088048935,-4.385700225830078,-3.937999963760376,-4.257599830627441,-4.51800012588501,-5.000400066375732,-0.41940000653266907,-0.23000000417232513,-0.351500004529953,-0.4666000008583069,-0.7069000005722046,0.04749999940395355,0.09700000286102295,9.732999801635742,9.73960018157959,9.718099594116211,9.66510009765625,9.679200172424316,-0.41940000653266907,-0.23000000417232513,-0.351500004529953,-0.4666000008583069,-0.7069000005722046,-0.06400000303983688,-0.06340000033378601,-0.06319999694824219,-0.06300000101327896,-0.043299999088048935,-4.385700225830078,-3.937999963760376,-4.257599830627441,-4.51800012588501,-5.000400066375732,42.9718017578125,143.23939514160156,143.23939514160156,143.23939514160156,221.93040466308594,4.501100063323975,-0.4620000123977661,0.17560000717639923,0.17560000717639923
13,201.85389709472656,164.54339599609375,32.58140182495117,0.0,0.0,0.3310999870300293,0.4683000147342682,0.3310999870300293,201.85389709472656,16.895700454711914,89.42489624023438,1788.498046875,1.1304999589920044,89.45809936523438,89.45809936523438,178.91619873046875,89.57420349121094,89.59439849853516,447.9721984863281,89.58049774169922,89.68840026855469,538.13037109375,89.58679962158203,89.80780029296875,628.6541748046875,89.86229705810547,89.91739654541016,899.1743774414062,16.73579978942871,16.73579978942871,33.471500396728516,16.76110076904297,16.73539924621582,83.6771011352539,16.81399917602539,16.794200897216797,100.76509857177734,16.866899490356445,16.819900512695312,117.7396011352539,16.93400001525879,16.877500534057617,168.77459716796875,201.85389709472656,201.85389709472656,403.7077941894531,202.1558074951172,202.4604949951172,1012.3024291992188,202.30979919433594,202.918701171875,1217.5123291015625,202.46380615234375,203.41920471191406,1423.9342041015625,203.78219604492188,203.9257049560547,2039.2569580078125,0.0,0.0,0.0,0.0,0.0,0.0,0.0,0.0,0.0,0.0,0.0,0.0,0.0,0.0,0.0,0.1656000018119812,0.1656000018119812,0.3310999870300293,0.6621999740600586,0.46619999408721924,2.3310999870300293,0.4966999888420105,0.38850000500679016,2.3310999870300293,0.3310999870300293,0.38029998540878296,2.6621999740600586,0.3343999981880188,0.3993000090122223,3.993299961090088,0.1656000018119812,0.1656000018119812,0.3310999870300293,0.337799996137619,0.7350999712944031,3.675600051879883,0.8310999870300293,0.833299994468689,5.0,0.337799996137619,0.7142999768257141,5.0,1.3378000259399414,1.246399998664856,12.464400291442871,0.7340999841690063,0.7340999841690063,1.4682999849319458,1.3378000259399414,1.6963000297546387,8.48169994354248,1.7331000566482544,1.768399953842163,10.610199928283691,1.3378000259399414,1.6789000034332275,11.752099990844727,2.402100086212158,2.334199905395508,23.34160041809082,11.710599899291992,0.670799970626831,-5.951099872589111,-1.0996999740600586,0.8307999968528748,0.8314999938011169,0.7728999853134155,0.7472000122070312,0.6901999711990356,-5.94920015335083,-6.55109977722168,-7.0081000328063965,-7.507299900054932,-8.012499809265137,-1.132099986076355,-1.2662999629974365,-1.3596999645233154,-1.4783999919891357,-1.587399959564209,0.04270000010728836,0.19979999959468842,12.10669994354248,11.150799751281738,11.081600189208984,11.17389965057373,10.525899887084961,-1.132099986076355,-1.2662999629974365,-1.3596999645233154,-1.4783999919891357,-1.587399959564209,0.8307999968528748,0.8314999938011169,0.7728999853134155,0.7472000122070312,0.6901999711990356,-5.94920015335083,-6.55109977722168,-7.0081000328063965,-7.507299900054932,-8.012499809265137,71.61969757080078,128.91549682617188,153.33560180664062,179.0489044189453,275.0889892578125,4.246399879455566,-0.14630000293254852,0.5649999976158142,0.5649999976158142
14,165.11720275878906,119.01679992675781,28.84440040588379,0.6621999740600586,0.3310999870300293,0.0,0.0,0.3310999870300293,165.11720275878906,17.029399871826172,73.83170318603516,1476.6343994140625,1.3243999481201172,73.89420318603516,73.89420318603516,147.78829956054688,73.83170318603516,73.74310302734375,368.71539306640625,73.73639678955078,73.65579986572266,441.934814453125,73.64099884033203,73.5010986328125,514.5078125,73.43160247802734,73.37069702148438,733.706787109375,17.021299362182617,17.021299362182617,34.04249954223633,17.08799934387207,17.1343994140625,85.6718978881836,17.08799934387207,17.12660026550293,102.75990295410156,17.08799934387207,17.138099670410156,119.96690368652344,17.08799934387207,17.12980079650879,171.29800415039062,165.31199645996094,165.31199645996094,330.6239929199219,165.11720275878906,165.02670288085938,825.1336059570312,164.99609375,164.8114013671875,988.8687133789062,164.87489318847656,164.4777069091797,1151.343994140625,164.50100708007812,164.289306640625,1642.89306640625,0.3343999981880188,0.3343999981880188,0.6689000129699707,0.4683000147342682,0.4950000047683716,2.474900007247925,0.40299999713897705,0.4677000045776367,2.805999994277954,0.4683000147342682,0.506600022315979,3.5464000701904297,0.5685999989509583,0.5041999816894531,5.042099952697754,0.40209999680519104,0.40209999680519104,0.804099977016449,0.3310999870300293,0.3215999901294708,1.608199954032898,0.3310999870300293,0.323199987411499,1.9392999410629272,0.3310999870300293,0.325300008058548,2.277100086212158,0.3310999870300293,0.26080000400543213,2.6082000732421875,0.3310999870300293,0.3310999870300293,0.6621999740600586,0.0,0.1324000060558319,0.6621999740600586,0.0,0.5083000063896179,3.049799919128418,0.0,0.5094000101089478,3.565500020980835,0.45890000462532043,0.5419999957084656,5.4197001457214355,1.0676000118255615,1.0676000118255615,2.135200023651123,0.9412999749183655,0.9491000175476074,4.745299816131592,0.9706000089645386,1.2992000579833984,7.795199871063232,1.0,1.3413000106811523,9.388999938964844,1.1621999740600586,1.3070000410079956,13.070099830627441,5.635799884796143,-0.454800009727478,-14.85420036315918,-5.313399791717529,-0.446399986743927,-0.5587000250816345,-0.5507000088691711,-0.5619000196456909,-0.5527999997138977,-15.051199913024902,-14.772600173950195,-14.559499740600586,-14.227999687194824,-14.046199798583984,-5.376699924468994,-5.22790002822876,-5.14139986038208,-4.987400054931641,-4.8592000007629395,0.3677999973297119,0.26330000162124634,5.892399787902832,6.010700225830078,5.660600185394287,5.618500232696533,5.652900218963623,-5.376699924468994,-5.22790002822876,-5.14139986038208,-4.987400054931641,-4.8592000007629395,-0.446399986743927,-0.5587000250816345,-0.5507000088691711,-0.5619000196456909,-0.5527999997138977,-15.051199913024902,-14.772600173950195,-14.559499740600586,-14.227999687194824,-14.046199798583984,51.86040115356445,134.99400329589844,164.7617950439453,211.9615936279297,312.22918701171875,4.059899806976318,0.05689999833703041,0.6646999716758728,0.6646999716758728
15,140.80130004882812,99.84989929199219,27.54159927368164,0.0,0.3310999870300293,0.746399998664856,0.0,0.3310999870300293,140.80130004882812,17.391399383544922,64.18840026855469,1283.7685546875,1.4085999727249146,64.06169891357422,64.06169891357422,128.12330627441406,63.56840133666992,62.9640007019043,314.82000732421875,62.909000396728516,62.42850112915039,374.5710144042969,62.24959945678711,61.86600112915039,433.0624084472656,60.31480026245117,60.754398345947266,607.5435791015625,17.194900512695312,17.194900512695312,34.38990020751953,16.497600555419922,16.056299209594727,80.28130340576172,15.781599998474121,15.66100025177002,93.96620178222656,15.065600395202637,15.437899589538574,108.06539916992188,14.526000022888184,15.024499893188477,150.2447052001953,140.75439453125,140.75439453125,281.5087890625,140.38800048828125,138.1118927001953,690.5593872070312,138.61529541015625,136.29249572753906,817.7550048828125,136.8426055908203,134.51370239257812,941.5955810546875,129.50779724121094,131.5034942626953,1315.0352783203125,0.3343999981880188,0.3343999981880188,0.6689000129699707,0.3310999870300293,0.33379998803138733,1.6689000129699707,0.3310999870300293,0.33329999446868896,2.0,0.3310999870300293,0.2856999933719635,2.0,0.3310999870300293,0.2669000029563904,2.6689000129699707,0.8310999870300293,0.8310999870300293,1.6621999740600586,1.0470000505447388,0.9593999981880188,4.797100067138672,1.1891000270843506,1.3562999963760376,8.137999534606934,1.3310999870300293,1.8812999725341797,13.168899536132812,2.3427000045776367,3.7530999183654785,37.53129959106445,0.23409999907016754,0.23409999907016754,0.4683000147342682,5.7058000564575195,4.016300201416016,20.081499099731445,5.314000129699707,4.167300224304199,25.003700256347656,5.7058000564575195,4.652200222015381,32.565101623535156,6.953700065612793,7.088799953460693,70.88780212402344,3.8838000297546387,3.8838000297546387,7.767499923706055,10.95419979095459,8.951000213623047,44.75519943237305,11.59589958190918,10.019499778747559,60.1171989440918,12.237700462341309,11.997200012207031,83.9801025390625,14.578900337219238,20.415800094604492,204.1575927734375,10.824600219726562,-2.075700044631958,7.993299961090088,3.439500093460083,-1.87909996509552,-0.7398999929428101,-0.34450000524520874,-0.12110000103712082,0.2928999960422516,8.042200088500977,10.68809986114502,12.507100105285645,14.285300254821777,17.292600631713867,3.567199945449829,4.666500091552734,5.201900005340576,5.764200210571289,6.875100135803223,0.0414000004529953,0.24269999563694,8.349300384521484,3.2802000045776367,2.2118000984191895,0.23440000414848328,-8.183199882507324,3.567199945449829,4.666500091552734,5.201900005340576,5.764200210571289,6.875100135803223,-1.87909996509552,-0.7398999929428101,-0.34450000524520874,-0.12110000103712082,0.2928999960422516,8.042200088500977,10.68809986114502,12.507100105285645,14.285300254821777,17.292600631713867,71.61969757080078,143.23939514160156,157.5634002685547,196.23410034179688,274.3890075683594,4.727799892425537,-0.6060000061988831,0.03660000115633011,0.03660000115633011
16,164.9739990234375,143.36610412597656,17.00320053100586,0.337799996137619,0.7404000163078308,0.0,0.3310999870300293,0.47769999504089355,164.9739990234375,9.68649959564209,70.55159759521484,1411.032470703125,1.8869999647140503,70.74240112304688,70.74240112304688,141.4846954345703,71.35690307617188,71.52490234375,357.6246032714844,71.591796875,71.95059967041016,431.7038879394531,71.82659912109375,72.41500091552734,506.90478515625,73.5177993774414,73.58809661865234,735.880615234375,9.924699783325195,9.924699783325195,19.84950065612793,10.609299659729004,10.573699951171875,52.86859893798828,10.725000381469727,10.860799789428711,65.16480255126953,10.840700149536133,11.235300064086914,78.64679718017578,11.932600021362305,12.154399871826172,121.54450225830078,165.38490295410156,165.38490295410156,330.7698059082031,166.89480590820312,167.110107421875,835.5505981445312,167.43380737304688,167.90460205078125,1007.4276123046875,167.9727020263672,168.75950622558594,1181.3165283203125,170.8950958251953,170.96200561523438,1709.61962890625,0.6067000031471252,0.6067000031471252,1.2134000062942505,1.6895999908447266,2.613800048828125,13.069000244140625,2.9474000930786133,2.878999948501587,17.274099349975586,1.7892999649047852,2.723299980163574,19.063400268554688,1.513700008392334,2.244800090789795,22.448200225830078,0.4043999910354614,0.4043999910354614,0.8087999820709229,0.4729999899864197,0.5322999954223633,2.6617000102996826,0.47530001401901245,0.742900013923645,4.457200050354004,0.47769999504089355,0.8799999952316284,6.159900188446045,0.8310999870300293,0.8876000046730042,8.87559986114502,0.8644999861717224,0.8644999861717224,1.7288999557495117,0.7404000163078308,0.7601000070571899,3.8004000186920166,0.7080000042915344,0.7459999918937683,4.47599983215332,0.6754999756813049,0.734000027179718,5.138199806213379,0.5,0.5806999802589417,5.80709981918335,2.206700086593628,2.206700086593628,4.413300037384033,3.027400016784668,4.787099838256836,23.935300827026367,4.974899768829346,5.479300022125244,32.875999450683594,6.519499778747559,5.627900123596191,39.39550018310547,4.071199893951416,5.086900234222412,50.86899948120117,9.486700057983398,4.638599872589111,-8.505900382995605,-0.301800012588501,4.400400161743164,3.751800060272217,3.4647998809814453,3.0905001163482666,2.1719000339508057,-8.916399955749512,-10.642600059509277,-11.437899589538574,-12.293800354003906,-14.496600151062012,-0.49219998717308044,-1.2746000289916992,-1.7005000114440918,-2.1649999618530273,-3.3376998901367188,0.1632000058889389,0.31349998712539673,9.166899681091309,6.590799808502197,5.899799823760986,5.751999855041504,6.294400215148926,-0.49219998717308044,-1.2746000289916992,-1.7005000114440918,-2.1649999618530273,-3.3376998901367188,4.400400161743164,3.751800060272217,3.4647998809814453,3.0905001163482666,2.1719000339508057,-8.916399955749512,-10.642600059509277,-11.437899589538574,-12.293800354003906,-14.496600151062012,52.49700164794922,118.78289794921875,147.43080139160156,171.85060119628906,247.5142059326172,2.9291999340057373,0.8190000057220459,0.8669999837875366,0.8669999837875366
17,186.6414031982422,151.64450073242188,23.850400924682617,3.3778998851776123,1.7079999446868896,4.052599906921387,1.7942999601364136,1.0,186.6414031982422,15.499799728393555,81.44270324707031,1628.8548583984375,11.93280029296875,81.1719970703125,81.1719970703125,162.343994140625,81.51020050048828,81.814697265625,409.07330322265625,81.90390014648438,82.09929656982422,492.595703125,82.29759979248047,82.3218994140625,576.2531127929688,83.22200012207031,82.8053970336914,828.0538940429688,14.799099922180176,14.799099922180176,29.598100662231445,15.499799728393555,15.765399932861328,78.8270034790039,15.958000183105469,16.090499877929688,96.54290008544922,16.416200637817383,16.321800231933594,114.25250244140625,17.71269989013672,16.79960060119629,167.99609375,185.73179626464844,185.73179626464844,371.4635925292969,186.6414031982422,186.71249389648438,933.5626220703125,187.06219482421875,187.22720336914062,1123.3634033203125,187.48309326171875,187.66119384765625,1313.6285400390625,189.1553955078125,188.66329956054688,1886.633056640625,1.9192999601364136,1.9192999601364136,3.8385000228881836,1.504699945449829,1.4091999530792236,7.046199798583984,1.434999942779541,1.229599952697754,7.377299785614014,1.3652000427246094,1.0539000034332275,7.377299785614014,0.337799996137619,0.8046000003814697,8.046199798583984,1.1689000129699707,1.1689000129699707,2.3378000259399414,1.0,0.800000011920929,4.0,0.6689000129699707,0.7229999899864197,4.337800025939941,0.337799996137619,0.6669999957084656,4.668900012969971,0.3343999981880188,0.5338000059127808,5.337800025939941,2.430799961090088,2.430799961090088,4.861599922180176,2.3378000259399414,2.178299903869629,10.891599655151367,1.9107999801635742,1.8716000318527222,11.229399681091309,1.4837000370025635,1.6711000204086304,11.697699546813965,0.896399974822998,1.2367000579833984,12.366600036621094,9.555999755859375,9.555999755859375,19.111900329589844,7.149199962615967,7.1616997718811035,35.80860137939453,6.662600040435791,6.246200084686279,37.477500915527344,6.176000118255615,5.564599990844727,38.95240020751953,2.52020001411438,4.3094000816345215,43.09429931640625,-4.372900009155273,2.9066998958587646,-7.457799911499023,-0.38339999318122864,3.6073999404907227,2.6412999629974365,2.3162999153137207,2.085200071334839,1.607699990272522,-6.54580020904541,-7.521200180053711,-8.035900115966797,-8.470499992370605,-9.475799560546875,-0.11169999837875366,-0.7522000074386597,-1.0368000268936157,-1.259600043296814,-1.7445000410079956,0.8346999883651733,0.7088000178337097,-1.9961999654769897,0.397599995136261,1.3131999969482422,1.995300054550171,3.2479000091552734,-0.11169999837875366,-0.7522000074386597,-1.0368000268936157,-1.259600043296814,-1.7445000410079956,3.6073999404907227,2.6412999629974365,2.3162999153137207,2.085200071334839,1.607699990272522,-6.54580020904541,-7.521200180053711,-8.035900115966797,-8.470499992370605,-9.475799560546875,58.329200744628906,142.49380493164062,142.49380493164062,142.49380493164062,228.43739318847656,3.210099935531616,0.7019000053405762,0.9061999917030334,0.9061999917030334
18,162.12319946289062,130.98089599609375,26.93440055847168,0.3310999870300293,0.0,0.0,0.4683000147342682,0.0,162.12319946289062,15.620499610900879,72.18419647216797,1443.684326171875,0.7993999719619751,72.17150115966797,72.17150115966797,144.3428955078125,72.09929656982422,72.0624008178711,360.31219482421875,72.127197265625,72.0779037475586,432.4674072265625,72.15519714355469,72.13469696044922,504.9429931640625,72.17150115966797,72.3196029663086,723.1964111328125,15.620499610900879,15.620499610900879,31.240999221801758,15.620499610900879,15.620499610900879,78.10250091552734,15.620499610900879,15.620499610900879,93.7229995727539,15.620499610900879,15.620499610900879,109.34349822998047,15.620499610900879,15.620499610900879,156.2050018310547,162.1555938720703,162.1555938720703,324.3113098144531,161.8636016845703,161.80870056152344,809.0433959960938,161.92869567871094,161.83949279785156,971.0371704101562,161.99380493164062,161.9553985595703,1133.6876220703125,162.1555938720703,162.37869262695312,1623.7869873046875,0.1656000018119812,0.1656000018119812,0.3310999870300293,0.3310999870300293,0.2012999951839447,1.006700038909912,0.3310999870300293,0.22300000488758087,1.3378000259399414,0.3310999870300293,0.19110000133514404,1.3378000259399414,0.1656000018119812,0.16689999401569366,1.6689000129699707,0.0,0.0,0.0,0.0,0.0,0.0,0.0,0.0,0.0,0.0,0.0,0.0,0.0,0.0,0.0,0.1656000018119812,0.1656000018119812,0.3310999870300293,0.3310999870300293,0.2937000095844269,1.4682999849319458,0.3343999981880188,0.3009999990463257,1.8061000108718872,0.3310999870300293,0.3052999973297119,2.137200117111206,0.3343999981880188,0.34139999747276306,3.4142000675201416,0.7307999730110168,0.7307999730110168,1.4615999460220337,0.8061000108718872,0.8809999823570251,4.40500020980835,0.9031000137329102,0.9007999897003174,5.40500020980835,0.8061000108718872,0.8194000124931335,5.736100196838379,0.7307999730110168,0.7343999743461609,7.344299793243408,10.221500396728516,0.38339999318122864,-5.781599998474121,-1.4471999406814575,0.38339999318122864,0.3833000063896179,0.3831999897956848,0.3831999897956848,0.382999986410141,-5.815899848937988,-5.469799995422363,-5.500699996948242,-5.616600036621094,-6.040200233459473,-1.4351999759674072,-1.3265999555587769,-1.3421000242233276,-1.3990000486373901,-1.5842000246047974,0.15860000252723694,0.07450000196695328,10.287599563598633,10.13599967956543,10.116399765014648,10.198100090026855,10.284099578857422,-1.4351999759674072,-1.3265999555587769,-1.3421000242233276,-1.3990000486373901,-1.5842000246047974,0.38339999318122864,0.3833000063896179,0.3831999897956848,0.3831999897956848,0.382999986410141,-5.815899848937988,-5.469799995422363,-5.500699996948242,-5.616600036621094,-6.040200233459473,71.71080017089844,179.14019775390625,179.14019775390625,179.14019775390625,265.2679138183594,4.442999839782715,-0.30889999866485596,0.30469998717308044,0.30469998717308044
19,168.96670532226562,142.35670471191406,25.170499801635742,0.4683000147342682,0.337799996137619,0.3310999870300293,0.337799996137619,0.4683000147342682,168.96670532226562,13.928400039672852,76.654296875,1533.085205078125,1.9431999921798706,76.49040222167969,76.49040222167969,152.98089599609375,76.1010971069336,76.21430206298828,381.0715026855469,76.11080169677734,76.19860076904297,457.1918029785156,76.12039947509766,76.19599914550781,533.371826171875,76.25330352783203,76.39820098876953,763.9816284179688,13.659700393676758,13.659700393676758,27.319299697875977,12.86340045928955,12.984299659729004,64.92140197753906,12.658599853515625,12.895899772644043,77.37519836425781,12.548299789428711,12.846199989318848,89.92350006103516,12.75629997253418,12.872599601745605,128.72569274902344,168.69520568847656,168.69520568847656,337.3902893066406,168.42359924316406,168.4864959716797,842.432373046875,168.42359924316406,168.5800018310547,1011.4796752929688,168.42359924316406,168.69259643554688,1180.84814453125,169.0070037841797,169.24440002441406,1692.4442138671875,0.3343999981880188,0.3343999981880188,0.6689000129699707,0.3310999870300293,0.20000000298023224,1.0,0.3310999870300293,0.22300000488758087,1.3378000259399414,0.3310999870300293,0.23839999735355377,1.6689000129699707,0.3310999870300293,0.2946000099182129,2.9458999633789062,0.4729999899864197,0.4729999899864197,0.945900022983551,0.4683000147342682,0.28279998898506165,1.414199948310852,0.23409999907016754,0.23569999635219574,1.414199948310852,0.0,0.20200000703334808,1.414199948310852,0.4683000147342682,0.28279998898506165,2.828399896621704,0.23409999907016754,0.23409999907016754,0.4683000147342682,0.3310999870300293,0.22609999775886536,1.1305999755859375,0.17030000686645508,0.1899999976158142,1.1399999856948853,0.32440000772476196,0.20919999480247498,1.464400053024292,0.3310999870300293,0.24709999561309814,2.471100091934204,1.7103999853134155,1.7103999853134155,3.4209001064300537,1.4710999727249146,1.2980999946594238,6.490699768066406,1.3121999502182007,1.2740000486373901,7.644000053405762,1.3177000284194946,1.2802000045776367,8.961700439453125,1.4744000434875488,1.580199956893921,15.801600456237793,10.293800354003906,-0.28360000252723694,19.11949920654297,14.537500381469727,-0.014700000174343586,0.6608999967575073,0.7494000196456909,0.7990999817848206,0.7731000185012817,19.386600494384766,19.58930015563965,19.494400024414062,19.38089942932129,18.827199935913086,14.69950008392334,14.97350025177002,14.988800048828125,14.991299629211426,14.78909969329834,0.36980000138282776,0.3619999885559082,10.524299621582031,10.937100410461426,10.961600303649902,10.955699920654297,10.659600257873535,14.69950008392334,14.97350025177002,14.988800048828125,14.991299629211426,14.78909969329834,-0.014700000174343586,0.6608999967575073,0.7494000196456909,0.7990999817848206,0.7731000185012817,19.386600494384766,19.58930015563965,19.494400024414062,19.38089942932129,18.827199935913086,78.78170013427734,179.04930114746094,207.69720458984375,250.8531036376953,322.2887878417969,4.450099945068359,-1.1328999996185303,0.09849999845027924,0.09849999845027924
20,156.0117950439453,129.12879943847656,27.154199600219727,0.3379000127315521,0.0,1.006700038909912,0.7493000030517578,0.4683000147342682,156.0117950439453,15.296799659729004,71.3499984741211,1427.0008544921875,2.5622000694274902,71.2479019165039,71.2479019165039,142.4958038330078,71.14579772949219,71.2083969116211,356.0419006347656,71.2479019165039,71.27459716796875,427.64739990234375,71.3499984741211,71.40850067138672,499.8594055175781,71.49829864501953,71.72309875488281,717.2305908203125,15.133999824523926,15.133999824523926,30.26810073852539,15.10420036315918,15.127799987792969,75.63890075683594,15.200499534606934,15.164999961853027,90.98979949951172,15.296799659729004,15.207500457763672,106.45220184326172,15.406700134277344,15.472700119018555,154.726806640625,155.84300231933594,155.84300231933594,311.68609619140625,155.91050720214844,156.07400512695312,780.3701171875,155.9611053466797,156.4044952392578,938.4271850585938,156.0117950439453,156.78030395507812,1097.462158203125,157.58900451660156,157.66940307617188,1576.6943359375,0.0,0.0,0.0,0.0,0.0,0.0,0.0,0.0551999993622303,0.3310999870300293,0.0,0.09560000151395798,0.6689000129699707,0.0,0.10000000149011612,1.0,0.39969998598098755,0.39969998598098755,0.7993999719619751,0.4683000147342682,0.7612000107765198,3.805999994277954,0.7307999730110168,0.972000002861023,5.832200050354004,0.9933000206947327,1.0293999910354614,7.20550012588501,1.0992000102996826,1.0643999576568604,10.643600463867188,0.3345000147819519,0.3345000147819519,0.6690000295639038,1.3667999505996704,1.455299973487854,7.276500225067139,1.3858000040054321,1.4469000101089478,8.68120002746582,1.4048000574111938,1.6302000284194946,11.411600112915039,2.451200008392334,2.3124001026153564,23.124000549316406,2.2776999473571777,2.2776999473571777,4.555500030517578,4.061800003051758,4.900599956512451,24.50309944152832,5.884200096130371,5.368299961090088,32.209800720214844,7.635900020599365,5.692200183868408,39.84560012817383,7.671299934387207,6.0970001220703125,60.970401763916016,7.77239990234375,0.9958000183105469,11.62909984588623,4.335999965667725,1.1585999727249146,1.1649999618530273,1.1279000043869019,1.0855000019073486,0.8205000162124634,11.796500205993652,11.563599586486816,11.233099937438965,10.857199668884277,9.964900016784668,4.437600135803223,4.476200103759766,4.410099983215332,4.276199817657471,3.9607999324798584,0.227400004863739,0.37139999866485596,8.056699752807617,5.431000232696533,4.962600231170654,4.6381001472473145,4.236100196838379,4.437600135803223,4.476200103759766,4.410099983215332,4.276199817657471,3.9607999324798584,1.1585999727249146,1.1649999618530273,1.1279000043869019,1.0855000019073486,0.8205000162124634,11.796500205993652,11.563599586486816,11.233099937438965,10.857199668884277,9.964900016784668,45.88759994506836,121.79920196533203,150.35560607910156,180.8354034423828,274.3890075683594,4.627799987792969,-0.6096000075340271,0.03240000084042549,0.03240000084042549
21,106.56700134277344,98.86109924316406,30.986499786376953,0.9272000193595886,1.3797999620437622,4.997600078582764,6.029200077056885,4.049499988555908,111.71610260009766,12.978300094604492,52.40330123901367,1048.06640625,17.38330078125,52.77939987182617,52.77939987182617,105.55879974365234,54.30759811401367,54.75849914550781,273.7925109863281,54.8109016418457,55.975101470947266,335.8505859375,55.314300537109375,57.32820129394531,401.297607421875,60.334999084472656,59.63079833984375,596.3076171875,13.902999877929688,13.902999877929688,27.806100845336914,13.440099716186523,13.769100189208984,68.84529876708984,13.351799964904785,13.54010009765625,81.24079895019531,13.440099716186523,13.579299926757812,95.0551986694336,13.866800308227539,13.768199920654297,137.68170166015625,113.32330322265625,113.32330322265625,226.64669799804688,118.98880004882812,119.27140045166016,596.3569946289062,120.8396987915039,121.54779815673828,729.2868041992188,122.69059753417969,123.91280364990234,867.389892578125,130.4803924560547,128.47300720214844,1284.72998046875,1.5875999927520752,1.5875999927520752,3.175299882888794,1.0555000305175781,1.2049000263214111,6.024499893188477,1.0586999654769897,1.1811000108718872,7.086400032043457,1.0555000305175781,1.1619000434875488,8.133399963378906,1.0501999855041504,0.9796000123023987,9.795599937438965,4.8871002197265625,4.8871002197265625,9.774200439453125,5.724599838256836,6.806399822235107,34.03219985961914,5.901400089263916,6.685100078582764,40.11050033569336,5.724599838256836,5.824699878692627,40.772701263427734,4.781899929046631,4.431399822235107,44.3135986328125,2.9519999027252197,2.9519999027252197,5.9039998054504395,6.845099925994873,6.854599952697754,34.27280044555664,7.251299858093262,6.988399982452393,41.930301666259766,6.845099925994873,6.229400157928467,43.60580062866211,3.4565000534057617,4.888000011444092,48.880001068115234,22.285900115966797,22.285900115966797,44.57170104980469,27.188400268554688,30.165599822998047,150.82809448242188,28.973600387573242,30.26449966430664,181.58689880371094,27.188400268554688,26.90329933166504,188.32290649414062,21.804899215698242,20.734500885009766,207.3448028564453,-5.146399974822998,0.6664999723434448,76.37010192871094,38.78839874267578,-0.2581000030040741,-0.12389999628067017,0.10509999841451645,0.06599999964237213,-0.12250000238418579,74.7583999633789,68.80439758300781,66.52660369873047,64.16059875488281,59.59859848022461,38.410499572753906,36.429298400878906,35.21229934692383,33.85900115966797,31.556499481201172,0.5037999749183655,0.864799976348877,-10.051199913024902,-17.930400848388672,-18.028900146484375,-14.6673002243042,-8.49470043182373,38.410499572753906,36.429298400878906,35.21229934692383,33.85900115966797,31.556499481201172,-0.2581000030040741,-0.12389999628067017,0.10509999841451645,0.06599999964237213,-0.12250000238418579,74.7583999633789,68.80439758300781,66.52660369873047,64.16059875488281,59.59859848022461,53.18170166015625,131.9604034423828,164.87330627441406,197.63490295410156,282.8861999511719,2.7197000980377197,0.5975000262260437,0.7479000091552734,0.7479000091552734
22,136.5625,110.37190246582031,28.200300216674805,0.3310999870300293,0.0,0.3310999870300293,0.3310999870300293,0.337799996137619,136.56260681152344,17.310400009155273,63.71620178222656,1274.3248291015625,1.3310999870300293,63.696998596191406,63.696998596191406,127.3938980102539,63.74319839477539,63.74509811401367,318.7254943847656,63.729698181152344,63.713401794433594,382.2803039550781,63.71620178222656,63.652000427246094,445.5638122558594,63.6161994934082,63.411598205566406,634.1162109375,17.194900512695312,17.194900512695312,34.389801025390625,17.142099380493164,17.246200561523438,86.2311019897461,17.226299285888672,17.379499435424805,104.27690124511719,17.310400009155273,17.520999908447266,122.64700317382812,17.589000701904297,17.652599334716797,176.5258026123047,136.5308074951172,136.5308074951172,273.0616149902344,136.4990997314453,136.343994140625,681.72021484375,136.466796875,136.07789611816406,816.4675903320312,136.4344940185547,135.74899291992188,950.2429809570312,135.20440673828125,135.07449340820312,1350.744873046875,0.0,0.0,0.0,0.0,0.0,0.0,0.0,0.07800000160932541,0.4683000147342682,0.0,0.13510000705718994,0.9459999799728394,0.0032999999821186066,0.17520000040531158,1.7519999742507935,0.3343999981880188,0.3343999981880188,0.6689000129699707,0.337799996137619,0.3230000138282776,1.61489999294281,0.3343999981880188,0.32429999113082886,1.9459999799728394,0.3310999870300293,0.27900001406669617,1.9527000188827515,0.3310999870300293,0.2615000009536743,2.6149001121520996,0.3310999870300293,0.3310999870300293,0.6621999740600586,1.0534000396728516,0.8389000296592712,4.194300174713135,0.8984000086784363,0.8228999972343445,4.937699794769287,0.743399977684021,0.800000011920929,5.599899768829346,0.8999000191688538,0.8608999848365784,8.609100341796875,1.396299958229065,1.396299958229065,2.79259991645813,2.47160005569458,2.3025999069213867,11.512800216674805,2.2437000274658203,2.2548000812530518,13.528499603271484,2.015700101852417,2.143699884414673,15.006199836730957,2.543299913406372,2.4498000144958496,24.498199462890625,5.6290998458862305,-0.73580002784729,13.700499534606934,4.802000045776367,-0.6200000047683716,-0.6704999804496765,-0.8034999966621399,-0.9448000192642212,-1.075600028038025,13.729999542236328,13.910099983215332,14.173999786376953,14.500699996948242,15.168700218200684,4.820499897003174,4.770100116729736,4.80109977722168,4.861700057983398,5.099899768829346,0.1354999989271164,0.43070000410079956,5.563700199127197,4.657199859619141,4.705100059509277,4.816100120544434,4.5100998878479,4.820499897003174,4.770100116729736,4.80109977722168,4.861700057983398,5.099899768829346,-0.6200000047683716,-0.6704999804496765,-0.8034999966621399,-0.9448000192642212,-1.075600028038025,13.729999542236328,13.910099983215332,14.173999786376953,14.500699996948242,15.168700218200684,53.03139877319336,150.40139770507812,186.2113037109375,214.8592071533203,315.1268005371094,4.166999816894531,-0.050200000405311584,0.511900007724762,0.511900007724762
23,139.1053009033203,120.08599853515625,29.338899612426758,2.835200071334839,0.4683000147342682,2.6868999004364014,3.779099941253662,3.0773000717163086,139.1053009033203,15.510100364685059,65.05460357666016,1301.0924072265625,12.846799850463867,65.44180297851562,65.44180297851562,130.88360595703125,66.9634017944336,66.8478012084961,334.2391052246094,67.38240051269531,67.1958999633789,403.17529296875,67.80139923095703,67.51399993896484,472.5976867675781,68.46630096435547,67.94979858398438,679.4984130859375,15.523300170898438,15.523300170898438,31.046499252319336,14.885299682617188,15.034799575805664,75.17379760742188,15.113300323486328,15.085800170898438,90.51499938964844,15.083399772644043,15.08549976348877,105.59839630126953,15.144700050354004,15.071200370788574,150.71200561523438,139.7454071044922,139.7454071044922,279.4906921386719,142.42039489746094,142.7917022705078,713.9583740234375,143.66050720214844,143.72940063476562,862.376220703125,144.90069580078125,144.68380737304688,1012.78662109375,147.78219604492188,146.66099548339844,1466.6099853515625,0.707099974155426,0.707099974155426,1.414199948310852,1.414199948310852,1.2365000247955322,6.182499885559082,1.414199948310852,1.3828999996185303,8.297699928283691,1.414199948310852,1.475000023841858,10.324899673461914,1.9835000038146973,2.5673999786376953,25.674299240112305,3.1735999584198,3.1735999584198,6.3471999168396,2.595400094985962,2.752500057220459,13.762399673461914,2.836400032043457,2.9147000312805176,17.488100051879883,3.0773000717163086,3.0571000576019287,21.399599075317383,3.1735999584198,3.3757998943328857,33.758201599121094,2.748699903488159,2.748699903488159,5.497399806976318,3.7346999645233154,3.7121999263763428,18.56100082397461,4.0345001220703125,4.248899936676025,25.493600845336914,4.334199905395508,4.688700199127197,32.82080078125,5.696000099182129,5.454400062561035,54.54410171508789,13.797100067138672,13.797100067138672,27.59429931640625,14.616499900817871,14.488499641418457,72.44249725341797,14.682000160217285,15.821100234985352,94.92669677734375,14.7475004196167,16.864500045776367,118.05159759521484,17.945899963378906,19.254199981689453,192.54229736328125,-2.512200117111206,0.7825000286102295,28.535600662231445,10.631400108337402,0.7692999839782715,1.2580000162124634,1.2070000171661377,1.2073999643325806,1.222000002861023,27.89419937133789,24.84589958190918,23.908300399780273,22.953699111938477,20.97330093383789,10.24370002746582,8.836799621582031,8.488800048828125,8.170700073242188,7.734000205993652,0.7475000023841858,0.8514999747276306,-3.4626998901367188,-4.156899929046631,-5.490200042724609,-6.534200191497803,-8.921099662780762,10.24370002746582,8.836799621582031,8.488800048828125,8.170700073242188,7.734000205993652,0.7692999839782715,1.2580000162124634,1.2070000171661377,1.2073999643325806,1.222000002861023,27.89419937133789,24.84589958190918,23.908300399780273,22.953699111938477,20.97330093383789,53.58489990234375,122.23429870605469,148.54660034179688,179.51150512695312,258.3970947265625,4.1402997970581055,-0.12210000306367874,0.45980000495910645,0.45980000495910645
24,219.70680236816406,174.01019287109375,31.390300750732422,12.144499778747559,11.1983003616333,15.354700088500977,15.197999954223633,14.834199905395508,219.70680236816406,19.952699661254883,96.34870147705078,1926.9739990234375,68.72969818115234,96.20539855957031,96.20539855957031,192.41090393066406,94.0239028930664,93.99079895019531,469.9541931152344,93.50910186767578,92.77989959716797,556.67919921875,92.99430084228516,91.40779876708984,639.8543701171875,88.625,88.20780181884766,882.0781860351562,20.371000289916992,20.371000289916992,40.742000579833984,18.13319969177246,18.393699645996094,91.96829986572266,17.87689971923828,18.264799118041992,109.58889770507812,18.13319969177246,18.321399688720703,128.24969482421875,18.112199783325195,18.265100479125977,182.6508026123047,219.21029663085938,219.21029663085938,438.42059326171875,215.6031951904297,215.22940063476562,1076.146728515625,214.8874969482422,212.18099975585938,1273.0859375,214.1717987060547,208.27259826660156,1457.9083251953125,202.44520568847656,199.0832061767578,1990.8326416015625,12.7475004196167,12.7475004196167,25.495100021362305,14.296799659729004,14.439299583435059,72.19629669189453,14.353799819946289,14.434499740600586,86.6072006225586,14.296799659729004,14.034199714660645,98.23919677734375,13.444199562072754,13.202899932861328,132.02879333496094,13.53600025177002,13.53600025177002,27.07200050354004,13.695599555969238,13.118599891662598,65.59320068359375,14.264900207519531,14.386699676513672,86.31999969482422,14.834199905395508,14.652400016784668,102.56649780273438,14.264900207519531,14.133500099182129,141.3347930908203,12.695599555969238,12.695599555969238,25.39109992980957,13.246600151062012,13.527999877929688,67.64019775390625,13.786499977111816,14.535799980163574,87.21489715576172,14.326299667358398,15.375,107.6250991821289,16.731599807739258,16.014400482177734,160.14390563964844,68.82009887695312,68.82009887695312,137.6403045654297,68.9104995727539,69.52670288085938,347.63360595703125,71.67639923095703,74.13020324707031,444.7814025878906,74.44219970703125,75.29949951171875,527.0968017578125,71.97219848632812,73.57659912109375,735.7664184570312,-55.88859939575195,-2.386199951171875,-23.80389976501465,-8.023500442504883,-2.8043999671936035,-0.8267999887466431,-0.6977999806404114,-0.7541999816894531,-0.6973999738693237,-23.305599212646484,-19.31999969482422,-16.27039909362793,-12.360799789428711,-3.170099973678589,-7.87939977645874,-5.662700176239014,-4.451099872589111,-3.0785000324249268,0.12219999730587006,0.9538999795913696,0.9918000102043152,-55.97930145263672,-56.67959976196289,-61.28020095825195,-62.44670104980469,-60.71659851074219,-7.87939977645874,-5.662700176239014,-4.451099872589111,-3.0785000324249268,0.12219999730587006,-2.8043999671936035,-0.8267999887466431,-0.6977999806404114,-0.7541999816894531,-0.6973999738693237,-23.305599212646484,-19.31999969482422,-16.27039909362793,-12.360799789428711,-3.170099973678589,69.86319732666016,157.49609375,191.26300048828125,224.5178985595703,301.30450439453125,3.093100070953369,1.0069999694824219,0.9132000207901001,0.9132000207901001
25,187.40809631347656,153.31619262695312,25.93280029296875,3.7167999744415283,3.6705000400543213,1.7979999780654907,1.666200041770935,1.655500054359436,187.40809631347656,14.334799766540527,81.4197006225586,1628.3939208984375,12.507100105285645,81.5895004272461,81.5895004272461,163.1790008544922,82.2522964477539,82.45149993896484,412.25738525390625,82.59739685058594,82.7677993774414,496.60699462890625,82.94249725341797,83.03959655761719,581.2772216796875,84.1166000366211,83.76380157470703,837.6384887695312,14.175399780273438,14.175399780273438,28.350799560546875,14.334799766540527,14.647100448608398,73.23570251464844,14.694100379943848,14.919899940490723,89.51959991455078,15.053500175476074,15.12440013885498,105.87110137939453,15.555899620056152,15.299500465393066,152.99510192871094,187.8524932861328,187.8524932861328,375.7049865722656,189.5493927001953,189.84759521484375,949.23828125,190.21080017089844,190.46620178222656,1142.7974853515625,190.8721923828125,191.0048065185547,1337.03369140625,193.3354034423828,192.65780639648438,1926.57763671875,4.176400184631348,4.176400184631348,8.352800369262695,3.6705000400543213,3.1368000507354736,15.683799743652344,2.9974000453948975,2.7374000549316406,16.4242000579834,2.324399948120117,2.6233999729156494,18.364099502563477,3.330899953842163,2.982599973678589,29.825700759887695,1.06659996509552,1.06659996509552,2.13319993019104,2.0139999389648438,1.6756000518798828,8.377799987792969,1.8348000049591064,1.5707999467849731,9.424799919128418,2.0139999389648438,1.680999994277954,11.767000198364258,2.115299940109253,2.5146000385284424,25.146299362182617,3.66759991645813,3.66759991645813,7.335100173950195,3.145400047302246,2.5587000846862793,12.793299674987793,2.2560999393463135,2.289099931716919,13.734600067138672,2.0206000804901123,2.250699996948242,15.755200386047363,3.2093000411987305,2.740799903869629,27.408000946044922,12.090900421142578,12.090900421142578,24.181800842285156,11.674799919128418,11.101699829101562,55.50849914550781,10.87909984588623,10.030099868774414,60.180599212646484,11.377599716186523,10.222599983215332,71.55819702148438,12.090900421142578,13.461999893188477,134.62010192871094,-2.172499895095825,1.957800030708313,-19.767200469970703,-5.733699798583984,2.1171998977661133,1.6455999612808228,1.3729000091552734,1.1684999465942383,0.9937000274658203,-20.21299934387207,-22.210100173950195,-22.82859992980957,-23.367300033569336,-25.023399353027344,-5.9039998054504395,-6.766900062561035,-7.083199977874756,-7.354899883270264,-8.079999923706055,0.8062000274658203,0.7087000012397766,-1.756500005722046,-0.7700999975204468,0.30079999566078186,0.10779999941587448,-3.1289000511169434,-5.9039998054504395,-6.766900062561035,-7.083199977874756,-7.354899883270264,-8.079999923706055,2.1171998977661133,1.6455999612808228,1.3729000091552734,1.1684999465942383,0.9937000274658203,-20.21299934387207,-22.210100173950195,-22.82859992980957,-23.367300033569336,-25.023399353027344,58.13890075683594,121.81379699707031,152.66990661621094,183.3114013671875,279.3514099121094,4.35260009765625,-0.3345000147819519,0.24779999256134033,0.24779999256134033
26,167.33799743652344,131.47239685058594,36.822601318359375,2.9584999084472656,0.0,0.9412999749183655,2.6689000129699707,1.4926999807357788,167.33799743652344,20.24850082397461,76.9531021118164,1539.062744140625,8.061400413513184,76.95439910888672,76.95439910888672,153.90890502929688,76.49810028076172,76.40630340576172,382.03131103515625,76.25180053710938,76.21269989013672,457.2762145996094,76.00550079345703,76.02960205078125,532.206787109375,75.43180084228516,75.67549896240234,756.7550048828125,19.935300827026367,19.935300827026367,39.870601654052734,19.83169937133789,19.85930061340332,99.29650115966797,20.04010009765625,19.981300354003906,119.88780212402344,19.83169937133789,19.938400268554688,139.56869506835938,19.75429916381836,19.822599411010742,198.22579956054688,167.39889526367188,167.39889526367188,334.79779052734375,166.779296875,166.08050537109375,830.402587890625,165.88499450683594,165.54449462890625,993.2672119140625,164.9906005859375,165.14630126953125,1156.024169921875,163.49429321289062,164.5146942138672,1645.1470947265625,0.0,0.0,0.0,0.0,0.13379999995231628,0.6689000129699707,0.1656000018119812,0.16670000553131104,1.0,0.0,0.1429000049829483,1.0,0.0,0.10000000149011612,1.0,1.2194000482559204,1.2194000482559204,2.438699960708618,1.3244999647140503,1.2201999425888062,6.100900173187256,1.1888999938964844,1.1923999786376953,7.154300212860107,1.0534000396728516,1.12909996509552,7.90369987487793,0.9763000011444092,0.9372000098228455,9.371899604797363,2.3264000415802,2.3264000415802,4.6528000831604,1.6943000555038452,1.908400058746338,9.542200088500977,1.3707000017166138,1.6467000246047974,9.880000114440918,1.0470000505447388,1.4586999416351318,10.211099624633789,1.0302000045776367,1.263800024986267,12.637800216674805,6.785699844360352,6.785699844360352,13.57129955291748,6.075799942016602,6.708499908447266,33.542598724365234,5.792900085449219,6.05709981918335,36.34239959716797,5.509900093078613,5.575200080871582,39.02629852294922,4.962500095367432,4.774799823760986,47.74800109863281,-0.5016000270843506,-1.8420000076293945,11.84570026397705,4.106299877166748,-1.5289000272750854,-1.4526000022888184,-1.5744999647140503,-1.5313999652862549,-1.4151999950408936,11.787099838256836,13.110799789428711,13.64680004119873,14.044400215148926,14.672800064086914,4.105899810791016,4.656199932098389,4.849800109863281,5.032700061798096,5.38539981842041,0.8054999709129333,0.7904999852180481,0.7741000056266785,0.8507999777793884,1.5024000406265259,1.9846999645233154,2.7825000286102295,4.105899810791016,4.656199932098389,4.849800109863281,5.032700061798096,5.38539981842041,-1.5289000272750854,-1.4526000022888184,-1.5744999647140503,-1.5313999652862549,-1.4151999950408936,11.787099838256836,13.110799789428711,13.64680004119873,14.044400215148926,14.672800064086914,42.503299713134766,123.51850128173828,155.1009063720703,195.04769897460938,259.5964050292969,4.188199996948242,-0.27630001306533813,0.3431999981403351,0.3431999981403351
27,104.92379760742188,85.0459976196289,28.589000701904297,0.6689000129699707,0.337799996137619,0.47769999504089355,1.0534000396728516,0.337799996137619,104.92379760742188,15.668899536132812,52.00899887084961,1040.18017578125,2.875499963760376,52.213600158691406,52.213600158691406,104.42729949951172,52.41830062866211,52.34379959106445,261.71881103515625,52.36220169067383,52.32709884643555,313.96240234375,52.30619812011719,52.323001861572266,366.26080322265625,52.39550018310547,52.437599182128906,524.3759155273438,15.841300010681152,15.841300010681152,31.682600021362305,15.668899536132812,15.6003999710083,78.002197265625,15.5649995803833,15.522500038146973,93.13500213623047,15.461000442504883,15.46679973602295,108.2677993774414,15.461000442504883,15.465800285339355,154.65750122070312,105.2844009399414,105.2844009399414,210.5688018798828,105.72129821777344,105.62049865722656,528.1024169921875,105.78250122070312,105.72630310058594,634.3577880859375,105.84359741210938,105.87329864501953,741.11279296875,106.11199951171875,106.61740112304688,1066.174560546875,0.40540000796318054,0.40540000796318054,0.8108000159263611,0.3310999870300293,0.2946000099182129,1.4730000495910645,0.3310999870300293,0.2996000051498413,1.7973999977111816,0.3310999870300293,0.3059999942779541,2.141900062561035,0.3411000072956085,0.4803999960422516,4.804100036621094,0.5390999913215637,0.5390999913215637,1.0780999660491943,0.7404000163078308,0.6832000017166138,3.4158999919891357,0.5390999913215637,0.5692999958992004,3.4158999919891357,0.337799996137619,0.4880000054836273,3.4158999919891357,0.6043000221252441,0.583299994468689,5.832900047302246,0.7091000080108643,0.7091000080108643,1.4182000160217285,0.7404000163078308,0.805400013923645,4.026899814605713,0.7448999881744385,0.8295999765396118,4.97760009765625,0.7493000030517578,0.881600022315979,6.17140007019043,1.0722999572753906,0.9776999950408936,9.777000427246094,3.4725000858306885,3.4725000858306885,6.945000171661377,3.675600051879883,3.566499948501587,17.832700729370117,3.275599956512451,3.239799976348877,19.43899917602539,2.875499963760376,3.044100046157837,21.308399200439453,3.872499942779541,3.664299964904785,36.64310073852539,4.084700107574463,0.9057000279426575,45.339298248291016,16.509300231933594,0.7336000204086304,0.9753000140190125,1.0535000562667847,1.1094000339508057,1.111299991607666,44.97639846801758,44.63359832763672,44.52560043334961,44.376399993896484,43.625701904296875,16.303800582885742,16.17140007019043,16.187400817871094,16.19070053100586,16.07390022277832,0.4009999930858612,0.39570000767707825,3.487499952316284,3.3933000564575195,3.7200000286102295,3.915800094604492,3.295599937438965,16.303800582885742,16.17140007019043,16.187400817871094,16.19070053100586,16.07390022277832,0.7336000204086304,0.9753000140190125,1.0535000562667847,1.1094000339508057,1.111299991607666,44.97639846801758,44.63359832763672,44.52560043334961,44.376399993896484,43.625701904296875,71.61969757080078,167.58590698242188,181.9832000732422,200.5352020263672,300.80279541015625,4.246600151062012,-0.1298000067472458,0.3871999979019165,0.3871999979019165
28,154.24620056152344,106.67859649658203,28.625,0.9933000206947327,0.3310999870300293,0.4729999899864197,0.6689000129699707,0.3312000036239624,154.24620056152344,18.348400115966797,68.97530364990234,1379.506103515625,2.797499895095825,68.91539764404297,68.91539764404297,137.83079528808594,68.97530364990234,69.61329650878906,348.06658935546875,69.50759887695312,70.05400085449219,420.3240051269531,70.03980255126953,70.3750991821289,492.6256103515625,71.018798828125,70.69159698486328,706.9161987304688,18.232200622558594,18.232200622558594,36.46440124511719,18.109500885009766,17.838699340820312,89.19349670410156,17.789899826049805,17.69890022277832,106.19329833984375,17.602399826049805,17.685100555419922,123.79570007324219,17.403600692749023,17.579599380493164,175.7957000732422,154.289306640625,154.289306640625,308.57861328125,154.63560485839844,156.33740234375,781.6868286132812,156.16119384765625,157.48660278320312,944.919677734375,157.68679809570312,158.2637939453125,1107.846435546875,160.0131072998047,159.0236053466797,1590.235595703125,0.3343999981880188,0.3343999981880188,0.6689000129699707,0.3310999870300293,0.20000000298023224,1.0,0.1656000018119812,0.16670000553131104,1.0,0.0,0.1429000049829483,1.0,0.0,0.10000000149011612,1.0,0.3278000056743622,0.3278000056743622,0.6556000113487244,1.3243999481201172,0.9391000270843506,4.6956000328063965,0.9933000206947327,0.8930000066757202,5.357800006866455,1.3243999481201172,1.0038000345230103,7.026700019836426,1.357800006866455,1.23580002784729,12.357799530029297,0.8310999870300293,0.8310999870300293,1.6621999740600586,2.6487998962402344,2.266200065612793,11.331100463867188,1.8210999965667725,1.9436999559402466,11.662199974060059,0.9933000206947327,1.7721999883651733,12.405599594116211,2.1089000701904297,1.885599970817566,18.85650062561035,2.22979998588562,2.22979998588562,4.459700107574463,6.370800018310547,4.884699821472168,24.423599243164062,4.584099769592285,4.448200225830078,26.689300537109375,4.46999979019165,4.451300144195557,31.15920066833496,6.4085001945495605,5.623000144958496,56.22949981689453,9.435700416564941,-3.0327000617980957,-5.451600074768066,-1.3473000526428223,-2.9163999557495117,-2.5223000049591064,-2.3822999000549316,-2.368299961090088,-2.262200117111206,-5.492700099945068,-7.537399768829346,-8.687000274658203,-9.464799880981445,-10.227399826049805,-1.2864999771118164,-1.982800006866455,-2.4235999584198,-2.744800090789795,-3.0620999336242676,0.4108999967575073,0.28439998626708984,10.003199577331543,7.346499919891357,7.783100128173828,7.780200004577637,6.609600067138672,-1.2864999771118164,-1.982800006866455,-2.4235999584198,-2.744800090789795,-3.0620999336242676,-2.9163999557495117,-2.5223000049591064,-2.3822999000549316,-2.368299961090088,-2.262200117111206,-5.492700099945068,-7.537399768829346,-8.687000274658203,-9.464799880981445,-10.227399826049805,58.56370162963867,150.0218048095703,176.63490295410156,205.2407989501953,287.88250732421875,4.484099864959717,-0.36230000853538513,0.23180000483989716,0.23180000483989716
29,151.23480224609375,120.64669799804688,30.199800491333008,1.4807000160217285,0.0,0.746399998664856,0.6689000129699707,0.7404000163078308,151.23480224609375,16.11370086669922,67.96839904785156,1359.3687744140625,3.6363000869750977,67.87310028076172,67.87310028076172,135.74609375,67.84149932861328,67.84590148925781,339.22930908203125,67.80960083007812,67.80339813232422,406.82049560546875,67.77770233154297,67.72940063476562,474.1059875488281,67.80960083007812,67.82710266113281,678.2711791992188,16.112300872802734,16.112300872802734,32.22460174560547,15.80679988861084,15.867300033569336,79.3364028930664,15.878000259399414,15.880900382995605,95.28559875488281,15.949299812316895,15.954899787902832,111.68450164794922,16.112300872802734,16.199600219726562,161.99620056152344,151.09759521484375,151.09759521484375,302.1950988769531,151.23480224609375,151.1999969482422,755.9998168945312,151.143798828125,151.12890625,906.7734985351562,151.05270385742188,150.960693359375,1056.7249755859375,151.143798828125,151.11599731445312,1511.160400390625,0.0,0.0,0.0,0.013399999588727951,0.2176000028848648,1.0879000425338745,0.17229999601840973,0.23770000040531158,1.4258999824523926,0.3310999870300293,0.353300005197525,2.4730000495910645,0.3343999981880188,0.4507000148296356,4.506999969482422,0.609000027179718,0.609000027179718,1.2180999517440796,0.47769999504089355,0.46970000863075256,2.3485000133514404,0.5698999762535095,0.5040000081062317,3.0241000652313232,0.6621999740600586,0.5266000032424927,3.686300039291382,0.6689000129699707,0.6848999857902527,6.848599910736084,0.9059000015258789,0.9059000015258789,1.8118000030517578,0.337799996137619,0.6460000276565552,3.23009991645813,0.5421000123023987,0.6626999974250793,3.9763998985290527,0.4683000147342682,0.6349999904632568,4.444699764251709,0.7477999925613403,0.8644000291824341,8.644200325012207,2.5536999702453613,2.5536999702453613,5.107399940490723,1.4709999561309814,1.815000057220459,9.07509994506836,1.6134999990463257,1.8846999406814575,11.307999610900879,1.75600004196167,1.9940999746322632,13.958600044250488,2.441699981689453,3.190999984741211,31.910200119018555,6.698200225830078,0.17890000343322754,16.4060001373291,7.717599868774414,0.18029999732971191,0.4255000054836273,0.41190001368522644,0.33799999952316284,0.09359999746084213,16.54199981689453,16.437599182128906,16.508699417114258,16.676799774169922,16.518299102783203,7.812399864196777,7.838799953460693,7.881199836730957,7.9552001953125,7.8566999435424805,0.5755000114440918,0.49810001254081726,7.780799865722656,8.516599655151367,8.446200370788574,8.336299896240234,7.142099857330322,7.812399864196777,7.838799953460693,7.881199836730957,7.9552001953125,7.8566999435424805,0.18029999732971191,0.4255000054836273,0.41190001368522644,0.33799999952316284,0.09359999746084213,16.54199981689453,16.437599182128906,16.508699417114258,16.676799774169922,16.518299102783203,67.39179992675781,139.01150512695312,171.1291961669922,204.23629760742188,296.57489013671875,3.9214000701904297,0.09669999778270721,0.6740999817848206,0.6740999817848206
30,141.19839477539062,112.23970031738281,29.950899124145508,0.337799996137619,0.0,0.0,0.0066999997943639755,0.0,141.19839477539062,19.0049991607666,65.10260009765625,1302.0511474609375,0.34450000524520874,65.11969757080078,65.11969757080078,130.23939514160156,65.1594009399414,65.31829833984375,326.59130859375,65.34940338134766,65.38020324707031,392.2810974121094,65.443603515625,65.38919830322266,457.724609375,65.48989868164062,65.42379760742188,654.2376098632812,19.00189971923828,19.00189971923828,38.00379943847656,18.86910057067871,18.815000534057617,94.07499694824219,18.933900833129883,18.85650062561035,113.13899993896484,18.95199966430664,18.87019920349121,132.09100341796875,18.828699111938477,18.845600128173828,188.45590209960938,141.2895050048828,141.2895050048828,282.5790100097656,141.6558074951172,141.90550231933594,709.527587890625,142.077392578125,142.0511016845703,852.3065185546875,142.04220581054688,142.0498046875,994.3488159179688,142.04220581054688,142.047607421875,1420.4754638671875,0.23649999499320984,0.23649999499320984,0.4729999899864197,0.34450000524520874,0.36649999022483826,1.8324999809265137,0.40880000591278076,0.42879998683929443,2.5729000568389893,0.34450000524520874,0.3675999939441681,2.5729000568389893,0.17980000376701355,0.3619999885559082,3.6198999881744385,0.0,0.0,0.0,0.0,0.06620000302791595,0.3310999870300293,0.0,0.11150000244379044,0.6689000129699707,0.0,0.1429000049829483,1.0,0.0,0.1331000030040741,1.3310999870300293,0.3343999981880188,0.3343999981880188,0.6689000129699707,0.0,0.13379999995231628,0.6689000129699707,0.0,0.11150000244379044,0.6689000129699707,0.0,0.09560000151395798,0.6689000129699707,0.0,0.06689999997615814,0.6689000129699707,0.7465999722480774,0.7465999722480774,1.4931000471115112,1.0082999467849731,0.9016000032424927,4.5081000328063965,1.0784000158309937,1.0435999631881714,6.261899948120117,1.0082999467849731,1.0364999771118164,7.255199909210205,1.0008000135421753,0.9301999807357788,9.302200317382812,6.615699768066406,-2.4303998947143555,9.064599990844727,3.4156999588012695,-2.427000045776367,-2.239300012588501,-2.2804999351501465,-2.2939000129699707,-2.2685999870300293,8.97130012512207,8.348600387573242,8.200799942016602,8.199899673461914,8.195599555969238,3.3977999687194824,3.196899890899658,3.1342999935150146,3.124500036239624,3.0878000259399414,0.25679999589920044,0.10429999977350235,6.213500022888184,6.058199882507324,5.916200160980225,5.923399925231934,6.029699802398682,3.3977999687194824,3.196899890899658,3.1342999935150146,3.124500036239624,3.0878000259399414,-2.427000045776367,-2.239300012588501,-2.2804999351501465,-2.2939000129699707,-2.2685999870300293,8.97130012512207,8.348600387573242,8.200799942016602,8.199899673461914,8.195599555969238,57.295799255371094,171.70289611816406,193.464599609375,229.18310546875,257.83099365234375,4.250899791717529,-0.13410000503063202,0.38089999556541443,0.38089999556541443
31,157.74659729003906,124.00160217285156,26.871000289916992,0.0,0.3310999870300293,0.4729999899864197,0.4729999899864197,0.4729999899864197,157.74659729003906,13.39739990234375,70.89800262451172,1417.9605712890625,1.750100016593933,70.88480377197266,70.88480377197266,141.7696075439453,70.89800262451172,70.9114990234375,354.55780029296875,70.9175033569336,70.93939971923828,425.6366882324219,70.93699645996094,71.01080322265625,497.0754089355469,71.03579711914062,71.43270111083984,714.3270874023438,13.401000022888184,13.401000022888184,26.802099227905273,13.39739990234375,13.289999961853027,66.44979858398438,13.251999855041504,13.253000259399414,79.5177993774414,13.39739990234375,13.273599624633789,92.91519927978516,13.401000022888184,13.670700073242188,136.70669555664062,157.6186981201172,157.6186981201172,315.2373046875,157.37179565429688,157.3903045654297,786.9514770507812,157.43130493164062,157.4394073486328,944.636474609375,157.49070739746094,157.59320068359375,1103.1522216796875,157.71580505371094,158.70179748535156,1587.0177001953125,0.1688999980688095,0.1688999980688095,0.337799996137619,0.32440000772476196,0.2635999917984009,1.3178000450134277,0.3278000056743622,0.2985000014305115,1.7907999753952026,0.3310999870300293,0.36160001158714294,2.5311999320983887,0.40209999680519104,0.6802999973297119,6.803199768066406,0.6082000136375427,0.6082000136375427,1.2164000272750854,0.4729999899864197,0.4041000008583069,2.0204999446868896,0.40209999680519104,0.3919000029563904,2.351599931716919,0.337799996137619,0.38420000672340393,2.6893999576568604,0.4729999899864197,1.0357999801635742,10.35789966583252,0.1656000018119812,0.1656000018119812,0.3310999870300293,0.4729999899864197,0.3878999948501587,1.9392999410629272,0.4729999899864197,0.48989999294281006,2.939300060272217,0.4729999899864197,0.5713000297546387,3.999000072479248,0.8310999870300293,1.9496999979019165,19.49650001525879,1.8177000284194946,1.8177000284194946,3.6354000568389893,1.6015000343322754,1.6054999828338623,8.027700424194336,1.6757999658584595,1.7719000577926636,10.631199836730957,1.750100016593933,2.0808000564575195,14.565899848937988,2.2444000244140625,6.198400020599365,61.98400115966797,10.486900329589844,0.24740000069141388,30.339500427246094,20.293699264526367,0.24390000104904175,0.35519999265670776,0.392300009727478,0.3716999888420105,-0.02500000037252903,30.46310043334961,30.68549919128418,30.635000228881836,30.480300903320312,29.369800567626953,20.305099487304688,20.276199340820312,20.24799919128418,20.17650032043457,19.754600524902344,0.11259999871253967,0.39010000228881836,10.416999816894531,10.62969970703125,10.463700294494629,10.155099868774414,6.041399955749512,20.305099487304688,20.276199340820312,20.24799919128418,20.17650032043457,19.754600524902344,0.24390000104904175,0.35519999265670776,0.392300009727478,0.3716999888420105,-0.02500000037252903,30.46310043334961,30.68549919128418,30.635000228881836,30.480300903320312,29.369800567626953,32.87580108642578,122.73590087890625,153.389892578125,186.2113037109375,272.1549987792969,4.5381999015808105,-1.2209999561309814,0.05909999832510948,0.05909999832510948
32,129.84930419921875,114.26490020751953,25.14299964904785,3.013400077819824,0.4683000147342682,2.3378000259399414,2.1173999309539795,2.034899950027466,131.03280639648438,14.758099555969238,61.93199920654297,1238.6396484375,9.971699714660645,62.06610107421875,62.06610107421875,124.1323013305664,62.85329818725586,63.020301818847656,315.1012878417969,63.30149841308594,63.33319854736328,379.9989013671875,63.749698638916016,63.57809829711914,445.0469970703125,64.33619689941406,63.89870071411133,638.9874267578125,14.684399604797363,14.684399604797363,29.368799209594727,15.05720043182373,14.994000434875488,74.96980285644531,15.08489990234375,15.013699531555176,90.0824966430664,15.05720043182373,15.003399848937988,105.02349853515625,15.0,14.98270034790039,149.8271942138672,131.39109802246094,131.39109802246094,262.7821960449219,132.7165069580078,132.976806640625,664.88427734375,133.4207000732422,133.61509704589844,801.6906127929688,134.12489318847656,134.2100067138672,939.4697875976562,136.0334930419922,135.54969787597656,1355.497314453125,0.4706000089645386,0.4706000089645386,0.9412999749183655,0.6689000129699707,0.6194000244140625,3.09689998626709,0.6722000241279602,0.6287000179290771,3.7725000381469727,0.6689000129699707,0.6334999799728394,4.434700012207031,0.6722000241279602,0.7177000045776367,7.177199840545654,2.28439998626709,2.28439998626709,4.56879997253418,2.2421000003814697,2.1442999839782715,10.721699714660645,2.1384999752044678,1.8421000242233276,11.052800178527832,2.034899950027466,1.5789999961853027,11.052800178527832,0.9222999811172485,1.2330000400543213,12.329999923706055,2.6689000129699707,2.6689000129699707,5.337800025939941,2.324399948120117,2.14520001411438,10.725799560546875,2.016200065612793,2.0722999572753906,12.433799743652344,2.324399948120117,2.166300058364868,15.16409969329834,1.9644999504089355,1.7457000017166138,17.457300186157227,9.90429973602295,9.90429973602295,19.8085994720459,9.719200134277344,9.423199653625488,47.11589813232422,9.377300262451172,8.542400360107422,51.25419998168945,9.035400390625,7.940499782562256,55.58319854736328,6.491300106048584,6.289599895477295,62.89609909057617,1.4019999504089355,-0.43299999833106995,25.435199737548828,8.317899703979492,-0.35929998755455017,-0.6685000061988831,-0.6880999803543091,-0.6776000261306763,-0.6564000248908997,25.077499389648438,23.4906005859375,22.851499557495117,22.255800247192383,20.915599822998047,8.184100151062012,7.230100154876709,6.916999816894531,6.671899795532227,6.351600170135498,0.6868000030517578,0.6801000237464905,1.4693000316619873,1.954699993133545,2.8368000984191895,3.439500093460083,5.091700077056885,8.184100151062012,7.230100154876709,6.916999816894531,6.671899795532227,6.351600170135498,-0.35929998755455017,-0.6685000061988831,-0.6880999803543091,-0.6776000261306763,-0.6564000248908997,25.077499389648438,23.4906005859375,22.851499557495117,22.255800247192383,20.915599822998047,59.10350036621094,141.0594940185547,168.19430541992188,195.02999877929688,282.0703125,3.843100070953369,-0.09489999711513519,0.532800018787384,0.532800018787384
33,156.2147979736328,129.33030700683594,30.74049949645996,1.936400055885315,0.3310999870300293,0.6621999740600586,0.3310999870300293,0.0,156.2147979736328,15.033300399780273,69.80020141601562,1396.0032958984375,3.2609000205993652,70.05989837646484,70.05989837646484,140.1197052001953,70.98139953613281,71.36370086669922,356.8185119628906,71.56230163574219,71.9979019165039,431.9872131347656,72.14320373535156,72.60540008544922,508.2379150390625,74.37139892578125,73.81099700927734,738.1094970703125,15.024100303649902,15.024100303649902,30.048200607299805,15.334699630737305,15.31760025024414,76.58799743652344,15.213600158691406,15.280099868774414,91.68049621582031,15.092599868774414,15.164400100708008,106.15049743652344,15.024100303649902,14.837599754333496,148.3759002685547,157.15179443359375,157.15179443359375,314.3035888671875,159.8538055419922,160.63160705566406,803.158203125,161.32139587402344,162.28390502929688,973.7031860351562,162.78900146484375,163.8574981689453,1147.00244140625,168.37840270996094,166.8258056640625,1668.2584228515625,0.3343999981880188,0.3343999981880188,0.6689000129699707,0.3310999870300293,0.2662000060081482,1.3310999870300293,0.3310999870300293,0.27810001373291016,1.6689000129699707,0.3310999870300293,0.38029998540878296,2.6621999740600586,0.3343999981880188,0.4000000059604645,4.0,0.1656000018119812,0.1656000018119812,0.3310999870300293,0.337799996137619,0.49300000071525574,2.4647998809814453,0.5390999913215637,0.6944000124931335,4.166200160980225,0.7404000163078308,0.8809000253677368,6.166200160980225,1.378499984741211,1.2446999549865723,12.446599960327148,2.0397000312805176,2.0397000312805176,4.079500198364258,3.2920000553131104,3.090100049972534,15.450599670410156,3.31820011138916,3.132499933242798,18.79509925842285,3.2920000553131104,2.9214999675750732,20.450700759887695,2.0397000312805176,2.21370005607605,22.137100219726562,3.742500066757202,3.742500066757202,7.485099792480469,5.577700138092041,5.712100028991699,28.56060028076172,6.006700038909912,6.438000202178955,38.62820053100586,6.435699939727783,6.856900215148926,47.998600006103516,6.6732001304626465,6.920499801635742,69.20459747314453,3.699399948120117,1.5413000583648682,-5.9517998695373535,-1.2819000482559204,1.5507999658584595,1.2581000328063965,1.2958999872207642,1.4119000434875488,1.739400029182434,-6.890999794006348,-10.3774995803833,-12.031999588012695,-13.607799530029297,-16.582700729370117,-1.5424000024795532,-2.8485000133514404,-3.4834001064300537,-4.091700077056885,-5.2993998527526855,0.6934999823570251,0.10429999977350235,3.2174999713897705,1.2476999759674072,0.5217999815940857,0.10289999842643738,0.039400000125169754,-1.5424000024795532,-2.8485000133514404,-3.4834001064300537,-4.091700077056885,-5.2993998527526855,1.5507999658584595,1.2581000328063965,1.2958999872207642,1.4119000434875488,1.739400029182434,-6.890999794006348,-10.3774995803833,-12.031999588012695,-13.607799530029297,-16.582700729370117,50.097599029541016,137.18899536132812,165.781005859375,174.6009063720703,254.32730102539062,4.179999828338623,-0.06319999694824219,0.4918000102043152,0.4918000102043152
34,94.04000091552734,84.51290130615234,24.7721004486084,0.6621999740600586,0.0,1.0,1.0555000305175781,0.9412000179290771,96.22010040283203,11.815699577331543,49.12839889526367,982.5682983398438,3.658900022506714,49.38859939575195,49.38859939575195,98.777099609375,50.15919876098633,50.10860061645508,250.54319763183594,50.40840148925781,50.28889846801758,301.7331848144531,50.65760040283203,50.42639923095703,352.9848937988281,50.899898529052734,50.61289978027344,506.1293029785156,11.729399681091309,11.729399681091309,23.458799362182617,12.081500053405762,12.165200233459473,60.825801849365234,12.280400276184082,12.343400001525879,74.0602035522461,12.47920036315918,12.537400245666504,87.76170349121094,12.91100025177002,12.79699993133545,127.97029876708984,96.61019897460938,96.61019897460938,193.22039794921875,97.94719696044922,97.91909790039062,489.595703125,98.3655014038086,98.3240966796875,589.9447021484375,98.78369903564453,98.70379638671875,690.9268188476562,99.99669647216797,99.4760971069336,994.7609252929688,0.0,0.0,0.0,0.0,0.13379999995231628,0.6689000129699707,0.1656000018119812,0.16670000553131104,1.0,0.0,0.1429000049829483,1.0,0.0,0.10000000149011612,1.0,0.7046999931335449,0.7046999931335449,1.409500002861023,0.4729999899864197,0.5372999906539917,2.6865999698638916,0.4706000089645386,0.44780001044273376,2.6865999698638916,0.4683000147342682,0.4311000108718872,3.017699956893921,0.3345000147819519,0.3686999976634979,3.6865999698638916,0.5,0.5,1.0,0.9365000128746033,0.8102999925613403,4.051700115203857,0.7993999719619751,0.7857000231742859,4.714000225067139,0.6621999740600586,0.7217000126838684,5.051700115203857,0.5,0.6051999926567078,6.051700115203857,3.252700090408325,3.252700090408325,6.505300045013428,3.544800043106079,3.438499927520752,17.1924991607666,3.369999885559082,3.1642000675201416,18.985200881958008,3.1953001022338867,2.9033000469207764,20.322900772094727,2.319499969482422,2.446000099182129,24.460100173950195,8.57800006866455,1.8291000127792358,91.86609649658203,42.06330108642578,1.9155000448226929,1.4800000190734863,1.301900029182434,1.1079000234603882,0.8485999703407288,91.47149658203125,90.15660095214844,89.75029754638672,89.36959838867188,88.59549713134766,41.80139923095703,41.079200744628906,40.89849853515625,40.76089859008789,40.57440185546875,0.4171000123023987,0.5253999829292297,8.982000350952148,8.796699523925781,9.071399688720703,9.3326997756958,9.793800354003906,41.80139923095703,41.079200744628906,40.89849853515625,40.76089859008789,40.57440185546875,1.9155000448226929,1.4800000190734863,1.301900029182434,1.1079000234603882,0.8485999703407288,91.47149658203125,90.15660095214844,89.75029754638672,89.36959838867188,88.59549713134766,71.43890380859375,186.2113037109375,229.18310546875,257.83099365234375,355.58160400390625,4.338799953460693,-1.0216000080108643,0.1565999984741211,0.1565999984741211
35,175.6844024658203,119.46769714355469,29.82159996032715,0.7404000163078308,0.3310999870300293,0.4681999981403351,0.4729999899864197,0.6689000129699707,175.6844024658203,16.3617000579834,78.05000305175781,1561.000244140625,2.6816000938415527,77.89250183105469,77.89250183105469,155.78500366210938,77.10540008544922,76.910400390625,384.55218505859375,76.7238998413086,76.59739685058594,459.58441162109375,76.34239959716797,76.33889770507812,534.3720092773438,75.17579650878906,75.84320068359375,758.4323120117188,16.541799545288086,16.541799545288086,33.08369827270508,16.752199172973633,16.746999740600586,83.73490142822266,16.767000198364258,16.824800491333008,100.94869995117188,16.78179931640625,16.847200393676758,117.93060302734375,16.73710060119629,16.726900100708008,167.2686004638672,175.16140747070312,175.16140747070312,350.32281494140625,172.7541961669922,172.51800537109375,862.5897827148438,171.727294921875,171.91769409179688,1031.506103515625,170.7003936767578,171.510498046875,1200.573486328125,169.29539489746094,170.6728973388672,1706.729248046875,0.3343999981880188,0.3343999981880188,0.6689000129699707,0.337799996137619,0.4828999936580658,2.414599895477295,0.5,0.5263000130653381,3.157900094985962,0.337799996137619,0.4984000027179718,3.4890999794006348,0.3310999870300293,0.3488999903202057,3.4890999794006348,0.8051000237464905,0.8051000237464905,1.6101000308990479,1.4926999807357788,1.3415000438690186,6.707499980926514,1.2170000076293945,1.2412999868392944,7.447800159454346,0.9412000179290771,1.111299991607666,7.778900146484375,0.7045999765396118,0.8123000264167786,8.12339973449707,1.205299973487854,1.205299973487854,2.410599946975708,2.1389000415802,3.2716000080108643,16.358200073242188,3.909899950027466,3.9007999897003174,23.404699325561523,5.6809000968933105,4.16480016708374,29.153400421142578,3.8531999588012695,3.719099998474121,37.190799713134766,4.01669979095459,4.01669979095459,8.03339958190918,7.256400108337402,7.807499885559082,39.037498474121094,9.555399894714355,8.528599739074707,51.17150115966797,10.77869987487793,8.850000381469727,61.950199127197266,7.629799842834473,7.64739990234375,76.47429656982422,4.278600215911865,0.21289999783039093,-25.421300888061523,-9.531700134277344,0.03310000151395798,-0.1712999939918518,-0.24879999458789825,-0.2709999978542328,-0.14980000257492065,-24.90060043334961,-22.2637996673584,-21.665800094604492,-21.260799407958984,-20.429800033569336,-9.375,-8.3951997756958,-8.083000183105469,-7.825099945068359,-7.331699848175049,0.4318000078201294,0.574400007724762,2.9433000087738037,-0.8476999998092651,-1.5687999725341797,-1.8902000188827515,-0.6876000165939331,-9.375,-8.3951997756958,-8.083000183105469,-7.825099945068359,-7.331699848175049,0.03310000151395798,-0.1712999939918518,-0.24879999458789825,-0.2709999978542328,-0.14980000257492065,-24.90060043334961,-22.2637996673584,-21.665800094604492,-21.260799407958984,-20.429800033569336,57.295799255371094,135.9844970703125,161.9001007080078,191.5449981689453,266.122802734375,4.18120002746582,-0.06440000236034393,0.48989999294281006,0.48989999294281006
36,201.4407958984375,151.2519989013672,23.002500534057617,0.3312000036239624,5.657899856567383,0.0066999997943639755,0.0,0.0066999997943639755,201.4407958984375,12.695199966430664,85.95670318603516,1719.1334228515625,6.002500057220459,85.23079681396484,85.23079681396484,170.4615936279297,83.1417007446289,83.37020111083984,416.8511962890625,82.41940307617188,83.06659698486328,498.3996887207031,81.69730377197266,82.87100219726562,580.0969848632812,81.6239013671875,82.1488037109375,821.4880981445312,12.693499565124512,12.693499565124512,25.386999130249023,12.695199966430664,12.848699569702148,64.24349975585938,12.819199562072754,12.968500137329102,77.81120300292969,12.94320011138916,13.059000015258789,91.4126968383789,12.819199562072754,12.92770004272461,129.27679443359375,199.66110229492188,199.66110229492188,399.3222961425781,194.68499755859375,195.12249755859375,975.6124877929688,192.86459350585938,194.32359313964844,1165.941650390625,191.04429626464844,193.7678985595703,1356.375,190.49710083007812,191.83909606933594,1918.3907470703125,5.715000152587891,5.715000152587891,11.430100440979004,5.657899856567383,3.6036999225616455,18.018600463867188,3.0631000995635986,3.004199981689453,18.025299072265625,0.4683000147342682,2.6412999629974365,18.48889923095703,0.4683000147342682,1.9763000011444092,19.763200759887695,0.3345000147819519,0.3345000147819519,0.6689000129699707,0.4729999899864197,0.41659998893737793,2.083199977874756,0.4706000089645386,0.4034999907016754,2.4209001064300537,0.4683000147342682,0.39320001006126404,2.7520999908447266,0.4706000089645386,0.42480000853538513,4.247799873352051,0.40209999680519104,0.40209999680519104,0.8041999936103821,0.4729999899864197,0.5099999904632568,2.5499000549316406,0.5676000118255615,0.5997999906539917,3.5989999771118164,0.6621999740600586,0.6855000257492065,4.798399925231934,0.8514999747276306,0.9552000164985657,9.5516996383667,7.309599876403809,7.309599876403809,14.619199752807617,6.002500057220459,5.618199825286865,28.091100692749023,4.497700214385986,5.025599956512451,30.153600692749023,3.460400104522705,4.802000045776367,33.61399841308594,3.839200019836426,4.703499794006348,47.0348014831543,5.371200084686279,1.6298999786376953,-44.97269821166992,-15.70680046081543,1.631600022315979,1.4767999649047852,1.357100009918213,1.266800045967102,1.3985999822616577,-43.19260025024414,-38.654998779296875,-37.856998443603516,-37.302101135253906,-35.37369918823242,-14.980600357055664,-13.11989974975586,-12.816499710083008,-12.621000289916992,-11.89840030670166,0.1459999978542328,0.09549999982118607,4.064000129699707,5.759699821472168,6.353499889373779,6.577899932861328,6.677800178527832,-14.980600357055664,-13.11989974975586,-12.816499710083008,-12.621000289916992,-11.89840030670166,1.631600022315979,1.4767999649047852,1.357100009918213,1.266800045967102,1.3985999822616577,-43.19260025024414,-38.654998779296875,-37.856998443603516,-37.302101135253906,-35.37369918823242,57.20240020751953,93.01219940185547,118.94609832763672,146.37730407714844,203.74819946289062,3.7839999198913574,-0.03590000048279762,0.5641000270843506,0.5641000270843506
37,174.90179443359375,145.1177978515625,27.51959991455078,0.7523999810218811,0.337799996137619,0.0066999997943639755,0.0,0.3310999870300293,174.90179443359375,16.974599838256836,77.11699676513672,1542.3389892578125,1.427899956703186,76.95809936523438,76.95809936523438,153.91610717773438,76.90399932861328,76.9738998413086,384.869384765625,77.010498046875,77.09510040283203,462.5704040527344,77.11699676513672,77.2074966430664,540.4526977539062,77.41100311279297,77.35910034179688,773.5911865234375,17.031299591064453,17.031299591064453,34.062599182128906,16.93630027770996,16.818700790405273,84.09369659423828,16.955400466918945,16.851299285888672,101.10810089111328,16.974599838256836,16.88520050048828,118.19609832763672,16.99449920654297,16.93470001220703,169.34669494628906,174.42820739746094,174.42820739746094,348.8564147949219,174.4741973876953,174.5478973388672,872.7393798828125,174.68800354003906,174.84869384765625,1049.09228515625,174.90179443359375,175.1302032470703,1225.911376953125,175.6920928955078,175.5012969970703,1755.013427734375,0.3343999981880188,0.3343999981880188,0.6689000129699707,0.337799996137619,0.499099999666214,2.495699882507324,0.40299999713897705,0.49399998784065247,2.9639999866485596,0.337799996137619,0.42340001463890076,2.9639999866485596,0.40299999713897705,1.0367000102996826,10.366900444030762,0.39969998598098755,0.39969998598098755,0.7993999719619751,0.337799996137619,0.38920000195503235,1.9458999633789062,0.3343999981880188,0.37950000166893005,2.277100086212158,0.3310999870300293,0.325300008058548,2.277100086212158,0.3343999981880188,0.4959999918937683,4.960000038146973,0.37619999051094055,0.37619999051094055,0.7523999810218811,0.6621999740600586,0.4180000126361847,2.0901999473571777,0.3310999870300293,0.3483999967575073,2.0901999473571777,0.0,0.2985999882221222,2.0901999473571777,0.3343999981880188,0.4447000026702881,4.447400093078613,1.2826000452041626,1.2826000452041626,2.5650999546051025,1.427899956703186,1.7365000247955322,8.682299613952637,1.4230999946594238,1.580299973487854,9.48169994354248,1.4182000160217285,1.3545000553131104,9.48169994354248,1.541700005531311,2.924499988555908,29.24519920349121,8.906599998474121,-0.6819999814033508,-7.260900020599365,-1.430899977684021,-0.7386999726295471,-0.5260000228881836,-0.5584999918937683,-0.592199981212616,-0.6414999961853027,-6.788700103759766,-6.910299777984619,-7.211100101470947,-7.492700099945068,-7.867000102996826,-1.2726000547409058,-1.2892999649047852,-1.4104000329971313,-1.5228999853134155,-1.6753000020980835,0.41440001130104065,0.22280000150203705,9.051899909973145,8.595100402832031,8.75059986114502,8.975799560546875,7.408599853515625,-1.2726000547409058,-1.2892999649047852,-1.4104000329971313,-1.5228999853134155,-1.6753000020980835,-0.7386999726295471,-0.5260000228881836,-0.5584999918937683,-0.592199981212616,-0.6414999961853027,-6.788700103759766,-6.910299777984619,-7.211100101470947,-7.492700099945068,-7.867000102996826,54.447898864746094,126.09310150146484,153.7615966796875,181.75979614257812,263.45721435546875,4.020899772644043,-0.00279999990016222,0.5827999711036682,0.5827999711036682
38,95.22920227050781,89.33260345458984,31.127099990844727,0.3310999870300293,1.0470999479293823,0.743399977684021,0.0,0.0,105.0740966796875,17.28700065612793,54.41270065307617,1088.2548828125,2.1215999126434326,54.13199996948242,54.13199996948242,108.26399993896484,53.8380012512207,53.948699951171875,269.74359130859375,53.84469985961914,53.97570037841797,323.8544006347656,53.85129928588867,54.13199996948242,378.9237976074219,54.26179885864258,55.06800079345703,550.680419921875,16.91900062561035,16.91900062561035,33.8380012512207,16.343299865722656,16.362699508666992,81.81330108642578,16.161399841308594,16.246200561523438,97.47740173339844,15.979499816894531,16.197799682617188,113.38480377197266,16.006999969482422,16.17609977722168,161.7613067626953,104.2334976196289,104.2334976196289,208.46710205078125,103.0011978149414,103.37449645996094,516.8726196289062,103.19709777832031,103.54759979248047,621.2858276367188,103.39299774169922,103.97560119628906,727.8289794921875,104.74369812011719,105.75900268554688,1057.590576171875,0.9027000069618225,0.9027000069618225,1.805400013923645,0.7493000030517578,0.7246999740600586,3.623300075531006,0.7477999925613403,0.7282999753952026,4.36959981918335,0.746399998664856,0.671500027179718,4.700699806213379,0.746399998664856,0.6528000235557556,6.527500152587891,0.1656000018119812,0.1656000018119812,0.3310999870300293,0.4729999899864197,0.4438999891281128,2.2193000316619873,0.570900022983551,0.5260000228881836,3.155900001525879,0.6689000129699707,0.6478999853134155,4.535600185394287,0.8414000272750854,0.9940999746322632,9.940999984741211,0.40209999680519104,0.40209999680519104,0.804099977016449,0.4729999899864197,1.0311000347137451,5.155300140380859,1.2331000566482544,1.412600040435791,8.475700378417969,1.993299961090088,1.6201000213623047,11.340700149536133,2.3345000743865967,2.0715999603271484,20.715599060058594,2.38070011138916,2.38070011138916,4.761499881744385,3.1089999675750732,3.847100019454956,19.235700607299805,4.294000148773193,4.523200035095215,27.13920021057129,5.479100227355957,5.246099948883057,36.72269821166992,6.003399848937988,6.445099830627441,64.45130157470703,6.387599945068359,0.7257000207901001,73.74250030517578,26.362199783325195,1.093999981880188,1.6511000394821167,1.767799973487854,1.816499948501587,1.8392000198364258,74.58399963378906,75.44580078125,75.27310180664062,74.84539794921875,73.06179809570312,26.643400192260742,26.82699966430664,26.799699783325195,26.643199920654297,25.705900192260742,0.24959999322891235,0.12349999696016312,6.1269001960754395,4.657199859619141,3.980600118637085,3.2572999000549316,2.0566000938415527,26.643400192260742,26.82699966430664,26.799699783325195,26.643199920654297,25.705900192260742,1.093999981880188,1.6511000394821167,1.767799973487854,1.816499948501587,1.8392000198364258,74.58399963378906,75.44580078125,75.27310180664062,74.84539794921875,73.06179809570312,69.7844009399414,147.50379943847656,175.5605926513672,202.32119750976562,315.1268005371094,3.703399896621704,0.3711000084877014,0.8188999891281128,0.8188999891281128
39,159.94349670410156,118.48619842529297,38.275299072265625,2.615999937057495,0.0,1.0555000305175781,0.746399998664856,1.0492000579833984,159.94349670410156,21.06570053100586,74.71040344238281,1494.2071533203125,5.4670000076293945,74.74629974365234,74.74629974365234,149.49270629882812,75.00579833984375,75.33000183105469,376.6498107910156,75.39640045166016,75.63300323486328,453.79779052734375,75.78700256347656,75.95439910888672,531.6806030273438,76.07569885253906,76.15709686279297,761.5714111328125,21.210100173950195,21.210100173950195,42.42020034790039,21.35449981689453,21.371700286865234,106.8582992553711,21.210100173950195,21.2460994720459,127.47640228271484,21.06570053100586,21.0216007232666,147.15139770507812,20.746599197387695,20.56049919128418,205.60519409179688,160.08900451660156,160.08900451660156,320.1780090332031,161.61810302734375,162.3990020751953,811.9949951171875,162.90130615234375,163.36830139160156,980.2098999023438,164.1844940185547,164.34620666503906,1150.4232177734375,165.09939575195312,164.98269653320312,1649.8271484375,0.1656000018119812,0.1656000018119812,0.3310999870300293,0.6621999740600586,0.49779999256134033,2.4890999794006348,0.4966999888420105,0.4699999988079071,2.820199966430664,0.337799996137619,0.4510999917984009,3.157900094985962,0.3343999981880188,0.38269999623298645,3.8268001079559326,0.9927999973297119,0.9927999973297119,1.985700011253357,0.9365000128746033,0.8252000212669373,4.125800132751465,0.8458999991416931,0.7427999973297119,4.456999778747559,0.755299985408783,0.7035999894142151,4.92519998550415,0.7523000240325928,0.7623000144958496,7.623300075531006,2.9762001037597656,2.9762001037597656,5.952499866485596,2.615999937057495,2.63700008392334,13.185199737548828,2.9762001037597656,2.8159000873565674,16.895599365234375,2.615999937057495,2.6029000282287598,18.219999313354492,2.968400001525879,2.585900068283081,25.859500885009766,6.912799835205078,6.912799835205078,13.825599670410156,6.9079999923706055,6.329999923706055,31.649799346923828,7.015600204467773,6.462200164794922,38.773101806640625,6.9079999923706055,6.11299991607666,42.79069900512695,6.8607001304626465,6.177299976348877,61.77289962768555,2.0927999019622803,-2.6591999530792236,19.240100860595703,6.348999977111816,-2.8036999702453613,-2.9649999141693115,-2.8392999172210693,-2.6147000789642334,-2.1531999111175537,19.097000122070312,16.792299270629883,15.822999954223633,14.844499588012695,14.20479965209961,6.314000129699707,5.732500076293945,5.429500102996826,5.107900142669678,4.90369987487793,0.7836999893188477,0.7236999869346619,0.6468999981880188,1.2293000221252441,1.0973000526428223,1.4469000101089478,1.3801000118255615,6.314000129699707,5.732500076293945,5.429500102996826,5.107900142669678,4.90369987487793,-2.8036999702453613,-2.9649999141693115,-2.8392999172210693,-2.6147000789642334,-2.1531999111175537,19.097000122070312,16.792299270629883,15.822999954223633,14.844499588012695,14.20479965209961,55.407901763916016,120.47789764404297,149.09109497070312,176.93020629882812,232.53399658203125,4.134699821472168,-0.22269999980926514,0.3978999853134155,0.3978999853134155
