,Mouse_nose_to_tail,Mouse_head_to_tail,Mouse_Ear_distance,Movement_mouse_nose,Movement_mouse_tail_base,Movement_mouse_left_ear,Movement_mouse_right_ear,Movement_mouse_head_base,M1_largest_euclidean_distance_hull,M1_smallest_euclidean_distance_hull,M1_mean_euclidean_distance_hull,M1_sum_euclidean_distance_hull,Total_movement_all_bodyparts_M1,Mouse1_mean_euclid_distances_median_2,Mouse1_mean_euclid_distances_mean_2,Mouse1_mean_euclid_distances_sum_2,Mouse1_mean_euclid_distances_median_5,Mouse1_mean_euclid_distances_mean_5,Mouse1_mean_euclid_distances_sum_5,Mouse1_mean_euclid_distances_median_6,Mouse1_mean_euclid_distances_mean_6,Mouse1_mean_euclid_distances_sum_6,Mouse1_mean_euclid_distances_median_7.5,Mouse1_mean_euclid_distances_mean_7.5,Mouse1_mean_euclid_distances_sum_7.5,Mouse1_mean_euclid_distances_median_10,Mouse1_mean_euclid_distances_mean_10,Mouse1_mean_euclid_distances_sum_10,Mouse1_smallest_euclid_distances_median_2,Mouse1_smallest_euclid_distances_mean_2,Mouse1_smallest_euclid_distances_sum_2,Mouse1_smallest_euclid_distances_median_5,Mouse1_smallest_euclid_distances_mean_5,Mouse1_smallest_euclid_distances_sum_5,Mouse1_smallest_euclid_distances_median_6,Mouse1_smallest_euclid_distances_mean_6,Mouse1_smallest_euclid_distances_sum_6,Mouse1_smallest_euclid_distances_median_7.5,Mouse1_smallest_euclid_distances_mean_7.5,Mouse1_smallest_euclid_distances_sum_7.5,Mouse1_smallest_euclid_distances_median_10,Mouse1_smallest_euclid_distances_mean_10,Mouse1_smallest_euclid_distances_sum_10,Mouse1_largest_euclid_distances_median_2,Mouse1_largest_euclid_distances_mean_2,Mouse1_largest_euclid_distances_sum_2,Mouse1_largest_euclid_distances_median_5,Mouse1_largest_euclid_distances_mean_5,Mouse1_largest_euclid_distances_sum_5,Mouse1_largest_euclid_distances_median_6,Mouse1_largest_euclid_distances_mean_6,Mouse1_largest_euclid_distances_sum_6,Mouse1_largest_euclid_distances_median_7.5,Mouse1_largest_euclid_distances_mean_7.5,Mouse1_largest_euclid_distances_sum_7.5,Mouse1_largest_euclid_distances_median_10,Mouse1_largest_euclid_distances_mean_10,Mouse1_largest_euclid_distances_sum_10,Tail_base_movement_M1_median_2,Tail_base_movement_M1_mean_2,Tail_base_movement_M1_sum_2,Tail_base_movement_M1_median_5,Tail_base_movement_M1_mean_5,Tail_base_movement_M1_sum_5,Tail_base_movement_M1_median_6,Tail_base_movement_M1_mean_6,Tail_base_movement_M1_sum_6,Tail_base_movement_M1_median_7.5,Tail_base_movement_M1_mean_7.5,Tail_base_movement_M1_sum_7.5,Tail_base_movement_M1_median_10,Tail_base_movement_M1_mean_10,Tail_base_movement_M1_sum_10,Head_base_movement_M1_median_2,Head_base_movement_M1_mean_2,Head_base_movement_M1_sum_2,Head_base_movement_M1_median_5,Head_base_movement_M1_mean_5,Head_base_movement_M1_sum_5,Head_base_movement_M1_median_6,Head_base_movement_M1_mean_6,Head_base_movement_M1_sum_6,Head_base_movement_M1_median_7.5,Head_base_movement_M1_mean_7.5,Head_base_movement_M1_sum_7.5,Head_base_movement_M1_median_10,Head_base_movement_M1_mean_10,Head_base_movement_M1_sum_10,Nose_movement_M1_median_2,Nose_movement_M1_mean_2,Nose_movement_M1_sum_2,Nose_movement_M1_median_5,Nose_movement_M1_mean_5,Nose_movement_M1_sum_5,Nose_movement_M1_median_6,Nose_movement_M1_mean_6,Nose_movement_M1_sum_6,Nose_movement_M1_median_7.5,Nose_movement_M1_mean_7.5,Nose_movement_M1_sum_7.5,Nose_movement_M1_median_10,Nose_movement_M1_mean_10,Nose_movement_M1_sum_10,Total_movement_M1_median_2,Total_movement_M1_mean_2,Total_movement_M1_sum_2,Total_movement_M1_median_5,Total_movement_M1_mean_5,Total_movement_M1_sum_5,Total_movement_M1_median_6,Total_movement_M1_mean_6,Total_movement_M1_sum_6,Total_movement_M1_median_7.5,Total_movement_M1_mean_7.5,Total_movement_M1_sum_7.5,Total_movement_M1_median_10,Total_movement_M1_mean_10,Total_movement_M1_sum_10,Total_movement_all_bodyparts_deviation,M1_smallest_euclid_distances_hull_deviation,M1_largest_euclid_distances_hull_deviation,M1_mean_euclid_distances_hull_deviation,Mouse1_smallest_euclid_distances_mean_2_deviation,Mouse1_smallest_euclid_distances_mean_5_deviation,Mouse1_smallest_euclid_distances_mean_6_deviation,Mouse1_smallest_euclid_distances_mean_7.5_deviation,Mouse1_smallest_euclid_distances_mean_10_deviation,Mouse1_largest_euclid_distances_mean_2_deviation,Mouse1_largest_euclid_distances_mean_5_deviation,Mouse1_largest_euclid_distances_mean_6_deviation,Mouse1_largest_euclid_distances_mean_7.5_deviation,Mouse1_largest_euclid_distances_mean_10_deviation,Mouse1_mean_euclid_distances_mean_2_deviation,Mouse1_mean_euclid_distances_mean_5_deviation,Mouse1_mean_euclid_distances_mean_6_deviation,Mouse1_mean_euclid_distances_mean_7.5_deviation,Mouse1_mean_euclid_distances_mean_10_deviation,Movement_mouse_nose_percentile_rank,Movement_mouse_head_base_percentile_rank,Total_movement_M1_mean_2_percentile_rank,Total_movement_M1_mean_5_percentile_rank,Total_movement_M1_mean_6_percentile_rank,Total_movement_M1_mean_7.5_percentile_rank,Total_movement_M1_mean_10_percentile_rank,Mouse1_mean_euclid_distances_mean_2_percentile_rank,Mouse1_mean_euclid_distances_mean_5_percentile_rank,Mouse1_mean_euclid_distances_mean_6_percentile_rank,Mouse1_mean_euclid_distances_mean_7.5_percentile_rank,Mouse1_mean_euclid_distances_mean_10_percentile_rank,Mouse1_smallest_euclid_distances_mean_2_percentile_rank,Mouse1_smallest_euclid_distances_mean_5_percentile_rank,Mouse1_smallest_euclid_distances_mean_6_percentile_rank,Mouse1_smallest_euclid_distances_mean_7.5_percentile_rank,Mouse1_smallest_euclid_distances_mean_10_percentile_rank,Mouse1_largest_euclid_distances_mean_2_percentile_rank,Mouse1_largest_euclid_distances_mean_5_percentile_rank,Mouse1_largest_euclid_distances_mean_6_percentile_rank,Mouse1_largest_euclid_distances_mean_7.5_percentile_rank,Mouse1_largest_euclid_distances_mean_10_percentile_rank,Tortuosity_Mouse1_2,Tortuosity_Mouse1_5,Tortuosity_Mouse1_6,Tortuosity_Mouse1_7.5,Tortuosity_Mouse1_10,Sum_probabilities,Sum_probabilities_deviation,Sum_probabilities_deviation_percentile_rank,Sum_probabilities_percentile_rank,Expected_value,Sum,Prediction_probability,Appetitive
0,0.002893359597324065,0.003779335017017017,0.022255354647203626,0.002931820279164345,0.0033128201527257146,0.0009908608989848407,0.0033290292709171063,0.0039319604592851325,0.0012922261419624126,0.002015092202814734,0.001262117977058726,0.001179149217500845,0.000617628936352497,0.0020060803996798967,0.0015672750748844655,0.0012933611635782905,0.0018694545326824413,0.0010666324587341423,0.0015770859222987825,0.001637459953662023,0.0006766712061277981,0.0003461485186615618,0.0011682774294474892,0.0013284240884924115,0.0007827019713875541,0.0012875807937171848,0.0011814476665845156,0.0021562306207576934,0.002926584488387368,0.0017896716168425656,0.002216332418952428,0.0028641687946074686,0.004079005800116621,0.0036782930179294006,0.005824066697895417,0.0040017342480778905,0.003219387284126064,0.006736292872585199,0.004452063968918421,0.004657346481801269,0.008400570077514517,0.017356054170472455,0.01797862092640152,0.0011145776178771668,0.0011192314955308148,0.0013211296348898203,0.0013798250748695137,0.0016740952832721286,0.001256390502920273,0.0017175153492654037,0.0019438382752632374,0.001708284436325286,0.0032507177369368295,0.0020107418009287902,0.0018756420359413886,0.00506145995129775,0.005458513118053689,0.005018964365304412,0.0032519481144448205,0.004465134457278329,0.004131933820983222,0.004380600211079135,0.00500170357566052,0.004844943695526327,0.004776108493290484,0.006488021019707449,0.006297561465507629,0.00732556402481861,0.009724532595706428,0.00812296457814449,0.007520380458959415,0.00931829370491354,0.009332290524761712,0.004529960442331131,0.005556178616992747,0.005413890478300726,0.005496239336539297,0.004072291069867067,0.005326987050293767,0.005759271565224275,0.006149893516272063,0.0040745884798326255,0.011285229939016109,0.004511333777064628,0.005306691764990014,0.009252648841436393,0.010203823916482772,0.008737296911008085,0.0029833020874418382,0.002499048030546685,0.0027646735742340167,0.005769164665854665,0.0028805839610376426,0.0034837059725692705,0.005144020419486315,0.003488370046886085,0.00358827527457993,0.009955582790785547,0.005024496782743261,0.004243016562494705,0.011493135783474044,0.004204742209441912,0.003997199304428167,-7.2396795419586445e-06,0.000641169329378696,0.00032812576591732513,0.002321943063930785,0.0014157922848995702,0.0011667240721153895,0.005146207412357711,0.001324996181425849,0.0007706724942713935,0.007385910472441152,0.007423622800960869,0.0060827506958834165,0.005008834021018376,0.018372285711275766,0.021001718367362445,0.00046252103655096595,0.0015565736112020127,0.0014363760732736509,0.0016848745075419811,0.0017070554880170227,0.0027606269193836963,0.0032690750227448327,0.0030965123688067907,0.010425145264959483,0.0014441849282833294,0.0010059330902849604,0.0017404030322240133,0.002187410169643194,0.006304814703445203,0.001218966120544474,0.0017664096024151068,0.0008515219729691978,0.0014641040719701904,0.004008885002765327,0.002747035981273807,0.0031548004379135263,0.000184223061239441,0.0019134726132539112,0.0022450032820570303,0.0068915096914187336,0.017923758415338355,0.0016453516327851075,0.0013791310035767234,0.0013196453667116402,0.001732894778628582,0.005015948680466203,0.0015113246903617652,0.0030680613117550393,0.0031714641787830744,0.0024432127056540033,0.00805544846521185,0.0011729613503907474,0.0013100765828003092,0.0019723960962536305,0.002339811363686684,0.0060107095046773255,0.0019307401106183318,8.338336469745442e-05,1.4270997669898615e-05,-0.00029097200098668943,0.0015817538000499809,0.0012797873978717385,0.0007084805660497245,0.0018175976027845376,0.0017010275462975438,0.1691869469287307,0.8400004935434933,0.84,1.0
1,0.00434538018268873,0.010255654239695993,0.0023250606915149047,0.0007229756947829779,8.909927952853162e-05,0.0006541262863828328,0.0014049050285302581,0.0002751443901980166,0.005156232176346588,0.001138531610270718,0.003811213255513285,0.003956277826713133,0.002209830730260381,0.00407243919992782,0.0035368376443231098,0.003768130650548322,0.003718039299533141,0.0037785101856549395,0.0035165588831928053,0.004700533220862202,0.004445288478750697,0.0033327373248158267,0.0040460243625515665,0.004476668805006851,0.003935869783476046,0.004975572952242438,0.005650320354298566,0.005061753718362911,0.0017239691338102078,0.0015347153129994598,0.0015371515396462383,0.001691885489972148,0.0022769038565503045,0.0021604129328727495,0.0017855557766234674,0.002353518092204162,0.0022173776561344055,0.002326564693003844,0.002675642172065239,0.002429044136922922,0.0030525550356286318,0.003050927476059963,0.0025332791066058863,0.003837969516650369,0.004685990922604872,0.004155806657592111,0.004427656153730731,0.00434156537026237,0.00460932614839741,0.004457648288366995,0.004739526734350572,0.004382753559666539,0.004672143952974195,0.003677965847936834,0.0044535725622946686,0.0053151808712618934,0.005715538698832963,0.005782259310827128,-8.442454694437018e-05,0.00013479602769906452,0.00032314241791089415,0.0003290267811314948,0.00032356833211468654,0.0004384102942804571,0.0002676576423754408,0.0011103036640067287,0.0010295129218451393,0.0004466195459285112,0.0012739548010858059,0.0011723070774760644,3.020555712152045e-05,0.0077936474018280326,0.0075796796660144135,0.0009559316947866066,0.0010275381660278795,0.0009109667679702591,0.001629149175008754,0.005586258222352249,0.006064847503742316,0.003465278789779325,0.007759652466133126,0.008148564037956671,0.004063671484099882,0.013296178335683998,0.012685057953290476,0.013774541179644165,0.03262245479293926,0.03107146300851263,0.0005165464994775007,0.0008080267392048434,0.0008097283454553651,0.0010222547338048465,0.0031162325770796285,0.00246006138180296,0.0016412124766411011,0.0031725004702950576,0.0037934779922791785,0.0008619223185239085,0.004895147019694292,0.0044984901976491765,0.004356883160349256,0.012874991741658534,0.010896212836378524,0.002909335434893501,0.002704478241079558,0.002945711427823228,0.004925799645957355,0.0063581839637191955,0.0058267425227799055,0.0061314028184824435,0.007889351352840829,0.00851698713510794,0.00704991210212355,0.010882807880406728,0.00998588051674237,0.015118981491750231,0.004478855902933839,0.003570087610268237,0.01094207686255218,0.0018533149587387937,0.0030112777534304557,0.0035526160859805337,0.0027925012371893547,0.0042748031834288006,0.003327894332149163,0.003428488635464047,0.004598364825884946,0.0036100548526622326,0.0028400203274830385,0.0037016417255739025,0.0034308642651347167,0.003865092011082416,0.0036123593097734832,0.0029556563603674235,0.0030938373681241595,0.0027510734575979055,0.0030538597175528413,0.0008337233800776837,0.001604616300949312,0.011682021365977065,0.017623833581203795,0.017662257547491424,0.017913288962467168,-0.0006479390652738763,0.003732315886267639,0.0028235052835266622,0.0034150612813852637,0.0040977091893362105,0.002740764873909881,0.002564541142179298,0.003277143106171319,0.004310975932207702,0.0032388267932942495,0.00457322680347018,0.0035166326706825356,0.003431859242310463,0.004255132175469138,0.0032488935694122917,0.0036951032079381124,-1.0252672729881334e-05,0.004711144239101406,0.006848124928931314,0.009741169532930407,0.01659923563422116,0.008902694085846706,0.0038026848388841355,0.0032456013070685163,0.0044710697230333765,0.1691869469287307,0.9400000000084688,0.94,1.0
2,0.003964437295517013,0.004955996506433058,0.011210816885205263,0.00042041424731425174,0.000680459446890188,0.002939128230648836,0.0026544721909477903,0.002921180991733009,0.0020204808258813467,0.0056074974736727715,0.002863581331122887,0.002773447123542921,0.002175108608260476,0.0032921096250144864,0.0017078734639449959,0.002254960656067398,0.002918159414010766,0.002003577787855367,0.0018850892038262427,0.002354739518352948,0.0028025580037794044,0.0028154374135123898,0.002969616182007601,0.0027336457034346853,0.0018075248207556364,0.004493703223248773,0.003786559321844882,0.0039023544816310174,0.0031747726131045057,0.003328602501803669,0.003898788537582972,0.0014108152393345218,0.0018759444808215597,0.002370695732907995,0.0013023922619826765,0.0017350119655390552,0.0021544242106639844,0.0019377023304754195,0.0019644534536139026,0.0022997935431887133,0.001993958685322269,0.0025474375136239806,0.0024153622095685035,0.0013356258418738835,0.0017852955480505614,0.0013446755142718465,0.0019759164441342193,0.0020608772303880077,0.001964282885331028,0.0017175131309022714,0.0016903356636285163,0.0019198405598062197,0.0027223422454130614,0.0029631261550368817,0.0028160897756421477,0.0035978969365611005,0.0034647333462198716,0.003495632950748514,0.0008248315170054745,0.00028108059287505267,0.0005771073186963992,0.0002943579152733231,0.0020297743137682443,0.0016942933461205458,0.0007770235987057726,0.002452569547698621,0.0027508459125033975,0.0003222970667399784,0.003912473387412237,0.002842773995042224,0.002031030835704684,0.006142178028925301,0.005853156300771331,0.007095097760422349,0.005771794954539957,0.0067449619200348684,0.0023591980113215347,0.004836086772112447,0.00630664922368446,0.0029501979841155706,0.00757113854949516,0.007127432420906968,0.0010954475352704912,0.00455888206641431,0.005571560904459914,0.007564173778906695,0.005929159200039858,0.00820743803290645,0.001099369163654856,0.00142704980792645,0.0015759322280796974,0.002019357615912054,0.004160891396577102,0.005158545882264101,0.002093061222128726,0.005608971552950235,0.005802255197971188,0.0011851656115703503,0.003250368460489069,0.0029626313364343442,0.0030322314908624126,0.0020001688391982804,0.0015986473273498746,0.002396616567047112,0.0016876833712848574,0.0021132733422758337,0.00444684170636013,0.006165459439449762,0.00648524065157067,0.004195907416228017,0.004262584520443021,0.005061832016256176,0.0028751395888049133,0.0028598382988425084,0.0019627480857752314,0.0059096726414802556,0.002102145523551632,0.0027519060628826,0.004592827025465172,0.001306393995930986,0.0019927949221403268,0.0032912416586054942,0.0007888382750415532,0.0009968590728265689,0.0013665130186382181,0.0013689396128436606,0.0007231110328438344,0.001831090594396695,0.0030474851215045715,0.002552589848998204,0.002351628337849219,0.002748080286735268,0.003554263408402678,0.0036221644019115875,0.0028524633478845675,0.003600390028288851,0.003710758622809973,0.0008333855151307172,0.008683603864864095,0.003718804588225457,0.0067938082386416465,0.006517126566085825,0.01034902693060735,0.007306560728094922,0.004445290180665717,0.0032653433300582207,0.003142567186325676,0.004251725446039142,0.0038933337005619744,0.0015130052238526595,0.0018368606092292509,0.0009788133884347768,0.0008193114944827903,0.000774900012274651,0.001563611438577103,0.0022316985892030295,0.0024902643936767534,0.0020630986842577496,0.002506841020929433,0.0011773985778153221,0.0036949260634339866,0.0009240700824907415,0.0013248677356179012,0.006894376444309787,0.011654432931768328,0.00804345137796702,0.005081755824845899,0.005332447946491349,0.1691869469287307,0.7104979062983008,0.7105,1.0
3,0.003507989944898486,0.03275037903895789,0.006796981129779615,0.0006156049689236771,0.0009311459988106614,0.003099144156973327,0.0011005137671795098,0.0012580056857226184,0.005759819284009606,0.006035197007583816,0.006514413465704389,0.007176594479349877,-0.0003328178316965852,0.006024677749502313,0.005758766802867871,0.005666200789753061,0.002808261891287794,0.002895373253548248,0.0036101151992112396,0.0035635480241507536,0.002452633527374789,0.003249740494979974,0.0032876250035669304,0.0034491747424180244,0.0036277866220911265,0.005196972495593512,0.005479612624592762,0.004959694730973255,0.003862533785116677,0.004237454408075512,0.004428226560081212,0.0025420465321020816,0.0019403265971887774,0.0016808232991337793,0.0030020817610660095,0.0030627810978951214,0.0017371668198551766,0.0029936734887301905,0.0022054051033575895,0.0020279458162115183,0.002745042816574843,0.002081489154140379,0.0014134849316369974,0.006098634997431311,0.005512322721208483,0.005945144316698473,0.004140626728516374,0.0034473617864843216,0.003678086740292144,0.004026019701239969,0.003258409118807945,0.0029665103700556696,0.0035467672007961073,0.004121332704358329,0.003005474752578324,0.004073616998425076,0.0053366559127550955,0.004318377566167668,0.0012553006777525676,0.0016848757262357085,0.001680109032015937,0.0013287086748019988,0.001963464281256856,0.0018761265337198692,0.0017336845366708578,0.001624768312940992,0.0014735716729378184,0.0023898440973306534,0.0023560403789909252,0.0025310500063859278,0.011488126202490852,0.0049634203963650585,0.0038672467530831522,0.0012244336023672076,0.0014791523267343282,0.001586434332130355,0.002648865670409111,0.002068092691377042,0.0023477748802789022,0.004330644719975046,0.006083845494480239,0.006641553305562355,0.009966997623238926,0.014154269578070582,0.013470362662422507,0.015537590446011667,0.007232298678220329,0.008192889919579104,0.0011818870198701305,0.0005686916578365375,0.0011476688394470524,0.0018701940353237842,0.0017291219840106268,0.001967941101431372,0.002242486880161453,0.003117647596574422,0.003379696120847161,0.002952698786166476,0.005270676608027651,0.005260443806441402,0.007137371603762111,0.007216085646353845,0.00617763105539608,0.0004469499293415586,0.0006475219161025988,0.0006226067462295175,0.0019919757514329584,0.0004791464686759526,0.0006201698354961787,0.002523702292493515,-0.00023153789671064598,-3.1922805262828265e-05,0.003364003009008471,-0.0010876466966466263,-0.0015485747218900244,0.002232349419812329,-0.003887458827678216,-0.0027406167242889404,-0.0002425738379606297,0.0037565534254410788,0.001683142077598433,0.0006498424832241229,0.0024690756451721694,0.0012908349612981375,0.0012544267053699457,0.0011103592920842084,0.0012677338912979337,0.0021606863612294853,0.0014333915534022093,0.000893540000067345,0.0010525317338909118,0.0011559321020369407,0.0008840275718612646,0.0010512978965517483,0.0006252258078023332,0.00064290936160071,0.0006344718919429433,0.0023865369921249532,0.0015878953862996578,0.00023532647492096917,0.002046811653215799,0.0016699591719327648,0.002509106864612464,-0.0009726911220135422,0.00040245934084188556,0.0008988084465139257,0.0007109890239625863,0.000762887312327637,0.0002656162779672929,0.0020114642207961103,0.0013211083631714902,0.0013903972488733475,0.0006858797847261877,0.0008444869294996427,0.0016363798997648265,0.0015374928477751308,0.00066198873568396,0.0012030395189454985,0.0018774921177877452,0.0011736550031347433,0.01308452256776066,0.013331740800138634,0.010022889685754297,0.028294637980043034,0.0033574047645778407,0.0038112920116421378,0.00313584016278576,0.0031727874022629975,0.1691869469287307,0.732499994207165,0.7325,1.0
4,0.0012271769507582596,0.005029011400532463,0.0016754878672400775,0.0010086987305815112,1.7741506692706796e-05,0.001052327865931953,0.0013419642776291716,0.0008162383762104774,0.0009601936188976637,0.0010400553169422606,0.0034486489484985903,0.0019988088189034216,0.0023707147428459327,0.0036203869642092838,0.003068913573793205,0.00286577038768933,0.004847938160849664,0.004072491419279716,0.0038773033094704015,0.004975443903719364,0.004516536598115641,0.003660997524096133,0.005477639285417102,0.004177964187067596,0.00405647143681132,0.005396969728292509,0.0035022357559836422,0.003462170367618803,0.0013356173487751536,0.0010689600447227872,0.0016175792828133106,0.000828501154991248,0.0004887528456178755,0.0012404798434218628,0.0004975482113516702,0.0010715893257237062,0.0005847455685876031,0.0011260298011721596,0.0007355519615060766,0.0010438050284049863,0.0015248732838400415,0.0007148157059559606,0.0007270808596091428,0.000762791389869519,0.0014979927074182573,0.0009438305901397872,0.00216644044868935,0.0013275770862758815,0.0017145753045971427,0.001571776234009583,0.0015756579021996803,0.0014811310967778708,0.0029491922122282187,0.0017371827283881272,0.0016577121471107242,0.0030701961323186815,0.0019465919965683898,0.0019173653034700708,-8.857286852984198e-05,0.00026435093012212933,0.000473657796525512,0.000407303341785018,0.0003793316218835571,0.0006154876071620816,0.00038366065139712826,0.001170124482665639,0.0009939931718844959,0.0001381338077091643,0.0014740067816706023,0.001309756508052539,0.002309680563818383,0.0027634384448406457,0.003426149770345274,0.0014090473825556166,0.0015539874680750583,0.001470411300263337,0.0012155230319586968,0.004937346434955086,0.0053105275800048365,0.0029079684204846466,0.006962556775705858,0.007538874743269035,0.00297443635284194,0.009937637393081391,0.01074404932995547,0.010019138592715412,0.026768033651568067,0.025955404866881165,0.001966161168129605,0.0020551608965951205,0.0018395144720954094,0.0013015448408164464,0.0034337712772756794,0.0036236373481580097,0.0027286728173676407,0.00339380808376368,0.003724615472963929,0.001663515318918684,0.00484159769949817,0.004763970033907209,0.002277397303722597,0.011418455636735986,0.01233203872229185,0.0029840811437410082,0.0027497817959880465,0.0032685045444803464,0.003626652982013186,0.007144616104898853,0.006716573237764627,0.0052552493209537185,0.010149110093982752,0.008727091487082854,0.004723799810944761,0.011403111068120168,0.012608670250545214,0.010062689402960527,0.02027401665190422,0.01922041089541687,0.004572289770481196,0.0010331983031281967,0.005220794824547032,0.004129734676904897,0.000702536466726315,3.0280755490286312e-05,0.0002837733762935036,0.0005241797952301727,0.0005111869615585973,0.0045966052802185135,0.00700112446584856,0.006181033071998239,0.006957535057281165,0.006700787250541593,0.0045915440424583185,0.005161755435993188,0.005344796901874432,0.004863933706549811,0.004859823554419537,0.002439968468832942,0.0015060022325059737,0.004726501060742853,0.006614837145118413,0.007462717502458582,0.006922204559400008,0.00457709136374673,0.004067117966744021,0.005494731455232489,0.005325407848418718,0.005296512977414988,0.004631653590686943,0.000807676328883067,0.0005943445839170029,-5.426411282897713e-05,0.00014675518368165226,0.0002886250367325731,0.0053863258359525,0.005170277304450321,0.006141960418649523,0.006412404429297362,0.006839823902433682,0.0018629867891674164,0.007754046354051968,0.008732605899375318,0.013749326969897684,0.020404025486490524,-0.0007489090399830275,0.002682489881374854,0.0009656733171591428,0.0008493085235454396,0.1691869469287307,0.8400000002791432,0.84,1.0
5,0.0007423650302424849,0.02023549500687835,0.00605947661428225,0.0005574389148559943,-9.579367262216904e-05,0.0006228609474509531,0.0013821729298042415,0.0006619769937183118,0.0006410354476587483,0.0021851137813823467,0.003934690744114318,0.004182676057797105,0.0025880167762150157,0.00399561468347236,0.0026384242647078913,0.003134613060083938,0.004079616406197975,0.004027941894459011,0.0041801305084961295,0.004347182850284844,0.00441867179542789,0.0041262322320773795,0.004927888904272883,0.0047894015204076506,0.004386107599670547,0.006341172646052152,0.0054297521525698165,0.0055758773139319715,0.0019249503792197517,0.002250211625758756,0.0018737636892358675,0.0019614049715829403,0.0020392679443721746,0.0023308821575845715,0.0025355294952039845,0.0021587921011886175,0.0026048539990306124,0.002855520702648056,0.002545603428151867,0.002494326310203509,0.002547487925599576,0.0036178882214961206,0.003522370971737017,0.000580744982790273,0.0011918536371392557,0.0008062993031751158,0.0013991955123116506,0.0008012531441584041,0.0008253957479528109,0.000988173612048847,0.0011071039959945404,0.0014277328691438016,0.0010555543168366639,0.0007607855839862844,0.0008484352705033253,0.0016818337890386614,0.0017516221415376707,0.0012294181850679912,5.647696228176658e-06,-1.6176331412234033e-05,1.5581914299567834e-05,4.6710115513861394e-05,0.00035263801965868316,0.0005596789016899091,7.160178473118479e-05,0.0008951009537123115,0.0005514243603649768,0.00017796282242664012,0.0007359261988642401,0.0009634491742110922,0.00042262427057578354,0.001372289938341898,0.0015834615458798296,0.0006186583492889156,0.0005212558845747493,0.0006713714804918928,0.0007187729387306698,0.0033788972945322537,0.0034672235811834705,0.0016146922974994288,0.004730245816021288,0.004929603511272796,0.0016735551910100844,0.007544082477148521,0.007687195597744096,0.0053808817225428525,0.021393117319944914,0.020115399404354667,0.0005205420863007086,0.00044164158549519155,0.0005822370107186167,0.0005111341389006994,0.002154789468185584,0.0023893687048778325,0.0009555479166270995,0.0030440468022852143,0.0033947583105882364,0.0010961809727139625,0.004434216040891868,0.004451321504563855,0.0038784129888352436,0.015157951141584365,0.014675753989277552,0.0029755072153031395,0.0023001753542588156,0.0024989221538773533,0.003437196406384396,0.005986475696732784,0.005998108347340308,0.005196895777496302,0.009380301210660885,0.007452321054619089,0.005242058691124727,0.012465959045118774,0.012323447959380103,0.011711071681031825,0.0284313208788277,0.028031265694107715,0.011742359667679078,0.009136985014101352,0.0034154662396893723,0.007078340456956519,0.008433303545459271,0.009268824015861597,0.009187460549326593,0.009271823478023421,0.011449981250315992,0.004088790063847859,0.004256300264157845,0.004823909639271546,0.004749869394677673,0.005589844149717585,0.007325888417076018,0.007863587645521999,0.007664853144881063,0.008149347595366977,0.008537234448649768,0.0004306540240509378,0.003056987651301259,0.010066877474736804,0.01369973432104806,0.01461423077798111,0.01753572056616756,0.028260070904995997,0.007659240299765814,0.0075206111244898,0.008349052664036908,0.008272124617889008,0.009253039495217573,0.008381062943382688,0.007699469539432161,0.010588109576588579,0.011602449257047337,0.01261055932242449,0.0037065929540042895,0.004220634254161436,0.0041986349895193325,0.0046968334884651426,0.004996717048185386,-0.0004271781542715666,-0.0008043745555048968,-0.0014339952227057557,-0.00168722269820697,-0.0015572479492850766,0.006559128589796845,0.0012861429519153487,0.00353832271651484,0.0032697006070470432,0.1691869469287307,0.9785000129676298,0.9785,1.0
6,0.004579839389281096,0.003717484816601704,0.007364459227636171,0.0012466144490968492,0.0006538079687219457,0.0006766725862432087,0.0008226649469110577,0.0011546536872892393,0.007536188694579012,0.0010619890010545605,0.0033203600607205276,0.0037402043933967262,0.001397798959979751,0.0039032104251437503,0.0034581540197804552,0.003441654444323603,0.0033190792346177284,0.0025668281965324715,0.003162694603152002,0.0026715749579356153,0.0029995329443587102,0.001910186494390746,0.0031212202924757377,0.0024522451969478257,0.002526646832396227,0.003007495254804559,0.0030184057834751862,0.00299301047831981,0.0009464466363658467,0.0007858010163441765,0.0012962053478880718,0.0010173796371481959,0.0010148425502042185,0.0009689824907222464,0.0006961836525489508,0.0008792807286852875,0.0011690789853764424,0.0007508221266246098,0.001494576563601669,0.0013358956035315617,0.0021219103737799942,0.0023206905404789266,0.0020303720594205634,0.006491142937098123,0.0074133030561211975,0.006692969583554843,0.007358584165032464,0.006522328479689549,0.006848906595238708,0.0064876522031804594,0.0053218205254406264,0.004350630706002943,0.006703838075512256,0.005513601331803565,0.0055624216095677735,0.0053914917367293026,0.004691445079861199,0.0052168959093401605,0.0014027443279755235,0.0011430538554297288,0.0012962682317886277,0.00111956938742408,0.0042731486558164776,0.004835704479295917,0.0024515308511524805,0.007845144924088129,0.006245179930481219,0.002254730627016055,0.008061856397949877,0.00814193962769908,0.004802651991833468,0.017653068741589558,0.02012500379513332,0.0015177819305604403,0.0017049978488557836,0.0015687144470745184,0.0012910769733767032,0.0017304269057518893,0.002267224516281999,0.002018012117017349,0.002401981433618433,0.0021686799756047,0.005761132590063804,0.002576843565998626,0.003019916204681257,0.011882396668877696,0.007129147267257953,0.00816360341399681,0.0011083359329008575,0.0008720337817868029,0.0009857419004483856,0.0004345504668302355,0.0019103859582513293,0.0016039438402434775,0.0020310561012264897,0.0030507261457095015,0.0022396912850084594,0.0046407029626006156,0.0035858027607454596,0.003803032184512855,0.004770741328575304,0.004418891452573639,0.003967171370494817,0.0021507393391099355,0.0017012281995188055,0.0018384853512530912,0.0012869092205806418,0.0013011060055179117,0.0009794757358081703,0.001679409156441817,0.00021172833608285185,0.0007479689946768834,0.003995467278408855,0.0019203368371402622,0.0005775410894637221,0.01363979826661494,0.011761505546511435,0.01052352572107004,0.005733765409532637,0.0028666379140012068,0.003236516822994339,0.005305142101550928,0.003458508419202098,0.00225805749918547,0.002661821312133561,0.003249440462617955,0.005148307106282326,0.0030071714416151246,0.003669370982957164,0.004044455527480435,0.003856921252729904,0.004185282731234843,0.004336421382856076,0.006193338571793744,0.004763668441990307,0.005263907703498162,0.006983181694371851,0.003263418023071548,0.0025080414653589535,0.0050459004425273644,0.007066667875341124,0.0063248457095409555,0.009556038330037419,0.03318735696755168,0.004561814014415424,0.005090891170148998,0.004702346795341978,0.00488005602337447,0.006933713847897941,0.002915962806718512,0.0031161009788387172,0.002820140054502888,0.0028958225132225597,0.006486127131949102,0.003703988787148516,0.0036682135798653324,0.0035849373173521145,0.003726222588104352,0.0037669457009640813,0.005268513062583085,0.007901952446231713,0.00816862083402882,0.005793951384102735,0.004974506154930329,0.0006769191377817227,0.0019250774714766256,0.001418394248758891,0.0013457422504113707,0.1691869469287307,0.8484998347011976,0.8485,1.0
7,0.001899839202254913,0.022772863021245635,0.011584385780374623,0.0005769806370497441,-0.00010695396149308242,0.0012135692841073488,0.0007386598489416619,0.0004574510151054985,0.002122585380966141,0.002149899429591574,0.006752919095502433,0.006396977408391701,0.002146447108017284,0.005374162003801599,0.007014711205559856,0.005634976826788545,0.007014224037485985,0.006239208082677165,0.006393627407738255,0.005975413574313979,0.0057857431473167615,0.006642870642017261,0.007331313583267397,0.0062669657845698,0.006660243881764236,0.007314848413453515,0.00698246831920854,0.007188773196249951,0.0025702512872552187,0.0027240580645248634,0.0022885554057266327,0.002551066138388097,0.00428715968036058,0.004335174216111564,0.0043419428593241246,0.004613777468555658,0.0034951732198316605,0.004577282994135304,0.004373344594349386,0.005227904001149472,0.004503276457901296,0.007547929916120185,0.00748292983546413,0.0017992300504798076,0.0020101713465616204,0.0014774293161023324,0.002040622373922339,0.0015454382793821495,0.0017015312357116094,0.0031807737595764113,0.0018155749102791148,0.0019047097781590228,0.0026695485540793964,0.0025640532016802118,0.002803905222067979,0.0034019433675500877,0.0036523544437579276,0.0035408005624167896,-4.484625385801826e-05,-2.64885497386987e-05,-8.683207870829448e-05,0.0005401473103286307,0.0008158907595099468,0.00066117609923896,0.00044314585461366503,0.0005544169423786925,0.00045694432322169397,1.3588810593671949e-05,0.0006235979788191293,0.00059980379976943,0.0003268447591980067,0.0005328312555738263,0.0007284484610096558,0.0005808386797623426,0.0006190858368379216,0.0005242104519846884,0.0008490261356427733,0.004053388618640487,0.0040296523873841975,0.0016329311972055561,0.005060031280778044,0.005416198025387244,0.0016050155627718298,0.008233125306318744,0.007420472096866591,0.0057369900439198564,0.019643574478459956,0.01806735480837777,0.0004723194060933974,0.0005051939065996605,0.0004558005154352219,0.00046832813809109315,0.001472600604929152,0.0016828941353435672,0.0008761327807967365,0.002500104479479222,0.0025748081523385004,0.0010283023040189535,0.0036613948259561985,0.003653141109051769,0.004366851971279185,0.013187951500329498,0.013027869316193343,0.002603468282834855,0.002091454675997482,0.0024420000077973298,0.0030455767471559403,0.0057374765242109655,0.006129863147388879,0.004910357860761798,0.009884895852796957,0.00815428719050403,0.004901923083705422,0.012672204967294045,0.01286144693977554,0.009899886483862618,0.026647377191462145,0.025336666589506885,0.009631977071064075,0.0019076940559514838,0.00421688843858801,0.005033348803356095,0.002241117114466159,0.0028711423783220977,0.002907548147810357,0.0029968269148383303,0.0024610304006262777,0.003976634468548356,0.004214837943073772,0.005908184144689221,0.006508282163279215,0.006564458981658376,0.00493595194809027,0.005946519620953146,0.006586836206285268,0.005857085306826577,0.006994366156574272,0.0007569799236390095,0.0011018006006856724,0.009562270074126258,0.015447857086201784,0.01728708968688572,0.019750646718782634,0.029217435432728776,0.004176862067235919,0.0058772191420877855,0.005757623295699561,0.005959740596769871,0.007258174916142514,0.00235464625083938,0.003389873123250909,0.002872702429105569,0.0027464054487792563,0.0024724410914364384,0.004203663638185772,0.004519096639895875,0.0052936863654467255,0.00624893718217416,0.007237092465705472,0.0004016369207153299,0.0001815364036690498,0.00023252267182334883,-0.0006116461762215771,-0.0014106000877213882,0.008641727390997445,0.001383495113122443,0.0034018332881689075,0.0029233439831178043,0.1691869469287307,0.9739999998476802,0.974,1.0
8,0.0027029868133117735,0.011664131522810761,0.005899782117777183,0.0005249230269892946,9.648572581426161e-05,0.0013203116470973187,0.0009996528473114636,0.0007014814002492573,0.0016249576970429076,0.0009294612857620807,0.0032323062713697447,0.0028195131074468223,0.0029688737442346794,0.0019980361146223397,0.0026849657307313206,0.002172763177718858,0.0025661365972005187,0.002662132838132931,0.0034586742830571417,0.0024531733506853964,0.0023356789772361634,0.00395215923023074,0.0031994658735371067,0.0034313000458686873,0.003525364896621122,0.0045035467708519905,0.005246310721395681,0.006247620081691658,0.0009700196731712973,0.000885996246591996,0.0007310503490804775,0.0014059436357619316,0.0011350967703917434,0.0010752947599696468,0.0017946311078001086,0.000819963419586207,0.0008083500362669121,0.0014560289674789575,0.0010052949823950712,0.0014154959220045572,0.0016068469250198575,0.0017080876869387815,0.0018457830233942743,0.0016893767413014523,0.0016422767765598108,0.0013963429058016427,0.0029614382395828313,0.00251475057221138,0.0020609579589368813,0.0029438487766889824,0.0028972231079309784,0.003073599534540282,0.004287524662257118,0.004071234168898848,0.003868419481490609,0.006110273807582484,0.007271286735517757,0.005863140377850338,0.00042505870640019644,0.0004184359797233301,0.0005043782029757946,0.0007383618573948487,0.001637172895674657,0.0020725601132425644,0.0009928029191254267,0.001971289778691067,0.0018903349451391187,0.0006642945613810693,0.0018787217234902465,0.002118362532414563,0.001434538741963411,0.002632425343593938,0.0020365445778420675,0.0012423980419188861,0.0011240605043004218,0.0012074612594176434,0.0009906716294961824,0.003916847842359018,0.004170081776856281,0.002261106583985555,0.005738443694921122,0.005115824531342805,0.0023525175035520648,0.007913865746288109,0.008244666574531243,0.00533163628000283,0.02092321391442314,0.019800672269586237,0.00028142987513104384,0.0006488998474705448,0.0004784637265150265,0.0003264443673365688,0.001727325126919916,0.002065289303881628,0.000628689173085927,0.002906586709421229,0.0028652099456848426,0.0005696085029821992,0.004285822808476827,0.005139952175740563,0.002812146442396785,0.012526537041341726,0.01264987539643439,0.003317807507440275,0.002832470668859336,0.0030489282572879056,0.005858333504152918,0.007719763794681858,0.007270135077810156,0.006128486540179568,0.010423579701772842,0.008427537481002589,0.006662105576997934,0.012823078364736916,0.013978263029313057,0.013986054684551583,0.027067283441573848,0.026249961313721582,0.002812730872409681,0.002321473748895343,0.0030082015114310115,0.00366943220952334,0.0031610765472786504,0.003449074922322703,0.0012334073336414113,0.002130408386270852,0.00261881765702445,0.002705542615577954,0.003038261038872597,0.0028959107272105975,0.0029487792768903122,0.004164552276434787,0.0033641308442833623,0.0036336261396741265,0.0037989934065166225,0.0047692021068755945,0.005152473896079046,0.0005805350141937484,0.00210252115671743,0.004202124552606047,0.011860362411301733,0.009586510346016866,0.011477317277818774,0.010869651311667177,0.003681454797187239,0.003293944446330864,0.003694425025905066,0.004424230072973338,0.004575501433455525,0.0031448745041229346,0.002466824962384085,0.0029295313355681063,0.0028008006467154967,0.0034214730046162566,0.003026781576482475,0.0029525178192207654,0.0034331255406471715,0.0032368889324981623,0.003729988405591232,0.0011515429555899168,0.00034454367660471176,2.138361359938761e-05,0.00011782031340458368,0.004000088160403728,0.029025091120677964,0.017913925768149166,0.014310492989973188,0.015368090086689929,0.1691869469287307,0.8884999993737942,0.8885,1.0
9,0.0017297204422767342,0.009140984703038185,0.0034066347715014356,0.0024199756814470407,0.0006471110453520935,0.001273632910483084,0.003131522470971418,0.0012897387903795159,0.0023495793001206615,0.0020226674829948183,0.0023704008600059804,0.0017238481758831067,0.005578476478831081,0.0016511263831170961,0.00115606885145747,0.0019093081997421527,0.001879092416787342,0.0014474753778218588,0.0016250277381112202,0.0012698076855233939,0.0020103024983477913,0.0017734815971642687,0.0018861183250149028,0.0021129481730002802,0.0021839625661205122,0.0020715611436508373,0.0025848373618045867,0.002791438470114442,0.0021239567038640215,0.0017793263086517755,0.001821264287731272,0.0025164029905861457,0.0012191887008972451,0.001574218981260981,0.001991529775455874,0.0018657706435799752,0.0012771936667859793,0.0019180167305852503,0.0020773201020179407,0.000936994329755473,0.0024170535939066935,0.0020093953645236766,0.0022497105048307265,0.0016621463779996687,0.0020162383737309364,0.0016084726009458353,0.0016892926367086526,0.0019504719473145006,0.001593013925645209,0.0017235497107688975,0.0019656813941112726,0.0019256263679685815,0.003165233740167218,0.00248683694614556,0.0016565264123292193,0.0027436960812692473,0.0036673928096779503,0.002857580900987154,0.0006720194874893812,0.0004863255242894772,0.0005377917470875174,0.00042772875440857033,0.000810270022794964,0.0015907355254704029,0.0007987058243253091,0.0025123427353508387,0.001965842250575199,0.0009776087707633388,0.0023705269440820187,0.002740936583768591,0.002973307638130046,0.007766895703448172,0.00774583890201756,0.0012380362397314804,0.0012868913906474864,0.002303098317167241,0.010978672746391825,0.005310236892729855,0.005416343232799343,0.003493164996739646,0.005064695357547963,0.005148708491952696,0.004022619197420654,0.004757693732536464,0.004499251473948964,0.010648273054499644,0.011433099209548712,0.012423649764337777,0.003155275009681508,0.003555261428934291,0.003307296239548053,0.0038346919994433053,0.0024803446187708833,0.0028467441663124404,0.0027939915129321993,0.0030727370107492464,0.0025575782346291035,0.013178089740943212,0.0029807485468866055,0.0031970766735442183,0.01541815512500286,0.0026372759982609658,0.001231752370608042,0.005469061217096312,0.004564802412513352,0.005025369409637278,0.006139354702879186,0.0029760493906692423,0.002245339736602876,0.0025890467902646343,0.004026620992017012,0.0035676175020804583,0.0020974881618038665,0.003971188365228226,0.0035030975730048716,0.007791782210108565,0.010075620218875297,0.011718786656586837,0.006335962093290981,0.00312692380909538,0.003079807941637571,0.004259304389270264,0.002747446684953401,0.0010118005189316433,0.0009966477549150975,0.0010606148753033043,0.001439490293134087,0.002612531584129819,0.0023496219838022737,0.0024253857381174347,0.0026162267697658137,0.00312557330993977,0.004482348509464944,0.0035599234125617205,0.0030762846100023306,0.0029420404318252443,0.003741247631224042,0.00552807556142567,0.0028157690468410003,0.007012107277361653,0.007806173793240542,0.008810791174488703,0.012910774313337663,0.024454636356447977,0.004308183540772778,0.002913640511227231,0.003371772733066581,0.0034366083101756563,0.004566259010351806,0.0026369010380647515,0.0008682802387687069,0.000542011970005079,0.0007647581038726139,0.0018241928941958431,0.0029691548704127192,0.0026484622802803565,0.002269390766271076,0.003737532011321785,0.003923924223241536,0.0010789803457380341,0.0011572189093931927,0.003749881505054894,0.0037979982718163575,0.0007061360768738806,0.0013671162169041522,0.00314669760305749,0.0018713741250404646,0.000987678727511323,0.1691869469287307,0.7424941184155398,0.7425,1.0
10,0.005238847935165941,0.004183377614696823,0.003613196811771087,0.0013294391958167235,0.0010889365101890793,0.0011830724356031708,0.0021350966182566164,0.0017662056941610096,0.0026634339813205485,0.003920520226607961,0.001575644509733298,0.0024296970477838678,0.00160298812917826,0.0014582512047899674,0.0016871030553332162,0.00228513024979774,0.0023900523520045754,0.001461767597603786,0.001576876544899417,0.0018430440985245959,0.0012396851492668907,0.002230732191562943,0.0024567412325641577,0.001234689689436531,0.0009890850448358848,0.002756429149493271,0.002577506050794673,0.003644404466104362,0.003312895441332547,0.0027446552428363235,0.0034702028972715807,0.002723425931601959,0.002515581364614145,0.002602748807577519,0.0022711605615594564,0.002830553137937429,0.003231184377530891,0.003111431115795722,0.0025083389783424927,0.0030268101294972606,0.003434608028328636,0.005514842236141034,0.00650737599205997,0.002705777657012171,0.002517565850933013,0.003182100088671608,0.004617004035518124,0.004511206035280009,0.0028957752948091096,0.002945466735960715,0.002517002826194117,0.0034003739935085818,0.0028399486140287095,0.0027511002935087024,0.0023874722461241036,0.0037662165634088575,0.004081320707638158,0.0029561081552136386,0.0026084851408506578,0.0033693971072222936,0.0027391290865869857,0.0046071642753719244,0.003394235748450738,0.003472027553031821,0.004588715744772525,0.0029203691242776276,0.0032985543558133193,0.004767618945312469,0.003278764279116257,0.003135467576259288,0.006430845001030873,0.003198216667938954,0.004457738086246544,0.0017606787747256269,0.0016635394736272896,0.0017888152402486784,0.0033177610268018323,0.006041114630398871,0.006617645799398765,0.004816563429639095,0.007625013466410457,0.006873358382264841,0.009802015914154139,0.004148516096463041,0.0033332393001018206,0.013279584235113093,0.0008575158031744473,0.0008468826396549837,0.0010566525230413298,0.0011031570340209525,0.0016402160115452824,0.0016974762842836561,0.0018116120990477665,0.0020027856359799644,0.004668365926487424,0.004336085767468666,0.004808555902036621,0.007950045391805051,0.004128781329760062,0.004579531567219825,0.005958340492903507,0.0005939962319514785,0.0011876442794165353,0.0015161665073020832,0.0010374976052328077,0.002314634810285988,0.0018651427181114138,0.0005897775005332365,-0.0001695259914362254,0.0012405201905864684,-0.0018544167548659406,-0.0010023818182631709,0.004725359119677655,-0.0030656033250444957,-0.00300909480899742,0.0006265765615867791,-0.007939417307817153,-0.007270995978629952,0.006864146412970205,0.001347060664768664,0.002557517789080241,0.0041599459618719,0.0012628781024044981,0.0015133820524767206,0.0021248511801787526,0.002150960826186379,0.004799990108919817,0.0016905640598531542,0.0018862982704080412,0.001721010537181255,0.0020436145834424016,0.0035240334957859797,0.003032992460260055,0.0033308763041896075,0.0037384564328601477,0.004006349543902387,0.004841541217221782,0.003119349136703724,0.004824204340798137,0.005057995674654107,0.003430206589390472,0.001491954072324762,0.0006563495045735765,-0.00262188044695765,0.0038801173967505133,0.004048233008933765,0.0034706407721359607,0.004102602776184718,0.0047599963832897114,0.0012830326739134334,0.001830948499651099,0.0019097830942927095,0.0023709282043242576,0.004244544965342437,0.0014747502078491992,0.0018844970822354211,0.0024321253813797757,0.0021419910412627838,0.0025915634909685014,0.0018025019557573283,0.00774914237723492,0.011037992814441329,0.011289920062388893,0.01208034905230098,0.004497622054065399,0.007457007562844211,0.0051173369222494505,0.004679353220530834,0.1691869469287307,0.6764872433417298,0.6765,1.0
11,0.0033235607442893235,0.008121991542455555,0.0026642995723676027,0.0004190783904240256,0.00016719929500566083,0.0011379943383747898,0.0012950652948906598,0.0004092939941322911,0.0025257091993971972,0.0014781779063433031,0.00198464216559643,0.0028443914701961857,0.002569834193993944,0.0023466337735523193,0.0031409696589539764,0.00280871855807916,0.0027191156690630765,0.003105067023962758,0.003089155731147855,0.0036505262737860015,0.002345930491951691,0.0024364742230644247,0.003930426443619449,0.0023047028482513087,0.002554629062182999,0.0035708537521497302,0.002588162856781883,0.003928842936166329,0.0019469082764062104,0.0019246723728855001,0.0015827301165560507,0.003103511348700977,0.002927136270450315,0.00293799093925127,0.003723925364761577,0.004377311057450626,0.0030814333381537517,0.0038019434565893786,0.005559581232293026,0.005924059778265741,0.0045609561850806155,0.007216161587439055,0.008220570018170297,0.001591784744691918,0.0023941322882498253,0.0013995206639676044,0.0019324937429093937,0.00216712191846037,0.00211244913175637,0.002259244662771398,0.0019447561587857623,0.002626807712620667,0.002108178451315268,0.001909378241477511,0.001924275642616303,0.002960189256943018,0.004064159242094677,0.0035557999762917654,0.00014237403900153853,0.0001901443698251382,0.00013533745837102332,0.00016219934230816515,0.0004878123298856623,0.0007501368841584423,0.00046406392743163113,0.0012987466696050183,0.0007928024854881978,0.00022719723392818224,0.0009717186908003753,0.0009354672393744177,0.0006023153500723681,0.0018730003816393316,0.0016578612777564377,0.0007825638986944167,0.000852545041308802,0.0006938962671726457,0.0005175369995649185,0.003096734680063212,0.002816396446316469,0.0023111579939827033,0.003926958221007708,0.004467217805266704,0.0022343147023920116,0.006975230569290542,0.005931237189903229,0.0049468720096970805,0.015438513343573605,0.014378645542202296,0.0008304206072221579,0.0006528942630477875,0.0006301390473690204,0.0003805802464925059,0.0024340852145694493,0.0021567942453397894,0.0008566558740287833,0.002971374070300184,0.002808285346454672,0.0008975194653780189,0.0035974948879875213,0.0037774205352267064,0.002919562003114357,0.010078890556952554,0.009560967588041569,0.0036815321764020843,0.003484782774593393,0.0037121874656820862,0.0042442029842171694,0.005720700124861955,0.005609458296679138,0.005447860143535416,0.0072614104907825685,0.006274400346482333,0.006831856283558171,0.010668014545585117,0.009789272129752839,0.010008638051657116,0.01894170398137883,0.020125129172040332,0.0065165398230192795,0.0017367167356823507,0.003597526280175148,0.003465382673145506,0.0009959926280798577,0.0013142856129328652,0.002036167123799072,0.0023940150702027366,0.0025564147985266497,0.0035608027300206065,0.004205500275088265,0.0035733125010956593,0.004130601768486068,0.007016863966487596,0.003941376870898147,0.003474847186576138,0.0026860663098494174,0.0029579081305629615,0.004791770697939508,0.0005846324890572662,0.00037447301992009645,0.0056943672258464835,0.0076137922195457204,0.010270515849714022,0.013152845868947688,0.02350770359423536,0.004784573936564336,0.0038768039875774853,0.003244975404538087,0.003589288946709587,0.003844566044659389,0.00125051046998509,0.0011957443261895676,0.0017967097110526788,0.0015867573272561664,0.0025908590353663267,0.0034156640725381345,0.003586528596275008,0.0038176970787565895,0.004477799539046726,0.0064096387559952036,0.0003826510558389105,0.0006711388282064463,0.00048616878080718457,0.0005175679796966845,0.0024693263077501574,0.0044018572519057,0.00879292448350865,0.00905131195203959,0.008205699942001805,0.1691869469287307,0.7954999940892332,0.7955,1.0
12,0.0015808330559829188,0.011590021975704565,0.0021724584375182564,0.0007451535620838504,0.0014075375943644868,0.0005002926267707829,0.0017678177529358518,0.0004930122058119711,0.0013861003579682663,0.0016773361369330179,0.0010893559647140877,0.0010325665133104245,0.0023593719102181394,0.0015723484525248512,0.0014015089996281236,0.0013583667188502135,0.0021133799649878755,0.002533529817059671,0.0024933137956899623,0.0026043885615815326,0.0023225796362530172,0.0028517339015877775,0.0027739154915902473,0.0022503951330223653,0.002346088347310547,0.0035479623331034684,0.0031581812948784193,0.003481283874187371,0.0017535538397987754,0.0015851464339673028,0.0017765117680771036,0.00185183077913779,0.002366592400847603,0.0022572255337259626,0.002811176320887705,0.0018772740552501451,0.0026488401191822816,0.0020356660989530677,0.0023124888839610833,0.002188899705227652,0.001533736484858546,0.0017578701486920714,0.0024371353871448466,0.0016581574132824243,0.0011956046590086554,0.001237344988682076,0.0023725243470134262,0.0022672362510603237,0.0016701165882529948,0.0033871140836581127,0.0028773520224921584,0.002717217111465775,0.0031724411600972213,0.0025214000608741968,0.0030545878246638174,0.00440372918402242,0.0032698477581919816,0.003989862459135777,0.002497621654407782,0.001627883299972508,0.0022405467360049392,0.0016272776957024719,0.004607987045034631,0.004252506277066416,0.003314468325975837,0.0048035930781856724,0.005497515820743417,0.00274762604382973,0.0048573411993340695,0.005551620149412801,0.005187848985194486,0.004639802344446526,0.0052898013409947865,0.0011229279204211062,0.0009560885262138308,0.0009816596262717822,0.0011098824685449077,0.0037284765810689344,0.0036351195977463316,0.0018078761286515028,0.0044920196412705435,0.004222309069079012,0.0022141541020382527,0.006907720982198092,0.007485158306747609,0.006977011402333641,0.01993824570611529,0.018391398333233874,0.0013406436469826958,0.0012468385967270986,0.0012790849196607852,0.0007493410117381074,0.002102460708333939,0.0021971846315995834,0.0010322071914494243,0.003198023281110496,0.0029723627858669302,0.0007892533603727258,0.00375932832323055,0.003985404260255818,0.003248720847609255,0.012588802093545693,0.012310752815109405,0.0026985957814234904,0.002262893287388201,0.002562322809861809,0.0037110404048147534,0.00683003807676113,0.006617902973254915,0.004663205748757953,0.009193161356675207,0.007754077364271114,0.004815524319992412,0.012262898111949846,0.012493431499417616,0.012400587594957773,0.029763516977198826,0.02981900558650027,0.007569173366580099,0.0006107586775804626,0.0025639698572312635,0.0033180629955871883,0.000581409494195839,0.0011944924189668089,0.0013485594564706465,0.00150836559992901,0.0006988509091884194,0.0024768381635453607,0.0026146435035111723,0.0030091431243698436,0.003604575028867672,0.004024103857485837,0.0030674141401702687,0.003399071350597575,0.004813749582434245,0.004445937756279324,0.004867952758448851,0.0016422203128925296,0.0013979985903896863,0.008034465764928223,0.017574012804981703,0.018190936832833567,0.020649151146422493,0.0325712487224578,0.0028591367568336352,0.0031130831628281845,0.0038810212858124797,0.004292615822026419,0.004269693864581718,0.0008785270941601197,0.0012978545386230494,0.0010527683796229838,0.0010058394302295411,0.0016521604148778206,0.0022214146928165534,0.0025855839238699964,0.0031482161186163708,0.0037213242829209187,0.0039293741253101045,0.00037940142043482245,0.0006994204529498995,0.0030509120708267375,0.011339670208263694,0.0212997924732093,0.004441897389761107,0.003427487734177655,0.0037633929685097454,0.0032639426890560376,0.1691869469287307,0.8955000014886397,0.8955,1.0
13,0.003925531896235392,0.007992811192612675,0.005425645878297674,0.001046703186159843,9.055058704644727e-05,0.0008208964456682398,0.0006639410760165745,0.0006370251965588542,0.002876062136910229,0.0013094285300905345,0.006867609605867146,0.00707972922248809,0.0022497990397155813,0.006463157967080094,0.00683484936847571,0.007465543824135635,0.006196620888252644,0.005706968027301063,0.00594248087436365,0.005945659174690949,0.004427583378745869,0.0066063158557117235,0.00612353558424144,0.005502434451395298,0.00571299193802262,0.00810113734985824,0.007741089046061691,0.008411947200286159,0.0009704528375149239,0.0011625052618496941,0.001079782635611995,0.001737557930815141,0.001479247547256796,0.0010024618874662039,0.0017898954320283164,0.0012758725532927232,0.0015307613068636624,0.0018342959372113072,0.0021196843177616,0.0014225204169134105,0.0025222912634615593,0.002575846181286817,0.002339981173436838,0.003065682023765703,0.0029346857129610884,0.0029273134380051824,0.002777918558383139,0.002358868056413643,0.0025886887902136268,0.002648101105393358,0.0026986459085130083,0.0034128797824459754,0.0026084837411787247,0.0032038998146274914,0.003391788539331068,0.003479537390425868,0.004354020676405238,0.00484801039418851,0.00013794161840298877,0.00025749704701458464,-1.3865265590910159e-06,2.82329519697463e-05,0.0010817142608689843,0.0009123613064608956,0.0002668907445366225,0.0015734241510108877,0.001182285698603196,0.0005307777860426773,0.0013743525625421642,0.0010905580203161684,0.0010979387597228002,0.005149938425285517,0.005702236127976824,0.0008150719151829209,0.0009020184833315693,0.0010352818723296361,0.001945321959603292,0.00393860813813931,0.003993392241194937,0.003895903861112687,0.005074564651796202,0.005213877398177972,0.001621840391009987,0.0075601280878215705,0.007887426947799116,0.004569852358381585,0.01694808757152567,0.01657125066953179,0.0006801845586154038,0.0011320062604172798,0.0011402961413060403,0.00022986576169882272,0.001898985123910011,0.001907924165489069,0.002283858280888755,0.003112752305012111,0.002793969580703589,0.001108088919016466,0.0032703934432718063,0.002776248906893423,0.007243047291669397,0.004679258958347434,0.003101299608870253,0.0030144709678856397,0.003132190430723109,0.002696971596947728,0.0020468121262386856,0.005778391661576899,0.005411910922522627,0.005228039593040842,0.00897786474922051,0.007215245488773886,0.0027547206066291068,0.012173567699857231,0.011655396904162943,0.008323757855029708,0.018931987199456893,0.018781966421307333,0.009193635394186014,0.001029260944559196,0.003565820929464378,0.004498441227343554,0.0014695406823832177,0.0012905953313749417,0.0017457988419646037,0.0010495536127327655,0.0025443279930527918,0.0033554632230254665,0.003771069904946829,0.004324185684338855,0.00419542371374268,0.005172435233267136,0.004338468194846488,0.005831473078389866,0.004807537725623115,0.006301273535803557,0.007583058696438747,0.002728584480048204,0.0015382587400446272,0.010893737448039334,0.012265780925400463,0.014539254801405728,0.01868024430579538,0.03153502234999208,0.005000716939145446,0.005689318960539026,0.005348889923285094,0.00640368094860908,0.006725658087770612,0.0017510630001006892,0.00152218805438118,0.001451334309793208,0.0018522931752453756,0.0022965332952556384,0.003457820816214923,0.0030389581000449294,0.0038474966447897725,0.004301435424001219,0.0041455770657295235,0.0017965808524777816,0.0004714691066593842,0.0005962108107582603,0.0014519073512896839,0.0027999920343983425,0.0043402105220197345,0.002606532393368427,0.004359875947862179,0.004660469207812855,0.1691869469287307,0.8834999994464217,0.8835,1.0
14,0.0023273761903419943,0.023092008496363687,0.004208179058578188,0.00040897422072483857,6.76961051981559e-05,0.001977870297417256,0.002700943260876578,0.00042179577217025735,0.0012249939986117453,0.0008775679711592411,0.004287754505068917,0.0033186518764389546,0.003413416400660819,0.003878346683386558,0.003776665582214182,0.0029296068446049814,0.004196859433704883,0.0031386455453101232,0.003622845376861966,0.0046967969219927465,0.0038742042046877837,0.00360865454356101,0.004219634566767412,0.0036936714176336025,0.004022289481550328,0.006111018888471421,0.005308422469300226,0.004567616918891616,0.0009953666339875941,0.000757894244376152,0.000824074847306904,0.0011706361538596829,0.0012709905719213291,0.0007913892665086189,0.0017536582454309765,0.001076186173303327,0.0016275518286180222,0.0015062973924245045,0.001334664842619233,0.0013439560294572878,0.001382542005361247,0.0019289714171510182,0.0018285835278216234,0.0018710595508094406,0.0018412843014251757,0.002186146683333072,0.002226906069607315,0.0016752809322332994,0.001921062474324451,0.002610710248219025,0.0017893062459180206,0.0025240633722701826,0.0029424283673817942,0.002779741477529373,0.002492812233879177,0.004598952316250708,0.003375482134407318,0.0035304875356558284,0.00022141727716805667,0.00029804938119633946,0.0003350200599827933,0.0006103039965949992,0.0023763783281594525,0.0022636066349201968,0.00149469360419787,0.0019848552207078875,0.002164865875795815,0.00168163854702064,0.0033119387850408183,0.004071709502469752,0.0038485476344726588,0.004694208210473023,0.006391792564587342,0.00046596417001590476,0.0005131799840186536,0.0007563224954214533,0.0006653545911433556,0.004113577898828901,0.003722994461806708,0.0017157895614721866,0.004519632517306661,0.004716811001759824,0.001671021819456574,0.007839345831863593,0.007232384467420865,0.0058935733439977244,0.02062657646410327,0.019620885330479156,0.0004860700149734617,0.0006223631144812967,0.0009375745419368844,0.002535933539044276,0.003750845125919289,0.004122605188236469,0.004467936738652612,0.0021147594515716593,0.0021590945671264286,0.00314001659461114,0.002855564741592909,0.0030125730134963878,0.0027174963856796473,0.010620209713290625,0.01095671853184321,0.004139169547663291,0.004319777322273113,0.0038543058828935093,0.0066063916763231855,0.009548959325691072,0.009077611866506114,0.008052598766444256,0.010997603499900437,0.009769867611803327,0.007092138984715503,0.0142266939460818,0.014365241442194561,0.017152782737507685,0.03277315447565613,0.032845084535735654,0.006052535037919689,0.0005150813592014826,0.006168041666220641,0.004020685672690157,0.0009940401176679417,0.0009344750696885614,0.001773881948641086,0.0014218664576581496,0.0016225300866109234,0.007934306950682913,0.00734416968475125,0.008396472438598857,0.008365613309198602,0.008922601194538448,0.0037948618027487295,0.003289406649911265,0.00424983816882318,0.004082765080396629,0.004950869190392505,0.0005086871443861238,0.00044260528930056066,0.006195619619411319,0.009510287240827454,0.00935992370497406,0.011311284724615357,0.012734670607985386,0.004257483769010908,0.004227351779489568,0.004571673552816466,0.004756688039113681,0.0045058374646733575,0.0007196795351807951,0.001165047841552395,0.0008192778253614836,0.0016170863630227228,0.001929204270433134,0.006273212681567741,0.007464935901878428,0.008304091311448448,0.008721392125416585,0.008837800894630472,-0.00026891517641741024,-0.0011831192022030287,-0.0017022964736589802,-0.0016726482101087328,-0.005082100759119547,0.006349574543734044,0.009729575412571443,0.007130996366155442,0.007369535996637156,0.1691869469287307,0.9200000096014287,0.92,1.0
15,0.001867558852701386,0.033031680779768875,0.0018073356707655338,0.003713297679510398,0.0005005198616021128,0.0010341999888077997,0.004004925701224267,0.002020412901787386,0.004014258448939285,0.003907976828933308,0.004039325772562971,0.003758391955905387,0.005974340923621043,0.004064919882617138,0.004304058234016106,0.0033730811126397716,0.002761983589105729,0.0026319847760067905,0.0031459574809804053,0.003098410535830007,0.002850185226515682,0.00290590045121935,0.0035991271701149947,0.0031830667027119355,0.0027896742141698817,0.004160668160381719,0.0035907220843271305,0.004645338619343081,0.0034031419175683066,0.0026363229831183966,0.003000071515168664,0.0014742745495839027,0.0010568497779943381,0.0012249260022121422,0.0009536170345018225,0.001311755015157958,0.001598678609310305,0.002273932578172896,0.0015757871575490829,0.0012024859967025463,0.005044116646094131,0.002894741036761546,0.002618366247800251,0.0027080552828229756,0.003439736552834713,0.002714192113481943,0.003038150994434812,0.0027131357908192115,0.002834083978162676,0.0025124710721525527,0.002746707275343052,0.002739827161488046,0.0022948143040181267,0.003198324958018687,0.003331812173215273,0.004514595051029915,0.00471391254437845,0.004014000605868276,0.00058718955774785,0.0010757996050229915,0.0008304356040539097,0.0018925401009048707,0.0033029351650872224,0.0034039479850208063,0.003364004457095454,0.004721952398931118,0.004476673776081353,0.0023347023825076607,0.008130263400832163,0.008502667567193967,0.007552028302466886,0.014721536587091674,0.016935279426108712,0.0017554510833321844,0.0016030767106537125,0.00232768576783388,0.0028501703105385757,0.005385293293862208,0.00617040185029639,0.004011558439711964,0.0029229332566679013,0.0022914391380064,0.006261497901816934,0.0018652042681061793,0.001564165092728368,0.004647891093747078,-0.0019040223769436417,-0.0009513226270184247,0.002693982713745443,0.0030800667851857994,0.003824471046149999,0.006477789779436679,0.0039365118733524305,0.0028031204760038254,0.008361386463161367,0.0031541708410468415,0.0036882488895986793,0.008458439118026725,0.004017863271346719,0.004762519155824779,0.010386285962735182,0.0031819038914973723,0.00412882382146311,0.0013530145635068402,0.0014461038353286771,0.0015315770397126831,0.0024274383511534866,0.0006070014094212375,0.0008111590481470588,0.0025304587688687414,-6.093442622882253e-05,-0.00016690805419442324,0.002891922940836756,-0.0005491915556185774,-0.001285379707024137,0.000995655737063985,-0.004366473605626527,-0.003770092900894087,0.017211594467049812,0.004020141948766198,0.002722890044025334,0.00367667043833378,0.0031267673254603365,0.001732324986227059,0.001033097743029537,0.0008567581380515779,0.0009571282031463931,0.0034207488165458808,0.0017218520180606383,0.0017541032966762683,0.0012042273907421034,0.002284134999447058,0.003743043019972241,0.00220082658030997,0.0016220948615452264,0.0011973918973017827,0.0010671657163839007,0.009667378943943379,0.007724310986062836,0.009774577815204365,0.005032311575986804,0.006232328857717211,0.002738547706946458,-0.003940351500549474,0.003897141175395352,0.0024075130352521545,0.0017125031168495565,0.0012165521571784424,0.0012931219680914687,0.0038585124158640456,0.001459285664130594,0.0012077798236318008,0.001158701315803855,0.0003667266729238905,0.0027181790882975527,0.0017451199988450764,0.0019719644919335764,0.002162886539762694,0.0022800166890443573,0.002116214909940095,0.0012032110387369906,0.0008689928583719626,0.0007398942750268088,0.0008068535037952292,0.015060780706380304,0.005444817492897577,0.007238957569763743,0.007049522687359398,0.1691869469287307,0.7325007679847828,0.7325,1.0
16,0.001445092108929704,0.0032838026594395942,0.009654420192123927,0.00023003581914359095,0.0005481287472574454,0.0032632636097446608,0.0025939428691198127,0.0010720184092072695,0.0009459636590623567,0.00482482749323822,0.006115712251411288,0.0055951673412980105,0.0035287883853129722,0.005300241329690785,0.004910061723324526,0.005400643801525831,0.0046891962395534965,0.00323081464657622,0.0027887279279973764,0.003819458671057346,0.002357290735720814,0.0024427613556956525,0.0029901274324578026,0.0019926540717048343,0.0019724200807814452,0.002598629613032582,0.0023753005710111697,0.0024234512373688334,0.004359386743906573,0.0053462978928196,0.004273949242897961,0.0035667468920493215,0.003146581800614144,0.003362273095451263,0.0037313379163146864,0.00434700074813183,0.004337809345558792,0.004290287041158718,0.00476588912145795,0.003925709982862733,0.004119867907845929,0.006010989269068476,0.004885598851766399,0.001780133379060021,0.0016485130843618345,0.0017316362741850503,0.0018970362757875705,0.0008056745093109465,0.001250735193191707,0.0016313060172102158,0.0012363806346315205,0.001827258524377779,0.0014334142163635515,0.0019856426627652152,0.002143163138577981,0.0018079502558650095,0.0025692661642855437,0.0022320489788486392,0.0005410215348274094,0.0005665660861332545,0.0004006657376366534,0.0020456512665837697,0.005551009866930753,0.0054622716813276465,0.007181086070421022,0.00586661885345204,0.006308778879460922,0.003527367846582594,0.006174385782919912,0.006114838442586122,0.0022738219023769697,0.00486154331315803,0.004126011495463797,0.0013479058928794314,0.0010312042543616279,0.0018107880256188248,0.0012723760143908201,0.005583063300756516,0.004735374244604362,0.0034062304524786905,0.00486413130078094,0.0043149709828547295,0.0027142011226505736,0.006191716977757608,0.006155667102666002,0.008826761084460752,0.013647882227021658,0.013244144159273302,0.0007615784019334449,0.0012758742950141867,0.001330791312501487,0.000780008675648792,0.0015151012332316463,0.0017446044911546268,0.001333579684691119,0.0026531554192980545,0.0025405645050866656,0.0013704814801012769,0.004098623477159038,0.004763989446891496,0.007529856748530959,0.022966716296014066,0.02244601261438655,0.003889038125106249,0.002860558159980061,0.0032717082825071127,0.002426465200168612,0.0013631077076516143,0.0010403810084062908,0.001639439426895545,0.0017050810758887994,0.0018565193753087507,0.005287732856433397,0.0033104975596711297,0.002337255958142301,0.0053773372464849065,0.007071502964058293,0.007337389011883789,0.010116362245983992,0.002156573340633685,0.002405788877623681,0.0027696039681829663,0.002221066627708788,0.0005073618266702623,0.00045726865330256974,0.0006431754921405967,0.001893419879703,0.0023028705490366896,0.0032197584766815385,0.0030671512180978212,0.003605300501351695,0.004199771342888012,0.0038580101683484067,0.003673078885126829,0.003948237824001469,0.004255580686655246,0.004538430339966946,0.001776649393857236,0.004050598302977564,0.00758846481757212,0.0044470791661022245,0.004207993751666391,0.007585816520159246,0.01904365143982401,0.0030466135460565026,0.0037321109914107203,0.0034476834101823846,0.003771727672237506,0.005012327074428527,0.0021943576915878565,0.001069600053727941,0.0015854267770008873,0.0013287955987022486,0.0014062494800474792,0.0020385128565245255,0.0028513393818306665,0.0036192600362537214,0.003520784834976121,0.004285568739621661,-0.00010837831133706585,0.0006081902930778248,0.0005047786356907539,0.0005598407055886723,0.0016771676894865237,0.007888317939304616,0.005345767596234459,0.00331100694667109,0.004201185124968909,0.1691869469287307,0.79550008207543,0.7955,1.0
17,0.0029387720078823012,0.0012505023031770274,0.0037378532552270853,0.002411289054088299,0.0031803962873316514,0.00935005931089104,0.0029352421808264578,0.002082810010544565,0.0018940133673205203,0.0009386261033286485,0.0012074985629025347,0.0017913988010500035,0.0014786759636701082,0.0013523049501943654,0.001475675409818108,0.0011145375981237568,0.0011687418668382239,0.0008094723724144246,0.0008275276543386368,0.0014018077808190747,0.0010609984696743247,0.001122668965941526,0.001485194662308482,0.0013144596917929402,0.0012377512298426953,0.0007679250762201755,0.0015873554519143396,0.0019485675837707605,0.002287753983798223,0.0020393634954191486,0.002180211660522057,0.0015171109681509573,0.0016708763220220997,0.0010964552450921639,0.0007214440159813397,0.0013047895177094341,0.0009925360046569372,0.0015764152969265453,0.001188356934601488,0.0012691039292505092,0.0056466339379387725,0.0020183209318347063,0.0019727419997393205,0.0017141882577823295,0.000909314226447477,0.0017226807948120628,0.0015226639260264288,0.0013804156123509576,0.0009762784269089751,0.0005154022726515982,0.001143242407071166,0.001132960427770039,0.0007935342402126684,0.0007290354343295081,0.00162693539173281,0.0015781610669045986,0.001330438312719114,0.00188818328082853,0.0053010007683513185,0.005169159242544696,0.005457332473321132,0.004923234667352133,0.004537308203263454,0.00406913538543884,0.006059781273230503,0.0036151238240937403,0.003907266756158866,0.006370810092965322,0.003254476582028976,0.0027120399458246017,0.0037604140388031427,0.0022971750103796557,0.00157938681988732,0.002462390813545953,0.0019042526927999664,0.002672435842183926,0.0026796437106443704,0.003176003549087549,0.0035190442110444352,0.002741842938962273,0.0036559784076443703,0.0036308066587452076,0.002622837272152355,0.00457243253542244,0.0045973439492108786,0.011078292956916265,0.018019213139705528,0.015156938279662661,0.001822508189026945,0.0021675924895612417,0.002142252511332666,0.0032641110813363427,0.0023189955872171568,0.001356068873203315,0.0017344993807471944,0.002420779671035507,0.0018991951054486936,0.001449709676314548,0.001990554807752918,0.0015653821095642224,0.004526077930795024,0.006759522458017856,0.00809979803449033,0.001182681340336018,0.0008987775446032439,0.0006115659436422417,0.0028213143189016786,0.00027448884150697394,5.3185929014670375e-05,0.0031807106338623613,0.0003245047334004459,0.00022364571606993934,0.004837119965157182,-0.0011258644668685161,-0.0002505847583289261,0.01645769016261496,0.006700436117639589,0.008634562192267992,0.004541107209942099,0.002633056441718127,0.002276019369168657,0.0026992103829644085,0.006102249050312399,0.0032911698062426035,0.0022789125693304948,0.0019032287502881813,0.002520429765542202,0.0020529724086654484,0.0024407977805408843,0.001960700386277049,0.002149667778523481,0.002709845429807737,0.0023579933446100376,0.0027001812055812368,0.0023000801665681416,0.0032141305930281955,0.002702866466415488,0.0032831063479790558,0.004261029578800938,0.00407184232166283,0.0068030248091128604,0.005919224868956186,0.005518115781670285,0.010403198113088357,0.002596352082078676,0.0025798279074211194,0.002608416184792303,0.0026118230492773254,0.0027867363326028226,0.005528697693030124,0.0021539655526285283,0.0019074251001433844,0.0021761642273204753,0.0020820697098151908,0.0019457829398639075,0.0022478575858375207,0.0022994004028584,0.0023987355815086628,0.0031580011535114767,0.0004548983569028001,0.0006245503349972636,0.0016470516817052724,0.009918561919354066,0.009096571231911226,0.010469162675219973,0.010361209147792965,0.009004869442359077,0.010899003895989046,0.1691869469287307,0.6980003002999297,0.698,1.0
18,0.0018103577598677873,0.021349735546395927,0.002957342103841451,0.0008661281242150361,0.0002982416213750871,0.0016948518139028447,0.0007573757849499896,0.0006800257782718855,0.0009025875410140733,0.002047574321687955,0.0028952158072877124,0.0031417324966669913,0.0038920901307931536,0.003288088043847427,0.0035874751514448156,0.002811476294302835,0.004252831830306449,0.003917532339086599,0.0032438226034308608,0.003846704229262071,0.0035928960234461018,0.0039602061966210605,0.0044484117957186604,0.003796627291648082,0.004349061454060344,0.005129842619410261,0.004734850057623504,0.00400253358861308,0.001651244743623481,0.0020309275791566593,0.0019775385897501676,0.0017005228038321795,0.0021966171658557385,0.0022328005565064347,0.0028437070251013503,0.002185827700342248,0.002257191065553536,0.0028836917683058997,0.002633656160160948,0.0026576439694772007,0.003292892173008797,0.0024673823855545798,0.0030246235409629716,0.0014839059721602078,0.0010880414796139762,0.001333709420946528,0.0022607669860006114,0.0009519710489608814,0.0017545317185286378,0.0025274570461473883,0.001786504215958815,0.0016494278756202143,0.003473042111111482,0.0032344738987132226,0.0026055417749568004,0.003936113269524545,0.003946556223809016,0.004032850532508041,0.00026209782683940704,0.00010247076547558625,0.00014443444221823396,-0.00011711277567756318,0.00047464389588699243,0.0002807888339093892,-1.893350406285668e-05,0.00026063146341307,0.00034437865712155894,-6.941538128488738e-05,0.0007406130520986622,0.0005212303024781912,0.0005157749244127411,0.0012709490150273972,0.0017142387419289559,0.0011520750569645702,0.0012850117263479702,0.0013202938867348149,0.0009848723813850613,0.004915479398388133,0.0049081400756844865,0.0021057847409574402,0.005368627768023357,0.005841939162157918,0.0023268886419267635,0.00829127361486048,0.008683387438660924,0.006600978959167187,0.021997021434453784,0.02264902160722647,0.0009892662726806343,0.0011127941173848664,0.001235465803185966,0.00048665488177667516,0.002145248221319111,0.002220780190804525,0.0009935167388661307,0.002738153384418556,0.002962369774444846,0.0007973566842848027,0.003847002312584912,0.0036390981788273907,0.0030710567302775177,0.01398850996619347,0.013629070843554183,0.004111236016195615,0.00392981416228135,0.004335820864139398,0.004817403969281326,0.00751183129922591,0.007934387625020047,0.005302651805672673,0.009464199845682673,0.008189102075856007,0.006715178959692333,0.012357624670897282,0.012939549927270057,0.015346008455395105,0.03411664057666777,0.03343138770898135,0.012505129969246253,0.0008816953440553404,0.001866485958687748,0.004138409198117396,0.001231746989728697,0.0013932295682077063,0.0009671302078295553,0.0016258174875928395,0.0015543669919785314,0.002336361236700801,0.002111535211118647,0.0026183686845576244,0.004022914008931872,0.004745869519218325,0.0035137358260003294,0.004518266945887812,0.005039553007474056,0.004570582700800653,0.006564639067729494,0.0012292022018533762,0.009180401676851042,0.012988858879244832,0.022350323827826774,0.022482884156857567,0.02568861329970075,0.04077110324838391,0.0037458118179023348,0.004231614857257601,0.004731323417155134,0.005215828001463277,0.0050595311712534575,0.0010857282077117074,0.0012989000932195057,0.0019048744005234458,0.0019369769408553162,0.0016309177279399986,0.002586712481942491,0.002047816654673618,0.0031686068750880077,0.0041449973656700004,0.004191045424811324,0.0012001314060958183,0.00512855544882353,0.0016236823674806507,0.0013875928755124772,0.0030548471788569573,0.0016042209989628278,0.0024968406889651134,0.002213546272694687,0.0016521787382480536,0.1691869469287307,0.9410000009228516,0.941,1.0
19,0.003118799071433264,0.02457578466706792,0.0020688549730334925,0.0006939306309837542,5.611416691406062e-05,0.0007448778506805905,0.0010912040902881037,0.0002434998093117729,0.0018187927278444193,0.004037263869864836,0.0012062266998244598,0.000704098789196524,0.0023268473579696617,0.0010846954474329482,0.001157941762662857,0.0010997160954038896,0.0017516539679238712,0.0022532844321537034,0.0014834764325577583,0.0018873071579380996,0.0021993531395955654,0.0014890452910987383,0.0026701979798946242,0.002444356166576622,0.0016782294567298497,0.002916187777051751,0.0026367812756460177,0.0026311661432887067,0.005674716079313903,0.0046123251899558545,0.004933821646855534,0.007924610918239653,0.009109228932975715,0.009347908656217088,0.010853968954293828,0.008631380494570158,0.008944483442609017,0.013405138262250168,0.011478229177764428,0.010727794280363558,0.01677302117825645,0.01785173207282541,0.02010194791210842,0.0017769117060477482,0.002430164651903728,0.00218579031808479,0.003325293770468443,0.002507952907241416,0.0028431125393806817,0.004056259375649257,0.0022189504965032694,0.0029989186764323517,0.002459934819103291,0.003324126292338426,0.002720363142736706,0.0037348145061185194,0.003655465109911722,0.003888438184140654,2.78651086347955e-06,0.0001273261992935757,5.61864864035659e-05,5.1280529768223556e-05,0.0005459112126683682,0.0006856469351428843,0.00014514132327395497,0.0007012800045256231,0.0005991487239230179,0.00016321800693740705,0.0006709174289348659,0.0007194735328717268,0.0008048601370083367,0.0011484623646402221,0.0011727208236401246,0.0004856814820118776,0.0008125120952826925,0.000765268798370553,0.0009618045912621195,0.0032170322808371286,0.003285153272956418,0.0016383765451769732,0.0042868689679723395,0.004804913802673736,0.0018699560170223539,0.007194192591290791,0.007328492013130364,0.00488056806999623,0.018587556685062324,0.01811365073038666,0.0007837079660117208,0.0010400259422198585,0.0009233975935578716,0.0005609596718314554,0.0021449609289051663,0.0022081897317344458,0.0011866429436578124,0.0029945676376977445,0.0030396285750702405,0.0012321712159144508,0.004438744081171144,0.004569706344387701,0.003998893638687488,0.0160850568020246,0.015286468270666062,0.002493186845946849,0.002248208120059953,0.002464025959763407,0.002539658718949452,0.006763226983850632,0.006275407470139222,0.004933903551314093,0.010447372705514331,0.008570266210074465,0.005608900046161191,0.013325095644916964,0.01284092108198642,0.010612629135109176,0.026422565000093427,0.027024174032525054,0.011554538208178023,0.00020723830799532133,0.0016066963618266653,0.0029890862719389112,0.0002646941727397904,0.0013307690606463609,0.0016215100257348147,0.0017765953552349148,0.0030589112952039434,0.002283932781547237,0.002131550189625546,0.002545410440622595,0.003105865431506694,0.0033983826619738643,0.0029721333869158406,0.0043138620829962435,0.0032738686798804034,0.003420230413114692,0.004168474907950133,0.0003590187448068247,0.0006343009472640433,0.010433548150449197,0.01708563233176617,0.017242169996603978,0.0202563033020352,0.029662862142901515,0.00257016111379442,0.004194688028628566,0.004018725052383076,0.004523295142283373,0.004252609527142596,0.0009004893416033294,0.0014563563954522111,0.0014042340080311095,0.00239701713658242,0.0035696715452349834,0.0024566259991023924,0.0018885561636073694,0.0026213902510371784,0.0029983134013387433,0.0035919675633624367,0.0014110048697585746,0.0025022157651281313,0.0017956726798748135,0.002276083711103605,-0.001058626592042686,0.000556130634986399,0.0009990333008873975,0.0013535029574860418,0.0014808075799085997,0.1691869469287307,0.9405000000951628,0.9405,1.0
20,-0.0012202041672838817,-0.001225200795840646,-0.004707672622940883,-0.00011239040960755987,-0.00014666473572108116,-0.00047359559607408283,-0.0006125451869204228,-0.0002675807385181746,-0.00132057050310792,-0.0008838078044174337,-1.3307811686598388e-05,-0.0004942144729318144,0.0005510053164185601,-0.0004409137172377169,5.609266979950079e-06,0.00021104937507103883,7.731850113524099e-05,-0.00027101212328511514,-0.0003610262650182912,-0.00012073000293529921,7.453905037595383e-05,-0.0002693929429925544,-0.0005025230885638113,-8.592504422941123e-05,-0.0006257596661712281,0.00017933826873344782,-0.0002172768498825066,-0.00019293434109777044,-0.00018324422343055614,-0.0004169618505322861,-0.00022695382378502694,0.0002001078514610832,-0.0002476227491395002,-0.0008506095468545418,-0.0002322956013154812,-0.00028766158491639037,-0.00022547770623948933,-0.0006185052554975601,-0.0002649477143540614,-0.0001871108486538959,-0.0009664558161425774,3.395954441836287e-05,-0.0003399531507184977,-0.0016434870500401486,-0.0009444436551027712,-0.0013429384265525991,-0.0008792093237605213,-0.0016346943571510428,-0.0008973159129761776,-0.0013454070787649911,-0.0008511558719850652,-0.0010904006645183761,-0.0010576908912470432,-0.001039232297585382,-0.0012879288805166338,-0.00021831039277188063,-0.0005710016752061599,-0.0010769678138472503,9.353375893658419e-05,0.0002010366293115204,0.00026463762110106557,0.00029713699507063004,0.0015756391208486531,0.0010917105861336842,0.0006396075698753643,0.00020915107278221055,0.000881408999775252,-0.00015537343720283794,0.00025314684271357095,2.50771077168813e-07,0.0014028978255413796,0.0011535662924860002,0.0016046718607195265,-0.0004517997619612178,-0.0002753637871382419,-0.00041534178806390494,-0.0006095296418637984,-0.0006140537205799882,-0.0007352175276233427,-0.00042800167158678934,-0.001971818993469592,-0.0020749758705671793,-0.00037260686198248625,-0.0034729571607452435,-0.0031689318204719485,-0.0017791386436272873,-0.005195718037166348,-0.005204561353283386,0.0004277993429093655,0.00022102538281546397,0.0004026688306971845,-0.00026257832866875017,-0.0003160915251505284,-0.0001359447043560777,-0.00046488363277602594,-0.0006340801280703133,-0.0010886870716026644,-0.0006252814358584959,-0.0012404030142635861,-0.0012655740641868282,0.0026071356657365726,-0.004692601626997296,-0.005543102190098013,0.0013405283689919142,0.0009890999901376921,0.0009496656523203669,0.00012487769935353886,-0.0007638669857797612,-0.0006586443644580262,-0.00013975398875399462,-0.0018005182233988338,-0.001213764762530462,0.0014877024844234302,-0.003852211146447229,-0.0036576013742620323,-0.004401889676859632,-0.007884591293268624,-0.007341859390886489,0.0006192644138702157,-0.0009736393934598901,1.530199568420846e-05,-0.0005573858920738293,-0.0006811518473562043,-0.0002179805606395424,-0.0007318146494350014,-0.00018676443273604322,-0.0006373265785642888,7.45222427898572e-05,-0.00030952773331360275,6.590615270973463e-05,5.80647988958366e-05,-0.00039008205266154785,-0.001187701972457077,-0.0005835052073284474,-0.0015712946186710497,-0.0018837621666159053,-0.0012488050129767622,0.000258919794996882,-0.0005253046203557485,-3.82519999509729e-05,0.0008269503436325547,0.0008938004113332509,0.0017646650696813608,-0.0016902989482860563,-0.0007686018776363072,-0.0016562731486302767,-0.0014531344301339706,-0.0012998329664294422,-0.0018829616871066908,-0.0005664472729207252,-0.0006336695458210575,-0.00038075893385006843,-0.0005309007710164424,-0.0008587115812884859,0.0003290876634620101,1.1905977667845416e-05,-0.00010623461469514208,-0.0004823892776269703,-0.00027144254366390995,-0.00012533896708962074,-0.0009037462440913247,-0.0018306034332784907,-0.0015264461172601795,-0.0022771253387110003,-0.0011746274768340474,-0.0029907176745968132,0.0006532033336707926,0.001226866499498232,0.1691869469287307,0.050000118519335,0.05,0.0
21,0.0001394634470722382,0.0010878340065946135,0.001050663908305271,0.0004327535518424439,0.00011759323468308629,0.00028645024968445323,0.00017531329863449763,0.00044964494264820675,0.0009640828312709094,0.0001169098056450444,0.0016163785544271777,0.0013386097039420313,-0.001105283358831662,0.0013733787469209554,0.001394242504119236,0.0011557772367383962,0.0008596597033579431,0.0007938235157207758,0.0006881020621071583,0.0010131807667787716,0.0007314770395745517,0.0006385395503017017,0.0009130306499471741,0.0007596070214648634,0.00042664772430505484,0.0004591140410202448,0.0006801403150905331,0.0006392827763287361,-0.0019503280700572724,-0.0009086616851737286,-0.0005764597509754048,0.0001885912453739733,-0.0011634758706691659,-0.002459170027540717,-0.00016404506684825312,-0.0013565528614355583,-0.00305841372249921,-0.0010389567341283902,-0.0017946665299131228,-0.0021887327101281578,-0.0012401387779055147,-0.0035740730472680698,-0.005267849028497839,0.0007164393126204781,0.0004370577058597703,0.0006128053369199158,0.0006043532305140257,0.00015153196288834083,0.00018356812556840293,0.00043323218730531083,0.00023975336388876655,0.0002274960603892986,0.000346257198461675,0.0002211185402472586,0.0005373810998521882,0.000491611056006206,0.0007016199373276644,0.0002257512416257064,-2.3807814654764397e-05,5.167033125625235e-05,0.00021201229893983223,7.0906065999183e-05,0.00048809862735054067,0.00017461457610171786,0.0005883041312520414,3.5246811888467075e-06,0.00011926375197577929,0.00036352709478772513,-0.00031889446094445547,-0.00013364792490278641,2.3044843618828605e-05,-0.0004892223748740813,-0.0006870352537027384,0.0008029251143427537,0.0005965110180990078,0.00042041994806230016,0.0018572383459087873,-0.0010848737218656101,-0.0010390998469485015,0.0015022453305761519,-0.002253868234613476,-0.0027224352042677135,0.0003632188097652552,-0.005834344252443518,-0.005718125609475785,-0.0048009872341642345,-0.016161152633251446,-0.015424039160663254,0.00040627313864041096,8.520222421912557e-05,0.00042870424856662195,0.002034475776287048,0.001221121035861102,0.00156835025935805,0.002388877658232925,0.00041680204246958847,0.000879794898323288,0.0025183801343251766,0.00019316245280084936,0.00031543331352150726,-0.00026174281238065155,-0.004341469048831795,-0.0036157146751228156,-0.0009579206564833289,-0.0004930303259948932,-0.0009543360802805663,1.753623018197107e-05,-0.003305265213515051,-0.0029137894170206944,-0.0015251645422545339,-0.006540055273454463,-0.004867548463772759,-0.0023574360273293606,-0.008186633451823296,-0.00787447300958711,-0.007896663032936369,-0.014227175224734245,-0.013382593433353105,-0.002377956963554971,-0.00016758440805635547,-0.00011361233819258584,-0.00066042137124892,1.7250624965983694e-05,0.0002198306141806328,-0.00016224863568830653,2.4148780430960664e-05,-0.000282011937130953,-0.0004254471016761671,-0.0003026880906651317,-0.0005565805588298276,-0.00044253299452126795,-0.00022685232644678688,-0.001221978931885509,-0.0010591513544116052,-0.0013112389917615958,-0.0013252638232633409,-0.0011992319534893413,0.0012101846264949844,-0.001423688696203187,-0.0018128561334558265,-0.002488147145060853,-0.0035335059266015114,-0.005977935546478831,-0.01101666378849913,-0.0010459379499802015,-0.0019135785807791227,-0.0011071698701933777,-0.0012459485002785382,-0.002054929581076232,0.00010444791448981493,0.00017331059082800564,-0.00016151026049309188,-0.00015368430030938488,7.780799389284154e-05,-0.00033126651617229,-0.0004126526605336086,-0.000575255434075716,-0.00036009247841170235,-0.00023385801149850203,-0.0002454245534235262,-0.00039870379202645016,-0.0004869128160654846,-0.0006238706174592805,-0.0010859208836952751,0.0015130950714185652,0.0012819993964289559,0.0004529805553032948,0.0002697239112313056,0.1691869469287307,0.0024999667026705807,0.0025,0.0
22,-0.0012167603912552002,-0.0010961713656418163,-0.006067449260468513,-5.110275523894558e-05,2.1145343528150223e-05,6.981006413407679e-05,0.00041803113085743494,-1.4879280161762729e-05,-0.0011665705175892991,-0.0009281926785756386,-0.002073036600731345,-0.0009258929587814143,0.001530004753495657,-0.001214832121051528,-0.001439830042002736,-0.0021591326073508825,-0.0016247751703980765,-0.0019006060336631584,-0.0021684608835032893,-0.0019802383265647015,-0.002571611852306906,-0.0023293771746648825,-0.0021519166300436724,-0.0021846669207380327,-0.002543993871227892,-0.0023207801564476653,-0.0021530842467125445,-0.002899307255838948,-0.0014837677621368076,-0.0015010048366949867,-0.0012607060461172217,-0.0013429029374094365,-0.0015639016392499016,-0.0014172516917233336,-0.001574394549858199,-0.002087623066466726,-0.0017249913112961253,-0.0021182564725210347,-0.001659458115375528,-0.0019931923347014345,-0.0023024510895349455,-0.002126931813854235,-0.0019152283176877157,-0.0011712360599037358,-0.0006389340082488306,-0.0011264992905584738,-0.0011554205345583643,-0.001290041192345348,-0.0008970557996127427,-0.0015450467296861357,-0.001614038395200718,-0.001758822899563293,-0.0017268245007463752,-0.0015465320287307558,-0.0013827479738515737,-0.0020094699952554044,-0.002276523835899641,-0.002436829993312334,0.00014963207945689337,0.00014317124543572094,0.00023154139141029484,-7.225675345667804e-05,0.001304546781987791,0.0014548986903923026,0.00021490345138597792,0.00014390538930258406,0.0008139861321844728,-0.00010915312352372053,-6.974369993253095e-05,5.813659771450065e-05,0.0005192600680609238,-0.00017803161281649136,-0.00043944886571316874,0.00019150545300309547,1.2582157557591037e-05,0.00013909459784681912,-0.00024245261938804773,0.0008100470524099817,0.0005980275948854065,0.00038237430072015813,0.0006677456559362067,0.0008499651637602733,0.0002489203081805153,0.0008430883687906108,0.001542223380892042,0.0016700289258374027,0.004674472307623796,0.004671236244123254,0.00017482525701187582,0.00019739067359541535,2.0728673985878916e-05,0.00031316319267351027,0.00012082630508079668,-0.0001169530405823557,-9.904274071896843e-05,0.0001355808148873772,-0.0002853889821517252,-0.00026248745823026417,-0.00038960633361172497,-0.00036962871288553944,-0.000331368568814898,-0.0008216565393604521,-0.00162803758373612,0.0014187668071479296,0.0009156211517837706,0.0008986805616256983,0.000663712243441214,0.0010644582956444463,0.00030610315172478346,0.0005251671758793954,9.458161301179304e-06,0.0009603577009073755,0.0011296435016282106,0.0009383332246499207,0.0004505105853645286,0.00045326416291472386,0.003429876626579417,0.0013645357232559096,-0.0029102794557199193,-0.0013182809139937314,-0.0005487262112774895,-0.0002640102170590252,-0.0012944288042779385,-0.0011136897084163585,-0.0009224503068729978,-0.0010002193796318053,-0.0006411862582323249,-0.000527377521372887,-0.000948152996104357,-0.0004644041856160566,-0.0006969413117528672,-0.0006193264977694951,-0.0007819672580194713,-0.0005092788153247511,-0.0009321509040681351,-0.0013116685324900085,-0.0008421511416021294,0.000606109428940421,-0.0007889616695700743,-0.0028518814504453274,-0.0042174374897891295,-0.005573360393909825,-0.0050086351909398525,-0.0072093110529928076,-0.0004926944505181347,-0.0006660342857194971,-0.0011521378139515471,-0.0010450069534353678,-0.0008274449819747033,-0.0013067286577718186,-0.0010275522493418125,-0.0008947807853516227,-0.0010870669306190174,-0.0008754017731950047,-0.0002833944915934912,-0.0004934233214940115,-6.122548943049218e-06,-0.0005762471332659267,-0.00028851733942818946,-0.000965506324935885,-0.0017331566307872673,-0.0019342780302233679,-0.002365358210258041,-0.0041847180484011065,-0.004926257696603515,-0.0024221711239717377,-0.0016458438344454389,-0.001916214382018809,0.1691869469287307,0.03399999835618839,0.034,0.0
23,-0.0007620357911230237,-0.000495185851090575,-0.00022985358489333778,-0.00012136529259491465,-0.00019326414720011295,-0.00010158218960913985,-0.00015495311270622347,0.00010177515958909691,0.0005019831207166218,-0.0004458104183854403,0.0007797118492689114,0.0009276795769139981,-0.0010094502371819172,0.0007026819576953329,0.0009116034651058708,0.0009269895434244049,0.000748422930453455,0.0004958890642948257,0.00038186716181136084,0.00040830183757742123,0.0004711302937727819,0.00028039305108638565,0.000541484825237823,-8.990927874502092e-05,0.0004443744321072295,0.00044870650598371104,3.678724834028862e-05,-0.00019615357163799057,-0.0011557307765895793,-0.0010787075076016158,-0.000886637180729915,0.0006565682714445563,-0.0006728224312860398,-0.0008455280956268412,0.0001532559343952199,-0.0002098315708891776,-0.00048399998062917485,-9.675845843166921e-05,8.294277065037959e-05,-0.00016969228410051952,-0.0005323447512576443,-0.0016330239253317877,-0.002020796162774351,0.00035985352591720387,0.00033935528574527554,0.00015705225540206915,7.976842851632373e-05,0.00018161072297884882,8.13545554917609e-05,0.0002718316183878997,0.00011784520200760377,0.00010164143805784908,0.0003969385114432074,0.00024294157927345471,7.025214066519504e-06,0.00022124423263939058,6.121244458136465e-05,-2.8633153621870418e-05,2.7814603932425613e-05,-0.00011529937363636933,-0.00012527073976569298,0.000848888031939265,0.0006223304369706569,0.0003677857551618773,0.000969444996393186,0.00021977803926395955,0.0006449963683141693,0.0007924215846491258,-4.175773134039143e-05,-1.4026043722515721e-05,0.000898399140167186,-0.0012016690407873384,-0.00045931515911811757,0.0005435858820678756,0.00022442056106057189,0.00024095772931907896,0.0007934339291150374,-0.0016955548876356392,-0.0012796380210141345,0.0008949754989182029,-0.002182044090427159,-0.002847256965475593,0.0004701342296306746,-0.005645124358454117,-0.004792711777003533,-0.002638251481273976,-0.014612970850934274,-0.01395109784266223,6.939682994179577e-05,-0.00043665440762150016,0.00018826463365516425,0.0006854126100538993,0.0001986776719311427,0.00018921728353715707,0.0007065356364104894,-0.0007933052069354576,-2.9436302720190973e-05,0.0008848893129466652,-0.0005764007543060375,-0.0003695283001501768,0.001761583800394009,-0.004146809520295852,-0.0035365347694197666,-0.0011372497190110882,-0.0006697593162616681,-0.0006378440432435877,-0.0002209178414834811,-0.0026250171123226333,-0.002370792242582001,-0.001183487687517229,-0.005617536528350549,-0.004745975148903233,-0.0010292644594182476,-0.008115451832482001,-0.007744804689153286,-0.006317010479950128,-0.014425972057491477,-0.01324406893918675,-0.002620025165468434,-0.0003054230763546358,0.0002735525004767498,-0.0008366928263858814,-0.0001741250299025018,-1.295089904087104e-05,0.00012935962834147055,1.94284014107512e-05,-0.0003796842589198529,0.0003133985848901221,-0.00011704315322398317,-0.00042002626755099817,-0.00038335828454745123,0.0002234447039797031,-0.0012749968428359547,-0.0010479033313685756,-0.0010695233554406896,-0.0017855656234436227,-0.0014016292518236116,-0.0005966147685300743,-0.0008672339890845274,-0.001940752220553307,-0.0017221697430088796,-0.002863006690316625,-0.0051434992500031616,-0.011965049261322549,-0.0007108462369760683,-0.0008899940754698327,-0.001112853562450941,-0.001283731050149267,-0.0014692896893064007,-0.000194443361915518,-0.00015971798136007385,4.875461357951042e-05,0.0001263198399310899,-0.00020995374672006824,3.543373661030861e-05,0.00017376076409138098,4.930925363133806e-05,-3.57472524557428e-05,-0.0004793604746554606,-0.00033098335572351306,-7.845704468687417e-06,-0.0005033806081707944,-0.0005581060009854117,-0.0005953817974777299,-0.0003154454997275507,2.8607275936452994e-05,-0.00048206930874661585,-1.1647170354765739e-05,0.1691869469287307,0.005005935169425713,0.005,0.0
24,0.0022118471773359366,-0.0003655117853227235,-0.00098150231417876,0.0012243587229499766,0.002257136556088778,0.0013319271380633514,0.0018293163736508174,0.0019795285893834847,0.0008718272954629296,0.0002561542582944482,-0.0011517118391960574,-0.0007971108046312727,-0.00053001454588566,-0.0017000940142652499,-0.0017270755581010365,-0.0009983126187276439,-0.0007995050202038599,-0.0017449368116084058,-0.0017954338883062742,-0.001781259512277761,-0.0021049577534568834,-0.0022090388286496935,-0.0014050498621336828,-0.0015865780148399697,-0.001479473392847656,-0.0006091710300570644,-0.0002136549617927197,-0.0003037853184531651,0.00032299542771694505,0.0008283209478430104,0.0005782392905138105,5.8687475452817087e-05,-0.00047884765283760317,1.016153433448387e-05,9.492978879882534e-06,-0.0004969476799053584,-0.0004596361453448599,-0.00022991141203610236,-0.0007895640866306202,-0.0006894115012325869,-0.0007797051686481364,-0.0002519319038048266,0.00025304535750409173,0.0005743978804890854,0.000705397616363684,0.0008976056503383993,0.00033031614667891867,0.00010724390252857656,0.00032175443707649684,0.000474029094990163,0.00019874924919057818,0.0004079365872055138,0.0006960746323794625,0.00035881968862588,0.0006606942870144502,0.0006625964063716686,0.0006252214709301777,0.00013695402814156945,0.002045317421869978,0.0019358906122029652,0.0017475230021667572,0.0023562286767687553,0.0015191044574280738,0.0012487573315343738,0.0019088537376209234,0.0004160047120637703,0.0012321359465189317,0.002313066819643778,0.0007949690510675354,0.000518515663806005,-0.000545863854315558,7.189634617333782e-05,-0.00030614279905957206,0.0009842779217222944,0.001512380872482253,0.001244623043061114,0.0024795973665272314,-0.00184081098628058,-0.0015037198947216144,0.0010825616471040384,-0.0035633591530043925,-0.004404332139300577,0.0006482287576613147,-0.008168307334139924,-0.007458695554753885,-0.006418056182352542,-0.019374300392524767,-0.01786320309773291,0.0012261720545281673,0.0008521702209031456,0.0011499061945793808,0.0019673872034915627,0.0007834708875945173,0.00047492850866138174,0.0014187622241988872,-0.00042218680392248356,-0.0005196178505868246,0.0015242662250146495,-0.0011487388108737304,-0.0006091681957664885,0.00044990109654881094,-0.00639460075691003,-0.006070627036251957,-0.0007653975398141781,-0.0005089376975883195,-0.0009048488687463346,-0.00014659152084536253,-0.0032260697980126835,-0.0032260130361012563,-0.0024722603496813715,-0.006417224235386025,-0.005259873694435216,-0.003969082604868236,-0.00865455954588321,-0.008504177089409615,-0.013551635008358574,-0.017411909083553917,-0.01522760674395187,-0.002025123901544531,0.00018388222735903374,0.0006672337483555708,0.0006165377356067939,0.0008164679071290655,-0.0002911352673857917,-0.00011119884775375848,-0.00013500812704870605,-0.00010779220979487627,0.0007329831365930517,0.0004988075865151236,0.0007925463139006055,0.000630034483246439,0.00028485929078139933,0.0005864947152748753,0.0003710496749518369,0.0007362506828394347,0.0005230759846120785,0.0005340205378841437,-0.000439478440717718,0.00010125747532552233,-0.001805217579315978,-0.0032153564712539278,-0.004014657412127697,-0.006635379427272343,-0.013801044232271254,0.0005106411380213609,0.000332019832445828,0.0005109182065142897,0.0005388436899282948,0.0011510674344986371,0.000816094388634156,-0.00028127912622689813,-0.0003408495001282591,-0.00042418079701470464,-0.0003649764073016367,0.0007046325771801337,0.0005352504000199005,0.0004700816505928833,0.0006260886686102341,0.0005178141470852584,0.0005965503640262627,-0.0003966676882600915,-8.012286907808869e-05,-5.172137491275352e-05,-0.0011821181691922913,0.0010919624363526352,0.0008674373429165338,-1.725017538904124e-05,-9.016256195107439e-05,0.1691869469287307,0.0024908072402244075,0.0025,0.0
25,-0.0002843857335418844,-0.001461271586254016,-0.0020291498464253452,0.00025507339826122974,0.0018957667203217418,-0.0002504577542478366,-0.0006451028780809629,-0.00022146899046252233,-0.0012377378475467032,-0.0010133829978395419,-0.0011565014742438617,-0.000689255339724524,-0.0013057182740123321,-0.0007718242591897188,-0.0008889313853454067,-0.001011867823513641,-0.0003212277271661372,-0.000514963197912784,-0.0005004556763427774,-0.00014326460996935453,-0.0003297232078899619,-0.0003373000957635908,-0.00021884242983004524,-0.00033783905623044433,-0.0002524470204928437,-0.00040807119005806074,-0.0002036597059916249,8.761030380408905e-06,-0.0012244003705050301,-0.0006916253427448092,-0.0012425134933474551,-0.00010075304715964831,-0.0013429822367098353,-0.0011941687337080746,0.0002154280385076609,-0.0004187153165250658,-0.0008414255930714488,-0.0006126415295993998,-0.0008581513291114348,-0.0010397522634872857,-0.0011879876114268416,-0.0015391777393343193,-0.0018604872513744563,-0.0006072145047062464,-0.0010850556916978521,-0.0012836874218392026,-0.0003716139315265777,-0.0005411934243902594,-0.00046301393909012936,-0.00034141597181197434,-0.00022863730321621685,-0.00047974145328160924,-0.0002668421221600723,-0.0001749471036561192,-7.950376973308601e-05,0.0001303797367813814,8.349490462256101e-05,0.00015884008296681768,0.0019762712992751957,0.001642352042473499,0.0015652245944362832,0.0021108319489044004,0.0010605029898800083,0.0009172619588625482,0.0019221550536083676,0.0003378001337454241,0.0006251670994063512,0.0012787948935608657,-0.00016437196140032544,-3.136585818938867e-05,0.0015751861048651692,-0.000991323112152928,-0.0008390337038287048,0.00015242750674568945,9.487472274865894e-05,0.00024218794154524858,0.0008553023920319974,-0.001589168611269285,-0.0013220696978783262,0.00014750667313408807,-0.002008808993300502,-0.002981269676050688,0.0004531463007454129,-0.005056241431036588,-0.004245087405377811,-0.0021137449965322615,-0.012758256570732044,-0.011069051166801578,0.00015593256274143972,-2.060187815503174e-05,-6.157608730414954e-05,0.00035789768328363457,-0.0004650630463447619,-0.0007170718341103752,-0.0006864810995892869,-0.0014714726790745283,-0.0014542854348653768,-6.016461336574665e-05,-0.002115552402228702,-0.0017583293933197493,-0.0007881328763490756,-0.0052982037752499905,-0.004342893634599638,-0.0015180276546582529,-0.0006322716766955471,-0.0011509840537465247,-0.0001904202585833866,-0.0030673022196141594,-0.0028210929676430164,-0.0008918275894740457,-0.005569720116254344,-0.00436265140981938,-0.0005555209778183476,-0.0078195736657108,-0.007557280241953739,-0.0061376981710064005,-0.014657734597755084,-0.01416631900677714,-0.0026500393937368403,-0.0003157989324677903,0.0002593062944063251,0.0009185719875377628,0.0006042356855656768,8.726438416079144e-05,0.00015862399151247937,-0.0002770387906062345,-0.0005462228732980221,0.00022747838286759907,0.00041524743876403725,0.0008302183154557416,0.0008918305686767687,0.0012043852680512848,0.0008373724927338439,0.0010754715760635072,0.0009994794548978034,0.0009919402624305126,0.0014032978694622238,-0.0009150944144214575,-0.0013459400765342135,-0.0019606797815845465,-0.0013030441286598308,-0.002161784016977945,-0.003385572388487341,-0.009942432395232651,0.0008482990516727579,0.0008255458365407785,0.0008965360920432609,0.001167847399557265,0.0015369170478382764,4.664223757223136e-05,-0.00024479417941723546,-4.3625196651579464e-05,-0.0006140564166343789,-0.0008100483798334627,0.00018282035367214665,0.00045283054175843476,0.000848579159144719,0.0005668455680721496,0.0011623428032419164,-0.0006471962250775245,-7.3809884971928e-05,-0.000431811501893084,-0.0007823325977020638,-0.0013265316315651506,-0.0003299076823347426,-0.0005129659247296045,-0.0004724891608902073,-0.00012803496139502415,0.1691869469287307,0.005503648721256915,0.0055,0.0
26,-0.0010263553813282399,-0.002113106509002886,0.0027978271124002416,-0.00037123560031944794,3.782299830235674e-05,-7.034922130869797e-05,-0.0007871057227175095,-0.0001321838670193238,-0.0010271184160908278,0.0016118684537883943,-0.00016239481955910223,-0.0006395409658141836,-0.0013837484445197792,-0.0003010660477497554,-0.00022117342790629679,-0.0003872325410455354,-0.00019454858239617166,-0.00016243996100226226,0.00010738142296075834,-0.00017854749574211116,0.0002942820971250481,-0.00023361082299189738,0.00026200343249455034,-1.8748118700324263e-05,5.215595836640317e-05,-1.9059849695319345e-05,0.00034353472014019834,0.0001843462949422972,0.0007065727425798125,0.0007205983401434922,0.0008080674736094138,8.758914666596902e-05,0.0007527039042324149,0.0006670621993224833,0.0005706441908946554,0.000523053318299796,0.0005475850583721606,-0.0002572501289772995,0.00041779882552578243,0.0003984803083805922,0.00046104997124841643,0.0010435941650683894,0.0008982508075104527,-0.0012260118512423801,-0.0012848519399141826,-0.0013677092918380055,-0.0010591942080416068,-0.0008694090232462328,-0.0007640462634376302,-0.0004147759339847086,-0.0006263386842940081,-0.0006490040017647582,-0.0004238783510742415,-0.0004594589588050737,-0.0006946322033957771,-0.0003750506523458194,-0.00031996531350159146,-0.0004895557645613228,0.000404835143865495,0.0003254907726046169,0.0005036500588762246,0.00033095203074995187,-0.0004609075061564014,0.00040666511933798753,-0.00020293485367751647,-0.0004365520047256396,-0.00022765684956513622,-0.0003177860284047808,4.16368485161635e-05,-0.00012349701018626627,0.0019893858217331388,0.002369674095007416,0.002210380330546233,3.2572242678938765e-05,-0.00011840147414998842,-9.361533768110201e-05,0.00035054218126385974,-0.0013315119839992205,-0.0014666200234039863,-0.0001750757786253131,-0.0018789736381709114,-0.0016445544070965675,-0.000745227387872502,-0.003958849805956133,-0.002775476506075068,-0.0013460065072661098,-0.006431588618086188,-0.00529329616418511,-0.0005753845245513458,-0.0004667653071969572,-0.00017755727893432421,-3.553123466705591e-05,-7.487652897135814e-06,-0.00017196488025916432,-0.0002113576934650057,-2.502610483946275e-05,-0.0010498492490512463,-0.0010929650678141746,-0.0012641389686187656,-0.0007363336075948808,-0.0008694320099266495,-0.0028413751383738798,-0.0018790840373656525,-0.0011492205105248171,-0.0006315996076296139,-0.00066276216791897,-0.00021149404820953947,-0.002256867200957097,-0.002475947451123224,-0.0012121169834151087,-0.004054798290989195,-0.003722430469255924,-0.0013686827477957153,-0.006418867119174731,-0.00615005558216841,-0.005068073462054297,-0.0062835626580193095,-0.004777977876131468,-0.005635174008037319,-0.00070778779421059,0.00019739468057604708,0.0005201288368052522,-0.0007735752353001262,-0.0008644985690882274,-0.0008305101916072239,-0.000942328939497168,-0.0007562208139963161,0.0002375806379311649,0.0001713423792463125,0.0009628118394356434,0.0004970255639452046,0.0005141558656527833,-0.00020414830062240647,-0.00016649882471831876,0.00024005463957062488,-0.00027697523639873994,-1.0036141784066603e-05,-0.002409842578209908,-0.0008688897941234148,-0.004019903492502415,-0.003940655483423185,-0.0031309356140870916,-0.0039769511329327545,-0.008165234179726154,-0.000267943794353873,-5.6044117503772135e-05,-0.000307949262528503,-9.490785082408215e-06,-0.00011805468451878434,-0.0008435058501179729,-0.0009268754959842243,-0.0013581358106832025,-0.0007161891957464493,-0.0007132478575199499,0.0002731096627304773,0.0006130504744694397,0.0009051922748816583,0.0004440483115463647,0.0007963760541604194,0.0003176164147407254,-0.0006064110414089812,-0.0009049816421010705,-0.001277832666176087,-0.0014568697311131947,-0.002542987131583128,-0.002403222131878429,-0.002452057251556395,-0.0024077084684386595,0.1691869469287307,0.03449927972187508,0.0345,0.0
27,0.000793740873281176,0.0032899008369056282,-0.0024943585151053277,-1.4864487548308985e-05,-0.000528563393046475,8.187511965064708e-05,-0.0011058757276437292,-1.7547699245948998e-05,0.002403422734118271,-0.0001721874068035799,0.0019400780537322383,0.0016936773199756733,-6.706540181767632e-05,0.0007085618032796349,0.0015823659613282675,0.0013644842826458035,0.001044520254841174,0.00046121708294403243,0.0005934506844141749,0.00042433412255775567,6.103813610712392e-05,0.0004611238150614441,-0.0003271530124022929,0.00031235519723442714,0.0008062924153329118,0.0006716565457558546,0.00011261088911143834,-0.00011305995250349226,-0.0005391422355118859,-0.0005014468925315365,-0.0006681949387937485,-0.0005995463955718594,-0.0006501794896458934,-0.0006079690541750206,-0.00019006644612061784,-0.0006418473602057032,-0.000515778219509495,-0.0007492041523636501,-9.50440213239965e-05,-0.0006291664156495121,-0.0010218079210300504,-0.000334833547966363,-0.00030146073332711976,0.002283021064879605,0.0017141676179438423,0.0022496594149380637,0.0005581594761041274,-0.00010089404017832009,-2.772760984534178e-05,1.3844143255682575e-05,-0.0003651872404915489,0.0004665600374545961,0.00017885524208519792,-0.0006316622702980535,-0.0016346935619960944,0.0009464069812541651,-0.0006173380992541222,-0.00026450200702336595,-0.0006877693610540497,-0.0004050995038739869,-0.0004217984702554369,-0.0007896247579144587,-0.0012984014258435861,-0.0010501637732755551,-0.0007419190694535002,-0.0010152314959533373,-0.0004990057012389479,-0.0006871631694437381,-0.0006137932557281713,-0.0008657805910162879,-0.0014289687206429274,-0.0010840682662084514,-0.0010970993518111217,-0.00016128766695287436,-0.0005623188224951988,-0.00034100166297716265,-1.061306132934862e-05,-0.0005604789122534036,-0.0004827971698290207,0.00023600530221773688,0.0002947941420431481,0.00029971977685611025,-0.0006282991245242433,0.0015701874192618906,0.0011305444404903664,-0.0014495128976182508,-0.0017915993848883279,-0.0011258062711165106,-0.00010573768535473288,7.507344778648227e-07,-8.673378339297332e-05,-0.0006562697575645234,-0.00010705331337042002,-0.00020005097843328278,-0.0005520328166642557,-0.0003157445792962272,-0.0007695908555823783,-0.0008852375739078513,-0.0006035032959636856,-0.00038204936057382685,-0.0008403492767076546,-0.002509381744418637,-0.002268600558623385,-0.0014039668176462404,-0.0012861558476392064,-0.0010690461081752465,-0.00031470444617444083,-0.0014656033720186058,-0.0010082400120501336,-0.0010021918781870727,-0.0029667659722755445,-0.0017424349830233862,0.0004221601557264091,-0.0006525883606920436,-0.0011312979499630566,-0.0035171484115009023,-0.005932862650768244,-0.0037576925888038533,-0.007552592268726071,-0.0010567864363343626,-0.00031320994020823316,-0.00047978271698452643,-0.001057188508672146,-0.0010124365254534759,-0.0015652949712147552,-0.0015768736111860361,-0.0019196038420219899,0.00014097299126864278,-0.0003770177215697298,2.640472222203365e-05,-0.0002575885947440178,5.911055392740328e-06,-0.0004476741098937727,-0.0003248485981354905,-0.0010553046074541412,-0.0009912071224946542,-0.001000487849092637,-0.00024169897320174946,0.00031428965074465823,-0.005702330482776374,-0.006415750221857382,-0.007536753945778796,-0.008579017350024726,-0.011670192764795563,-0.00012348652365227005,-0.0006520875968511751,-0.00037848899749408447,-0.00044597605988367934,-0.00042959266534074237,-0.0009715685113009931,-0.0016514173795466557,-0.0016916866471930157,-0.001512060763187326,-0.0023934733545802277,0.0002162532214270964,0.00023901495375191302,-1.8973598125322135e-05,1.586858713869082e-05,-4.265213868299527e-05,0.0001166448157319056,-0.0005525991772137881,-0.0010775931909222576,-0.0015023171782993132,-0.0027322559752500195,-0.004958510978741403,-0.0029098934676838896,-0.0022767451084519893,-0.0021178233030038868,0.1691869469287307,0.038000000110249316,0.038,0.0
28,-0.0017886461930319282,-0.0010202905987109912,-0.0016468867290382852,-0.00041127249978479706,-0.00023548835061550693,-0.0006194010702570906,-0.0007012193020427559,-0.00016720265329064836,-0.0010983753193618876,-0.0009736726697069611,0.0009420241004341009,0.00011805597773932778,9.830506940552107e-05,0.0008470987926278797,0.0007332643865336918,0.000630653659432736,0.0010479723768523465,-0.0002702369118934894,0.0005442262628450325,0.0003546035048943473,0.000276284061698512,5.351535573395413e-05,0.0001323985725748613,8.316210815387366e-05,-0.00040460257321162015,-0.0002047730813488409,-7.360046106056646e-05,-0.000799089641834698,-0.0008872825372699582,-0.0008954590251040818,-0.0005508105976500118,-0.0013734663011441615,-0.0004922127850382507,-0.0003958660580213275,-0.0005571807829495622,-0.0007837906882551859,-0.0007283210473550561,-0.0014537661534428027,-0.0013129620033542374,-0.0013489969308693543,-0.0016155696384761303,-0.00201749454832851,-0.0022760018564833098,-0.0013670373188318231,-0.0016532572067967403,-0.0014158689156925585,-0.0008799484496948382,-0.0016213992304388196,-0.0009086018535596698,-0.0012818761265502236,-0.0013173959683321487,-0.0012196873728481333,-0.0006212546766568235,-0.0013458332466195551,-0.0011349699189570448,-0.0013506324105063354,-0.0008732477504954206,-0.0010414375373307071,-0.0004888068568772191,-0.0006640887744307128,-0.0007416137221777307,-0.0006275838873034098,-0.00020319502851460104,-0.00021710423054830427,-0.0008215865768229693,-0.0006316344463545197,6.836096692506256e-05,-0.00021932656992560147,0.0004292583843768617,-0.00010340690405193382,0.001853268390526555,0.0018648481662878224,0.001422152379588915,0.00048822189600123973,0.0005000571567639494,7.178285450482947e-05,0.0007626760699786167,-0.0017810209408654144,-0.00046518604453095675,-0.0003015005404172185,-0.0016348071693473634,-0.0015603004094414587,0.0002695590540869697,-0.002653161956939754,-0.002484761724667422,-0.004697931315356598,-0.008950520680944908,-0.007802455869133769,-0.00038366959338825786,-0.00040878060820309165,-0.0001141235460091656,0.0017541402919080938,0.0011188828957457723,0.0005691520439534217,0.0004076307401591519,-0.00016318267194381615,4.086662432203999e-05,-0.0013839935567126005,-0.0005228386943341558,-0.0008955804690858589,0.0020039900957370916,-0.005567184539896022,-0.004485094433630254,0.0012530022693891406,0.0005614784969144135,0.000905837280682353,1.0329415144816607e-05,-0.0011681123503519727,-0.0015393218643961373,-0.000808727442733765,-0.002183395153980252,-0.002128421207086692,-0.0011095994675878694,-0.003909573141754902,-0.0040610180279308595,-0.0034243745538689706,-0.008499839210032374,-0.008748669365899487,0.0026488782474501497,0.0012239650417961547,-0.0005290040009857207,0.000881201456185172,0.0005673249122241908,0.0002679270595052263,0.00040098968016466816,-0.0003157564616113241,-0.0006210820169938471,0.0001306861260077033,-4.812357856645834e-05,0.001043264814847077,0.0008039039312763537,0.0006999785387871824,0.00041441961143408735,0.0008434928619536896,0.000991555076198865,0.0011451429991821424,0.001495024642763177,-0.00047650816455497224,0.0001667346915104367,0.004072033750243328,0.0024747046294814425,0.003192040484190329,0.004613596066229646,0.012855985457657636,-9.909420155224578e-05,0.0007323776552893251,0.0008632102138643027,0.0016407016022682607,0.0014837188421561206,0.0010793467486209492,0.00020769827320159896,0.0001517105192209781,-0.0002766648456564879,-0.0006444989343769788,-0.000373405844052553,-9.780309422888133e-05,6.181048519241976e-05,0.0005169676581294012,0.0006059585085140031,-0.0009301187987988544,-0.0009238549874306375,-0.0012697429964311842,-0.0011706082443430827,-0.001751164446078039,-0.0025905782097941526,-0.0017129189565484393,-0.002207225133419917,-0.002452148224385454,0.1691869469287307,0.08749817553666962,0.0875,0.0
29,-0.0018856000660824317,-0.0009200582992116896,-0.00015646700778018167,6.636587210262498e-05,-0.00016172694805265247,-0.0004148199797531856,-0.0012587303332960448,-0.00010327885827705026,-0.001473017612400305,-0.000569129137018632,-0.000742254867251625,-0.0002692792864649962,-0.0006829187827674227,-8.252619324158619e-05,-5.243488460916141e-06,-0.0010448926082035122,-0.00023543214235738236,-0.0003784047961639226,-0.0005163578220349415,-0.00033570817490193033,-0.0003017838817433084,-0.00032830751950638367,-0.0003343123124317159,-0.0006355764415319915,-0.000778377862528674,-0.00032501282496697907,0.0002173243438841508,3.080007845628029e-05,-0.0009781321702507632,-0.001040058783309604,-0.0007245413479403353,-0.0003246861105989584,-0.0006915931658278261,-0.0005643839179387207,-0.0010365105461378299,-0.0006869192388259979,-0.0009037562849842941,-0.000935854842730606,-0.0010964245729019034,-0.0013916725773139749,-0.0014106581559653378,-0.0015214797966226288,-0.001964723106737372,-0.0014460540264040012,-0.0012741710556491927,-0.0015338261751299857,-0.0010665932928354063,-0.0016565754616705776,-0.0014326436188392036,-0.0010069016667793725,-0.0011245743772232647,-0.0015391593878962767,-0.001368081083781457,-0.001344449455935888,-0.0015595822687150059,-0.0009013674178556759,-0.0011228655089283487,-0.00093989141473394,0.00028515934708845585,0.00039706342688095465,0.00036740886411877274,-3.60923668430993e-05,-0.0005744214529049441,-0.0004306783928955406,-0.00019767396068878825,-0.0003226886441073278,-0.0001032597509866102,-0.0003866100567680821,-0.00020307840748719794,-0.00023144607378133218,-0.0004590444352591894,-0.0006094986084499901,-0.0010751957906056276,-0.00015242675667087778,8.192988217226268e-05,-0.00017669918896578776,0.00018099918672928925,0.0002500810683697261,0.0003089091169094438,0.0006810747334183585,0.0003878177367066733,0.00015713801851051872,-0.00029886998818041787,0.00042313675549632886,0.0001946552025407452,-0.002154605827257718,-0.008708517566246948,-0.008316726999897679,3.168030364822499e-05,-0.00014602950218038638,5.700795504457665e-05,-0.0003696455815650672,0.00017528399905550988,-0.00010919699467731358,-0.00019327617770570308,-0.00033779141828045963,-6.240263917291619e-06,-0.00022156637060740834,0.0004610015153284143,0.00021605112874063608,4.698390593953024e-05,-0.0018617186264121481,-0.0023697589623285623,0.00010730254466949916,0.0002773362471077928,-0.00042538064455302597,0.0009118511096617086,0.0026040284881046188,0.0017848993216985937,0.002049663504129013,0.0010085708938518392,0.001900598410589008,0.0009755213297989202,0.0020825020771790322,0.0017746853473169274,-2.9068926879025266e-05,-0.0048048403154299976,-0.0017537489320731325,-0.0018705617792000374,-0.00168316476869203,-0.0005483536374603314,-0.0020953860446315865,-0.001663824763482571,-0.001575992806371006,-0.0019488543128384774,-0.0018359573725928275,-0.001776127278783444,-0.00023734555164878462,-0.00040235401741832953,-0.0007636056143059657,-0.0005924420671068232,0.00031081887575149013,-0.0018944221896842178,-0.002026336224520927,-0.0018475483709623592,-0.0020077250642371886,-0.0016099397682817309,-0.000989423574214149,-0.0006285918263849369,-0.001695458188208781,-0.0023091237292755347,-0.0019485177542931688,-0.0017868727799626187,-8.648388130681403e-05,-0.002296103412232953,-0.0020728578612545603,-0.0015627615455290605,-0.0012022235655913868,-0.002450666352820314,-0.0019845311105339053,-0.0018039450197719646,-0.002044495291422232,-0.0020064438817993355,-0.002217216043838569,-0.0003763650972398808,-0.0005848142974007061,-0.00043138619854658365,-4.567926442291204e-05,7.725773895595771e-05,-0.00018913432567902382,-0.0023147377130627363,-0.0021053824758231273,-0.0023312995876513267,-0.004352970137517493,-0.0008592715621794632,-0.0008544127301693241,-0.00029910280296518174,-0.0012665219198850983,0.1691869469287307,0.03299997463398496,0.033,0.0
30,-0.0020098548109173373,-0.002461421670350356,-0.004995289947029024,-0.00022759896024881305,0.00026683204862338136,0.0005905311373545804,0.0005102102628200323,0.00043278896684507376,-0.001056853435108678,-0.0006355794127305607,-0.0016862607141467588,-0.0006906294299118891,0.0029474913476673424,-0.0009887330807736416,-0.001030102487591409,-0.0006624066789991031,-0.0011255219728762862,-0.0018881649788718986,-0.0016474434245891873,-0.0017543915409688384,-0.0015193542915183666,-0.0014646142545891492,-0.0020909934316487677,-0.0019052775661036585,-0.0019708615181223935,-0.001590359585094699,-0.0019299474835677607,-0.0023424762622029083,-0.0012505496398235133,-0.000909395110393732,-0.0008846592716263154,-0.0012783462645614462,-0.0011318933526259052,-0.0009752901255523353,-0.0014213082585936869,-0.0013700252309349198,-0.001511794153397245,-0.0017094112928678423,-0.0014170618221603017,-0.0016117437587571802,-0.0020473783203916194,-0.0016804747403749514,-0.002009195469796286,-0.001270560836990888,-0.0007124855062658719,-0.0011386517484005254,-0.001532346607941173,-0.0013709062786000702,-0.0014737808912800394,-0.0015100924180175125,-0.0017897339538137497,-0.0019104511013002426,-0.0017666052055958401,-0.0018550856927320167,-0.0018444841029958232,-0.0021434351495255638,-0.0013789822321980199,-0.0021589884453698566,-0.00017446750321679192,-0.0002496733322799861,-0.00014954902068589268,-0.0005323777721116772,-0.00011558166845952535,-0.00013433938282952332,-2.4844049441315325e-05,-0.00019096480131551013,-0.0001817401474293288,-0.00029742361525232923,-4.904672536850355e-05,-0.00037752056641859004,-0.0010811564176614714,-0.00024025964847020222,0.00017234069734126846,0.0007085220927264595,0.0006091119825115271,0.0007670426989223992,0.00047941345391856895,0.001406238122156073,0.0014724916168642266,0.0009723006061601267,0.001321011406240446,0.0014181731754112836,0.0012223070101760323,0.0012173063891742265,0.0015330441434957358,0.004845633224441901,0.009413390389634207,0.008148303575378517,-0.00030027615422287816,-0.0001260584163515181,-0.0002783783282366606,-0.00010123833020012237,0.00040035281238854926,-0.0002752250542142938,0.00021544936959400876,0.0001080833178908738,-0.00026391964258178,-0.000769284114075503,-0.00019881691372332136,8.889120891498571e-06,0.00015816627689359277,0.0025214440595901313,0.0031322228877146544,0.002126631992728962,0.0014604374893237811,0.00202134401258584,0.001357352007681906,0.0017726823058821358,0.001646006814393106,0.0017115070101945615,0.0019919681364667925,0.0013951237054502079,0.0019741793568656125,0.0019636635953138803,0.0018033001505953809,0.004947231492345248,0.010880580211334187,0.008949354930144066,-0.0032376113893115236,-0.0014661893517814394,-0.00271618240784498,-0.0007830611713267282,-0.00032177221052310655,-0.0007151650464615107,-0.0004878193993046737,-0.000260620661430369,-0.00018665128995804995,-0.002902171747471172,-0.0034398983305310394,-0.003951722699996965,-0.004237213001054663,-0.004038750478990745,-0.001274909271961436,-0.001046988237189243,-0.001815142536692664,-0.0013355184846287717,-0.001402314421725144,-1.903016257536224e-05,0.0006122529627290998,-0.0029252785109787505,-0.003851005349343243,-0.0035835655358283616,-0.004337230718785803,-0.003382647355685952,-0.0005890867794436271,-0.0018049265962969264,-0.001799725385249606,-0.001539769769061348,-0.0012770873139394505,-0.0019632307603040574,-0.0007203832372444845,-0.0016806426819564206,0.00010494414023772774,-4.0273382953421665e-05,-0.0031165599664182,-0.002995150322613552,-0.003550223667675952,-0.003819049311992126,-0.004190605694761478,-0.0006471063665855494,-0.0006408380098086402,-0.001906082070090483,-0.0011138341455345264,-0.001681642750502298,-0.004899176121587764,-0.0034734799395234463,-0.0025607362541699473,-0.0033251352263801103,0.1691869469287307,0.07099999838496211,0.071,0.0
31,-0.001053325767281929,-0.0025477809094208766,-0.0021739584319450315,0.0005006428833579981,-0.00030332762589615103,-0.00050975345545992,-6.848934855873061e-05,-0.00013965837657690925,-0.001077699773291638,0.0008597645464675911,-4.21258105224149e-06,0.00041536634172693215,0.0010605795635050673,0.00019946687909552587,-0.0002755397029661406,0.0007121974646012659,9.52567113408937e-05,0.00028285724016275906,0.000258553159655308,0.0002827561022026967,-0.0001911779183103996,0.000293831038583038,0.00018299930734224943,0.0002679995374442909,-4.4344910328363906e-05,0.0008246562779720408,0.00037355852712271187,0.0007382991061877313,0.0006793414530251906,0.0012311661076496734,0.0006596040926991585,0.0007619222371017941,0.000748567397031373,-4.521809360867219e-06,0.0007205317585499021,0.0009860345905626853,0.000996813135754829,0.0004466634927705853,0.0010058849102895175,0.0010316178356405544,0.0010347328790229924,0.0012487781369433751,0.00031428845490933305,-0.0013880317036562137,-0.0011881199733745117,-0.0011620063020434496,-0.0014169215113351151,-0.0014623893309308638,-0.0013935194334385465,-0.0015472594186274591,-0.0013193404485292166,-0.0013637566553468647,-0.0012229450974044268,-0.0012829541145590235,-0.0013358883881887382,-0.0005838714871526884,-0.0006250510750889111,-0.0006091998363824678,-0.00018722785661705874,-0.00020307787534609476,-9.212550466682743e-05,-0.0003262889621892621,-0.0003545189476702002,-0.000576083109951725,-0.0003390553855384919,-0.00011584318173215982,-0.0002349386635112633,-0.0002054078291774993,-0.0004464098970907207,-0.0007868721137533428,-0.00036526673308393594,-0.0017830167525272219,-0.002186852848700271,-2.439699192019605e-05,-0.00029440742034973733,0.00016698327177651763,0.00025793370310275566,0.0008839939212929467,0.0009826171529362549,0.000615019882327983,0.001975820543602321,0.0018482561031072273,0.0004628029212942622,0.0030920207147583636,0.003622123269822539,0.0014883768958218267,-0.01798074000278939,-0.019833714895358855,0.0004318926064329711,0.0005611371456963958,0.00019667325591851773,-0.00028663905902741836,0.000785343817495542,0.0006349008555522845,-0.00010580988036550984,0.0004194041752050789,0.0006551286702144965,-0.00017283064332056583,0.0008786994917597292,0.0009281993020337714,-0.0005378459301691687,-0.009921541103897796,-0.009557645613473898,0.0009425090982089101,0.0006346774136362725,0.0005965930966303955,0.0009765041636107835,0.0033291634815243794,0.002276282430554399,0.0023015704452833867,0.002840031582786213,0.002513231217844277,0.0023973041707832494,0.003735786228020653,0.0045180859206424145,0.0016249867498892207,-0.020073166683173497,-0.020317669832335402,0.002126769074087521,-0.0008948981781815735,-0.0005862286054039324,-0.00162369260375791,-0.001039899505791453,-0.0008860511519925447,-0.0009019615813528261,-0.0007117765649597173,-0.0008050453869758934,-0.0006243505251253566,-0.000520243999349741,-0.0010266053192014896,-0.000813116739289212,-0.000597750453142396,-0.002544932047549421,-0.0018256820590020536,-0.0026398171371690917,-0.0023493146667597584,-0.0014118030867021946,0.0004553898075759798,-0.0008740090385596684,0.0019994355701203805,0.00220744399990072,0.0018710381882457263,0.0035807065019791383,-0.003596766024908501,-0.002378633106236273,-0.001807772654045918,-0.0029301388472950476,-0.0014879826494403876,-0.002260342198949188,-0.0009598934202893576,-0.001081183690891237,-0.0007131654504622968,-0.0011732805965430871,-0.0007045880942475286,-0.00046363217689792774,-0.00027130274566399194,-0.0009885819788045221,-0.0003989480413395785,-0.00040076461748380884,8.318942751983409e-05,-0.0012833475390296148,-0.0015870302086641074,-0.0017570373557626692,-0.003896980181096086,-0.004539612031538757,-0.0028725300079715547,-0.0022715728449538434,-0.0031929996001797394,0.1691869469287307,0.051000000549238936,0.051,0.0
32,-0.00023080487442396852,-0.0011087640250917036,-0.0027324191013127644,-0.0004326691963853954,-0.00038839490240627055,-0.00021936161839151755,-0.0008579860579819386,-0.0006188516476843401,0.0011363871836994684,-0.00016685770349241205,-0.00021658000368567366,0.0003079642121938221,-0.001963212366277388,0.0001892154966696046,-0.00034642820465655193,-2.4439054932907406e-05,-6.614442882430847e-05,0.00020735568328695934,0.00014794393334044902,-7.234091985463112e-05,-2.8078323502509135e-05,-0.0003535493334720286,7.239740258556915e-05,-0.00024468960946958285,-0.00016480633427426314,0.00027434772002568733,0.00020880586200882508,-0.00013991439299246275,0.00018868781239245094,6.168136904727781e-05,-0.00016050814985260858,-0.00018020739612854806,-0.00012763713860065184,-0.0003228793461146037,-0.00045707035783394337,-0.000330134099418584,-0.0004433347188258046,-0.0006812174556185049,-0.00045214696924423956,-0.00043243733997437334,-0.0012568392711963517,-0.0006198278957883825,-0.0012488197556103863,0.0008545477070184554,0.0006536037135325802,0.00012760616595395064,0.00015622348143653505,-0.00013403744784966514,0.000207473524017922,0.00019632250888011404,0.00034183472369719804,-0.0001342763361658715,-0.00022122788935389828,-0.000375397750804045,-1.95550551497468e-07,0.0004633367642727753,6.791322418225148e-05,0.0005259552314357634,-0.000307164405594498,-0.0004423777403834181,-0.00041691973423816194,-0.00042627476658260244,-0.0012439342562929312,-0.0008221499018903183,-0.0004453535554197783,-0.0013446748875171723,-0.0010255957337985016,-0.0004480683546270759,-0.001906852205893191,-0.0016175062137337398,-0.000697407148296017,-0.0019523612839286164,-0.0022482656572157663,0.00025527403075110706,7.78464061128194e-05,0.0002163165109972401,0.0015500492204269926,-0.0007303169004669922,-0.001115148562342232,0.0023656352056659505,-0.001869794548862862,-0.0024583060674291685,0.003021525410190366,-0.004722773204218041,-0.004102672786307407,0.0030778969112625334,-0.0035488841024140937,-0.003407985207804037,-0.00019341269328290337,-0.00042601814370614503,-0.0003379361447502998,0.000524738766475173,9.602424738897965e-06,-0.0001378896717630053,0.00033011673655335204,-0.0008968350335929858,-0.0008398248690275894,0.0006855929772936054,-0.0011001489845358845,-0.0008875418640694534,0.00023998204216650617,-0.003649955790648599,-0.0035702128573869545,-0.0014044685537436524,-0.0008961304529100777,-0.0006903078178844704,-0.000430890861894209,-0.00210702794737784,-0.0021684613234385927,-0.00037217077858712344,-0.004456616763893478,-0.003928025710605998,-0.00021967290226336007,-0.006316747751253637,-0.0057641626425852886,-0.0031284815719659497,-0.005306132545740601,-0.0052648473002405195,-0.0036157345794541394,-0.0005574152000695569,-0.0002636695672439476,-0.0017907551096938807,-0.0007428122203349145,-0.0007612234271282413,-0.0004516714522888955,-0.0006577570090696406,-0.0009619516015412563,0.0003798492888401567,-3.713383902625596e-05,-0.0003922940399942223,1.3808861606021392e-05,0.00011179535366986291,-0.0012700913508616103,-0.0017340123599289981,-0.001013822968358741,-0.0013025336720546507,-0.0012676957061160626,-0.0012329659729291404,-0.0021495344004253234,-0.002844941240766735,-0.003159721188749462,-0.00208988441129724,-0.0023551191257388925,0.007648291711078274,-0.0012215483892697512,-0.0008477875736846193,-0.0012757705393442855,-0.0011068925780764194,-0.001472958066732438,-0.0006172169626899789,-0.0005083258726202284,-0.000432016108836378,-0.0008114809967725242,-0.001017871311909499,-5.325315150172102e-05,0.00017614978304019202,2.4814819632804837e-05,-2.8033407721553586e-05,0.0002506897123216788,-0.0011314189498271058,-0.0010476042020338187,-0.0011098519275730787,-0.0011697561299637146,-0.0014510826177960745,-0.0001598078625554213,-0.00024372190030275066,-0.0006158797243014899,-0.0003121601359567657,0.1691869469287307,0.03950015279824062,0.0395,0.0
33,-0.0008923140339965696,-0.0005083916031525424,-0.00025277120477475845,3.211169890979071e-05,-0.00031430751164957264,-0.0004014598293921966,0.000523276444250828,0.0007841608966017814,-0.0003202954022057574,-0.0005859832970917691,0.0007532242101640788,-1.2303019996636766e-05,-8.565786921925468e-05,0.0008411352164738314,0.0003349986750212939,0.0007070784870290074,0.0005867199786125755,0.00026974262528866314,0.00023391302644575982,6.885654550104834e-05,-0.0002849624818449396,-0.0004969813511988075,4.518830014972213e-05,3.635539949951644e-05,-0.00014861819453351735,5.078809045566385e-05,-0.0003045215519983246,-0.00011002154887682902,-0.00046771422482192734,-0.00046264056247016604,-0.0005653512640589222,-0.00044939354968146454,-8.37165541718103e-05,-0.0001245907100612425,-0.00026352851039771245,-0.00025354818367725145,-0.0001513738960539246,-0.00033759812441915005,0.00015666458401533164,-0.0003757170984998166,-0.0006673066238273859,0.00020650492985373756,0.00018446280175003164,-0.0004157341211119702,-0.0003599582178575224,-0.0005962298699789629,-0.000362786026828256,-0.0010579236017607086,-0.0006597905703979212,-0.0008028843840972154,-0.0006008699481626521,-0.0005399063424548336,-0.000519605507022885,-0.00033354522627557177,-0.0007839606796745201,-0.0005605831068567006,-0.00019801650556147275,-0.00012195318333544024,-0.0002471844483092187,-0.0002723092119042246,-0.00016780873368658252,-0.00018139111548645247,-0.0003374168653900065,0.0001387053363252825,-0.0004919884197043744,0.0003280086473039274,-7.197532031624193e-05,-0.0004536235647342747,-0.0007640708371327282,-0.0008561667192974158,-0.0005870010859134828,-0.0007388479887617966,-0.00019637244771090532,0.0009359483403451346,0.0010639782781446405,0.0008383961476660951,0.00044507825046090094,0.0032102784548675906,0.002927333949371416,0.0009025839110393166,-0.0008229849867904755,-0.0006553398277845691,-0.0013468895251614699,-0.0030731999730943733,-0.0033174228181197633,-0.001969383803124673,-0.008569703439365658,-0.008049372381343784,-0.0001231765766904241,-0.00012825032205780415,0.00015469256364262804,0.001562366507992174,0.00010028861644474139,0.0002297607506076724,0.0017854951235721933,0.00012227755423181374,-0.0004625272031636519,0.0022691607974648503,-0.0010437261531061287,-0.0007404737986918163,-0.0008039555196429263,-0.00611078784798527,-0.005729131122432985,-0.0006313291360922095,-0.0005304051902759355,-0.00018087022231306872,9.20299785791169e-05,-0.0017638229703345015,-0.002164456612598959,-0.00043064937490617394,-0.0036438995551526213,-0.002616798585301932,-0.0005489443343211086,-0.005841604285100158,-0.005990964250298137,-0.003960178641986934,-0.010072248581236334,-0.010772501597402189,-0.0029408702000811504,-0.0010233227192038398,0.00021470152206722114,0.0008065750978273058,-0.0006807287635413952,-0.0003946585530359053,-0.0005288116771416402,-0.0005250046375633358,0.0001723476867643687,0.0002588516587679485,0.0005938981441797433,0.0006876689073904857,0.001240022778898757,0.0017271364612721687,0.000787855390236375,0.0009713284648984427,0.0009291967026033859,0.0010343221090639689,0.0016454665565464812,-0.0011593813116764012,0.0016523309593302806,-0.0019494220977478375,-0.006439896458206083,-0.007289399456725009,-0.011525954265884772,-0.02033884500393232,0.0007386848408614676,0.000653735652272967,0.0009310636000791235,0.0010082354665673136,0.001444951855512731,-0.0005428359657322709,-0.00037051544280729146,-0.0005372100449376891,-0.00024727942441720357,-0.00012578165706784365,0.0003266898947679007,0.0005965565455891161,0.0007386434376086968,0.0005871751584406354,0.0013428921857108309,-0.0005332605395034057,-0.0008826343299197807,-0.0010775961081175031,-0.000626746147463523,-0.0012167708534005707,-0.0023818012220719062,-0.0018381395814331646,-0.0018091814592880431,-0.0014154853568628513,0.1691869469287307,0.0305013389586353,0.0305,0.0
34,0.0009144056563211562,-0.0012310563747764361,-0.0006391431226993429,-5.4174156637058406e-05,-4.634438677871217e-05,-0.0015111323714811127,-0.001958469060690007,-0.00044068691545375986,0.0006538547159336511,8.786446522875283e-05,0.00048083142730408966,-9.292358293172191e-05,-0.002312177146213339,0.0002247502891882046,-0.0003113110327672656,-0.0002299410449443648,-0.0005323950635927007,-0.00018430812223023957,-0.0005703094656431404,-0.00036811194706819016,-0.0006576183614240549,-0.0006566319322096034,-0.00046703493487818096,-0.0005275943624892092,-0.0006567854133771632,-2.2767209704885998e-05,-0.0004929977924329284,-0.0008248819363374678,0.000241428790703229,-3.095774747746704e-05,0.0008335543706502703,0.0006069546408904963,0.0001330106181511824,0.00018279117464166034,-0.00013185478374378964,0.00013180555017178907,-0.00023826854464336215,-0.00042631708729140805,0.0002493646689130851,-0.0007040833127453722,-0.0003521750459903612,-3.82475232029073e-05,-0.0012612428630387551,0.0006778975302403862,0.00047037455656475394,0.00046843320563270025,4.076267425947677e-05,-0.0003301535629910693,3.473786466095295e-05,-0.0002468599842769087,-0.00142746522321489,-0.0006228190094679361,-9.946001706456516e-05,-0.0003424464728284481,-0.0006538158192407795,0.00012684716164782048,-0.000922579466300538,-0.0004089541185334929,1.8165505602766515e-05,-6.897516801762151e-05,3.5123528631631296e-05,-0.00049656901224874,-0.0005858064330894015,-0.00021539396393319252,-0.0005751991518368937,-0.0008984958918758917,-0.0010094048107465834,-0.0007243936890688546,-0.000238825714670975,-0.0007782374876911879,-0.00030220481821798613,0.0002654947451150878,0.0003313218184343163,-0.0003665717676879072,-0.00033153429672894114,-0.00031267396750530105,3.4823748768065605e-05,0.0012761845374322026,0.0005660004409112761,0.00021719005555339484,0.0011032960455450616,0.0015882826372610886,0.00016732497255072843,0.0013462858124671006,0.0022685071664083627,0.002394579621919612,0.006296698770443573,0.005411313428743039,-0.00012002766264898478,-9.500981172494995e-05,-2.6920992271366995e-05,-1.9088414214175513e-05,-8.99643906941445e-05,-0.0001798883830900122,-0.0002204795452899869,0.00014915507400629642,-0.0002787953103553515,-0.00013166553898792232,0.00015643592545254553,0.0001393329327666184,0.00035614181707533337,0.002378259006966525,0.0024019757951893876,-0.0015003642565267256,-0.0017528138967324862,-0.001893131895672787,-0.0007869577410609691,-0.001806381739409754,-0.0023547939658305197,-0.0008003097361595548,-0.0028912654736433967,-0.002099168184649221,-0.0007556814728963236,-0.0007266295425126815,-0.0005708301273926772,0.0011109554234054392,0.00041418043526769845,0.00012733754911317086,-0.0009267145237335361,-0.001049976017281931,-0.0013295703836311405,-0.006466467473483694,-0.00050225995937562,-0.0005433505210180021,-0.0009858265910766071,-0.000852373501346042,-0.0010652784840252142,-0.0021613084445534863,-0.002044229629291829,-0.002083891578235137,-0.002992353556000825,-0.0024468246377984102,-0.006905152909948487,-0.00791601429091248,-0.006986286211958032,-0.007750293879642551,-0.008315632287824339,-0.0005145930764039213,-0.0019331777834572115,-0.0003238206343912198,0.0011185227317661683,0.0010297995432764593,0.002054158227756331,0.00256825895758657,-0.006631481960031611,-0.006529573193526828,-0.0059410460720497,-0.007309415853576067,-0.008931252070605984,-2.9670234850861132e-05,-0.000599020436240487,-0.001000673611479092,-0.0007241574305377985,-0.0008075270218970397,-0.0013364712621447674,-0.001901969262299511,-0.002252333085574822,-0.002390733269872093,-0.0027540144328935027,-0.0002281642318880133,0.003070118339503927,0.0032450257805674764,0.001918099877540578,0.00012035309759383962,-0.004549527361055669,-0.0042904948581318,-0.00426455334212025,-0.00482689373880158,0.1691869469287307,0.03899999996159245,0.039,0.0
35,-0.0006755826911820437,0.0013115978603958699,-0.001258021882375365,4.715376600240726e-05,-0.00023484349835054712,0.00017081514762673034,3.066910031846937e-05,-0.000294787795786561,-0.00131535253179057,-0.0003609389112317006,-0.000752281625579923,-0.000901057515172214,0.001420464627529433,-0.0006581415968971347,-0.0014268379497405185,-0.0009422497241531858,-0.0008575786755075198,-0.0004390380127224638,-0.0006746317824588758,-0.000844643332063234,-0.00041949573863742806,-0.00044477366859416623,-0.00045804008331951833,-0.0004183943396299794,-0.0005641701928740274,-0.00028901635687628315,-6.762289505687776e-05,0.0001280217644817528,-0.00059392996584012,-0.0006010504938527,-0.0006783113037259967,-0.0006312423635611342,-0.0004924654219139377,-0.00030096720959317416,-0.0004888771053443192,-0.0005369271950968097,-0.0007100842237845604,-0.0007109077860617202,-0.0005932911173711691,-0.0005846748354526519,-0.0009657730360383259,-0.0009152265855036755,-0.000862103423280417,-0.001173991913648135,-0.0014907163105245401,-0.0014034469526991904,-0.0009617731357911961,-0.0008998037804690743,-0.0011750905955971696,-0.0010439532554037637,-0.000567186012444152,-0.000814585527196962,-0.0007222195979882202,-0.0005900640397547363,-0.0006917812613579306,-0.00039626115921845945,-0.0004232398120048293,-0.00038373209636990974,-0.0003510980666153969,-0.00042747488167686157,-0.0004518739397983963,-0.0005389026919433136,-0.0006941959803186568,-0.0006069463727136877,-0.00047611659905462926,-0.0010316989394891435,-0.000555143320157362,-0.0007759454025958369,-0.0008233147530259145,-0.0010749710020359006,-2.427992230657477e-05,0.0005394116972464544,0.00030682766186523164,-0.00048238787939873794,-0.0001821348975316289,-0.0003540593714906585,0.0006622623892097055,-0.0012415149444104526,-0.0022359479126217983,-0.00024438586631497853,-0.0022466032549086547,-0.0025930781101091605,-0.0014756274004816975,-0.004379109256717812,-0.0029993291852064754,-0.000773281218165978,-0.0031247327488113227,-0.0030476821508438933,-0.0002461460660485822,-0.00020238696260211763,5.646727833410704e-05,0.0004997530861635622,0.00019575599512153223,-0.00031820155841516534,0.0019388888699494395,-0.0008762712868752667,-0.00041684997016611385,0.004182009708887129,-0.0006695099381159597,-0.0005421439845601791,0.002204689957809918,-0.0061723169499027395,-0.005868786321769163,-0.000629356491313678,-0.00030246233577757445,-0.00018096617821417385,5.473590997819025e-05,-0.0025425698805247436,-0.0027948565352592424,-0.0009004379401159424,-0.005518649723026134,-0.004734647640379289,-0.00047052026963975626,-0.007817872332436249,-0.007728791107309286,-0.004806226356500139,-0.012674694226803498,-0.011457836822473902,-0.0004011757850934614,-0.0005573331540752744,0.0006678478520863239,0.0014101254091798583,-0.00040833693911863933,-0.00040567013234928703,-0.00018660338797180117,-0.00026066864584581957,-0.00024149494535620676,0.0005818372669899496,0.0011791101750923303,0.0008433229341452287,0.0012354410095067193,0.000899845506995761,0.0012521020067504007,0.001019236404689206,0.0007084213557446972,0.0012143343110859412,0.0013414576703114642,4.787378431812035e-05,-0.0009314550326400245,-0.000754450486319594,-0.004180602700268163,-0.005004628914094656,-0.008049981985740853,-0.011439108696278516,0.0012747180918035856,0.0008380219309891698,0.0009116253841231707,0.0014335993133547007,0.0012903004523579186,-0.0003709323650191734,-0.00011833634406567869,-0.00026041769804853394,-0.000539427740970332,-0.0004022884430723268,0.0005986295652465804,0.0005330241331311129,0.0007288337304676694,0.0008818573861328422,0.001025094325159292,-0.0005632097456901075,-0.0008029756386256763,-0.0009816775412058898,-0.0009892255723950342,-0.0013099660280710245,-0.0016430369408688692,-0.0011014756255695634,-0.0011614828617496765,-0.0009865861796384701,0.1691869469287307,0.013015066955307186,0.013,0.0
36,0.0008214718008463305,-0.0017575380223624785,-0.0025153634821886493,-0.00014511105755316318,0.003488346908383315,7.422930393397758e-05,0.0005744174641764145,0.0001797974592223399,-0.0016885033945048917,0.00017139190208295614,-0.00190074261627769,-0.00207824889648946,-0.001453586816563705,-0.0019364669073026757,-0.0017033386977389695,-0.0025819748959147997,-0.0020592499333428158,-0.001361971114725137,-0.0014194774158639062,-0.0012628593579968588,-0.0008292081075654509,-0.0014093438314253803,-0.0008765589191679752,-0.0008173705307205876,-0.0010152987591380755,-0.0011362896388271318,-0.0007617569365550174,-0.0007234037435321632,0.0004739393411566373,0.0006711648071451764,0.0006775662305134716,0.0002089621085859609,8.580805225724317e-05,1.8706700067469944e-05,-0.00011828522357390197,0.00011786107990997587,-7.225922824451484e-05,-0.00011236294899239577,0.0003352414290382011,-0.0007734162979254267,-0.00027328851327708767,0.0003858951217335287,-3.8098669872897725e-05,-0.0016736605364398491,-0.0015509087441908471,-0.001619450375949509,-0.0011679053151086244,-0.0014202467604611472,-0.001838458117474315,-0.0018299664329898364,-0.0012554673489361139,-0.0011976167836244105,-0.0018945398669606487,-0.0013921989294335148,-0.001344730084180469,-0.0018703035403745823,-0.001236865630218432,-0.0011014187126552832,0.0034482098713290712,0.0030763373658594744,0.0030822091030191477,0.004374944199977324,0.002396254551357867,0.0023278647212843454,0.0027006723866947876,0.001669904721404895,0.00191254351681908,-0.00013315873904898325,0.0007564093649480981,0.0005581960823001217,-0.0008469026410674365,-0.0018451651358461492,-0.0027589625845641634,-0.00034129260668265007,0.00017509250112103894,-0.00030409354720008984,-0.000570607044578159,-0.0011366702799652877,-0.0016617929224815701,-0.0010559739751844384,-0.0019436550633168783,-0.00122160570133372,-0.0012155641464773282,-0.003138579730381323,-0.0029355258074025233,-0.0007384869858597996,-0.001947390137037725,-0.001276179870276765,-0.0002553616443218037,-0.00012837307106869844,-0.0003208722060246649,-0.0005085831200271211,0.0009193902697055042,0.00020554761488135958,-0.000624836013114978,0.0003548608621081001,0.0002076868906866271,-0.000887305474495233,-0.00029829506722102607,0.0003362944473675506,-0.0009652433986769247,-0.001514872949126528,-0.001430345465367418,-0.0020676875143967968,-0.0018828627042847617,-0.0009762998522417394,1.439764928010518e-06,-0.0029785820872962237,-0.003381894114435336,-0.0006085965132973849,-0.00535527798453499,-0.0039999573040484715,-0.0009884191986824513,-0.006787715377899601,-0.00588849470373203,-0.003650105908760327,-0.011849319576381368,-0.010824537167110362,-0.0011111930508328602,-0.0008253681465158813,0.00017019735986073957,0.00014536510789707913,-0.00022220549074737446,-0.0005683218667066902,-0.00020056189019470534,-0.00035807241432741653,-0.000238860794088369,0.00021836677763384046,0.00012914111794537706,-0.00021052486855831595,0.0002872775726631758,0.0012761713929929442,-7.022692180573011e-05,-0.000533618735667939,-0.0004695256045075664,-0.00019164614204299763,0.0003800983993942423,0.00012841978039477986,-5.8017181015516064e-05,-0.000808830575330356,-0.0014572761749457942,-0.000980804647924669,-0.0011407879083723505,0.0001966004376857725,0.00023887076985676462,-5.272499167601762e-05,9.261050798450745e-05,-0.0006090446783354806,0.0004277222909435987,-0.0004412655187385524,-0.0007003005977703781,-0.00012189412911700785,-2.9343794484082506e-05,-0.0005194612377734638,-0.0002830606674874042,-0.00032529419839268716,0.00027200947335517616,0.00029485545385102627,0.0007692663542660103,-0.0007526415120897057,0.0007965064480087566,0.00042457133738670993,6.406557375848552e-05,0.002095075981110429,-0.0015196106836982328,0.00018583850513125016,-0.0005234062163238206,-0.0002842189212149267,0.1691869469287307,0.05049996948311852,0.0505,0.0
37,-0.0006533434399789452,-0.004713696728948356,-0.00787017936838851,2.7121232320432887e-05,-0.0006296912230447736,6.143880473917928e-05,0.0012770252026976473,0.00012376359546299726,-0.0008805442970888799,-0.0012464296530964683,-0.0015820715496349925,-0.0018495067504688532,0.0009508935469146149,-0.0012442534526884016,-0.0012914413286125874,-0.0013545954478626804,-0.001984205122547929,-0.0016379705517417925,-0.0012860556435385234,-0.0012938610992544598,-0.0017208314829789064,-0.001546094898844488,-0.001164619526822131,-0.0012204056474323143,-0.0011770251255804165,-0.0010698428218185716,-0.0015911263640166116,-0.0006809171557036,-0.0010887829486454848,-0.0008943525529495332,-0.0009212057043776904,-0.000881294523838471,-0.0012940383986902134,-0.001026069275860061,-0.0006648028313997915,-0.0009726152045710583,-0.001217604804901242,-0.0008744422730225367,-0.0013255258919631187,-0.0008755855077601155,-0.0009823021289167878,-0.0012636779936130349,-0.0017211744538739567,-0.0005166412151166469,-0.0005822497493048811,-0.0007216968729431292,-0.0008194473888308209,-0.000527179772825293,-0.0009250944010354721,-0.0007780354642181301,-0.0007720224985225566,-0.0006387636028072109,-0.0007117440598459946,-0.0010662672032896465,-0.0009960226943844692,-9.70773153910256e-05,-0.0005906195906536011,-0.0004938233843399215,-0.0005140203990671675,-0.00029516647064486534,-0.0005303574838111612,-0.000532251914202898,-0.0003272597849971576,-7.205402893571556e-05,-0.0003423222943356948,-0.00023654371112096536,-0.00029780333336615605,-0.00023573259283879398,-0.0002878321081677716,2.71110953771838e-05,-0.0004793304043040288,0.0006019155233557853,0.0008606650684895484,-8.916769731548368e-05,8.576451569317501e-06,-5.7571717431883624e-05,-1.3287678976655986e-05,0.0002400067075725701,4.4110242506941086e-05,-7.941041684376217e-05,0.0006700566529271996,-0.00011374808527776367,-9.744857379052323e-05,0.0009855644446472966,0.00018843892077161415,0.000874261805801599,-0.002497689389265046,-0.0016211098121991392,-0.00044731519299200253,8.497418468753946e-05,-0.0003011039535351507,-0.000271644164775242,0.0003503979214646669,0.0006185506602399124,-0.00036074959019856043,0.0007377486827263818,0.0007373702043665422,0.0009976657659532646,0.001464067472114839,0.0009572184038678717,0.00034281002910757256,0.005573945032857906,0.006119021487645732,0.0014644930308500195,0.0009766263466388539,0.0010321214751669136,0.0002553609067443903,0.0016943412241638555,0.0010829469163440321,0.0006009357838672087,0.0013242966043395697,0.0008079158804734177,0.0008341808953955078,0.004232030155694705,0.003957794188699582,0.003086283675484623,-0.006393324665585809,-0.008955666581541545,-0.000646119825874704,-0.0016903630374878011,-0.000594163732306689,-0.00046685510989195975,-0.0014289104925597903,-0.0014151628322376791,-0.0015725864708464727,-0.001096747968277327,-0.0017703352174205014,-0.00034574782489549293,-0.0008579580639895664,-0.0007900520500051139,-0.0010519077621352238,-0.0017023589413666278,-5.719279492218612e-05,-0.0005266821246614949,-0.00044871670094270697,-0.0001732365146179305,1.2138818994587487e-05,-0.0002164920903473242,5.071071363834103e-05,-0.00016250914111874147,-0.003033641329536034,-0.003072305516897879,-0.0017805259432017346,-0.0031447127794287377,-0.00033160050928625015,-0.0008572433321831915,-0.0006646714522566989,-0.0009822204502407538,5.730628470913669e-05,-0.0011737993430596917,-0.001288206992081142,-0.001738622086146214,-0.0012874057364702122,-0.001517113550909728,-0.00038520697136297,-0.0009171679692609441,-0.0008314248127256498,-0.0010983036665891588,-0.0010658285358696954,-0.0010184916890148051,-0.0017247255710922467,-0.0023005146833116356,-0.0023101919367832513,-0.005917910274898123,-0.0020690158995253552,-0.0009440414805263873,-0.00023929300348637274,5.920218473515981e-06,0.1691869469287307,0.06550000454303889,0.0655,0.0
38,0.0007336651109098247,0.003122692467622212,-0.0006908790229011821,0.00042141311522641227,0.0003600467670714792,-0.0004037893233869276,0.0009303778513908605,0.0005030819436208024,0.0018381755114808525,-0.000636056231140528,0.00016764982732021355,0.00046892802766021154,0.0005003669069375806,3.230072792539981e-05,0.0004310474504833414,0.0005912964145002357,0.0007612846233356239,-3.161713408041582e-05,0.0004967826951690576,0.0003555227038753305,9.411552308858117e-05,0.00024606383334087334,-0.00015203091549967877,8.015674113345093e-05,0.0002942067113427947,0.00019645663482125892,0.00012058888832929763,0.0001669211947843091,-0.0009749336779198347,-0.0006963677833448098,-0.0009627227941637494,-0.0010350594535363828,-0.0011514373050977467,-0.0010368788456662794,-0.000869458581684722,-0.0008761801326678689,-0.0009782762871114632,-0.0006320290095521771,-0.0011761062520551763,-0.0011651311146666009,-0.0009171147744654383,-0.001438227448116524,-0.0011284782838539157,0.0017503445416557862,0.001083619629778853,0.0014424120850661851,-0.0004740015557194161,-0.00011943420453856216,-0.00017198942873600871,0.000148982338236819,0.0003573083276593892,0.0005008554133232269,0.00012600482660857985,-0.0002594923968043476,-0.0009573102896573822,0.0011017891258927953,0.0005699282255778774,0.0002614086193166405,0.0004985603316639947,0.0003134554270537895,0.0001154381963376256,-2.3239023293428783e-05,-0.0002123916141344856,-0.0003582623448722086,-7.267856058848886e-05,-0.0005797390642907122,-0.00018401667705272162,-0.00011425859680245303,-0.0008830874160612491,-0.0008081879521067435,-0.0008725324959484954,-0.001747364415403513,-0.0016922299169306446,0.00035512126390842416,0.0007441394247222055,0.0003683217708778683,-0.0001907320610073889,0.0013396227577959666,0.001458719233706072,-3.8266306199674735e-05,0.0014344520892540934,0.0012726164743366306,-0.0011522364830313513,-0.0021562996568107308,-0.0026116039409747565,-0.002458812524669866,-0.0073929275169450775,-0.006961033797011221,0.0005581805697057201,0.00028895372679392235,3.298811673036184e-05,0.00033417828491445425,-7.72119652507878e-05,-0.0004948929910515259,-0.0002943998276914419,-0.0006523248869661874,-0.0003840879054042874,0.0011212801792753193,-0.0009409647890097313,-0.0010460485646110707,0.00021549861428526087,-0.004702599752938804,-0.004111362828257009,0.000978405369042148,0.0009006298361776846,0.0010898593070011527,0.00019259910816578883,-0.0006672282717394045,-0.0008788928542606501,-0.0008425250681259089,-0.0024107903538755503,-0.00188333703303315,-0.0015006890999785646,-0.004024981565256913,-0.0035112450782647363,-0.0037180868158653083,-0.008340065689791005,-0.007897800716874369,0.00010477165228287576,-0.0008795084133213038,-9.103085226382474e-05,-0.00203656679570864,-0.000973347236677061,-0.0012862986240141443,-0.001230791502367416,-0.0010228910521185943,-0.0014282045207873165,-0.00041825727123786876,-0.0005130136080955576,-0.0008999002782750996,-0.00090500513365636,-0.0015266885154179095,-0.0015228986636041495,-0.002117388058742203,-0.002628496529375454,-0.002721689298900482,-0.0030190707732955183,0.0006550099733501995,0.0014999541754406095,-7.621665286750748e-05,-0.0016043287873240676,-0.0027850296085713804,-0.004966091039195943,-0.012165677828501673,-0.002299919111867285,-0.002708696568794485,-0.0031559524916073365,-0.0027761366383320025,-0.003388816709475374,-0.0007560693754880812,-0.0011222372252100397,-0.0010562548695254579,-0.0011603356614683339,-0.0016013860345325693,-0.0002522269543521877,-0.0004626872200970126,-0.000576956496320604,-0.0005095931328703591,-0.0010016582996615485,0.00034254170996210514,-0.0010195005413076057,-0.0008835818361602518,-0.001061692689316782,-0.0010774214024322857,-0.0008737609507085141,-0.0009081378181488778,-0.0008923379199179751,-0.0009698475744731934,0.1691869469287307,0.030500002090864675,0.0305,0.0
39,-0.0013061437747949978,0.0036274089653560598,0.003866226821599455,-5.854597850969776e-05,0.00046025495939636075,-0.0006695525029540925,-0.0008343702622953343,-0.0005096767906145669,-0.0007124575477779069,0.002295266083979537,-0.0007347459035986511,-0.0005440639700237511,-0.0008143298330873771,-0.0004060998282565072,-0.00022291075805571316,-0.0005506529416151185,-7.484094307017911e-05,7.430742312609652e-05,0.00016445168393562886,1.1290131654899909e-05,0.00016056890016525905,0.0004834417818750149,-9.6930012814939e-05,0.0003795888937047738,0.0003651434120893142,0.0002179686589101636,0.0006541539265971037,0.0004724619333553716,0.0015879287023932624,0.0019087327213505104,0.0018335255675497764,0.0018461779162014817,0.0018997899895283423,0.002419261244880896,0.0017148266608399236,0.0017204246370155095,0.0023683521688633905,0.0014811959231291936,0.002099130906375442,0.0018966755707822676,0.001553736347426444,0.0018810878681650607,0.0016374304078123503,-0.001152632685619702,-0.0006700546995807377,-0.0010337111017523323,-0.0005402033157760157,-0.0009121584157689613,-0.0008387109483286412,-0.0005577274678056733,-0.0006470344677652196,-0.0007373318923734021,-0.00039266831167203035,-0.0007229132665621075,-0.0005269957369975593,-0.0004960689560161604,-0.00047762936674740727,-0.0006415509524580926,0.00016395134044538032,-9.98777329710576e-05,0.00015112603302997496,-0.00037108952320437095,-0.0008903142412920354,-0.0010096741475154089,-0.0006485095853141875,-0.0015399858293831204,-0.0008992036278921532,-0.0007895899822921217,-0.001099432983921947,-0.0008911712179605861,-0.0006740302645544425,-0.001105849356999635,-0.0011576252731903454,-1.9786926354219742e-05,-9.477877637831328e-05,-0.00039697466017989277,-1.0241557585525892e-05,-0.0010791705724174235,-0.0007176628191154807,-0.00017595899873453842,-0.0010122637452813566,-0.0013151708231943122,-0.0011906485727150053,-0.002822773560192003,-0.002110352392462921,-0.0003376139203427021,-0.0061590740603308,-0.005677472909209731,-0.00027936945059332737,-0.0002205256125890675,-0.0001920901308340164,0.0005710912684830648,3.8272904430909345e-05,-0.00017353504031546592,0.0014178008512442937,-0.0005313537575253583,-0.0008083622718293134,0.0013066641569825332,-0.0013273861314245206,-0.001204382429351697,0.0006102768980564659,-0.006423243811608556,-0.006498031055619706,-0.0010786447491262622,-0.0006882672278260518,-0.0010712533331761415,-0.00048821566950237245,-0.0020811301224500406,-0.002597355193780054,-0.0008358637073752806,-0.004713840530599447,-0.003251768313342902,-0.0007775879941974371,-0.005550674231895712,-0.004780301298333951,-0.004968909964485701,-0.009899939450724267,-0.009023362540702785,-0.003715024241714767,0.0004488538975656899,0.000300737424780382,-0.0009203449509978649,0.00047202843104110097,0.0008387274188446999,0.0008341611894804636,0.00012046008863958052,-0.0001289275175919163,0.0003647810895575829,0.0006380091312891995,0.0005419213590580321,0.00021192327824833405,0.00027447861670044937,-0.0010721166334767564,-0.00010300167495315363,0.0001642419010033251,-0.000146650335811092,-6.470192034264091e-05,-0.002348161261956831,-0.002153044205793779,-0.003596731013266586,-0.006318922696905585,-0.0061670756940741785,-0.00831899164392026,-0.014443083796879289,-0.0005308614762055273,-0.0004793598305357786,-0.0007467423604328216,-8.836175976744021e-05,-0.00013313783478447613,6.309442424221599e-05,0.0007309931272371439,0.00022739783792093276,0.0004940520367375486,0.00018916579944246997,0.0004700279349431725,0.0009846774883726646,0.0004488061395755452,0.0003070881936980066,0.0008728769083180191,-0.0008793342668015192,-0.00022612907530015125,-0.0005044319761641097,-0.0008032893172235455,0.0012522262447740861,-0.0018856868893613776,-0.0022003432760708997,-0.00116992878944892,-0.000988202486384048,0.1691869469287307,0.044000678911879615,0.044,0.0
